model_timestamp,local_datetime_naive,load,pred_load_xgb,load_abs_error,pool_price,pred_price_xgb,prob_high_price,actual_high_price,price_abs_error
2025-11-29 19:00:00,2025-11-29 18:00:00,11727,11823.052,96.0517578125,37.82,36.051495,0.064263016,0,1.7685054016113284
2025-11-29 20:00:00,2025-11-29 19:00:00,11686,11595.432,90.568359375,37.27,45.377934,0.13263477,0,8.107933502197262
2025-11-29 21:00:00,2025-11-29 20:00:00,11617,11557.43,59.5703125,39.28,38.023212,0.039814297,0,1.256787567138673
2025-11-29 22:00:00,2025-11-29 21:00:00,11459,11463.774,4.7744140625,38.14,42.541508,0.050993312,0,4.401507720947265
2025-11-29 23:00:00,2025-11-29 22:00:00,11332,11225.491,106.5087890625,37.93,37.986603,0.0057639563,0,0.056602783203125284
2025-11-30 00:00:00,2025-11-29 23:00:00,11155,11097.111,57.888671875,32.39,38.702934,0.008317509,0,6.312934265136718
2025-11-30 01:00:00,2025-11-30 00:00:00,10982,10958.912,23.087890625,38.26,30.889671,0.0067294207,0,7.370328674316404
2025-11-30 02:00:00,2025-11-30 01:00:00,10917,10842.583,74.4169921875,39.78,40.024452,0.019106964,0,0.2444522094726551
2025-11-30 03:00:00,2025-11-30 02:00:00,10783,10846.258,63.2578125,39.82,38.48257,0.014059733,0,1.337429351806641
2025-11-30 04:00:00,2025-11-30 03:00:00,10742,10718.569,23.4306640625,39.79,38.634243,0.019566333,0,1.1557569885253898
2025-11-30 05:00:00,2025-11-30 04:00:00,10734,10730.979,3.021484375,39.83,37.38238,0.01980974,0,2.447618560791014
2025-11-30 06:00:00,2025-11-30 05:00:00,10805,10797.414,7.5859375,38.69,42.2692,0.018144678,0,3.579199371337893
2025-11-30 07:00:00,2025-11-30 06:00:00,10918,10965.669,47.6689453125,34.42,42.976433,0.0036206222,0,8.556432800292967
2025-11-30 08:00:00,2025-11-30 07:00:00,11091,11083.534,7.4658203125,31.84,34.148605,0.0041411375,0,2.3086053466796876
2025-11-30 09:00:00,2025-11-30 08:00:00,11273,11217.426,55.57421875,31.23,30.633524,0.0057774326,0,0.5964760589599614
2025-11-30 10:00:00,2025-11-30 09:00:00,11399,11363.315,35.6845703125,25.9,29.188608,0.0084686065,0,3.2886081695556655
2025-11-30 11:00:00,2025-11-30 10:00:00,11466,11487.992,21.9921875,22.59,23.057861,0.0027166528,0,0.46786132812500014
2025-11-30 12:00:00,2025-11-30 11:00:00,11513,11473.397,39.6025390625,23.68,21.916462,0.0017373114,0,1.7635380554199216
2025-11-30 13:00:00,2025-11-30 12:00:00,11492,11524.512,32.51171875,24.32,23.736097,0.0014106883,0,0.5839026641845706
2025-11-30 14:00:00,2025-11-30 13:00:00,11443,11481.163,38.1630859375,23.37,24.229376,0.0018592081,0,0.8593758392333974
2025-11-30 15:00:00,2025-11-30 14:00:00,11426,11402.864,23.1357421875,23.25,22.714066,0.00080090476,0,0.5359344482421875
2025-11-30 16:00:00,2025-11-30 15:00:00,11503,11472.098,30.90234375,32.57,23.275597,0.001960966,0,9.294403381347657
2025-11-30 17:00:00,2025-11-30 16:00:00,11769,11750.513,18.4873046875,76.36,43.970734,0.061386805,0,32.389266357421874
2025-11-30 18:00:00,2025-11-30 17:00:00,11944,11889.279,54.720703125,94.51,116.91742,0.44188514,0,22.407419433593745
2025-11-30 19:00:00,2025-11-30 18:00:00,11779,11848.057,69.056640625,42.55,82.86655,0.38587818,0,40.31654663085938
2025-11-30 20:00:00,2025-11-30 19:00:00,11716,11652.962,63.0380859375,34.67,54.953075,0.24731892,0,20.283075408935545
2025-11-30 21:00:00,2025-11-30 20:00:00,11608,11614.009,6.0087890625,35.21,38.466133,0.035872374,0,3.2561331176757804
2025-11-30 22:00:00,2025-11-30 21:00:00,11396,11422.486,26.486328125,45.63,37.222454,0.020243987,0,8.40754592895508
2025-11-30 23:00:00,2025-11-30 22:00:00,11065,11170.585,105.5849609375,35.78,45.265614,0.027690982,0,9.485613555908202
2025-12-01 00:00:00,2025-11-30 23:00:00,10785,10820.675,35.6748046875,42.9,34.40025,0.0049953284,0,8.499750518798827
2025-12-01 01:00:00,2025-12-01 00:00:00,10553,10630.795,77.794921875,38.33,44.923897,0.020575065,0,6.593896789550783
2025-12-01 02:00:00,2025-12-01 01:00:00,10438,10413.847,24.1533203125,36.68,37.356316,0.019768713,0,0.676315612792969
2025-12-01 03:00:00,2025-12-01 02:00:00,10355,10388.404,33.404296875,37.5,33.7306,0.007240883,0,3.7694015502929688
2025-12-01 04:00:00,2025-12-01 03:00:00,10369,10336.466,32.5341796875,39.47,37.95945,0.008082311,0,1.5105502319335926
2025-12-01 05:00:00,2025-12-01 04:00:00,10423,10372.174,50.826171875,39.55,40.075985,0.015354481,0,0.5259849548339872
2025-12-01 06:00:00,2025-12-01 05:00:00,10588,10546.382,41.6181640625,39.83,41.896828,0.009775762,0,2.066827697753908
2025-12-01 07:00:00,2025-12-01 06:00:00,10949,10898.829,50.1708984375,44.94,45.364998,0.011281089,0,0.4249978637695335
2025-12-01 08:00:00,2025-12-01 07:00:00,11395,11360.563,34.4365234375,43.11,51.272793,0.05920305,0,8.16279281616211
2025-12-01 09:00:00,2025-12-01 08:00:00,11511,11555.238,44.23828125,39.66,43.13267,0.022073975,0,3.4726713562011753
2025-12-01 10:00:00,2025-12-01 09:00:00,11587,11547.597,39.4033203125,36.94,34.957966,0.010552774,0,1.9820341491699196
2025-12-01 11:00:00,2025-12-01 10:00:00,11708,11644.756,63.244140625,32.23,32.7234,0.005209207,0,0.4934001159668
2025-12-01 12:00:00,2025-12-01 11:00:00,11779,11752.219,26.78125,24.09,27.842382,0.0026677866,0,3.7523824310302736
2025-12-01 13:00:00,2025-12-01 12:00:00,11667,11761.396,94.396484375,23.53,20.883356,0.0011647153,0,2.6466439056396496
2025-12-01 14:00:00,2025-12-01 13:00:00,11593,11628.621,35.62109375,23.62,21.575146,0.0016349357,0,2.044854278564454
2025-12-01 15:00:00,2025-12-01 14:00:00,11564,11563.882,0.1181640625,23.68,22.629929,0.0028729364,0,1.0500714111328122
2025-12-01 16:00:00,2025-12-01 15:00:00,11576,11607.02,31.01953125,21.76,23.946907,0.011105736,0,2.1869070434570297
2025-12-01 17:00:00,2025-12-01 16:00:00,11808,11770.224,37.7763671875,32.98,18.858343,0.0148404585,0,14.121656875610348
2025-12-01 18:00:00,2025-12-01 17:00:00,11962,11899.555,62.4453125,26.52,40.595894,0.14530395,0,14.075893859863282
2025-12-01 19:00:00,2025-12-01 18:00:00,11810,11856.006,46.005859375,18.04,20.797073,0.0195404,0,2.7570733642578134
2025-12-01 20:00:00,2025-12-01 19:00:00,11631,11675.94,44.9404296875,0.0,17.88876,0.008642875,0,17.88875961303711
2025-12-01 21:00:00,2025-12-01 20:00:00,11477,11472.212,4.7880859375,0.0,0.0,0.0010172476,0,0.0
2025-12-01 22:00:00,2025-12-01 21:00:00,11280,11221.01,58.990234375,0.0,1.1537733,0.00060870306,0,1.153773307800293
2025-12-01 23:00:00,2025-12-01 22:00:00,10969,10988.637,19.63671875,0.0,0.0,0.00018939697,0,0.0
2025-12-02 00:00:00,2025-12-01 23:00:00,10688,10662.89,25.1103515625,0.0,0.5200075,0.00057387556,0,0.5200074911117554
2025-12-02 01:00:00,2025-12-02 00:00:00,10447,10530.415,83.4150390625,0.0,2.5239377,0.0003488187,0,2.523937702178955
2025-12-02 02:00:00,2025-12-02 01:00:00,10325,10314.059,10.94140625,0.0,1.6976256,0.00038696892,0,1.6976256370544434
2025-12-02 03:00:00,2025-12-02 02:00:00,10230,10255.037,25.037109375,0.0,1.7304012,0.00018077556,0,1.7304011583328247
2025-12-02 04:00:00,2025-12-02 03:00:00,10177,10180.205,3.205078125,0.0,3.0260005,0.00020965768,0,3.026000499725342
2025-12-02 05:00:00,2025-12-02 04:00:00,10231,10192.929,38.0712890625,0.0,3.084805,0.00024450332,0,3.0848050117492676
2025-12-02 06:00:00,2025-12-02 05:00:00,10473,10360.018,112.982421875,0.0,4.11613,0.00040662562,0,4.1161298751831055
2025-12-02 07:00:00,2025-12-02 06:00:00,10944,10939.467,4.533203125,0.0,5.0554442,0.00050461915,0,5.055444240570068
2025-12-02 08:00:00,2025-12-02 07:00:00,11414,11372.483,41.5166015625,19.15,4.2826767,0.00033084117,0,14.867323303222655
2025-12-02 09:00:00,2025-12-02 08:00:00,11537,11558.627,21.626953125,13.94,28.205496,0.0034055857,0,14.265495834350586
2025-12-02 10:00:00,2025-12-02 09:00:00,11591,11548.3545,42.6455078125,10.62,11.9241085,0.00010670019,0,1.3041085052490242
2025-12-02 11:00:00,2025-12-02 10:00:00,11655,11656.447,1.447265625,0.0,7.2034545,5.022278e-05,0,7.203454494476318
2025-12-02 12:00:00,2025-12-02 11:00:00,11673,11710.238,37.23828125,0.0,1.2938948,5.7344107e-05,0,1.2938947677612305
2025-12-02 13:00:00,2025-12-02 12:00:00,11701,11648.456,52.5439453125,0.0,0.0,0.00020480117,0,0.0
2025-12-02 14:00:00,2025-12-02 13:00:00,11704,11705.077,1.0771484375,22.5,0.0,0.0002277556,0,22.5
2025-12-02 15:00:00,2025-12-02 14:00:00,11714,11711.159,2.8408203125,25.79,33.45329,0.013634455,0,7.663289031982423
2025-12-02 16:00:00,2025-12-02 15:00:00,11805,11762.384,42.6162109375,21.84,27.361479,0.03653871,0,5.521478805541992
2025-12-02 17:00:00,2025-12-02 16:00:00,12042,11957.477,84.5234375,16.21,22.658407,0.010302863,0,6.44840721130371
2025-12-02 18:00:00,2025-12-02 17:00:00,12111,12100.886,10.1142578125,34.4,19.025496,0.0055088014,0,15.374504470825194
2025-12-02 19:00:00,2025-12-02 18:00:00,11941,11975.03,34.0302734375,37.39,50.27207,0.06704549,0,12.882071838378906
2025-12-02 20:00:00,2025-12-02 19:00:00,11822,11841.139,19.138671875,42.52,57.47325,0.028188135,0,14.953251342773434
2025-12-02 21:00:00,2025-12-02 20:00:00,11658,11718.461,60.4609375,74.24,64.09558,0.041521624,0,10.144418945312495
2025-12-02 22:00:00,2025-12-02 21:00:00,11426,11437.511,11.5107421875,105.94,77.755844,0.06983935,1,28.18415588378906
2025-12-02 23:00:00,2025-12-02 22:00:00,11072,11142.131,70.130859375,152.98,98.76758,0.1664391,1,54.21242187499999
2025-12-03 00:00:00,2025-12-02 23:00:00,10799,10758.924,40.076171875,63.87,131.08101,0.67813104,0,67.21100891113281
2025-12-03 01:00:00,2025-12-03 00:00:00,10678,10594.618,83.3818359375,49.56,60.751297,0.07848318,0,11.19129699707031
2025-12-03 02:00:00,2025-12-03 01:00:00,10592,10572.033,19.966796875,54.13,61.443752,0.04285943,0,7.313752288818357
2025-12-03 03:00:00,2025-12-03 02:00:00,10535,10467.219,67.78125,57.61,57.38786,0.026901118,0,0.22214065551757756
2025-12-03 04:00:00,2025-12-03 03:00:00,10438,10480.071,42.0712890625,56.69,54.53387,0.04341526,0,2.1561293029785134
2025-12-03 05:00:00,2025-12-03 04:00:00,10466,10427.167,38.8330078125,56.89,54.50058,0.04125979,0,2.3894201660156256
2025-12-03 06:00:00,2025-12-03 05:00:00,10641,10616.748,24.251953125,48.15,57.74081,0.0634904,0,9.59081039428711
2025-12-03 07:00:00,2025-12-03 06:00:00,10961,11003.313,42.3134765625,38.99,56.220627,0.056227703,0,17.230626831054686
2025-12-03 08:00:00,2025-12-03 07:00:00,11382,11351.093,30.9072265625,35.27,43.30257,0.032297146,0,8.032570343017575
2025-12-03 09:00:00,2025-12-03 08:00:00,11455,11527.469,72.46875,31.96,34.886326,0.0075484305,0,2.9263258361816398
2025-12-03 10:00:00,2025-12-03 09:00:00,11406,11477.862,71.8623046875,32.5,28.409382,0.0022265797,0,4.090618133544922
2025-12-03 11:00:00,2025-12-03 10:00:00,11253,11392.563,139.5634765625,42.36,29.821268,0.002765346,0,12.53873191833496
2025-12-03 12:00:00,2025-12-03 11:00:00,11399,11224.683,174.3173828125,38.07,43.084145,0.011409091,0,5.014144592285156
2025-12-03 13:00:00,2025-12-03 12:00:00,11419,11463.827,44.8271484375,36.22,37.511402,0.01541585,0,1.2914021301269543
2025-12-03 14:00:00,2025-12-03 13:00:00,11401,11439.825,38.8251953125,31.09,32.83304,0.0073529575,0,1.7430383300781251
2025-12-03 15:00:00,2025-12-03 14:00:00,11425,11391.605,33.39453125,31.84,29.675726,0.0049268194,0,2.1642740631103514
2025-12-03 16:00:00,2025-12-03 15:00:00,11484,11492.628,8.6279296875,34.22,30.204187,0.02930797,0,4.015812606811522
2025-12-03 17:00:00,2025-12-03 16:00:00,11761,11716.784,44.2158203125,35.52,39.09329,0.22748609,0,3.5732884216308562
2025-12-03 18:00:00,2025-12-03 17:00:00,11952,11833.823,118.1767578125,35.99,42.00837,0.12183791,0,6.018369445800779
2025-12-03 19:00:00,2025-12-03 18:00:00,11767,11870.695,103.6953125,36.21,37.206745,0.020560391,0,0.9967451477050773
2025-12-03 20:00:00,2025-12-03 19:00:00,11662,11631.447,30.552734375,35.27,43.33135,0.029870937,0,8.06134841918945
2025-12-03 21:00:00,2025-12-03 20:00:00,11480,11522.768,42.767578125,34.62,33.34947,0.022866726,0,1.2705317687988256
2025-12-03 22:00:00,2025-12-03 21:00:00,11219,11320.464,101.4638671875,32.64,36.927193,0.009438626,0,4.287192687988281
2025-12-03 23:00:00,2025-12-03 22:00:00,10892,10941.879,49.87890625,26.6,29.938845,0.0017519187,0,3.3388446807861314
2025-12-04 00:00:00,2025-12-03 23:00:00,10614,10596.271,17.728515625,20.54,26.046736,0.0038630427,0,5.5067357635498055
2025-12-04 01:00:00,2025-12-04 00:00:00,10375,10449.017,74.0166015625,17.62,20.81612,0.0020303812,0,3.196120147705077
2025-12-04 02:00:00,2025-12-04 01:00:00,10229,10263.375,34.375,4.64,18.219675,0.0013302212,0,13.579675064086913
2025-12-04 03:00:00,2025-12-04 02:00:00,10154,10154.827,0.8271484375,0.0,3.9698434,0.00016220658,0,3.9698433876037598
2025-12-04 04:00:00,2025-12-04 03:00:00,10213,10123.048,89.9521484375,0.0,2.7362185,0.0001280193,0,2.7362184524536133
2025-12-04 05:00:00,2025-12-04 04:00:00,10333,10241.996,91.00390625,0.0,2.1496384,0.000347014,0,2.1496384143829346
2025-12-04 06:00:00,2025-12-04 05:00:00,10500,10579.227,79.2265625,5.76,2.8498495,0.0006591452,0,2.9101505374908445
2025-12-04 07:00:00,2025-12-04 06:00:00,10886,10871.338,14.662109375,21.92,11.4025,0.00036163107,0,10.517499847412111
2025-12-04 08:00:00,2025-12-04 07:00:00,11371,11301.91,69.08984375,26.47,27.783442,0.0046002413,0,1.3134415435791027
2025-12-04 09:00:00,2025-12-04 08:00:00,11498,11511.256,13.255859375,35.84,28.021454,0.008241549,0,7.818546142578128
2025-12-04 10:00:00,2025-12-04 09:00:00,11483,11521.692,38.6923828125,36.63,37.403538,0.008653523,0,0.7735377502441381
2025-12-04 11:00:00,2025-12-04 10:00:00,11525,11493.212,31.7880859375,27.57,32.086334,0.0055012177,0,4.516334228515625
2025-12-04 12:00:00,2025-12-04 11:00:00,11549,11538.078,10.921875,22.79,25.928436,0.0036973327,0,3.138436279296876
2025-12-04 13:00:00,2025-12-04 12:00:00,11536,11533.983,2.0166015625,22.46,21.312843,0.0023082374,0,1.1471566772460946
2025-12-04 14:00:00,2025-12-04 13:00:00,11501,11504.034,3.0341796875,20.11,20.391207,0.0017001914,0,0.2812067413330084
2025-12-04 15:00:00,2025-12-04 14:00:00,11484,11487.712,3.7119140625,20.42,19.482174,0.0015125818,0,0.9378260803222673
2025-12-04 16:00:00,2025-12-04 15:00:00,11499,11545.011,46.0107421875,32.6,21.90626,0.008803188,0,10.693740463256837
2025-12-04 17:00:00,2025-12-04 16:00:00,11729,11703.221,25.779296875,37.24,47.49941,0.16276838,0,10.259408721923826
2025-12-04 18:00:00,2025-12-04 17:00:00,11878,11811.528,66.4716796875,38.23,45.00889,0.06441473,0,6.778888244628909
2025-12-04 19:00:00,2025-12-04 18:00:00,11703,11724.462,21.4619140625,35.5,29.405867,0.024052516,0,6.094133377075195
2025-12-04 20:00:00,2025-12-04 19:00:00,11622,11566.221,55.779296875,35.92,35.626106,0.04294878,0,0.29389373779297046
2025-12-04 21:00:00,2025-12-04 20:00:00,11489,11481.333,7.6669921875,35.27,35.876244,0.051569533,0,0.6062435913085906
2025-12-04 22:00:00,2025-12-04 21:00:00,11293,11316.394,23.3935546875,23.68,31.118134,0.018933589,0,7.438133544921875
2025-12-04 23:00:00,2025-12-04 22:00:00,11063,10989.754,73.24609375,23.76,31.43379,0.0016706763,0,7.673790206909178
2025-12-05 00:00:00,2025-12-04 23:00:00,10766,10809.115,43.115234375,21.73,25.461325,0.006076195,0,3.7313246917724605
2025-12-05 01:00:00,2025-12-05 00:00:00,10556,10588.058,32.0576171875,19.33,20.84968,0.0011363551,0,1.5196799468994158
2025-12-05 02:00:00,2025-12-05 01:00:00,10429,10417.784,11.2158203125,22.88,19.209047,0.001116305,0,3.670952682495116
2025-12-05 03:00:00,2025-12-05 02:00:00,10348,10306.31,41.6904296875,34.07,25.537554,0.0017975809,0,8.532446212768555
2025-12-05 04:00:00,2025-12-05 03:00:00,10375,10304.552,70.4482421875,36.78,41.85942,0.021570696,0,5.079420776367186
2025-12-05 05:00:00,2025-12-05 04:00:00,10392,10392.205,0.205078125,31.23,36.152603,0.009070316,0,4.922603149414062
2025-12-05 06:00:00,2025-12-05 05:00:00,10530,10514.806,15.1943359375,22.39,31.387087,0.0057341955,0,8.997086868286132
2025-12-05 07:00:00,2025-12-05 06:00:00,10926,10835.292,90.7080078125,40.28,24.446096,0.003712833,0,15.833903579711915
2025-12-05 08:00:00,2025-12-05 07:00:00,11386,11342.826,43.173828125,89.4,52.611847,0.13247927,0,36.78815307617188
2025-12-05 09:00:00,2025-12-05 08:00:00,11536,11515.177,20.8232421875,58.6,171.13747,0.6350776,0,112.53746643066407
2025-12-05 10:00:00,2025-12-05 09:00:00,11529,11573.781,44.78125,48.13,44.318428,0.14172222,0,3.8115719604492213
2025-12-05 11:00:00,2025-12-05 10:00:00,11639,11523.451,115.548828125,29.35,40.22518,0.02659352,0,10.875181579589842
2025-12-05 12:00:00,2025-12-05 11:00:00,11715,11677.03,37.9697265625,34.51,24.739021,0.008853265,0,9.770978698730467
2025-12-05 13:00:00,2025-12-05 12:00:00,11748,11714.51,33.490234375,36.94,35.229225,0.008313172,0,1.7107748413085915
2025-12-05 14:00:00,2025-12-05 13:00:00,11804,11735.824,68.17578125,37.97,34.17317,0.0155146485,0,3.796831817626952
2025-12-05 15:00:00,2025-12-05 14:00:00,11890,11800.931,89.0693359375,37.94,33.424675,0.021465562,0,4.515325012207029
2025-12-05 16:00:00,2025-12-05 15:00:00,11918,11936.074,18.07421875,37.87,33.489563,0.04285145,0,4.380437011718747
2025-12-05 17:00:00,2025-12-05 16:00:00,12159,12025.5625,133.4375,50.19,35.91575,0.05658015,0,14.274251403808591
2025-12-05 18:00:00,2025-12-05 17:00:00,12221,12092.321,128.6787109375,41.8,50.157696,0.36335644,0,8.357695770263675
2025-12-05 19:00:00,2025-12-05 18:00:00,12065,11966.422,98.578125,34.13,50.01948,0.052084208,0,15.889481658935544
2025-12-05 20:00:00,2025-12-05 19:00:00,11941,11925.219,15.78125,37.04,44.298206,0.08534694,0,7.258206329345704
2025-12-05 21:00:00,2025-12-05 20:00:00,11834,11833.394,0.6064453125,41.8,50.226906,0.10817368,0,8.426905822753909
2025-12-05 22:00:00,2025-12-05 21:00:00,11682,11669.699,12.30078125,52.25,48.986824,0.06846333,0,3.2631759643554688
2025-12-05 23:00:00,2025-12-05 22:00:00,11421,11424.144,3.1435546875,39.08,65.91888,0.06937601,0,26.83887664794922
2025-12-06 00:00:00,2025-12-05 23:00:00,11157,11133.852,23.1484375,37.13,42.22152,0.03424621,0,5.091519470214841
2025-12-06 01:00:00,2025-12-06 00:00:00,10962,10918.684,43.31640625,37.84,35.96773,0.0073478296,0,1.8722685241699253
2025-12-06 02:00:00,2025-12-06 01:00:00,10813,10781.079,31.9208984375,37.12,38.371048,0.011837772,0,1.251047973632815
2025-12-06 03:00:00,2025-12-06 02:00:00,10724,10699.292,24.7080078125,42.59,38.303932,0.0062849717,0,4.286067810058597
2025-12-06 04:00:00,2025-12-06 03:00:00,10653,10659.791,6.791015625,43.73,44.69293,0.0209001,0,0.9629283142089875
2025-12-06 05:00:00,2025-12-06 04:00:00,10688,10643.14,44.8603515625,43.18,41.498573,0.023589946,0,1.6814266967773435
2025-12-06 06:00:00,2025-12-06 05:00:00,10741,10802.054,61.0537109375,41.04,42.20892,0.01186732,0,1.1689195251464852
2025-12-06 07:00:00,2025-12-06 06:00:00,10937,10852.919,84.0810546875,55.76,46.665524,0.012660718,0,9.094476470947264
2025-12-06 08:00:00,2025-12-06 07:00:00,11171,11218.423,47.4228515625,69.65,68.788345,0.15571363,0,0.8616546630859432
2025-12-06 09:00:00,2025-12-06 08:00:00,11235,11343.103,108.1025390625,113.05,72.03952,0.20536302,1,41.01047973632812
2025-12-06 10:00:00,2025-12-06 09:00:00,11464,11278.779,185.220703125,62.71,121.52141,0.6177351,0,58.81140808105469
2025-12-06 11:00:00,2025-12-06 10:00:00,11600,11535.41,64.58984375,66.94,65.26725,0.10791788,0,1.6727499389648415
2025-12-06 12:00:00,2025-12-06 11:00:00,11656,11627.997,28.0029296875,59.0,66.56198,0.124453574,0,7.561981201171875
2025-12-06 13:00:00,2025-12-06 12:00:00,11671,11661.558,9.4423828125,54.7,55.500088,0.07766709,0,0.8000877380371065
2025-12-06 14:00:00,2025-12-06 13:00:00,11705,11661.258,43.7421875,54.03,48.707123,0.04582635,0,5.322877197265626
2025-12-06 15:00:00,2025-12-06 14:00:00,11701,11695.621,5.37890625,50.54,50.572937,0.050424248,0,0.03293701171875085
2025-12-06 16:00:00,2025-12-06 15:00:00,11733,11737.507,4.5068359375,38.96,42.76938,0.16507249,0,3.809378662109374
2025-12-06 17:00:00,2025-12-06 16:00:00,11954,11871.48,82.51953125,33.44,65.78104,0.1814117,0,32.34103637695313
2025-12-06 18:00:00,2025-12-06 17:00:00,12075,12026.528,48.4716796875,33.58,38.74516,0.058893632,0,5.165159149169924
2025-12-06 19:00:00,2025-12-06 18:00:00,11904,11999.525,95.525390625,36.67,42.104694,0.063608505,0,5.434694366455076
2025-12-06 20:00:00,2025-12-06 19:00:00,11795,11820.261,25.2607421875,40.6,37.984688,0.11486381,0,2.61531219482422
2025-12-06 21:00:00,2025-12-06 20:00:00,11654,11699.785,45.78515625,43.12,41.99747,0.090595655,0,1.1225291442871068
2025-12-06 22:00:00,2025-12-06 21:00:00,11482,11479.819,2.1806640625,39.45,41.879044,0.0434612,0,2.4290435791015597
2025-12-06 23:00:00,2025-12-06 22:00:00,11291,11302.231,11.2314453125,33.37,34.0985,0.0070171454,0,0.7284992980957057
2025-12-07 00:00:00,2025-12-06 23:00:00,11105,11054.678,50.322265625,29.34,32.225895,0.008927503,0,2.8858949279785158
2025-12-07 01:00:00,2025-12-07 00:00:00,10924,10927.043,3.04296875,36.51,29.57072,0.0017509784,0,6.939279327392576
2025-12-07 02:00:00,2025-12-07 01:00:00,10781,10786.399,5.3994140625,36.09,40.088512,0.016377717,0,3.9985124206542935
2025-12-07 03:00:00,2025-12-07 02:00:00,10703,10694.638,8.3623046875,39.36,35.00495,0.007164114,0,4.355048522949218
2025-12-07 04:00:00,2025-12-07 03:00:00,10679,10677.595,1.4052734375,42.98,40.520523,0.010528237,0,2.4594769287109344
2025-12-07 05:00:00,2025-12-07 04:00:00,10679,10694.041,15.041015625,43.53,41.313877,0.018067027,0,2.2161228942871105
2025-12-07 06:00:00,2025-12-07 05:00:00,10733,10755.866,22.8662109375,43.68,43.23505,0.022776248,0,0.4449497985839841
2025-12-07 07:00:00,2025-12-07 06:00:00,10826,10868.328,42.328125,37.52,52.841614,0.04131059,0,15.321613769531247
2025-12-07 08:00:00,2025-12-07 07:00:00,10987,11003.664,16.6640625,35.48,44.37759,0.038847383,0,8.897590179443363
2025-12-07 09:00:00,2025-12-07 08:00:00,11173,11141.465,31.53515625,43.72,40.03019,0.01589828,0,3.6898104858398426
2025-12-07 10:00:00,2025-12-07 09:00:00,11298,11280.98,17.01953125,58.03,48.63102,0.08869248,0,9.398980407714845
2025-12-07 11:00:00,2025-12-07 10:00:00,11388,11384.3955,3.6044921875,57.47,52.242825,0.14638194,0,5.2271754455566395
2025-12-07 12:00:00,2025-12-07 11:00:00,11443,11413.665,29.3349609375,94.25,53.596233,0.105972365,0,40.65376663208008
2025-12-07 13:00:00,2025-12-07 12:00:00,11419,11452.394,33.3935546875,108.57,126.52365,0.55412066,1,17.953651123046882
2025-12-07 14:00:00,2025-12-07 13:00:00,11408,11379.908,28.091796875,50.12,97.60204,0.44947696,0,47.48204315185547
2025-12-07 15:00:00,2025-12-07 14:00:00,11438,11379.619,58.380859375,40.26,40.98788,0.07208596,0,0.7278807067871114
2025-12-07 16:00:00,2025-12-07 15:00:00,11563,11502.612,60.3876953125,35.19,35.091022,0.1299894,0,0.0989775085449196
2025-12-07 17:00:00,2025-12-07 16:00:00,11924,11813.548,110.4521484375,29.48,44.405876,0.17850736,0,14.925876159667968
2025-12-07 18:00:00,2025-12-07 17:00:00,12149,12012.054,136.9462890625,11.6,80.73543,0.053582896,0,69.13542785644532
2025-12-07 19:00:00,2025-12-07 18:00:00,12039,11969.432,69.568359375,0.0,3.3684802,0.00052207353,0,3.3684802055358887
2025-12-07 20:00:00,2025-12-07 19:00:00,11942,11949.419,7.4189453125,0.0,6.834432,0.0013050019,0,6.834432125091553
2025-12-07 21:00:00,2025-12-07 20:00:00,11803,11868.673,65.6728515625,12.2,0.0,0.0009565149,0,12.2
2025-12-07 22:00:00,2025-12-07 21:00:00,11581,11644.471,63.470703125,0.0,7.733089,0.0011194301,0,7.733088970184326
2025-12-07 23:00:00,2025-12-07 22:00:00,11245,11308.012,63.01171875,0.0,0.0,0.00013328534,0,0.0
2025-12-08 00:00:00,2025-12-07 23:00:00,10969,10948.467,20.533203125,0.0,0.79213464,0.00019125087,0,0.7921346426010132
2025-12-08 01:00:00,2025-12-08 00:00:00,10751,10773.383,22.3828125,0.0,1.94922,0.0003478281,0,1.9492199420928955
2025-12-08 02:00:00,2025-12-08 01:00:00,10635,10656.15,21.150390625,0.0,1.6988118,0.00016877824,0,1.6988117694854736
2025-12-08 03:00:00,2025-12-08 02:00:00,10542,10577.81,35.8095703125,0.0,3.416214,0.00020608069,0,3.4162139892578125
2025-12-08 04:00:00,2025-12-08 03:00:00,10514,10509.187,4.8134765625,0.0,2.42442,0.00023812293,0,2.424420118331909
2025-12-08 05:00:00,2025-12-08 04:00:00,10568,10547.501,20.4990234375,12.48,2.516862,0.00038744492,0,9.963138084411622
2025-12-08 06:00:00,2025-12-08 05:00:00,10703,10740.246,37.24609375,21.2,21.79186,0.0009877138,0,0.5918605804443366
2025-12-08 07:00:00,2025-12-08 06:00:00,11103,11015.078,87.921875,30.91,28.708778,0.003876921,0,2.201221618652344
2025-12-08 08:00:00,2025-12-08 07:00:00,11519,11512.595,6.4052734375,27.85,45.692654,0.040973283,0,17.842653656005858
2025-12-08 09:00:00,2025-12-08 08:00:00,11643,11657.085,14.0849609375,23.25,26.15193,0.005675987,0,2.9019298553466797
2025-12-08 10:00:00,2025-12-08 09:00:00,11680,11660.875,19.125,0.0,21.117327,0.0014254032,0,21.117326736450195
2025-12-08 11:00:00,2025-12-08 10:00:00,11841,11685.776,155.2236328125,0.0,0.59521127,0.00028082074,0,0.5952112674713135
2025-12-08 12:00:00,2025-12-08 11:00:00,11873,11859.967,13.033203125,0.0,0.0,0.00028682264,0,0.0
2025-12-08 13:00:00,2025-12-08 12:00:00,11836,11787.607,48.392578125,0.0,2.9647672,0.0002845334,0,2.9647672176361084
2025-12-08 14:00:00,2025-12-08 13:00:00,11818,11799.148,18.8515625,12.64,0.118391246,0.00047005154,0,12.52160875439644
2025-12-08 15:00:00,2025-12-08 14:00:00,11823,11765.964,57.0361328125,21.86,9.286631,0.0005826384,0,12.573369369506835
2025-12-08 16:00:00,2025-12-08 15:00:00,11932,11879.438,52.5615234375,24.1,21.593515,0.0023346294,0,2.5064846038818374
2025-12-08 17:00:00,2025-12-08 16:00:00,12174,12089.959,84.041015625,29.29,44.922153,0.01240634,0,15.632153472900391
2025-12-08 18:00:00,2025-12-08 17:00:00,12325,12130.296,194.7041015625,33.17,51.875298,0.03699184,0,18.705297546386717
2025-12-08 19:00:00,2025-12-08 18:00:00,12173,12028.124,144.8759765625,29.5,52.371937,0.010050732,0,22.871936798095703
2025-12-08 20:00:00,2025-12-08 19:00:00,12041,11948.045,92.955078125,24.4,29.516241,0.015933285,0,5.1162410736084
2025-12-08 21:00:00,2025-12-08 20:00:00,11835,11938.5,103.5,25.07,21.627245,0.013985191,0,3.44275505065918
2025-12-08 22:00:00,2025-12-08 21:00:00,11571,11606.46,35.4599609375,26.09,19.942127,0.009364384,0,6.147872772216797
2025-12-08 23:00:00,2025-12-08 22:00:00,11219,11277.533,58.533203125,23.36,22.101171,0.0022721102,0,1.258828506469726
2025-12-09 00:00:00,2025-12-08 23:00:00,10915,10898.224,16.7763671875,21.94,23.133404,0.0010492651,0,1.1934037780761706
2025-12-09 01:00:00,2025-12-09 00:00:00,10730,10706.424,23.576171875,19.4,20.068655,0.0005660518,0,0.6686550140380874
2025-12-09 02:00:00,2025-12-09 01:00:00,10567,10638.481,71.4814453125,16.54,19.346674,0.000612566,0,2.8066739654541024
2025-12-09 03:00:00,2025-12-09 02:00:00,10512,10472.269,39.7314453125,1.72,18.153456,0.00073221856,0,16.43345573425293
2025-12-09 04:00:00,2025-12-09 03:00:00,10569,10508.146,60.853515625,0.0,2.4484155,9.5234296e-05,0,2.448415517807007
2025-12-09 05:00:00,2025-12-09 04:00:00,10671,10627.127,43.873046875,0.0,2.6299121,0.00017963619,0,2.6299121379852295
2025-12-09 06:00:00,2025-12-09 05:00:00,10836,10867.942,31.9423828125,3.17,3.6598742,0.0003745297,0,0.4898742008209229
2025-12-09 07:00:00,2025-12-09 06:00:00,11254,11212.599,41.4013671875,33.66,12.218387,0.00038855456,0,21.441613349914547
2025-12-09 08:00:00,2025-12-09 07:00:00,11737,11663.069,73.9306640625,79.19,31.198847,0.020566048,0,47.991153182983396
2025-12-09 09:00:00,2025-12-09 08:00:00,11826,11826.099,0.0986328125,48.36,79.58109,0.083380476,0,31.221092834472657
2025-12-09 10:00:00,2025-12-09 09:00:00,11874,11827.407,46.5927734375,37.65,41.680637,0.018134907,0,4.030637359619142
2025-12-09 11:00:00,2025-12-09 10:00:00,11859,11859.12,0.1201171875,23.76,41.12197,0.0031059508,0,17.361971130371092
2025-12-09 12:00:00,2025-12-09 11:00:00,11862,11829.667,32.3330078125,22.35,25.716497,0.0004942097,0,3.366497421264647
2025-12-09 13:00:00,2025-12-09 12:00:00,11863,11803.296,59.7041015625,31.09,19.20122,0.0007487126,0,11.88878044128418
2025-12-09 14:00:00,2025-12-09 13:00:00,11854,11842.284,11.7158203125,24.12,39.71845,0.024895858,0,15.598448638916015
2025-12-09 15:00:00,2025-12-09 14:00:00,11921,11830.98,90.01953125,19.93,27.878914,0.004263999,0,7.9489138793945315
2025-12-09 16:00:00,2025-12-09 15:00:00,11954,11978.507,24.5068359375,33.51,46.314915,0.002958426,0,12.804914703369143
2025-12-09 17:00:00,2025-12-09 16:00:00,12230,12088.179,141.8212890625,59.86,93.98238,0.05647729,0,34.122383728027344
2025-12-09 18:00:00,2025-12-09 17:00:00,12424,12105.611,318.388671875,59.64,94.361435,0.03836056,0,34.72143493652344
2025-12-09 19:00:00,2025-12-09 18:00:00,12242,12018.919,223.0810546875,60.2,86.85174,0.012060567,0,26.651737976074216
2025-12-09 20:00:00,2025-12-09 19:00:00,12052,11942.695,109.3046875,160.87,119.57068,0.030386038,1,41.299321289062505
2025-12-09 21:00:00,2025-12-09 20:00:00,11860,11937.575,77.5751953125,275.05,154.17911,0.6483698,1,120.87089233398439
2025-12-09 22:00:00,2025-12-09 21:00:00,11585,11647.016,62.015625,298.96,212.93692,0.74954414,1,86.02307983398435
2025-12-09 23:00:00,2025-12-09 22:00:00,11370,11285.798,84.2021484375,48.26,216.48396,0.49108702,0,168.22396301269532
2025-12-10 00:00:00,2025-12-09 23:00:00,11109,11080.723,28.27734375,56.35,62.057686,0.012853712,0,5.70768585205078
2025-12-10 01:00:00,2025-12-10 00:00:00,10871,10908.897,37.8974609375,48.81,73.691315,0.016818047,0,24.881314697265623
2025-12-10 02:00:00,2025-12-10 01:00:00,10785,10722.818,62.181640625,40.51,55.95872,0.013208146,0,15.448721160888674
2025-12-10 03:00:00,2025-12-10 02:00:00,10767,10699.555,67.4453125,29.39,45.274426,0.0061347075,0,15.884425506591796
2025-12-10 04:00:00,2025-12-10 03:00:00,10756,10754.741,1.2587890625,22.5,43.75998,0.0018960012,0,21.259979248046875
2025-12-10 05:00:00,2025-12-10 04:00:00,10811,10778.887,32.11328125,19.42,24.691319,0.0003174994,0,5.271318511962889
2025-12-10 06:00:00,2025-12-10 05:00:00,10983,10967.9795,15.0205078125,18.81,18.99641,0.00071184774,0,0.18641036987304815
2025-12-10 07:00:00,2025-12-10 06:00:00,11389,11345.627,43.373046875,17.12,21.321669,0.00081187556,0,4.201668624877929
2025-12-10 08:00:00,2025-12-10 07:00:00,11832,11740.188,91.8115234375,16.95,24.581411,0.00037399863,0,7.631411361694337
2025-12-10 09:00:00,2025-12-10 08:00:00,11950,11902.793,47.20703125,23.7,22.363098,0.00017602582,0,1.3369018554687493
2025-12-10 10:00:00,2025-12-10 09:00:00,11880,11947.518,67.517578125,25.42,30.418615,0.00030563233,0,4.998615341186522
2025-12-10 11:00:00,2025-12-10 10:00:00,11878,11798.674,79.326171875,24.27,29.587517,0.00065123034,0,5.317516784667969
2025-12-10 12:00:00,2025-12-10 11:00:00,11924,11845.862,78.1376953125,32.47,26.31351,0.0003552308,0,6.156489105224608
2025-12-10 13:00:00,2025-12-10 12:00:00,11859,11917.331,58.3310546875,33.95,41.157234,0.002245498,0,7.207234191894528
2025-12-10 14:00:00,2025-12-10 13:00:00,11770,11796.201,26.201171875,27.1,46.69747,0.0040580174,0,19.597471618652342
2025-12-10 15:00:00,2025-12-10 14:00:00,11731,11722.13,8.8701171875,33.84,39.69329,0.00079028495,0,5.853290710449215
2025-12-10 16:00:00,2025-12-10 15:00:00,11803,11751.451,51.548828125,51.63,42.029102,0.009528402,0,9.60089767456055
2025-12-10 17:00:00,2025-12-10 16:00:00,12139,11981.72,157.2802734375,64.46,101.56457,0.10549899,0,37.104567565917975
2025-12-10 18:00:00,2025-12-10 17:00:00,12249,12118.023,130.9765625,58.54,95.26018,0.07560477,0,36.72017761230469
2025-12-10 19:00:00,2025-12-10 18:00:00,12101,12027.557,73.443359375,52.56,92.60087,0.03991676,0,40.040868225097654
2025-12-10 20:00:00,2025-12-10 19:00:00,11993,11947.953,45.046875,43.82,100.958755,0.05832588,0,57.13875549316406
2025-12-10 21:00:00,2025-12-10 20:00:00,11916,11864.159,51.8408203125,53.1,60.694164,0.015246037,0,7.5941642761230455
2025-12-10 22:00:00,2025-12-10 21:00:00,11732,11719.912,12.087890625,43.67,55.095314,0.013614572,0,11.425314025878905
2025-12-10 23:00:00,2025-12-10 22:00:00,11446,11480.328,34.328125,44.68,36.44668,0.0026141352,0,8.233321838378906
2025-12-11 00:00:00,2025-12-10 23:00:00,11207,11163.296,43.7041015625,43.63,40.88254,0.004136535,0,2.747458343505862
2025-12-11 01:00:00,2025-12-11 00:00:00,11091,10986.433,104.5673828125,48.25,40.373608,0.0039287494,0,7.876392364501953
2025-12-11 02:00:00,2025-12-11 01:00:00,10997,10951.572,45.427734375,48.25,46.270607,0.007709734,0,1.9793930053710938
2025-12-11 03:00:00,2025-12-11 02:00:00,10974,10908.632,65.3681640625,46.7,43.722965,0.004236543,0,2.977034759521487
2025-12-11 04:00:00,2025-12-11 03:00:00,10987,10919.98,67.01953125,40.44,44.82304,0.0025706883,0,4.383040008544924
2025-12-11 05:00:00,2025-12-11 04:00:00,11031,10960.857,70.142578125,34.74,38.24298,0.0028339133,0,3.502980957031248
2025-12-11 06:00:00,2025-12-11 05:00:00,11177,11157.057,19.943359375,37.38,47.487003,0.003223779,0,10.107003326416013
2025-12-11 07:00:00,2025-12-11 06:00:00,11644,11448.251,195.7490234375,36.77,58.946247,0.002541516,0,22.176247100830075
2025-12-11 08:00:00,2025-12-11 07:00:00,12092,11900.69,191.3095703125,25.67,44.118107,0.005534724,0,18.448106842041014
2025-12-11 09:00:00,2025-12-11 08:00:00,12233,12065.85,167.150390625,26.94,19.880693,0.0020848103,0,7.059306564331056
2025-12-11 10:00:00,2025-12-11 09:00:00,12360,12030.745,329.2548828125,39.31,25.209042,0.0030760819,0,14.100958404541018
2025-12-11 11:00:00,2025-12-11 10:00:00,12435,12063.017,371.9833984375,44.75,32.98441,0.007985395,0,11.76559066772461
2025-12-11 12:00:00,2025-12-11 11:00:00,12464,12042.302,421.6982421875,45.56,40.097664,0.0048058126,0,5.462336120605471
2025-12-11 13:00:00,2025-12-11 12:00:00,12485,11987.444,497.5556640625,40.43,39.665356,0.0076035843,0,0.7646443176269528
2025-12-11 14:00:00,2025-12-11 13:00:00,12452,11995.46,456.5400390625,37.8,34.434357,0.003218246,0,3.365643310546872
2025-12-11 15:00:00,2025-12-11 14:00:00,12460,11954.9375,505.0625,36.24,36.67983,0.004377604,0,0.43982864379882614
2025-12-11 16:00:00,2025-12-11 15:00:00,12493,12023.747,469.2529296875,37.21,48.512337,0.015658129,0,11.30233673095703
2025-12-11 17:00:00,2025-12-11 16:00:00,12741,12118.232,622.767578125,43.65,113.86421,0.107503936,0,70.2142120361328
2025-12-11 18:00:00,2025-12-11 17:00:00,12785,12110.835,674.1650390625,44.2,68.51555,0.09905773,0,24.315548706054685
2025-12-11 19:00:00,2025-12-11 18:00:00,12615,11987.928,627.072265625,42.95,94.18711,0.05873544,0,51.2371109008789
2025-12-11 20:00:00,2025-12-11 19:00:00,12520,11925.044,594.9560546875,45.07,82.09592,0.022422938,0,37.025916748046875
2025-12-11 21:00:00,2025-12-11 20:00:00,12405,11918.526,486.4736328125,47.06,93.41607,0.047534294,0,46.35606903076172
2025-12-11 22:00:00,2025-12-11 21:00:00,12184,11838.836,345.1640625,52.4,66.96409,0.01807754,0,14.564088439941408
2025-12-11 23:00:00,2025-12-11 22:00:00,11788,11728.975,59.025390625,56.4,60.61922,0.013430213,0,4.2192207336425795
2025-12-12 00:00:00,2025-12-11 23:00:00,11539,11507.646,31.353515625,56.51,61.619267,0.0075143958,0,5.109266510009768
2025-12-12 01:00:00,2025-12-12 00:00:00,11347,11355.706,8.7060546875,54.87,61.581486,0.012547118,0,6.711485748291018
2025-12-12 02:00:00,2025-12-12 01:00:00,11256,11204.623,51.376953125,52.78,59.507008,0.009176878,0,6.727007598876952
2025-12-12 03:00:00,2025-12-12 02:00:00,11183,11124.893,58.107421875,56.53,57.936905,0.0073582605,0,1.4069049072265614
2025-12-12 04:00:00,2025-12-12 03:00:00,11115,11069.799,45.201171875,57.51,62.872173,0.010466602,0,5.362173309326174
2025-12-12 05:00:00,2025-12-12 04:00:00,11178,11046.5625,131.4375,55.91,59.415512,0.008654371,0,3.505512084960941
2025-12-12 06:00:00,2025-12-12 05:00:00,11308,11288.585,19.4150390625,57.23,77.123344,0.00977178,0,19.893344421386722
2025-12-12 07:00:00,2025-12-12 06:00:00,11617,11511.157,105.8427734375,54.64,74.95751,0.009283052,0,20.317511901855468
2025-12-12 08:00:00,2025-12-12 07:00:00,12014,11787.304,226.6962890625,69.64,79.812485,0.04014609,0,10.172484741210937
2025-12-12 09:00:00,2025-12-12 08:00:00,12202,11958.953,243.046875,86.31,81.55309,0.051975958,0,4.7569070434570335
2025-12-12 10:00:00,2025-12-12 09:00:00,12278,12008.022,269.9775390625,82.39,149.55106,0.05982033,0,67.16105590820312
2025-12-12 11:00:00,2025-12-12 10:00:00,12350,12049.796,300.2041015625,59.37,174.84131,0.029851895,0,115.47130859375
2025-12-12 12:00:00,2025-12-12 11:00:00,12411,12052.591,358.4091796875,55.32,118.32134,0.03133396,0,63.00134246826172
2025-12-12 13:00:00,2025-12-12 12:00:00,12386,12043.346,342.654296875,55.24,110.128075,0.02350799,0,54.88807464599609
2025-12-12 14:00:00,2025-12-12 13:00:00,12369,11987.908,381.091796875,55.03,105.67422,0.012138625,0,50.64421722412109
2025-12-12 15:00:00,2025-12-12 14:00:00,12342,11988.877,353.123046875,48.95,95.62114,0.013553814,0,46.671139526367185
2025-12-12 16:00:00,2025-12-12 15:00:00,12355,12013.099,341.9013671875,46.85,80.22963,0.02887572,0,33.37962951660156
2025-12-12 17:00:00,2025-12-12 16:00:00,12534,12124.641,409.359375,49.44,110.62488,0.066360384,0,61.1848779296875
2025-12-12 18:00:00,2025-12-12 17:00:00,12613,12120.781,492.21875,54.0,75.34279,0.10082555,0,21.342788696289062
2025-12-12 19:00:00,2025-12-12 18:00:00,12423,12001.631,421.369140625,48.46,91.69741,0.044050667,0,43.23741058349609
2025-12-12 20:00:00,2025-12-12 19:00:00,12293,11940.495,352.5048828125,47.15,56.969185,0.028090216,0,9.819184875488283
2025-12-12 21:00:00,2025-12-12 20:00:00,12105,11952.65,152.349609375,55.15,52.95035,0.021085344,0,2.199648284912108
2025-12-12 22:00:00,2025-12-12 21:00:00,11984,11877.556,106.4443359375,56.81,71.210396,0.040600818,0,14.400395812988279
2025-12-12 23:00:00,2025-12-12 22:00:00,11749,11779.246,30.24609375,56.71,52.579094,0.007002197,0,4.130906066894532
2025-12-13 00:00:00,2025-12-12 23:00:00,11442,11489.496,47.49609375,85.26,50.90601,0.007731367,0,34.35399032592774
2025-12-13 01:00:00,2025-12-13 00:00:00,11244,11240.146,3.853515625,63.43,118.88595,0.009035492,0,55.455948181152344
2025-12-13 02:00:00,2025-12-13 01:00:00,11111,11080.235,30.7646484375,62.99,75.794815,0.013998058,0,12.80481506347656
2025-12-13 03:00:00,2025-12-13 02:00:00,11012,10996.353,15.6474609375,53.08,67.71691,0.009041275,0,14.63691131591797
2025-12-13 04:00:00,2025-12-13 03:00:00,10979,10937.885,41.115234375,52.43,63.245647,0.010254161,0,10.815647430419922
2025-12-13 05:00:00,2025-12-13 04:00:00,10988,10952.145,35.85546875,69.04,58.835266,0.009134014,0,10.204733886718756
2025-12-13 06:00:00,2025-12-13 05:00:00,11052,10996.984,55.015625,76.1,91.2954,0.017386537,0,15.195402526855474
2025-12-13 07:00:00,2025-12-13 06:00:00,11202,11156.812,45.1884765625,89.67,100.95746,0.020520953,0,11.287458496093748
2025-12-13 08:00:00,2025-12-13 07:00:00,11400,11479.168,79.16796875,104.49,153.5132,0.12994434,1,49.02319885253907
2025-12-13 09:00:00,2025-12-13 08:00:00,11529,11517.87,11.1298828125,64.68,149.08752,0.1824673,0,84.4075244140625
2025-12-13 10:00:00,2025-12-13 09:00:00,11665,11582.356,82.6435546875,47.27,118.24497,0.05122768,0,70.9749722290039
2025-12-13 11:00:00,2025-12-13 10:00:00,11646,11708.822,62.822265625,43.6,93.626144,0.03036763,0,50.026144409179686
2025-12-13 12:00:00,2025-12-13 11:00:00,11520,11602.4375,82.4375,39.89,83.220314,0.006776959,0,43.330314025878906
2025-12-13 13:00:00,2025-12-13 12:00:00,11655,11439.786,215.2138671875,40.99,81.50326,0.0052121906,0,40.51325775146484
2025-12-13 14:00:00,2025-12-13 13:00:00,11761,11715.37,45.6298828125,39.29,81.48834,0.011492635,0,42.19834228515625
2025-12-13 15:00:00,2025-12-13 14:00:00,11788,11785.085,2.9150390625,31.64,39.504242,0.0067294342,0,7.864241943359374
2025-12-13 16:00:00,2025-12-13 15:00:00,11827,11814.586,12.4140625,28.67,37.367294,0.0024841311,0,8.697294311523436
2025-12-13 17:00:00,2025-12-13 16:00:00,12058,11966.659,91.3408203125,31.39,39.83812,0.0019690597,0,8.448119506835937
2025-12-13 18:00:00,2025-12-13 17:00:00,12202,12125.48,76.51953125,34.24,46.007748,0.012754954,0,11.767747650146482
2025-12-13 19:00:00,2025-12-13 18:00:00,12031,12032.636,1.6357421875,29.87,49.549637,0.005510805,0,19.67963684082031
2025-12-13 20:00:00,2025-12-13 19:00:00,11796,11961.018,165.017578125,24.71,41.5477,0.003602648,0,16.837698974609374
2025-12-13 21:00:00,2025-12-13 20:00:00,11598,11687.552,89.5517578125,22.39,29.542007,0.001640707,0,7.152007446289062
2025-12-13 22:00:00,2025-12-13 21:00:00,11445,11384.381,60.619140625,21.85,20.668016,0.0005177931,0,1.181983566284181
2025-12-13 23:00:00,2025-12-13 22:00:00,11254,11219.74,34.259765625,21.45,19.385921,0.00011196644,0,2.064078521728515
2025-12-14 00:00:00,2025-12-13 23:00:00,10955,11059.193,104.193359375,19.35,19.280613,0.00017770022,0,0.0693870544433608
2025-12-14 01:00:00,2025-12-14 00:00:00,10713,10782.011,69.0107421875,19.68,19.386112,0.00022185658,0,0.2938877868652341
2025-12-14 02:00:00,2025-12-14 01:00:00,10603,10645.964,42.9638671875,20.16,21.030048,0.00027590027,0,0.870048370361328
2025-12-14 03:00:00,2025-12-14 02:00:00,10488,10561.804,73.8037109375,19.46,21.680458,0.00031697526,0,2.2204580688476554
2025-12-14 04:00:00,2025-12-14 03:00:00,10442,10469.051,27.05078125,19.27,19.051691,0.00018000277,0,0.218308944702148
2025-12-14 05:00:00,2025-12-14 04:00:00,10457,10478.715,21.71484375,19.53,19.460403,0.00021347417,0,0.06959655761718864
2025-12-14 06:00:00,2025-12-14 05:00:00,10504,10568.639,64.638671875,20.46,21.895914,0.00041081055,0,1.4359140777587882
2025-12-14 07:00:00,2025-12-14 06:00:00,10607,10672.745,65.7451171875,21.47,22.910433,0.00029661387,0,1.440432815551759
2025-12-14 08:00:00,2025-12-14 07:00:00,10818,10831.409,13.4091796875,21.42,22.012434,0.00041415106,0,0.592434005737303
2025-12-14 09:00:00,2025-12-14 08:00:00,11047,11022.349,24.6513671875,22.19,21.500967,0.00041222907,0,0.6890329742431653
2025-12-14 10:00:00,2025-12-14 09:00:00,11195,11195.256,0.255859375,21.72,23.967455,0.0011943125,0,2.2474549102783214
2025-12-14 11:00:00,2025-12-14 10:00:00,11339,11297.272,41.7275390625,22.12,19.275312,0.00020959812,0,2.8446875762939463
2025-12-14 12:00:00,2025-12-14 11:00:00,11472,11404.72,67.2802734375,19.5,19.416807,0.00041921987,0,0.08319282531738281
2025-12-14 13:00:00,2025-12-14 12:00:00,11514,11495.582,18.41796875,11.68,19.696932,0.00021866884,0,8.016931838989258
2025-12-14 14:00:00,2025-12-14 13:00:00,11508,11516.171,8.1708984375,14.52,14.226492,0.0001025985,0,0.29350807189941364
2025-12-14 15:00:00,2025-12-14 14:00:00,11423,11477.755,54.7548828125,20.07,17.408197,0.00025771753,0,2.6618025970458987
2025-12-14 16:00:00,2025-12-14 15:00:00,11479,11425.322,53.677734375,20.9,22.504751,0.001375608,0,1.6047512054443374
2025-12-14 17:00:00,2025-12-14 16:00:00,11851,11741.479,109.521484375,21.76,34.31481,0.0010261011,0,12.554811706542967
2025-12-14 18:00:00,2025-12-14 17:00:00,12098,11958.797,139.203125,21.48,29.353508,0.00203256,0,7.873507995605468
2025-12-14 19:00:00,2025-12-14 18:00:00,11975,11997.457,22.45703125,20.92,33.66029,0.00048085407,0,12.740289764404295
2025-12-14 20:00:00,2025-12-14 19:00:00,11814,11857.98,43.98046875,19.81,29.45644,0.00059840264,0,9.64643997192383
2025-12-14 21:00:00,2025-12-14 20:00:00,11642,11683.487,41.4873046875,20.18,18.90271,0.00030037656,0,1.2772900390624997
2025-12-14 22:00:00,2025-12-14 21:00:00,11407,11415.312,8.3115234375,19.88,19.404469,0.0005104518,0,0.4755314636230459
2025-12-14 23:00:00,2025-12-14 22:00:00,11076,11146.974,70.9736328125,16.9,19.08334,0.00011191786,0,2.183339691162111
2025-12-15 00:00:00,2025-12-14 23:00:00,10854,10796.984,57.015625,21.7,18.01487,0.00026855452,0,3.685130310058593
2025-12-15 01:00:00,2025-12-15 00:00:00,10640,10704.457,64.45703125,21.52,23.575708,0.0006585355,0,2.055708389282227
2025-12-15 02:00:00,2025-12-15 01:00:00,10495,10528.459,33.458984375,20.99,19.928244,0.00037511,0,1.0617563629150375
2025-12-15 03:00:00,2025-12-15 02:00:00,10456,10413.098,42.90234375,16.54,19.642693,0.0002506927,0,3.1026925659179696
2025-12-15 04:00:00,2025-12-15 03:00:00,10503,10449.961,53.0390625,3.5,16.380642,0.00022975281,0,12.88064193725586
2025-12-15 05:00:00,2025-12-15 04:00:00,10581,10575.557,5.443359375,0.0,3.302882,9.443353e-05,0,3.302881956100464
2025-12-15 06:00:00,2025-12-15 05:00:00,10825,10759.785,65.21484375,0.0,2.9517024,0.00012314973,0,2.951702356338501
2025-12-15 07:00:00,2025-12-15 06:00:00,11230,11247.653,17.6533203125,0.0,5.302358,0.0003196342,0,5.302358150482178
2025-12-15 08:00:00,2025-12-15 07:00:00,11672,11618.352,53.6484375,6.72,1.7918221,0.00027233787,0,4.928177924156189
2025-12-15 09:00:00,2025-12-15 08:00:00,11820,11764.911,55.0888671875,0.0,6.0844097,0.00025656968,0,6.084409713745117
2025-12-15 10:00:00,2025-12-15 09:00:00,11874,11841.504,32.49609375,0.0,3.8604984,6.816439e-05,0,3.8604984283447266
2025-12-15 11:00:00,2025-12-15 10:00:00,11851,11867.634,16.6337890625,0.0,2.4542363,5.9911974e-05,0,2.4542362689971924
2025-12-15 12:00:00,2025-12-15 11:00:00,11819,11824.649,5.6494140625,0.0,2.340486,6.2983185e-05,0,2.3404860496520996
2025-12-15 13:00:00,2025-12-15 12:00:00,11779,11798.898,19.8984375,0.0,2.364226,8.8611225e-05,0,2.3642261028289795
2025-12-15 14:00:00,2025-12-15 13:00:00,11707,11769.658,62.658203125,0.0,0.0,0.00011016066,0,0.0
2025-12-15 15:00:00,2025-12-15 14:00:00,11603,11692.286,89.2861328125,0.0,0.0,8.92434e-05,0,0.0
2025-12-15 16:00:00,2025-12-15 15:00:00,11613,11616.286,3.2861328125,1.93,0.0,0.00015708747,0,1.93
2025-12-15 17:00:00,2025-12-15 16:00:00,11981,11779.253,201.7470703125,20.37,11.825346,0.00036143546,0,8.544654006958009
2025-12-15 18:00:00,2025-12-15 17:00:00,12233,12051.954,181.0458984375,20.14,39.1109,0.0057164594,0,18.97090087890625
2025-12-15 19:00:00,2025-12-15 18:00:00,12100,12014.56,85.4404296875,12.02,14.047953,0.0004840525,0,2.0279526519775395
2025-12-15 20:00:00,2025-12-15 19:00:00,11926,11947.28,21.2802734375,4.41,5.5487323,0.0001961847,0,1.138732280731201
2025-12-15 21:00:00,2025-12-15 20:00:00,11810,11822.918,12.91796875,20.01,1.201349,8.2115635e-05,0,18.80865097999573
2025-12-15 22:00:00,2025-12-15 21:00:00,11550,11605.934,55.93359375,17.75,17.79522,0.0011431256,0,0.04521942138671875
2025-12-15 23:00:00,2025-12-15 22:00:00,11261,11276.64,15.6396484375,5.47,12.064897,0.00019838329,0,6.594896583557129
2025-12-16 00:00:00,2025-12-15 23:00:00,11001,10976.479,24.521484375,0.0,2.5700815,0.000101579746,0,2.5700814723968506
2025-12-16 01:00:00,2025-12-16 00:00:00,10797,10830.1,33.099609375,0.0,2.0676053,9.8958146e-05,0,2.0676052570343018
2025-12-16 02:00:00,2025-12-16 01:00:00,10664,10671.2705,7.2705078125,0.0,1.7276057,0.00012153215,0,1.7276057004928589
2025-12-16 03:00:00,2025-12-16 02:00:00,10597,10561.488,35.51171875,0.0,1.8747733,0.00016979678,0,1.8747732639312744
2025-12-16 04:00:00,2025-12-16 03:00:00,10610,10570.688,39.3115234375,0.0,1.6971996,0.00019860151,0,1.6971995830535889
2025-12-16 05:00:00,2025-12-16 04:00:00,10685,10658.5625,26.4375,0.0,1.1295899,0.00025451844,0,1.1295899152755737
2025-12-16 06:00:00,2025-12-16 05:00:00,10838,10875.809,37.80859375,19.2,2.293641,0.00033960745,0,16.906358909606933
2025-12-16 07:00:00,2025-12-16 06:00:00,11253,11204.63,48.3701171875,48.79,31.772121,0.004651528,0,17.01787857055664
2025-12-16 08:00:00,2025-12-16 07:00:00,11726,11663.3955,62.6044921875,48.55,48.646126,0.0886662,0,0.09612579345703409
2025-12-16 09:00:00,2025-12-16 08:00:00,11917,11807.612,109.3876953125,67.13,38.560898,0.007201652,0,28.569102172851558
2025-12-16 10:00:00,2025-12-16 09:00:00,11851,11867.129,16.12890625,39.69,92.917725,0.008512149,0,53.227724609375
2025-12-16 11:00:00,2025-12-16 10:00:00,11847,11786.371,60.62890625,30.17,29.451536,0.0014589459,0,0.7184638214111345
2025-12-16 12:00:00,2025-12-16 11:00:00,11763,11833.988,70.98828125,25.61,29.622442,0.00062832184,0,4.012442245483399
2025-12-16 13:00:00,2025-12-16 12:00:00,11670,11674.496,4.49609375,19.06,25.363575,0.00041042303,0,6.303574981689454
2025-12-16 14:00:00,2025-12-16 13:00:00,11718,11636.761,81.2392578125,18.58,16.059855,0.00031756086,0,2.5201454925537092
2025-12-16 15:00:00,2025-12-16 14:00:00,11743,11750.119,7.119140625,18.12,14.995203,0.0002306371,0,3.1247969818115244
2025-12-16 16:00:00,2025-12-16 15:00:00,11847,11789.932,57.068359375,14.87,13.769219,0.00045307796,0,1.100780601501464
2025-12-16 17:00:00,2025-12-16 16:00:00,12144,12020.757,123.2431640625,19.39,7.239233,0.00039593945,0,12.150766983032227
2025-12-16 18:00:00,2025-12-16 17:00:00,12338,12091.905,246.0947265625,20.85,32.899555,0.007146824,0,12.049555206298827
2025-12-16 19:00:00,2025-12-16 18:00:00,12175,12018.928,156.072265625,19.52,34.67828,0.0025420454,0,15.158279876708985
2025-12-16 20:00:00,2025-12-16 19:00:00,12013,11938.524,74.4755859375,19.26,17.57106,0.0029927634,0,1.688939819335939
2025-12-16 21:00:00,2025-12-16 20:00:00,11857,11867.2,10.2001953125,18.52,18.927296,0.0018430171,0,0.40729568481445355
2025-12-16 22:00:00,2025-12-16 21:00:00,11646,11658.587,12.5869140625,18.49,18.465982,0.0014838241,0,0.024017562866209374
2025-12-16 23:00:00,2025-12-16 22:00:00,11364,11324.248,39.751953125,18.8,12.981297,0.000117255964,0,5.81870346069336
2025-12-17 00:00:00,2025-12-16 23:00:00,11051,11083.5205,32.5205078125,18.28,17.629318,0.00037009484,0,0.6506817626953136
2025-12-17 01:00:00,2025-12-17 00:00:00,10791,10831.046,40.0458984375,13.17,18.696606,0.00010034005,0,5.526605682373047
2025-12-17 02:00:00,2025-12-17 01:00:00,10710,10657.414,52.5859375,14.92,12.684265,5.5752327e-05,0,2.23573486328125
2025-12-17 03:00:00,2025-12-17 02:00:00,10663,10651.608,11.3916015625,12.6,16.563442,0.0001853655,0,3.9634422302246097
2025-12-17 04:00:00,2025-12-17 03:00:00,10644,10653.889,9.888671875,3.29,12.064906,4.1411153e-05,0,8.774906120300294
2025-12-17 05:00:00,2025-12-17 04:00:00,10686,10677.55,8.4501953125,0.77,4.125523,5.132921e-05,0,3.355523090362549
2025-12-17 06:00:00,2025-12-17 05:00:00,10922,10843.776,78.2236328125,0.0,3.2941694,5.46584e-05,0,3.2941694259643555
2025-12-17 07:00:00,2025-12-17 06:00:00,11280,11292.372,12.3720703125,16.5,4.2100935,3.085e-05,0,12.28990650177002
2025-12-17 08:00:00,2025-12-17 07:00:00,11728,11633.907,94.0927734375,20.6,21.667637,0.0005620707,0,1.0676368713378892
2025-12-17 09:00:00,2025-12-17 08:00:00,12007,11789.337,217.6630859375,23.21,19.881536,0.00028495557,0,3.3284635162353524
2025-12-17 10:00:00,2025-12-17 09:00:00,12014,11933.104,80.896484375,26.28,24.741474,0.00019646363,0,1.538525848388673
2025-12-17 11:00:00,2025-12-17 10:00:00,12093,11942.696,150.3037109375,20.08,26.005653,0.0010520727,0,5.925653381347658
2025-12-17 12:00:00,2025-12-17 11:00:00,12278,12035.902,242.09765625,18.38,17.04967,0.00010409703,0,1.3303307342529287
2025-12-17 13:00:00,2025-12-17 12:00:00,12303,12064.995,238.0048828125,19.46,14.598378,0.0001267814,0,4.861621818542481
2025-12-17 14:00:00,2025-12-17 13:00:00,12299,12052.776,246.2236328125,21.95,18.05874,0.00028701356,0,3.8912593841552727
2025-12-17 15:00:00,2025-12-17 14:00:00,12286,12017.717,268.283203125,28.54,21.0101,0.0003194438,0,7.529900588989257
2025-12-17 16:00:00,2025-12-17 15:00:00,12324,12051.664,272.3359375,22.49,30.973185,0.003496432,0,8.48318458557129
2025-12-17 17:00:00,2025-12-17 16:00:00,12598,12171.555,426.4453125,20.17,33.44273,0.0011450802,0,13.27272994995117
2025-12-17 18:00:00,2025-12-17 17:00:00,12737,12122.409,614.5908203125,22.08,37.347572,0.0013603527,0,15.267572326660158
2025-12-17 19:00:00,2025-12-17 18:00:00,12574,12021.989,552.0107421875,22.09,36.32709,0.0010539738,0,14.237091217041016
2025-12-17 20:00:00,2025-12-17 19:00:00,12367,11959.562,407.4384765625,25.89,23.236174,0.001684962,0,2.6538263702392584
2025-12-17 21:00:00,2025-12-17 20:00:00,12188,11903.894,284.1064453125,34.45,30.933067,0.0036987613,0,3.516932678222659
2025-12-17 22:00:00,2025-12-17 21:00:00,11929,11884.412,44.587890625,40.3,39.483448,0.0029798225,0,0.816551971435544
2025-12-17 23:00:00,2025-12-17 22:00:00,11630,11630.151,0.1513671875,62.0,34.372948,0.0004943895,0,27.627052307128906
2025-12-18 00:00:00,2025-12-17 23:00:00,11316,11286.865,29.134765625,103.52,77.669106,0.003894956,1,25.85089447021484
2025-12-18 01:00:00,2025-12-18 00:00:00,11125,11037.262,87.73828125,81.22,101.737724,0.011726754,0,20.51772430419922
2025-12-18 02:00:00,2025-12-18 01:00:00,11054,10951.664,102.3359375,83.45,98.6748,0.018933633,0,15.224797058105466
2025-12-18 03:00:00,2025-12-18 02:00:00,11005,10930.156,74.84375,37.37,122.752235,0.038978204,0,85.38223541259765
2025-12-18 04:00:00,2025-12-18 03:00:00,10968,10930.83,37.169921875,26.39,64.94673,0.006835832,0,38.55673156738281
2025-12-18 05:00:00,2025-12-18 04:00:00,11000,10933.516,66.484375,19.84,29.82265,0.0011936158,0,9.982650909423828
2025-12-18 06:00:00,2025-12-18 05:00:00,11204,11104.353,99.6474609375,18.39,31.631708,0.0006218458,0,13.241708145141601
2025-12-18 07:00:00,2025-12-18 06:00:00,11615,11459.399,155.6005859375,20.2,28.123472,0.0009833548,0,7.923472213745118
2025-12-18 08:00:00,2025-12-18 07:00:00,12068,11843.333,224.6669921875,25.25,26.989801,0.0009755052,0,1.7398014068603516
2025-12-18 09:00:00,2025-12-18 08:00:00,12233,12052.896,180.103515625,26.3,26.091394,0.0013366363,0,0.20860557556152415
2025-12-18 10:00:00,2025-12-18 09:00:00,12259,12036.656,222.34375,21.66,27.758741,0.0011401805,0,6.0987413787841795
2025-12-18 11:00:00,2025-12-18 10:00:00,12299,12032.288,266.7119140625,18.15,28.428738,0.00014690525,0,10.27873764038086
2025-12-18 12:00:00,2025-12-18 11:00:00,12238,12060.379,177.62109375,19.11,26.078045,0.00013520094,0,6.968044891357422
2025-12-18 13:00:00,2025-12-18 12:00:00,12159,11947.882,211.1181640625,18.99,26.059227,0.00020496469,0,7.069226989746095
2025-12-18 14:00:00,2025-12-18 13:00:00,12132,11959.648,172.3515625,18.99,23.216663,0.00015342365,0,4.226663360595705
2025-12-18 15:00:00,2025-12-18 14:00:00,12154,12009.028,144.9716796875,19.21,34.724884,0.0002446038,0,15.514884033203124
2025-12-18 16:00:00,2025-12-18 15:00:00,12227,12055.1,171.900390625,20.11,22.464739,0.00044284618,0,2.354738845825196
2025-12-18 17:00:00,2025-12-18 16:00:00,12396,12157.358,238.6416015625,21.34,40.75232,0.0006466241,0,19.4123193359375
2025-12-18 18:00:00,2025-12-18 17:00:00,12539,12120.165,418.8349609375,21.54,33.35373,0.0009363925,0,11.813729248046876
2025-12-18 19:00:00,2025-12-18 18:00:00,12423,12021.745,401.2548828125,19.32,33.370956,0.00042649012,0,14.050956420898437
2025-12-18 20:00:00,2025-12-18 19:00:00,12311,11955.566,355.43359375,19.96,27.44802,0.0005022704,0,7.488020935058593
2025-12-18 21:00:00,2025-12-18 20:00:00,12165,11954.771,210.228515625,18.41,29.77815,0.00052811456,0,11.36815055847168
2025-12-18 22:00:00,2025-12-18 21:00:00,11931,11857.084,73.916015625,18.25,15.049937,0.00019314447,0,3.2000627517700195
2025-12-18 23:00:00,2025-12-18 22:00:00,11644,11678.839,34.8388671875,14.96,14.002321,6.088784e-05,0,0.957678756713868
2025-12-19 00:00:00,2025-12-18 23:00:00,11373,11326.23,46.76953125,0.0,10.737167,4.8957918e-05,0,10.737167358398438
2025-12-19 01:00:00,2025-12-19 00:00:00,11169,11174.09,5.08984375,0.0,0.0,1.9496376e-05,0,0.0
2025-12-19 02:00:00,2025-12-19 01:00:00,11035,11004.802,30.1982421875,0.0,2.3884945,2.188975e-05,0,2.3884944915771484
2025-12-19 03:00:00,2025-12-19 02:00:00,10946,10927.304,18.6962890625,0.0,2.5249343,1.9407204e-05,0,2.5249342918395996
2025-12-19 04:00:00,2025-12-19 03:00:00,10921,10886.384,34.6162109375,0.0,2.3135185,3.2793614e-05,0,2.313518524169922
2025-12-19 05:00:00,2025-12-19 04:00:00,11040,10924.118,115.8818359375,0.0,2.4769847,4.4146862e-05,0,2.476984739303589
2025-12-19 06:00:00,2025-12-19 05:00:00,11250,11227.882,22.1181640625,0.0,11.884666,2.4908395e-05,0,11.884666442871094
2025-12-19 07:00:00,2025-12-19 06:00:00,11625,11507.186,117.814453125,0.0,11.604826,1.8565233e-05,0,11.604825973510742
2025-12-19 08:00:00,2025-12-19 07:00:00,12090,11841.069,248.9306640625,8.74,17.283266,1.9151496e-05,0,8.543266067504883
2025-12-19 09:00:00,2025-12-19 08:00:00,12327,12064.214,262.7861328125,27.33,20.96858,3.8968737e-05,0,6.361419754028319
2025-12-19 10:00:00,2025-12-19 09:00:00,12362,12034.284,327.7158203125,27.46,51.30358,0.002376225,0,23.843581237792968
2025-12-19 11:00:00,2025-12-19 10:00:00,12376,12054.095,321.9052734375,23.42,42.524185,0.00026329103,0,19.10418518066406
2025-12-19 12:00:00,2025-12-19 11:00:00,12330,12036.063,293.9365234375,23.84,36.660755,9.783652e-05,0,12.820755157470703
2025-12-19 13:00:00,2025-12-19 12:00:00,12244,11974.9375,269.0625,27.79,37.12097,0.00017858723,0,9.3309716796875
2025-12-19 14:00:00,2025-12-19 13:00:00,12248,11951.034,296.9658203125,33.83,40.79108,0.00042530746,0,6.961080474853517
2025-12-19 15:00:00,2025-12-19 14:00:00,12264,12016.278,247.7216796875,26.89,55.044445,0.00089365593,0,28.154445037841796
2025-12-19 16:00:00,2025-12-19 15:00:00,12295,12049.031,245.96875,32.21,45.6967,0.00078582583,0,13.486701049804687
2025-12-19 17:00:00,2025-12-19 16:00:00,12541,12108.892,432.1083984375,38.62,77.23801,0.0089718215,0,38.61800659179688
2025-12-19 18:00:00,2025-12-19 17:00:00,12709,12118.134,590.8662109375,39.83,53.859024,0.004575597,0,14.029024047851564
2025-12-19 19:00:00,2025-12-19 18:00:00,12531,12018.013,512.9873046875,32.29,55.927845,0.001529457,0,23.637845001220704
2025-12-19 20:00:00,2025-12-19 19:00:00,12399,11947.259,451.7412109375,32.8,53.481907,0.00151448,0,20.681906890869143
2025-12-19 21:00:00,2025-12-19 20:00:00,12277,11952.956,324.0439453125,33.12,53.826534,0.0016826182,0,20.706534271240237
2025-12-19 22:00:00,2025-12-19 21:00:00,12102,11875.446,226.5537109375,32.85,31.706913,0.0017526386,0,1.1430870056152358
2025-12-19 23:00:00,2025-12-19 22:00:00,11792,11865.703,73.703125,32.0,32.776417,0.0006480952,0,0.7764167785644531
2025-12-20 00:00:00,2025-12-19 23:00:00,11514,11545.033,31.033203125,31.93,28.866398,0.0005434459,0,3.063602142333984
2025-12-20 01:00:00,2025-12-20 00:00:00,11328,11337.637,9.63671875,32.0,31.58964,0.0004899676,0,0.41036033630371094
2025-12-20 02:00:00,2025-12-20 01:00:00,11193,11172.712,20.2880859375,33.22,33.628727,0.0007371914,0,0.40872695922851676
2025-12-20 03:00:00,2025-12-20 02:00:00,11129,11029.516,99.484375,37.47,34.976227,0.0003315159,0,2.493773193359374
2025-12-20 04:00:00,2025-12-20 03:00:00,11096,10980.448,115.5517578125,42.33,39.988247,0.000881397,0,2.341753082275389
2025-12-20 05:00:00,2025-12-20 04:00:00,11121,11017.387,103.61328125,43.92,43.088245,0.004640282,0,0.8317546081542986
2025-12-20 06:00:00,2025-12-20 05:00:00,11225,11101.993,123.0068359375,50.64,62.818813,0.018046618,0,12.178813323974609
2025-12-20 07:00:00,2025-12-20 06:00:00,11358,11355.896,2.103515625,91.87,68.45097,0.04960812,0,23.419026489257817
2025-12-20 08:00:00,2025-12-20 07:00:00,11487,11535.212,48.2119140625,82.19,201.2656,0.1536464,0,119.07559448242188
2025-12-20 09:00:00,2025-12-20 08:00:00,11713,11583.036,129.9638671875,75.0,143.53549,0.06603147,0,68.53549194335938
2025-12-20 10:00:00,2025-12-20 09:00:00,11811,11731.52,79.48046875,66.91,135.65144,0.036122456,0,68.74144348144532
2025-12-20 11:00:00,2025-12-20 10:00:00,11891,11801.327,89.6728515625,47.38,133.7827,0.024690632,0,86.40269958496094
2025-12-20 12:00:00,2025-12-20 11:00:00,11923,11892.204,30.7958984375,41.01,88.43647,0.01701161,0,47.42647003173828
2025-12-20 13:00:00,2025-12-20 12:00:00,11888,11854.262,33.73828125,35.31,86.81336,0.0063063246,0,51.50336212158203
2025-12-20 14:00:00,2025-12-20 13:00:00,11856,11851.358,4.6416015625,32.72,49.566742,0.0037278098,0,16.846741943359376
2025-12-20 15:00:00,2025-12-20 14:00:00,11830,11816.464,13.5361328125,33.19,45.09995,0.0005141868,0,11.909948883056643
2025-12-20 16:00:00,2025-12-20 15:00:00,11841,11873.866,32.8662109375,39.14,57.36496,0.0034439673,0,18.224959716796874
2025-12-20 17:00:00,2025-12-20 16:00:00,12141,11973.954,167.0458984375,39.93,91.07803,0.019567812,0,51.148033447265625
2025-12-20 18:00:00,2025-12-20 17:00:00,12303,12116.869,186.130859375,31.15,51.735302,0.0067523373,0,20.58530197143555
2025-12-20 19:00:00,2025-12-20 18:00:00,12159,12026.318,132.681640625,19.92,49.199745,0.0031710307,0,29.279745178222655
2025-12-20 20:00:00,2025-12-20 19:00:00,12023,11956.57,66.4296875,8.19,36.19978,0.00054307224,0,28.00977951049805
2025-12-20 21:00:00,2025-12-20 20:00:00,11933,11957.969,24.96875,1.21,27.369457,0.00014727608,0,26.159457244873046
2025-12-20 22:00:00,2025-12-20 21:00:00,11793,11759.12,33.8798828125,19.46,9.349993,3.3074677e-05,0,10.110007247924806
2025-12-20 23:00:00,2025-12-20 22:00:00,11593,11617.823,24.8232421875,18.87,20.229837,0.0003813661,0,1.359837417602538
2025-12-21 00:00:00,2025-12-20 23:00:00,11338,11350.211,12.2109375,7.36,14.821865,0.00018647042,0,7.461865081787109
2025-12-21 01:00:00,2025-12-21 00:00:00,11158,11146.601,11.3994140625,1.67,6.362128,3.791166e-05,0,4.692127780914307
2025-12-21 02:00:00,2025-12-21 01:00:00,11021,11004.02,16.98046875,0.0,3.56449,4.6337784e-05,0,3.5644900798797607
2025-12-21 03:00:00,2025-12-21 02:00:00,10926,10930.372,4.3720703125,0.0,2.3050377,4.1514708e-05,0,2.3050377368927
2025-12-21 04:00:00,2025-12-21 03:00:00,10851,10858.486,7.486328125,12.95,2.5660532,6.8277775e-05,0,10.383946847915649
2025-12-21 05:00:00,2025-12-21 04:00:00,10834,10876.327,42.3271484375,17.81,15.612512,0.00018440158,0,2.1974883651733386
2025-12-21 06:00:00,2025-12-21 05:00:00,10900,10898.104,1.896484375,18.22,30.47397,0.0003800307,0,12.253970413208009
2025-12-21 07:00:00,2025-12-21 06:00:00,11045,11040.897,4.1025390625,19.37,20.950676,0.0004968901,0,1.5806759643554678
2025-12-21 08:00:00,2025-12-21 07:00:00,11261,11298.665,37.6650390625,18.6,22.178253,0.00027883583,0,3.5782531738281236
2025-12-21 09:00:00,2025-12-21 08:00:00,11489,11399.053,89.947265625,21.71,21.14578,0.00013791306,0,0.5642194366455087
2025-12-21 10:00:00,2025-12-21 09:00:00,11578,11598.979,20.978515625,34.51,23.632067,0.00021247934,0,10.877933273315428
2025-12-21 11:00:00,2025-12-21 10:00:00,11657,11607.753,49.2470703125,41.0,34.641098,0.0018143627,0,6.3589019775390625
2025-12-21 12:00:00,2025-12-21 11:00:00,11737,11676.185,60.8154296875,41.09,39.904392,0.00093343476,0,1.1856077575683628
2025-12-21 13:00:00,2025-12-21 12:00:00,11755,11746.032,8.9677734375,42.05,40.582836,0.0022391193,0,1.4671638488769503
2025-12-21 14:00:00,2025-12-21 13:00:00,11801,11713.153,87.8466796875,48.43,46.330833,0.004718152,0,2.099166564941406
2025-12-21 15:00:00,2025-12-21 14:00:00,11829,11780.261,48.7392578125,71.65,54.282394,0.0077534276,0,17.367605590820318
2025-12-21 16:00:00,2025-12-21 15:00:00,11948,11852.274,95.7255859375,82.88,71.47307,0.025309704,0,11.406931762695308
2025-12-21 17:00:00,2025-12-21 16:00:00,12208,12096.752,111.248046875,580.41,148.54266,0.09812605,1,431.8673364257812
2025-12-21 18:00:00,2025-12-21 17:00:00,12304,12121.503,182.4970703125,751.2,298.3336,0.86832964,1,452.86641235351567
2025-12-21 19:00:00,2025-12-21 18:00:00,12198,12031.501,166.4990234375,216.18,442.04636,0.73541087,1,225.86635620117187
2025-12-21 20:00:00,2025-12-21 19:00:00,12069,11957.947,111.052734375,234.44,296.23126,0.052324235,1,61.79126220703125
2025-12-21 21:00:00,2025-12-21 20:00:00,11956,11932.54,23.4599609375,121.67,229.42656,0.47757187,1,107.75655944824219
2025-12-21 22:00:00,2025-12-21 21:00:00,11799,11771.974,27.0263671875,72.99,65.00397,0.027074363,0,7.986032714843745
2025-12-21 23:00:00,2025-12-21 22:00:00,11671,11590.477,80.5234375,56.96,53.406242,0.009953029,0,3.553757629394532
2025-12-22 00:00:00,2025-12-21 23:00:00,11512,11429.799,82.201171875,68.98,32.671867,0.029547745,0,36.308132629394535
2025-12-22 01:00:00,2025-12-22 00:00:00,11315,11380.711,65.7109375,92.68,70.81708,0.018201435,0,21.862922363281257
2025-12-22 02:00:00,2025-12-22 01:00:00,11198,11123.031,74.96875,58.46,108.809586,0.027674306,0,50.34958557128906
2025-12-22 03:00:00,2025-12-22 02:00:00,11155,11050.855,104.14453125,52.82,56.02974,0.014740368,0,3.209739379882812
2025-12-22 04:00:00,2025-12-22 03:00:00,11145,11046.761,98.2392578125,54.81,58.57313,0.010921065,0,3.7631315612792946
2025-12-22 05:00:00,2025-12-22 04:00:00,11157,11108.281,48.71875,46.16,51.77487,0.012897882,0,5.614871826171878
2025-12-22 06:00:00,2025-12-22 05:00:00,11285,11194.757,90.2431640625,45.98,57.500114,0.010573277,0,11.520114440917972
2025-12-22 07:00:00,2025-12-22 06:00:00,11582,11503.779,78.220703125,56.69,59.958473,0.016089892,0,3.2684732055664085
2025-12-22 08:00:00,2025-12-22 07:00:00,11979,11834.936,144.064453125,56.09,67.06076,0.06858425,0,10.970760498046872
2025-12-22 09:00:00,2025-12-22 08:00:00,12263,12071.676,191.32421875,56.5,56.98742,0.052040257,0,0.48741912841796875
2025-12-22 10:00:00,2025-12-22 09:00:00,12370,12080.176,289.82421875,55.2,49.30012,0.050037127,0,5.899878692626956
2025-12-22 11:00:00,2025-12-22 10:00:00,12453,12099.91,353.08984375,55.2,43.371857,0.025030293,0,11.828143310546878
2025-12-22 12:00:00,2025-12-22 11:00:00,12451,12077.185,373.8154296875,46.39,53.78688,0.016862154,0,7.396880493164062
2025-12-22 13:00:00,2025-12-22 12:00:00,12425,12009.99,415.009765625,44.32,39.196377,0.012302884,0,5.123623199462891
2025-12-22 14:00:00,2025-12-22 13:00:00,12367,12018.987,348.0126953125,44.31,32.5421,0.013209725,0,11.767901000976565
2025-12-22 15:00:00,2025-12-22 14:00:00,12310,11934.777,375.22265625,43.91,32.285717,0.022351528,0,11.62428298950195
2025-12-22 16:00:00,2025-12-22 15:00:00,12278,11961.601,316.3994140625,133.54,46.223385,0.06309276,1,87.31661514282226
2025-12-22 17:00:00,2025-12-22 16:00:00,12388,12092.424,295.576171875,819.54,229.61826,0.44575432,1,589.9217443847656
2025-12-22 18:00:00,2025-12-22 17:00:00,12507,12118.097,388.9033203125,973.67,665.66724,0.9814264,1,308.00276367187496
2025-12-22 19:00:00,2025-12-22 18:00:00,12382,12034.251,347.7490234375,624.17,880.576,0.96708685,1,256.4059887695313
2025-12-22 20:00:00,2025-12-22 19:00:00,12326,11950.966,375.0341796875,112.72,368.68842,0.16999944,1,255.96841552734375
2025-12-22 21:00:00,2025-12-22 20:00:00,12223,11948.076,274.923828125,61.49,234.34982,0.040011965,0,172.85982299804687
2025-12-22 22:00:00,2025-12-22 21:00:00,12090,11823.773,266.2265625,42.2,91.11432,0.05920682,0,48.91431884765625
2025-12-22 23:00:00,2025-12-22 22:00:00,11845,11810.065,34.9345703125,42.86,47.815556,0.0060109193,0,4.955555572509766
2025-12-23 00:00:00,2025-12-22 23:00:00,11585,11601.006,16.005859375,35.58,37.71654,0.009990109,0,2.136541290283205
2025-12-23 01:00:00,2025-12-23 00:00:00,11366,11443.46,77.4599609375,25.53,27.676369,0.001269948,0,2.146368713378905
2025-12-23 02:00:00,2025-12-23 01:00:00,11227,11211.932,15.068359375,21.01,30.200342,0.00041585334,0,9.190342178344725
2025-12-23 03:00:00,2025-12-23 02:00:00,11180,11089.585,90.4150390625,20.91,26.655884,0.0001788176,0,5.7458837890625
2025-12-23 04:00:00,2025-12-23 03:00:00,11181,11086.486,94.513671875,19.27,26.43606,0.00017494656,0,7.166059951782227
2025-12-23 05:00:00,2025-12-23 04:00:00,11192,11143.285,48.71484375,5.07,25.581884,0.0002458186,0,20.511884384155273
2025-12-23 06:00:00,2025-12-23 05:00:00,11288,11220.337,67.6630859375,0.0,20.60163,0.000107737,0,20.60162925720215
2025-12-23 07:00:00,2025-12-23 06:00:00,11574,11475.921,98.0791015625,0.0,22.539003,8.234814e-05,0,22.539003372192383
2025-12-23 08:00:00,2025-12-23 07:00:00,11941,11791.113,149.88671875,8.5,30.16549,0.00020111306,0,21.665489196777344
2025-12-23 09:00:00,2025-12-23 08:00:00,12191,12016.708,174.2919921875,20.77,48.16192,0.00012494123,0,27.39191864013672
2025-12-23 10:00:00,2025-12-23 09:00:00,12316,12023.925,292.0751953125,20.54,55.302094,0.00096686435,0,34.762093505859376
2025-12-23 11:00:00,2025-12-23 10:00:00,12364,12053.729,310.271484375,1.78,44.401386,0.00021550697,0,42.62138626098633
2025-12-23 12:00:00,2025-12-23 11:00:00,12287,12050.848,236.15234375,0.0,24.673668,9.795778e-05,0,24.673667907714844
2025-12-23 13:00:00,2025-12-23 12:00:00,12187,11932.879,254.12109375,8.15,15.094864,8.0877355e-05,0,6.944863891601562
2025-12-23 14:00:00,2025-12-23 13:00:00,12094,11928.896,165.103515625,20.47,27.329865,0.0002941021,0,6.859864501953126
2025-12-23 15:00:00,2025-12-23 14:00:00,12107,11940.026,166.9736328125,37.11,35.066723,0.002449656,0,2.0432771301269526
2025-12-23 16:00:00,2025-12-23 15:00:00,12221,12042.976,178.0244140625,40.54,69.13833,0.029921241,0,28.598328552246095
2025-12-23 17:00:00,2025-12-23 16:00:00,12380,12159.048,220.9521484375,75.24,86.77123,0.022744043,0,11.531232604980474
2025-12-23 18:00:00,2025-12-23 17:00:00,12455,12118.341,336.6591796875,84.99,166.18253,0.19283698,0,81.19252563476563
2025-12-23 19:00:00,2025-12-23 18:00:00,12269,12005.173,263.8271484375,120.44,157.25844,0.1653607,1,36.818438110351565
2025-12-23 20:00:00,2025-12-23 19:00:00,12199,11931.456,267.5439453125,75.0,225.12614,0.13173468,0,150.1261444091797
2025-12-23 21:00:00,2025-12-23 20:00:00,12102,11950.441,151.55859375,63.41,111.07996,0.043679804,0,47.669963684082035
2025-12-23 22:00:00,2025-12-23 21:00:00,12003,11858.3955,144.6044921875,64.17,89.613205,0.03486987,0,25.443204956054686
2025-12-23 23:00:00,2025-12-23 22:00:00,11783,11781.904,1.095703125,54.77,61.24018,0.010900914,0,6.470180969238278
2025-12-24 00:00:00,2025-12-23 23:00:00,11488,11543.497,55.4970703125,45.43,56.077248,0.011589723,0,10.647247619628907
2025-12-24 01:00:00,2025-12-24 00:00:00,11344,11357.841,13.8408203125,48.27,45.31616,0.0029256663,0,2.9538417053222688
2025-12-24 02:00:00,2025-12-24 01:00:00,11166,11231.1,65.099609375,44.77,49.169945,0.006187502,0,4.399944763183591
2025-12-24 03:00:00,2025-12-24 02:00:00,11041,11045.338,4.337890625,40.96,46.20032,0.0037198528,0,5.240321197509765
2025-12-24 04:00:00,2025-12-24 03:00:00,10987,10970.985,16.0146484375,40.06,44.265408,0.0022216972,0,4.205407562255857
2025-12-24 05:00:00,2025-12-24 04:00:00,11028,10965.484,62.515625,39.19,41.355293,0.0032926945,0,2.1652932739257835
2025-12-24 06:00:00,2025-12-24 05:00:00,11099,11164.279,65.279296875,39.85,52.625523,0.0031909493,0,12.77552261352539
2025-12-24 07:00:00,2025-12-24 06:00:00,11328,11321.32,6.6796875,41.27,57.838142,0.0031414318,0,16.568142395019528
2025-12-24 08:00:00,2025-12-24 07:00:00,11667,11638.522,28.4775390625,49.95,54.47485,0.013648983,0,4.5248497009277315
2025-12-24 09:00:00,2025-12-24 08:00:00,11944,11753.426,190.57421875,51.4,57.96191,0.04154006,0,6.561910247802736
2025-12-24 10:00:00,2025-12-24 09:00:00,12078,11951.069,126.9306640625,63.55,67.22929,0.037173595,0,3.679286193847659
2025-12-24 11:00:00,2025-12-24 10:00:00,12253,12029.777,223.22265625,51.41,67.879234,0.032619756,0,16.469234313964847
2025-12-24 12:00:00,2025-12-24 11:00:00,12351,12036.023,314.9765625,51.76,79.933624,0.040235706,0,28.173624267578127
2025-12-24 13:00:00,2025-12-24 12:00:00,12269,12042.455,226.544921875,57.55,81.932785,0.015522464,0,24.38278503417969
2025-12-24 14:00:00,2025-12-24 13:00:00,12238,11946.595,291.4052734375,50.41,79.1124,0.010868448,0,28.70239624023438
2025-12-24 15:00:00,2025-12-24 14:00:00,12222,11948.954,273.0458984375,48.93,58.46784,0.013817375,0,9.537838287353516
2025-12-24 16:00:00,2025-12-24 15:00:00,12253,12004.366,248.6337890625,45.16,47.84585,0.014856159,0,2.685851898193363
2025-12-24 17:00:00,2025-12-24 16:00:00,12388,12111.519,276.4814453125,48.44,90.0793,0.053500038,0,41.639299926757815
2025-12-24 18:00:00,2025-12-24 17:00:00,12389,12116.435,272.5654296875,42.71,54.778557,0.043227617,0,12.068556823730468
2025-12-24 19:00:00,2025-12-24 18:00:00,12105,11964.982,140.017578125,38.19,48.692356,0.015060294,0,10.502356109619143
2025-12-24 20:00:00,2025-12-24 19:00:00,11945,11867.42,77.580078125,39.23,59.49362,0.009700787,0,20.263621826171878
2025-12-24 21:00:00,2025-12-24 20:00:00,11842,11860.011,18.0107421875,40.27,60.19768,0.0053623985,0,19.92768142700195
2025-12-24 22:00:00,2025-12-24 21:00:00,11715,11681.258,33.7421875,40.76,40.157917,0.0029416531,0,0.6020829772949199
2025-12-24 23:00:00,2025-12-24 22:00:00,11576,11502.478,73.5224609375,41.69,42.775246,0.002978422,0,1.0852456665039085
2025-12-25 00:00:00,2025-12-24 23:00:00,11364,11357.591,6.4091796875,43.38,41.596367,0.0033700156,0,1.7836331176757838
2025-12-25 01:00:00,2025-12-25 00:00:00,11192,11184.115,7.884765625,52.52,43.38518,0.0017489492,0,9.13481857299805
2025-12-25 02:00:00,2025-12-25 01:00:00,11058,11034.112,23.8876953125,67.1,60.581654,0.008891961,0,6.518346405029291
2025-12-25 03:00:00,2025-12-25 02:00:00,10963,10929.15,33.849609375,62.59,72.191765,0.004042318,0,9.601764831542965
2025-12-25 04:00:00,2025-12-25 03:00:00,10903,10879.645,23.35546875,50.94,69.21284,0.0056544496,0,18.272837219238284
2025-12-25 05:00:00,2025-12-25 04:00:00,10866,10891.421,25.4208984375,45.11,51.252884,0.0064115115,0,6.142883911132813
2025-12-25 06:00:00,2025-12-25 05:00:00,10914,10972.185,58.1845703125,43.08,63.91507,0.005102473,0,20.835069580078127
2025-12-25 07:00:00,2025-12-25 06:00:00,11001,11075.797,74.796875,39.06,60.467716,0.0065216743,0,21.407716217041013
2025-12-25 08:00:00,2025-12-25 07:00:00,11170,11256.376,86.3759765625,28.22,44.835503,0.0040837135,0,16.61550262451172
2025-12-25 09:00:00,2025-12-25 08:00:00,11366,11308.04,57.9599609375,36.21,30.635874,0.0012301386,0,5.574126205444337
2025-12-25 10:00:00,2025-12-25 09:00:00,11456,11422.885,33.115234375,39.51,53.592327,0.0039792187,0,14.082327117919924
2025-12-25 11:00:00,2025-12-25 10:00:00,11555,11463.497,91.5029296875,42.47,56.771915,0.0017834608,0,14.301915435791017
2025-12-25 12:00:00,2025-12-25 11:00:00,11588,11584.348,3.65234375,41.74,59.418915,0.0033706129,0,17.678914794921873
2025-12-25 13:00:00,2025-12-25 12:00:00,11596,11553.442,42.5576171875,46.63,54.30939,0.0015441403,0,7.679391021728513
2025-12-25 14:00:00,2025-12-25 13:00:00,11574,11580.695,6.6953125,41.11,59.873215,0.0039300504,0,18.763214721679688
2025-12-25 15:00:00,2025-12-25 14:00:00,11644,11521.396,122.603515625,47.78,52.846916,0.0027949214,0,5.066916198730468
2025-12-25 16:00:00,2025-12-25 15:00:00,11773,11699.373,73.626953125,69.78,67.03536,0.025804106,0,2.7446377563476574
2025-12-25 17:00:00,2025-12-25 16:00:00,12019,11892.131,126.869140625,80.32,124.85939,0.05446169,0,44.53939025878907
2025-12-25 18:00:00,2025-12-25 17:00:00,12030,12045.512,15.51171875,50.54,135.90437,0.2028224,0,85.36437316894532
2025-12-25 19:00:00,2025-12-25 18:00:00,11675,11984.023,309.0234375,35.72,51.544502,0.04570729,0,15.824502258300782
2025-12-25 20:00:00,2025-12-25 19:00:00,11550,11474.824,75.17578125,40.1,28.055666,0.0054722503,0,12.044334030151369
2025-12-25 21:00:00,2025-12-25 20:00:00,11505,11418.77,86.23046875,41.67,43.676548,0.00944614,0,2.006548004150389
2025-12-25 22:00:00,2025-12-25 21:00:00,11449,11331.577,117.4228515625,52.99,39.94528,0.012339145,0,13.044721832275393
2025-12-25 23:00:00,2025-12-25 22:00:00,11290,11211.112,78.8876953125,45.75,54.050873,0.016741399,0,8.300872802734375
2025-12-26 00:00:00,2025-12-25 23:00:00,11134,11041.967,92.033203125,54.15,41.833187,0.0073959013,0,12.316812896728514
2025-12-26 01:00:00,2025-12-26 00:00:00,11076,10953.443,122.556640625,89.39,58.702206,0.011990974,0,30.687794342041016
2025-12-26 02:00:00,2025-12-26 01:00:00,10998,10982.183,15.8173828125,53.21,135.34303,0.08250754,0,82.13303283691405
2025-12-26 03:00:00,2025-12-26 02:00:00,10893,10931.807,38.806640625,49.6,53.974728,0.008168331,0,4.374727630615233
2025-12-26 04:00:00,2025-12-26 03:00:00,10825,10829.846,4.845703125,41.37,49.78804,0.007843675,0,8.418040161132815
2025-12-26 05:00:00,2025-12-26 04:00:00,10779,10815.859,36.859375,37.37,41.851143,0.0041484255,0,4.481142883300784
2025-12-26 06:00:00,2025-12-26 05:00:00,10812,10861.067,49.0673828125,36.86,40.35755,0.0045274883,0,3.497551574707032
2025-12-26 07:00:00,2025-12-26 06:00:00,10961,10963.776,2.7763671875,40.35,36.502583,0.0025279557,0,3.8474174499511733
2025-12-26 08:00:00,2025-12-26 07:00:00,11159,11277.544,118.5439453125,46.07,43.94753,0.016068317,0,2.122471160888672
2025-12-26 09:00:00,2025-12-26 08:00:00,11359,11297.107,61.892578125,49.9,43.875813,0.049897533,0,6.0241874694824205
2025-12-26 10:00:00,2025-12-26 09:00:00,11498,11419.992,78.0078125,52.13,46.003235,0.09678421,0,6.126765136718753
2025-12-26 11:00:00,2025-12-26 10:00:00,11649,11569.566,79.43359375,56.89,51.241196,0.035090398,0,5.648804321289063
2025-12-26 12:00:00,2025-12-26 11:00:00,11728,11692.134,35.8662109375,53.94,50.159584,0.029930253,0,3.7804159545898415
2025-12-26 13:00:00,2025-12-26 12:00:00,11784,11694.238,89.76171875,61.79,47.945065,0.026599081,0,13.844935455322265
2025-12-26 14:00:00,2025-12-26 13:00:00,11763,11777.336,14.3359375,92.25,53.845585,0.025634464,0,38.404415130615234
2025-12-26 15:00:00,2025-12-26 14:00:00,11705,11703.018,1.982421875,87.81,111.62462,0.13057762,0,23.814618530273435
2025-12-26 16:00:00,2025-12-26 15:00:00,11743,11688.747,54.2529296875,51.16,97.56437,0.15897296,0,46.40436920166016
2025-12-26 17:00:00,2025-12-26 16:00:00,11942,11889.107,52.892578125,61.75,108.47981,0.12793392,0,46.72981262207031
2025-12-26 18:00:00,2025-12-26 17:00:00,12105,12047.999,57.0009765625,55.93,142.38922,0.105379716,0,86.45922119140624
2025-12-26 19:00:00,2025-12-26 18:00:00,12026,11975.237,50.7626953125,50.16,43.65078,0.042072516,0,6.509220275878903
2025-12-26 20:00:00,2025-12-26 19:00:00,11912,11895.917,16.0830078125,48.39,37.67877,0.117619015,0,10.711231842041016
2025-12-26 21:00:00,2025-12-26 20:00:00,11840,11798.72,41.2802734375,50.97,37.35581,0.023130061,0,13.614191741943358
2025-12-26 22:00:00,2025-12-26 21:00:00,11698,11654.234,43.765625,47.61,42.87711,0.023242833,0,4.732890472412109
2025-12-26 23:00:00,2025-12-26 22:00:00,11503,11486.581,16.4189453125,43.2,39.050697,0.005251077,0,4.149302673339847
2025-12-27 00:00:00,2025-12-26 23:00:00,11296,11274.296,21.7041015625,36.94,39.5794,0.010974235,0,2.639399108886721
2025-12-27 01:00:00,2025-12-27 00:00:00,11141,11092.292,48.7080078125,35.52,36.65702,0.004490441,0,1.1370205688476531
2025-12-27 02:00:00,2025-12-27 01:00:00,11047,10961.925,85.0751953125,35.01,38.048813,0.0015402099,0,3.0388128662109395
2025-12-27 03:00:00,2025-12-27 02:00:00,10986,10920.503,65.4970703125,29.48,36.468346,0.001443725,0,6.988345642089843
2025-12-27 04:00:00,2025-12-27 03:00:00,10938,10898.505,39.4951171875,26.32,31.343616,0.0012810463,0,5.023616485595703
2025-12-27 05:00:00,2025-12-27 04:00:00,10881,10904.836,23.8359375,24.4,29.22869,0.001791581,0,4.828689193725587
2025-12-27 06:00:00,2025-12-27 05:00:00,10893,10888.933,4.0673828125,22.79,36.062725,0.00199559,0,13.272725067138673
2025-12-27 07:00:00,2025-12-27 06:00:00,10919,10979.668,60.66796875,20.31,36.394405,0.00071425736,0,16.084405364990236
2025-12-27 08:00:00,2025-12-27 07:00:00,11127,11015.694,111.3056640625,20.29,20.555378,0.0010024322,0,0.265377960205079
2025-12-27 09:00:00,2025-12-27 08:00:00,11329,11292.763,36.2373046875,20.46,24.403152,0.000880579,0,3.9431524658203116
2025-12-27 10:00:00,2025-12-27 09:00:00,11529,11430.969,98.03125,20.22,20.877968,0.0007228804,0,0.6579678344726574
2025-12-27 11:00:00,2025-12-27 10:00:00,11749,11597.438,151.5615234375,18.75,18.813446,0.0001818079,0,0.063446044921875
2025-12-27 12:00:00,2025-12-27 11:00:00,11892,11773.972,118.0283203125,18.56,17.479109,0.00013874417,0,1.080891189575194
2025-12-27 13:00:00,2025-12-27 12:00:00,11920,11871.676,48.32421875,18.0,16.514097,8.093938e-05,0,1.4859027862548828
2025-12-27 14:00:00,2025-12-27 13:00:00,11917,11871.556,45.4443359375,16.31,16.801144,9.063249e-05,0,0.49114364624023565
2025-12-27 15:00:00,2025-12-27 14:00:00,11896,11872.666,23.333984375,10.55,13.518364,7.7722885e-05,0,2.968363952636718
2025-12-27 16:00:00,2025-12-27 15:00:00,11980,11900.212,79.7880859375,17.26,6.867363,0.000113793554,0,10.392637023925783
2025-12-27 17:00:00,2025-12-27 16:00:00,12167,12099.745,67.2548828125,20.97,19.24564,0.0012585872,0,1.7243601989746082
2025-12-27 18:00:00,2025-12-27 17:00:00,12332,12110.184,221.81640625,26.84,35.79567,0.0020232054,0,8.955669555664063
2025-12-27 19:00:00,2025-12-27 18:00:00,12257,12027.043,229.95703125,25.85,42.090504,0.002548121,0,16.24050369262695
2025-12-27 20:00:00,2025-12-27 19:00:00,12155,11939.476,215.5244140625,26.21,21.1715,0.0023384676,0,5.038500747680665
2025-12-27 21:00:00,2025-12-27 20:00:00,12058,11942.054,115.9462890625,26.3,24.110903,0.0029366154,0,2.189097213745118
2025-12-27 22:00:00,2025-12-27 21:00:00,11887,11876.105,10.89453125,27.15,22.861746,0.0020194205,0,4.288254165649413
2025-12-27 23:00:00,2025-12-27 22:00:00,11650,11722.384,72.3837890625,24.26,24.348415,0.00032115597,0,0.08841537475585781
2025-12-28 00:00:00,2025-12-27 23:00:00,11474,11375.701,98.298828125,26.22,19.448318,0.00016785604,0,6.771681518554686
2025-12-28 01:00:00,2025-12-28 00:00:00,11316,11281.775,34.224609375,38.31,27.721544,0.00015400833,0,10.588455734252932
2025-12-28 02:00:00,2025-12-28 01:00:00,11238,11118.403,119.5966796875,46.05,39.642803,0.0023793208,0,6.407196807861325
2025-12-28 03:00:00,2025-12-28 02:00:00,11169,11105.062,63.9384765625,50.19,46.24434,0.0015062927,0,3.9456610107421852
2025-12-28 04:00:00,2025-12-28 03:00:00,11128,11034.023,93.9765625,51.11,44.69793,0.005093812,0,6.412070617675781
2025-12-28 05:00:00,2025-12-28 04:00:00,11110,11042.771,67.228515625,45.79,43.640682,0.005541273,0,2.1493177795410148
2025-12-28 06:00:00,2025-12-28 05:00:00,11116,11085.42,30.580078125,40.12,59.334087,0.0052272,0,19.214087371826174
2025-12-28 07:00:00,2025-12-28 06:00:00,11150,11129.998,20.001953125,37.22,55.80366,0.0042093634,0,18.583661346435548
2025-12-28 08:00:00,2025-12-28 07:00:00,11290,11274.561,15.439453125,33.39,59.092693,0.008368087,0,25.70269332885742
2025-12-28 09:00:00,2025-12-28 08:00:00,11396,11421.384,25.3837890625,34.45,34.862293,0.0035842324,0,0.4122932434082003
2025-12-28 10:00:00,2025-12-28 09:00:00,11512,11493.378,18.6220703125,25.14,32.6256,0.005295305,0,7.485598907470703
2025-12-28 11:00:00,2025-12-28 10:00:00,11663,11589.532,73.4677734375,20.89,22.463282,0.001618549,0,1.573281631469726
2025-12-28 12:00:00,2025-12-28 11:00:00,11741,11716.539,24.4609375,20.42,17.248884,0.0006101944,0,3.171115798950197
2025-12-28 13:00:00,2025-12-28 12:00:00,11720,11780.213,60.212890625,23.19,16.018358,0.0005837607,0,7.171641769409181
2025-12-28 14:00:00,2025-12-28 13:00:00,11708,11698.174,9.826171875,21.63,21.802317,0.0006581606,0,0.17231666564941506
2025-12-28 15:00:00,2025-12-28 14:00:00,11683,11699.095,16.0947265625,22.68,17.758259,0.00042895856,0,4.921741180419922
2025-12-28 16:00:00,2025-12-28 15:00:00,11722,11722.826,0.826171875,24.23,20.43313,0.0012462331,0,3.796869735717774
2025-12-28 17:00:00,2025-12-28 16:00:00,11884,11897.878,13.8779296875,23.74,68.442116,0.007048263,0,44.70211578369141
2025-12-28 18:00:00,2025-12-28 17:00:00,12031,12055.758,24.7578125,24.41,47.004223,0.0018301777,0,22.594222869873047
2025-12-28 19:00:00,2025-12-28 18:00:00,11846,12042.801,196.80078125,23.37,50.586258,0.001805597,0,27.21625793457031
2025-12-28 20:00:00,2025-12-28 19:00:00,11663,11758.955,95.955078125,21.73,43.29101,0.0012100696,0,21.561011810302734
2025-12-28 21:00:00,2025-12-28 20:00:00,11495,11538.876,43.8759765625,21.99,34.39515,0.00043631796,0,12.405149230957033
2025-12-28 22:00:00,2025-12-28 21:00:00,11339,11342.638,3.6376953125,23.24,29.493649,0.0004508948,0,6.253648529052736
2025-12-28 23:00:00,2025-12-28 22:00:00,11064,11107.9795,43.9794921875,20.84,34.687077,0.0002006042,0,13.847076568603516
2025-12-29 00:00:00,2025-12-28 23:00:00,10840,10839.407,0.5927734375,20.99,32.185448,0.0003092504,0,11.195447692871095
2025-12-29 01:00:00,2025-12-29 00:00:00,10629,10712.655,83.6552734375,18.55,31.387125,0.00067971426,0,12.837125015258788
2025-12-29 02:00:00,2025-12-29 01:00:00,10506,10565.609,59.609375,18.01,31.350388,0.00012835984,0,13.340387573242186
2025-12-29 03:00:00,2025-12-29 02:00:00,10408,10474.143,66.142578125,18.01,28.963335,0.00014652654,0,10.953335037231444
2025-12-29 04:00:00,2025-12-29 03:00:00,10371,10393.247,22.2470703125,18.01,28.623018,0.0004373959,0,10.613018264770506
2025-12-29 05:00:00,2025-12-29 04:00:00,10362,10417.2705,55.2705078125,18.59,29.60723,0.00051742187,0,11.017229232788086
2025-12-29 06:00:00,2025-12-29 05:00:00,10456,10511.559,55.55859375,20.42,31.977804,0.00034509262,0,11.55780418395996
2025-12-29 07:00:00,2025-12-29 06:00:00,10723,10771.055,48.0546875,22.6,34.859226,0.0005323754,0,12.25922622680664
2025-12-29 08:00:00,2025-12-29 07:00:00,10994,11152.251,158.2509765625,23.42,35.630024,0.0010613151,0,12.210023956298826
2025-12-29 09:00:00,2025-12-29 08:00:00,11196,11205.446,9.4462890625,26.33,33.74799,0.0010601595,0,7.417989654541017
2025-12-29 10:00:00,2025-12-29 09:00:00,11295,11301.003,6.0029296875,31.85,39.50628,0.0050511095,0,7.656278991699217
2025-12-29 11:00:00,2025-12-29 10:00:00,11383,11337.248,45.751953125,26.75,42.493683,0.0019085212,0,15.743682861328125
2025-12-29 12:00:00,2025-12-29 11:00:00,11427,11407.988,19.01171875,20.09,33.343513,0.0021598316,0,13.253513488769531
2025-12-29 13:00:00,2025-12-29 12:00:00,11421,11413.929,7.0712890625,19.07,29.602325,0.0005097118,0,10.532325439453125
2025-12-29 14:00:00,2025-12-29 13:00:00,11396,11376.208,19.7919921875,19.85,28.590101,0.00029272214,0,8.740101242065428
2025-12-29 15:00:00,2025-12-29 14:00:00,11377,11364.279,12.720703125,19.87,31.278086,0.0004710244,0,11.408085708618163
2025-12-29 16:00:00,2025-12-29 15:00:00,11458,11397.393,60.607421875,20.31,36.365562,0.0022044291,0,16.055562438964845
2025-12-29 17:00:00,2025-12-29 16:00:00,11661,11653.547,7.453125,19.62,42.964104,0.003985528,0,23.344103698730468
2025-12-29 18:00:00,2025-12-29 17:00:00,11888,11766.742,121.2578125,23.41,48.345165,0.00159578,0,24.935165252685547
2025-12-29 19:00:00,2025-12-29 18:00:00,11707,11818.738,111.73828125,21.39,24.925097,0.0013767377,0,3.5350965118408197
2025-12-29 20:00:00,2025-12-29 19:00:00,11497,11554.092,57.091796875,21.15,25.545202,0.000981558,0,4.395202255249025
2025-12-29 21:00:00,2025-12-29 20:00:00,11396,11372.459,23.541015625,20.16,21.112177,0.0004681948,0,0.9521768951416014
2025-12-29 22:00:00,2025-12-29 21:00:00,11186,11203.033,17.033203125,22.22,14.57755,0.00031716118,0,7.642450065612792
2025-12-29 23:00:00,2025-12-29 22:00:00,10868,10910.061,42.060546875,20.19,21.862837,0.00022448144,0,1.6728368377685534
2025-12-30 00:00:00,2025-12-29 23:00:00,10605,10604.069,0.9306640625,17.86,16.279053,0.00020155132,0,1.5809472656249994
2025-12-30 01:00:00,2025-12-30 00:00:00,10462,10464.12,2.1201171875,15.63,16.546112,0.00020709769,0,0.9161120605468742
2025-12-30 02:00:00,2025-12-30 01:00:00,10438,10367.873,70.126953125,15.81,13.615453,0.0001089345,0,2.1945472335815435
2025-12-30 03:00:00,2025-12-30 02:00:00,10357,10393.158,36.158203125,15.64,14.558822,0.00021442762,0,1.0811783218383795
2025-12-30 04:00:00,2025-12-30 03:00:00,10291,10337.846,46.845703125,16.53,13.632604,0.00010727814,0,2.897396354675294
2025-12-30 05:00:00,2025-12-30 04:00:00,10273,10306.717,33.716796875,16.91,18.220514,0.00039616163,0,1.3105142974853514
2025-12-30 06:00:00,2025-12-30 05:00:00,10379,10394.543,15.54296875,16.72,18.89752,0.00042141054,0,2.1775200653076183
2025-12-30 07:00:00,2025-12-30 06:00:00,10662,10668.695,6.6953125,17.78,17.625349,0.00018321958,0,0.15465095520019645
2025-12-30 08:00:00,2025-12-30 07:00:00,11005,11057.733,52.7333984375,21.45,18.281773,0.00034711772,0,3.1682273864746087
2025-12-30 09:00:00,2025-12-30 08:00:00,11256,11203.837,52.1630859375,29.23,22.507795,0.00033691427,0,6.722204666137696
2025-12-30 10:00:00,2025-12-30 09:00:00,11341,11351.857,10.857421875,25.71,33.92953,0.003280746,0,8.219531097412109
2025-12-30 11:00:00,2025-12-30 10:00:00,11419,11401.387,17.61328125,17.52,20.820929,0.0004566601,0,3.300928573608399
2025-12-30 12:00:00,2025-12-30 11:00:00,11486,11439.957,46.04296875,16.03,15.174954,0.00016766346,0,0.8550455856323254
2025-12-30 13:00:00,2025-12-30 12:00:00,11513,11492.135,20.865234375,15.34,12.546673,6.163596e-05,0,2.793327178955078
2025-12-30 14:00:00,2025-12-30 13:00:00,11570,11492.477,77.5234375,8.54,11.958743,0.00010120924,0,3.41874309539795
2025-12-30 15:00:00,2025-12-30 14:00:00,11601,11567.335,33.6650390625,8.72,6.062201,6.132763e-05,0,2.657798976898194
2025-12-30 16:00:00,2025-12-30 15:00:00,11602,11608.57,6.5703125,16.67,8.328691,0.00014525451,0,8.341309471130373
2025-12-30 17:00:00,2025-12-30 16:00:00,11748,11731.333,16.6669921875,18.32,20.398222,0.0019612936,0,2.078221969604492
2025-12-30 18:00:00,2025-12-30 17:00:00,11941,11833.266,107.734375,21.36,21.036652,0.0020214028,0,0.32334838867187443
2025-12-30 19:00:00,2025-12-30 18:00:00,11778,11831.32,53.3203125,24.37,15.753186,0.0005162223,0,8.616813774108888
2025-12-30 20:00:00,2025-12-30 19:00:00,11633,11609.863,23.13671875,19.36,27.137833,0.00357575,0,7.777832641601563
2025-12-30 21:00:00,2025-12-30 20:00:00,11534,11461.464,72.5361328125,17.95,17.046732,0.00047479814,0,0.9032680511474602
2025-12-30 22:00:00,2025-12-30 21:00:00,11318,11307.57,10.4296875,16.86,14.9117365,0.0005053043,0,1.9482635116577143
2025-12-30 23:00:00,2025-12-30 22:00:00,11096,10989.474,106.5263671875,16.68,14.018653,0.0002220286,0,2.66134708404541
2025-12-31 00:00:00,2025-12-30 23:00:00,10809,10827.178,18.177734375,17.74,14.330912,0.00034742246,0,3.4090883636474594
2025-12-31 01:00:00,2025-12-31 00:00:00,10610,10614.042,4.0419921875,19.93,17.553633,0.0002599385,0,2.376367263793945
2025-12-31 02:00:00,2025-12-31 01:00:00,10500,10491.529,8.470703125,20.76,21.536697,0.00023740361,0,0.7766973876953109
2025-12-31 03:00:00,2025-12-31 02:00:00,10418,10428.236,10.236328125,20.07,21.285172,0.00021098663,0,1.2151715087890622
2025-12-31 04:00:00,2025-12-31 03:00:00,10410,10361.243,48.7568359375,22.26,18.193426,0.00011445162,0,4.066573867797853
2025-12-31 05:00:00,2025-12-31 04:00:00,10434,10387.409,46.5908203125,22.88,24.358253,0.00044576515,0,1.4782534790039072
2025-12-31 06:00:00,2025-12-31 05:00:00,10577,10561.56,15.4404296875,22.88,23.95451,0.00043985716,0,1.0745097351074229
2025-12-31 07:00:00,2025-12-31 06:00:00,10759,10874.592,115.591796875,20.29,24.48223,0.00033981132,0,4.192229232788087
2025-12-31 08:00:00,2025-12-31 07:00:00,11032,11102.094,70.09375,20.01,18.761675,0.00020048545,0,1.2483251190185563
2025-12-31 09:00:00,2025-12-31 08:00:00,11222,11185.28,36.7197265625,26.25,18.198202,0.00013433314,0,8.051797866821289
2025-12-31 10:00:00,2025-12-31 09:00:00,11327,11297.6045,29.3955078125,18.85,28.144793,0.0020870941,0,9.294792556762694
2025-12-31 11:00:00,2025-12-31 10:00:00,11458,11377.85,80.150390625,17.31,16.060606,9.1720685e-05,0,1.2493939971923815
2025-12-31 12:00:00,2025-12-31 11:00:00,11521,11495.6875,25.3125,16.17,14.137336,0.000121045014,0,2.032664222717287
2025-12-31 13:00:00,2025-12-31 12:00:00,11532,11520.344,11.65625,16.61,12.977092,8.621817e-05,0,3.632908210754394
2025-12-31 14:00:00,2025-12-31 13:00:00,11499,11537.52,38.51953125,18.23,16.169718,0.00025844589,0,2.0602822113037114
2025-12-31 15:00:00,2025-12-31 14:00:00,11540,11483.799,56.201171875,19.63,18.25184,0.00019646906,0,1.378159408569335
2025-12-31 16:00:00,2025-12-31 15:00:00,11604,11584.731,19.2685546875,18.95,20.192448,0.00041483165,0,1.2424476623535163
2025-12-31 17:00:00,2025-12-31 16:00:00,11740,11790.918,50.91796875,21.4,20.003082,0.00047364275,0,1.3969177246093736
2025-12-31 18:00:00,2025-12-31 17:00:00,11896,11838.995,57.0048828125,25.47,21.542353,0.0008668404,0,3.9276473236083973
2025-12-31 19:00:00,2025-12-31 18:00:00,11641,11808.238,167.23828125,22.06,20.718243,0.0006384955,0,1.3417573547363268
2025-12-31 20:00:00,2025-12-31 19:00:00,11385,11421.643,36.642578125,18.68,18.769945,0.00048805063,0,0.0899451446533206
2025-12-31 21:00:00,2025-12-31 20:00:00,11288,11233.972,54.0283203125,18.97,15.90674,0.00035194607,0,3.063259811401366
2025-12-31 22:00:00,2025-12-31 21:00:00,11100,11093.488,6.51171875,17.92,17.522871,0.0005125637,0,0.397128982543947
2025-12-31 23:00:00,2025-12-31 22:00:00,10922,10867.443,54.556640625,23.4,15.685287,0.00011778648,0,7.714712524414061
2026-01-01 00:00:00,2025-12-31 23:00:00,10768,10680.548,87.4521484375,32.36,25.584898,0.0013147879,0,6.775102005004882
2026-01-01 01:00:00,2026-01-01 00:00:00,10651,10636.996,14.00390625,32.4,39.611904,0.011201128,0,7.211904144287111
2026-01-01 02:00:00,2026-01-01 01:00:00,10584,10566.226,17.7744140625,36.13,31.173449,0.005282481,0,4.956551437377932
2026-01-01 03:00:00,2026-01-01 02:00:00,10541,10527.565,13.4345703125,44.84,36.190456,0.014611784,0,8.649543609619144
2026-01-01 04:00:00,2026-01-01 03:00:00,10439,10501.2705,62.2705078125,39.03,48.242367,0.0578573,0,9.212366790771483
2026-01-01 05:00:00,2026-01-01 04:00:00,10421,10429.911,8.9111328125,35.7,36.10253,0.027066885,0,0.4025314331054659
2026-01-01 06:00:00,2026-01-01 05:00:00,10467,10516.393,49.392578125,35.17,34.789116,0.015551019,0,0.38088409423828296
2026-01-01 07:00:00,2026-01-01 06:00:00,10565,10654.464,89.4638671875,35.03,36.520515,0.014114244,0,1.4905154418945301
2026-01-01 08:00:00,2026-01-01 07:00:00,10676,10798.52,122.51953125,35.56,34.091717,0.01902797,0,1.4682832336425804
2026-01-01 09:00:00,2026-01-01 08:00:00,10835,10756.81,78.1904296875,42.8,33.819435,0.018591158,0,8.980564880371091
2026-01-01 10:00:00,2026-01-01 09:00:00,10931,10978.275,47.275390625,62.66,45.08441,0.03768163,0,17.575588378906247
2026-01-01 11:00:00,2026-01-01 10:00:00,11071,11011.049,59.951171875,68.91,68.28336,0.1826133,0,0.6266366577148403
2026-01-01 12:00:00,2026-01-01 11:00:00,11125,11188.618,63.6181640625,62.06,71.01394,0.3918426,0,8.953938903808591
2026-01-01 13:00:00,2026-01-01 12:00:00,11244,11168.302,75.6982421875,47.6,69.669266,0.23933788,0,22.06926574707031
2026-01-01 14:00:00,2026-01-01 13:00:00,11264,11302.154,38.154296875,46.31,46.138126,0.16550751,0,0.17187362670898665
2026-01-01 15:00:00,2026-01-01 14:00:00,11296,11254.245,41.7548828125,46.34,43.851086,0.071918555,0,2.4889143371582065
2026-01-01 16:00:00,2026-01-01 15:00:00,11376,11329.698,46.3017578125,45.36,45.417843,0.1829253,0,0.05784286499023494
2026-01-01 17:00:00,2026-01-01 16:00:00,11521,11527.951,6.951171875,158.34,52.78499,0.17703603,1,105.55501159667969
2026-01-01 18:00:00,2026-01-01 17:00:00,11671,11679.393,8.392578125,214.62,145.45549,0.87241226,1,69.16450988769532
2026-01-01 19:00:00,2026-01-01 18:00:00,11542,11566.514,24.513671875,202.39,150.55215,0.8185835,1,51.83784545898436
2026-01-01 20:00:00,2026-01-01 19:00:00,11357,11421.348,64.34765625,175.88,131.2099,0.7579233,1,44.670100097656245
2026-01-01 21:00:00,2026-01-01 20:00:00,11220,11248.303,28.302734375,144.81,130.87814,0.68691707,1,13.931856689453127
2026-01-01 22:00:00,2026-01-01 21:00:00,11099,11038.241,60.7587890625,130.2,82.03387,0.41258967,1,48.16613311767577
2026-01-01 23:00:00,2026-01-01 22:00:00,10981,10872.189,108.810546875,56.36,58.02752,0.27119452,0,1.6675192260742193
2026-01-02 00:00:00,2026-01-01 23:00:00,10783,10742.902,40.09765625,59.09,52.27966,0.13840939,0,6.810340728759769
2026-01-02 01:00:00,2026-01-02 00:00:00,10609,10637.216,28.2158203125,45.94,54.449097,0.23060969,0,8.509096679687502
2026-01-02 02:00:00,2026-01-02 01:00:00,10466,10531.43,65.4296875,43.48,49.02505,0.08097245,0,5.5450511169433625
2026-01-02 03:00:00,2026-01-02 02:00:00,10424,10390.593,33.4072265625,42.48,41.055492,0.026801612,0,1.42450759887695
2026-01-02 04:00:00,2026-01-02 03:00:00,10438,10381.986,56.013671875,43.59,40.3971,0.027341202,0,3.192901458740238
2026-01-02 05:00:00,2026-01-02 04:00:00,10455,10452.526,2.4736328125,44.05,40.44575,0.05024685,0,3.6042488098144503
2026-01-02 06:00:00,2026-01-02 05:00:00,10532,10574.156,42.15625,42.66,45.922035,0.0837201,0,3.2620352172851597
2026-01-02 07:00:00,2026-01-02 06:00:00,10797,10751.609,45.390625,46.87,48.317783,0.016751142,0,1.4477833557128932
2026-01-02 08:00:00,2026-01-02 07:00:00,11174,11206.269,32.2685546875,60.01,49.63875,0.0678316,0,10.371251831054686
2026-01-02 09:00:00,2026-01-02 08:00:00,11413,11366.747,46.2529296875,72.95,57.02539,0.21938191,0,15.924609375000003
2026-01-02 10:00:00,2026-01-02 09:00:00,11532,11482.549,49.451171875,73.42,57.01042,0.30355406,0,16.409578247070314
2026-01-02 11:00:00,2026-01-02 10:00:00,11620,11574.052,45.9482421875,58.85,76.406975,0.38940096,0,17.556974792480467
2026-01-02 12:00:00,2026-01-02 11:00:00,11727,11657.235,69.7646484375,50.81,58.0832,0.28321952,0,7.273198547363279
2026-01-02 13:00:00,2026-01-02 12:00:00,11757,11705.706,51.2939453125,49.32,48.586727,0.36943284,0,0.7332728576660159
2026-01-02 14:00:00,2026-01-02 13:00:00,11731,11722.503,8.4970703125,47.8,42.885635,0.29285017,0,4.914364624023435
2026-01-02 15:00:00,2026-01-02 14:00:00,11737,11677.786,59.2138671875,47.61,42.97223,0.17944378,0,4.637770996093749
2026-01-02 16:00:00,2026-01-02 15:00:00,11759,11750.972,8.0283203125,88.63,41.536957,0.17215423,0,47.09304321289062
2026-01-02 17:00:00,2026-01-02 16:00:00,11865,11849.646,15.353515625,283.98,141.67004,0.8734564,1,142.30995605468752
2026-01-02 18:00:00,2026-01-02 17:00:00,11935,11955.91,20.91015625,286.3,353.01178,0.98733705,1,66.71177978515624
2026-01-02 19:00:00,2026-01-02 18:00:00,11842,11869.095,27.0947265625,145.74,206.31749,0.81212586,1,60.57748962402343
2026-01-02 20:00:00,2026-01-02 19:00:00,11774,11731.027,42.97265625,75.0,132.19473,0.7015023,0,57.194732666015625
2026-01-02 21:00:00,2026-01-02 20:00:00,11678,11639.016,38.984375,99.27,69.96085,0.46047875,0,29.30914642333984
2026-01-02 22:00:00,2026-01-02 21:00:00,11435,11469.195,34.1953125,84.53,101.97236,0.701499,0,17.44235870361328
2026-01-02 23:00:00,2026-01-02 22:00:00,11315,11166.726,148.2744140625,53.58,77.51893,0.4155872,0,23.938928527832033
2026-01-03 00:00:00,2026-01-02 23:00:00,11189,11041.571,147.4287109375,48.33,59.555904,0.29459152,0,11.225904388427736
2026-01-03 01:00:00,2026-01-03 00:00:00,11043,10980.424,62.576171875,69.39,48.58938,0.090353414,0,20.800621643066407
2026-01-03 02:00:00,2026-01-03 01:00:00,10906,10867.81,38.1904296875,60.28,77.529594,0.25728455,0,17.249594421386718
2026-01-03 03:00:00,2026-01-03 02:00:00,10780,10777.805,2.1953125,47.34,58.433796,0.23629008,0,11.093795928955075
2026-01-03 04:00:00,2026-01-03 03:00:00,10709,10697.818,11.181640625,47.05,47.373943,0.08879473,0,0.3239433288574247
2026-01-03 05:00:00,2026-01-03 04:00:00,10701,10698.788,2.2119140625,46.72,43.367165,0.07987375,0,3.3528353881835926
2026-01-03 06:00:00,2026-01-03 05:00:00,10700,10776.215,76.21484375,46.15,45.573196,0.07639786,0,0.5768035888671861
2026-01-03 07:00:00,2026-01-03 06:00:00,10866,10797.513,68.4873046875,47.46,48.208603,0.05700933,0,0.7486029052734366
2026-01-03 08:00:00,2026-01-03 07:00:00,11122,11133.381,11.380859375,54.41,52.265656,0.18087697,0,2.1443444824218716
2026-01-03 09:00:00,2026-01-03 08:00:00,11282,11309.835,27.8349609375,66.96,57.90076,0.3537127,0,9.059239349365228
2026-01-03 10:00:00,2026-01-03 09:00:00,11403,11380.865,22.134765625,55.0,63.195045,0.44027773,0,8.195045471191406
2026-01-03 11:00:00,2026-01-03 10:00:00,11550,11497.681,52.3193359375,49.31,69.82865,0.39145464,0,20.518651428222654
2026-01-03 12:00:00,2026-01-03 11:00:00,11647,11626.906,20.09375,51.3,49.24869,0.22813751,0,2.0513084411621065
2026-01-03 13:00:00,2026-01-03 12:00:00,11640,11666.819,26.8193359375,61.78,51.265114,0.11782886,0,10.514886169433595
2026-01-03 14:00:00,2026-01-03 13:00:00,11639,11606.744,32.255859375,46.4,55.35646,0.15195478,0,8.956460571289064
2026-01-03 15:00:00,2026-01-03 14:00:00,11608,11626.542,18.5419921875,41.38,38.49561,0.06415142,0,2.884390716552737
2026-01-03 16:00:00,2026-01-03 15:00:00,11649,11615.677,33.3232421875,36.72,36.80645,0.08559536,0,0.08644989013671989
2026-01-03 17:00:00,2026-01-03 16:00:00,11832,11829.754,2.24609375,35.01,49.905743,0.22221443,0,14.895742645263674
2026-01-03 18:00:00,2026-01-03 17:00:00,12046,11992.035,53.96484375,36.34,33.6265,0.12659852,0,2.713500823974613
2026-01-03 19:00:00,2026-01-03 18:00:00,11871,12007.756,136.755859375,29.94,29.851616,0.032685608,0,0.08838409423828253
2026-01-03 20:00:00,2026-01-03 19:00:00,11740,11752.472,12.4716796875,26.04,33.482437,0.038898353,0,7.442437133789063
2026-01-03 21:00:00,2026-01-03 20:00:00,11651,11651.677,0.6767578125,25.77,22.164202,0.03332925,0,3.6057982635498043
2026-01-03 22:00:00,2026-01-03 21:00:00,11516,11481.208,34.7919921875,26.1,19.828892,0.035110008,0,6.271108245849611
2026-01-03 23:00:00,2026-01-03 22:00:00,11266,11313.418,47.41796875,25.14,23.902369,0.012740383,0,1.237631454467774
2026-01-04 00:00:00,2026-01-03 23:00:00,11012,11041.82,29.8203125,25.3,21.302353,0.027255248,0,3.997647094726563
2026-01-04 01:00:00,2026-01-04 00:00:00,10804,10847.819,43.8193359375,30.75,25.537315,0.007707596,0,5.212684631347656
2026-01-04 02:00:00,2026-01-04 01:00:00,10681,10695.892,14.8916015625,34.13,34.773422,0.03497453,0,0.6434222412109349
2026-01-04 03:00:00,2026-01-04 02:00:00,10607,10616.674,9.673828125,32.31,37.03765,0.024861235,0,4.7276510620117165
2026-01-04 04:00:00,2026-01-04 03:00:00,10561,10617.288,56.2880859375,34.32,31.826391,0.009803159,0,2.493608779907227
2026-01-04 05:00:00,2026-01-04 04:00:00,10555,10588.993,33.9931640625,45.14,34.71915,0.03163221,0,10.42084945678711
2026-01-04 06:00:00,2026-01-04 05:00:00,10626,10671.663,45.6630859375,49.96,50.755035,0.08482154,0,0.7950354003906241
2026-01-04 07:00:00,2026-01-04 06:00:00,10735,10802.66,67.66015625,103.79,52.787426,0.16947056,1,51.00257400512696
2026-01-04 08:00:00,2026-01-04 07:00:00,10931,10935.067,4.0673828125,74.75,146.36803,0.7319229,0,71.61802673339844
2026-01-04 09:00:00,2026-01-04 08:00:00,11083,11084.86,1.8603515625,148.86,70.95539,0.41326156,1,77.90460906982423
2026-01-04 10:00:00,2026-01-04 09:00:00,11177,11192.721,15.720703125,66.9,168.4492,0.91198987,0,101.54920349121093
2026-01-04 11:00:00,2026-01-04 10:00:00,11305,11262.734,42.265625,69.87,80.823204,0.31213588,0,10.95320404052734
2026-01-04 12:00:00,2026-01-04 11:00:00,11312,11380.203,68.203125,52.84,79.48854,0.62903917,0,26.64854064941406
2026-01-04 13:00:00,2026-01-04 12:00:00,11356,11281.708,74.2919921875,46.52,68.9855,0.47394487,0,22.46549652099609
2026-01-04 14:00:00,2026-01-04 13:00:00,11316,11390.16,74.16015625,46.2,42.76943,0.23977827,0,3.4305717468261747
2026-01-04 15:00:00,2026-01-04 14:00:00,11354,11254.106,99.8935546875,46.53,41.512062,0.2014697,0,5.017937927246095
2026-01-04 16:00:00,2026-01-04 15:00:00,11553,11442.134,110.8662109375,47.17,41.58665,0.35352415,0,5.58334915161133
2026-01-04 17:00:00,2026-01-04 16:00:00,11900,11767.803,132.197265625,52.12,54.784454,0.41279733,0,2.6644543457031276
2026-01-04 18:00:00,2026-01-04 17:00:00,12153,11996.323,156.6767578125,76.78,61.034554,0.69934785,0,15.74544647216797
2026-01-04 19:00:00,2026-01-04 18:00:00,11991,11992.905,1.9052734375,43.97,85.8683,0.49210945,0,41.898301391601564
2026-01-04 20:00:00,2026-01-04 19:00:00,11868,11856.436,11.564453125,37.4,46.58603,0.53105146,0,9.186029052734376
2026-01-04 21:00:00,2026-01-04 20:00:00,11761,11745.293,15.70703125,33.72,35.246998,0.11115246,0,1.5269978332519543
2026-01-04 22:00:00,2026-01-04 21:00:00,11546,11604.84,58.83984375,32.96,26.73962,0.026031516,0,6.2203797912597665
2026-01-04 23:00:00,2026-01-04 22:00:00,11231,11306.7,75.7001953125,30.79,26.66989,0.0042033554,0,4.120110549926757
2026-01-05 00:00:00,2026-01-04 23:00:00,10935,10952.851,17.8505859375,29.63,28.405132,0.008665625,0,1.2248677062988271
2026-01-05 01:00:00,2026-01-05 00:00:00,10788,10753.826,34.173828125,30.2,29.097128,0.01140867,0,1.1028720855712884
2026-01-05 02:00:00,2026-01-05 01:00:00,10670,10693.875,23.875,27.94,31.006878,0.024314133,0,3.0668778991699206
2026-01-05 03:00:00,2026-01-05 02:00:00,10601,10595.494,5.505859375,26.37,26.86188,0.015342692,0,0.4918793487548818
2026-01-05 04:00:00,2026-01-05 03:00:00,10602,10577.904,24.095703125,26.8,26.863115,0.014271526,0,0.0631153106689446
2026-01-05 05:00:00,2026-01-05 04:00:00,10635,10656.042,21.0419921875,29.52,27.982653,0.022015713,0,1.5373473358154293
2026-01-05 06:00:00,2026-01-05 05:00:00,10821,10786.907,34.0927734375,43.87,36.030037,0.052978892,0,7.839963073730466
2026-01-05 07:00:00,2026-01-05 06:00:00,11219,11225.096,6.095703125,193.36,65.94041,0.35118854,1,127.41959320068361
2026-01-05 08:00:00,2026-01-05 07:00:00,11575,11597.455,22.455078125,648.65,208.52995,0.9684766,1,440.1200469970703
2026-01-05 09:00:00,2026-01-05 08:00:00,11702,11677.236,24.763671875,453.81,556.49475,0.98289746,1,102.6847509765625
2026-01-05 10:00:00,2026-01-05 09:00:00,11734,11741.258,7.2578125,647.43,371.55203,0.95842403,1,275.8779675292968
2026-01-05 11:00:00,2026-01-05 10:00:00,11835,11723.668,111.33203125,765.62,543.07007,0.9853387,1,222.549931640625
2026-01-05 12:00:00,2026-01-05 11:00:00,11899,11849.351,49.6494140625,858.44,744.58594,0.99675745,1,113.85406250000005
2026-01-05 13:00:00,2026-01-05 12:00:00,11827,11885.061,58.060546875,845.76,750.6388,0.9976496,1,95.12120605468749
2026-01-05 14:00:00,2026-01-05 13:00:00,11760,11774.51,14.509765625,712.95,714.54785,0.99463636,1,1.5978515624999545
2026-01-05 15:00:00,2026-01-05 14:00:00,11723,11717.377,5.623046875,545.81,501.93533,0.9835398,1,43.87466674804682
2026-01-05 16:00:00,2026-01-05 15:00:00,11755,11731.389,23.611328125,613.25,327.73392,0.95497096,1,285.5160827636719
2026-01-05 17:00:00,2026-01-05 16:00:00,11995,11863.208,131.7919921875,618.34,633.8653,0.9893805,1,15.525295410156218
2026-01-05 18:00:00,2026-01-05 17:00:00,12238,12062.889,175.111328125,695.34,642.12506,0.985981,1,53.21493896484378
2026-01-05 19:00:00,2026-01-05 18:00:00,12060,12015.587,44.4130859375,657.7,672.4194,0.9933088,1,14.719372558593705
2026-01-05 20:00:00,2026-01-05 19:00:00,11883,11922.956,39.9560546875,125.82,623.3911,0.9798978,1,497.57111328125
2026-01-05 21:00:00,2026-01-05 20:00:00,11777,11738.449,38.55078125,46.55,160.85507,0.2484461,0,114.30507202148438
2026-01-05 22:00:00,2026-01-05 21:00:00,11581,11567.132,13.8681640625,41.3,51.012707,0.09374837,0,9.7127067565918
2026-01-05 23:00:00,2026-01-05 22:00:00,11296,11302.834,6.833984375,33.0,33.271816,0.009819469,0,0.2718162536621094
2026-01-06 00:00:00,2026-01-05 23:00:00,11057,10983.588,73.412109375,30.38,32.455647,0.0075529045,0,2.075646514892579
2026-01-06 01:00:00,2026-01-06 00:00:00,10885,10852.942,32.0576171875,27.09,41.532806,0.0061124857,0,14.442806396484375
2026-01-06 02:00:00,2026-01-06 01:00:00,10755,10759.212,4.2119140625,24.36,39.161346,0.0038414397,0,14.801346435546876
2026-01-06 03:00:00,2026-01-06 02:00:00,10667,10693.297,26.296875,23.79,36.079666,0.0023666238,0,12.289666137695313
2026-01-06 04:00:00,2026-01-06 03:00:00,10596,10614.996,18.99609375,16.68,34.951675,0.0012956638,0,18.271675415039063
2026-01-06 05:00:00,2026-01-06 04:00:00,10621,10594.38,26.6201171875,14.66,28.116674,0.0013220173,0,13.456674423217773
2026-01-06 06:00:00,2026-01-06 05:00:00,10793,10786.955,6.044921875,15.48,25.05756,0.00081062986,0,9.577559967041015
2026-01-06 07:00:00,2026-01-06 06:00:00,11205,11202.498,2.501953125,22.71,34.172554,0.0014303045,0,11.46255401611328
2026-01-06 08:00:00,2026-01-06 07:00:00,11676,11607.631,68.369140625,18.02,46.185875,0.009359431,0,28.165874938964844
2026-01-06 09:00:00,2026-01-06 08:00:00,11820,11730.074,89.92578125,15.66,30.952894,0.00071623235,0,15.29289421081543
2026-01-06 10:00:00,2026-01-06 09:00:00,11784,11840.624,56.6240234375,21.0,31.218456,0.00027337586,0,10.218456268310547
2026-01-06 11:00:00,2026-01-06 10:00:00,11790,11785.012,4.98828125,16.18,39.059654,0.00076826994,0,22.879654235839844
2026-01-06 12:00:00,2026-01-06 11:00:00,11736,11779.658,43.658203125,0.0,23.40317,0.00018104051,0,23.403169631958008
2026-01-06 13:00:00,2026-01-06 12:00:00,11616,11677.568,61.568359375,0.0,2.4805832,0.00029773187,0,2.4805831909179688
2026-01-06 14:00:00,2026-01-06 13:00:00,11549,11594.353,45.3525390625,0.0,3.9689147,0.0005962885,0,3.968914747238159
2026-01-06 15:00:00,2026-01-06 14:00:00,11514,11531.079,17.0791015625,0.0,3.3853607,0.00067380315,0,3.3853607177734375
2026-01-06 16:00:00,2026-01-06 15:00:00,11546,11523.288,22.7119140625,0.0,0.57448584,0.0015611441,0,0.5744858384132385
2026-01-06 17:00:00,2026-01-06 16:00:00,11727,11688.604,38.396484375,5.53,3.4935627,0.0018522305,0,2.0364373016357424
2026-01-06 18:00:00,2026-01-06 17:00:00,12013,11838.48,174.51953125,13.48,27.950083,0.001985872,0,14.470082778930664
2026-01-06 19:00:00,2026-01-06 18:00:00,11900,11909.818,9.818359375,12.49,36.876587,0.0027417056,0,24.386586914062498
2026-01-06 20:00:00,2026-01-06 19:00:00,11736,11786.45,50.4501953125,14.23,9.198415,0.0006603858,0,5.031585197448731
2026-01-06 21:00:00,2026-01-06 20:00:00,11622,11622.842,0.841796875,14.63,14.485721,0.0020681333,0,0.14427936553955156
2026-01-06 22:00:00,2026-01-06 21:00:00,11429,11432.5625,3.5625,17.61,13.248266,0.00083409535,0,4.361733779907226
2026-01-06 23:00:00,2026-01-06 22:00:00,11145,11185.671,40.6708984375,15.32,20.5134,0.0012768838,0,5.1933991241455075
2026-01-07 00:00:00,2026-01-06 23:00:00,10837,10882.478,45.4775390625,9.14,15.503724,0.0002479777,0,6.363724098205566
2026-01-07 01:00:00,2026-01-07 00:00:00,10634,10669.4795,35.4794921875,9.68,9.39202,0.00011082253,0,0.28797977447509737
2026-01-07 02:00:00,2026-01-07 01:00:00,10570,10531.027,38.97265625,13.19,12.633439,0.00024123464,0,0.5565609359741206
2026-01-07 03:00:00,2026-01-07 02:00:00,10512,10540.402,28.40234375,9.81,18.009943,0.00025993277,0,8.199943008422851
2026-01-07 04:00:00,2026-01-07 03:00:00,10465,10513.014,48.013671875,2.03,9.841102,0.000105173414,0,7.8111016464233405
2026-01-07 05:00:00,2026-01-07 04:00:00,10428,10491.463,63.462890625,8.9,5.7470193,0.0001551249,0,3.152980709075928
2026-01-07 06:00:00,2026-01-07 05:00:00,10594,10535.415,58.5849609375,13.11,14.231918,0.00048069662,0,1.121918334960938
2026-01-07 07:00:00,2026-01-07 06:00:00,10973,10925.857,47.142578125,7.86,21.728565,0.00017694327,0,13.868565216064454
2026-01-07 08:00:00,2026-01-07 07:00:00,11491,11394.764,96.236328125,14.23,12.979805,0.00024802878,0,1.2501950073242192
2026-01-07 09:00:00,2026-01-07 08:00:00,11671,11636.802,34.1982421875,14.35,16.67604,0.000496553,0,2.326040649414063
2026-01-07 10:00:00,2026-01-07 09:00:00,11616,11703.846,87.845703125,9.9,14.742717,0.00023693462,0,4.842716789245605
2026-01-07 11:00:00,2026-01-07 10:00:00,11702,11610.851,91.1494140625,13.61,10.294821,7.739834e-05,0,3.3151792144775385
2026-01-07 12:00:00,2026-01-07 11:00:00,11643,11735.116,92.1162109375,12.76,39.882446,0.00021906325,0,27.122446289062502
2026-01-07 13:00:00,2026-01-07 12:00:00,11474,11579.901,105.9013671875,10.19,51.66245,0.00013735883,0,41.47244888305664
2026-01-07 14:00:00,2026-01-07 13:00:00,11420,11409.29,10.7099609375,12.34,10.176598,0.00013105854,0,2.163402404785156
2026-01-07 15:00:00,2026-01-07 14:00:00,11361,11375.681,14.6806640625,13.17,17.2182,0.00018225987,0,4.04820068359375
2026-01-07 16:00:00,2026-01-07 15:00:00,11415,11341.437,73.5634765625,22.92,17.691624,0.0004176873,0,5.228376312255861
2026-01-07 17:00:00,2026-01-07 16:00:00,11644,11555.127,88.873046875,27.77,33.905533,0.0045959684,0,6.135532836914063
2026-01-07 18:00:00,2026-01-07 17:00:00,11969,11754.519,214.4814453125,27.91,38.902184,0.0111845685,0,10.992183532714844
2026-01-07 19:00:00,2026-01-07 18:00:00,11834,11879.771,45.771484375,23.54,26.584105,0.007850186,0,3.044104537963868
2026-01-07 20:00:00,2026-01-07 19:00:00,11717,11721.475,4.474609375,17.49,24.794119,0.004595362,0,7.3041188812255875
2026-01-07 21:00:00,2026-01-07 20:00:00,11675,11577.742,97.2578125,13.64,16.743872,0.0018128606,0,3.103871688842773
2026-01-07 22:00:00,2026-01-07 21:00:00,11484,11464.572,19.427734375,12.78,11.977679,0.00043416134,0,0.8023207473754876
2026-01-07 23:00:00,2026-01-07 22:00:00,11211,11283.986,72.986328125,0.38,10.813277,0.00013525407,0,10.43327724456787
2026-01-08 00:00:00,2026-01-07 23:00:00,10926,10895.777,30.22265625,0.0,1.4643375,0.00041455668,0,1.4643374681472778
2026-01-08 01:00:00,2026-01-08 00:00:00,10711,10714.389,3.388671875,0.0,2.7518537,0.00013737952,0,2.7518537044525146
2026-01-08 02:00:00,2026-01-08 01:00:00,10586,10626.207,40.20703125,2.43,0.49751326,0.00017416544,0,1.9324867355823518
2026-01-08 03:00:00,2026-01-08 02:00:00,10496,10492.587,3.4130859375,15.47,6.896604,0.0002723332,0,8.573395938873292
2026-01-08 04:00:00,2026-01-08 03:00:00,10466,10470.388,4.3876953125,17.94,13.879636,0.0012616455,0,4.0603641891479505
2026-01-08 05:00:00,2026-01-08 04:00:00,10515,10487.511,27.4892578125,19.11,19.243065,0.0016578046,0,0.13306488037109432
2026-01-08 06:00:00,2026-01-08 05:00:00,10695,10681.277,13.72265625,25.68,21.16986,0.0019171679,0,4.51013916015625
2026-01-08 07:00:00,2026-01-08 06:00:00,11107,11077.871,29.12890625,28.69,30.316378,0.021867555,0,1.6263776397705065
2026-01-08 08:00:00,2026-01-08 07:00:00,11581,11502.555,78.4453125,28.62,36.997894,0.02465346,0,8.377894287109374
2026-01-08 09:00:00,2026-01-08 08:00:00,11754,11696.659,57.3408203125,30.32,25.456604,0.0050956635,0,4.86339599609375
2026-01-08 10:00:00,2026-01-08 09:00:00,11698,11771.145,73.14453125,20.3,28.332535,0.0063036387,0,8.032534790039062
2026-01-08 11:00:00,2026-01-08 10:00:00,11624,11683.555,59.5546875,14.24,16.305887,0.00043189203,0,2.065887222290039
2026-01-08 12:00:00,2026-01-08 11:00:00,11687,11605.013,81.9873046875,4.38,11.187951,0.0003734893,0,6.80795108795166
2026-01-08 13:00:00,2026-01-08 12:00:00,11697,11689.239,7.7607421875,6.49,1.6370356,0.00025750385,0,4.852964391708374
2026-01-08 14:00:00,2026-01-08 13:00:00,11695,11684.765,10.2353515625,0.01,6.4800067,0.0003614072,0,6.470006694793701
2026-01-08 15:00:00,2026-01-08 14:00:00,11746,11686.245,59.7548828125,0.0,0.0,0.00021025282,0,0.0
2026-01-08 16:00:00,2026-01-08 15:00:00,11780,11771.366,8.6337890625,0.01,5.106415,0.00048344154,0,5.096414794921875
2026-01-08 17:00:00,2026-01-08 16:00:00,11987,11870.211,116.7890625,2.37,0.8558036,0.0009281403,0,1.514196391105652
2026-01-08 18:00:00,2026-01-08 17:00:00,12218,12030.119,187.880859375,12.23,3.0284984,0.00074236526,0,9.201501588821412
2026-01-08 19:00:00,2026-01-08 18:00:00,12026,11992.599,33.4013671875,17.46,3.004921,0.00048767857,0,14.455079040527345
2026-01-08 20:00:00,2026-01-08 19:00:00,11880,11897.777,17.77734375,30.21,18.866262,0.0027737222,0,11.343737564086915
2026-01-08 21:00:00,2026-01-08 20:00:00,11694,11737.099,43.0986328125,55.27,30.815533,0.023993304,0,24.45446731567383
2026-01-08 22:00:00,2026-01-08 21:00:00,11482,11517.676,35.67578125,35.23,42.39749,0.010899398,0,7.167491455078128
2026-01-08 23:00:00,2026-01-08 22:00:00,11205,11269.49,64.490234375,22.09,27.919342,0.0038563323,0,5.829342041015625
2026-01-09 00:00:00,2026-01-08 23:00:00,10921,10906.305,14.6953125,14.61,17.364784,0.00053398975,0,2.754784240722657
2026-01-09 01:00:00,2026-01-09 00:00:00,10733,10716.14,16.8603515625,13.53,12.370153,0.000189289,0,1.159846572875976
2026-01-09 02:00:00,2026-01-09 01:00:00,10643,10664.144,21.1435546875,14.17,10.930551,0.00016173939,0,3.2394494247436523
2026-01-09 03:00:00,2026-01-09 02:00:00,10610,10579.906,30.09375,15.65,13.669228,0.00022856072,0,1.980772399902344
2026-01-09 04:00:00,2026-01-09 03:00:00,10559,10631.089,72.0888671875,22.82,15.794884,0.00050725276,0,7.0251162719726565
2026-01-09 05:00:00,2026-01-09 04:00:00,10601,10581.539,19.4609375,17.09,25.968975,0.0020181178,0,8.878975067138672
2026-01-09 06:00:00,2026-01-09 05:00:00,10785,10754.28,30.7197265625,25.44,17.516682,0.0005906083,0,7.923318328857423
2026-01-09 07:00:00,2026-01-09 06:00:00,11197,11170.774,26.2255859375,28.22,32.404984,0.0034091787,0,4.184983520507814
2026-01-09 08:00:00,2026-01-09 07:00:00,11695,11601.403,93.5966796875,35.7,32.86194,0.0056547313,0,2.838061523437503
2026-01-09 09:00:00,2026-01-09 08:00:00,11874,11792.77,81.23046875,44.17,36.978657,0.008741173,0,7.191343231201174
2026-01-09 10:00:00,2026-01-09 09:00:00,11828,11850.379,22.37890625,27.1,42.26844,0.012954701,0,15.16844024658203
2026-01-09 11:00:00,2026-01-09 10:00:00,11748,11811.536,63.5361328125,15.23,21.842802,0.0012581503,0,6.612802047729492
2026-01-09 12:00:00,2026-01-09 11:00:00,11740,11704.059,35.94140625,12.59,8.929801,0.00016460932,0,3.6601990127563475
2026-01-09 13:00:00,2026-01-09 12:00:00,11681,11703.384,22.3837890625,11.78,7.1295867,0.00018288029,0,4.6504133033752435
2026-01-09 14:00:00,2026-01-09 13:00:00,11722,11632.545,89.455078125,12.21,5.9230094,9.1880705e-05,0,6.286990604400636
2026-01-09 15:00:00,2026-01-09 14:00:00,11737,11731.131,5.869140625,11.51,9.606285,0.00013494721,0,1.903714904785156
2026-01-09 16:00:00,2026-01-09 15:00:00,11718,11768.464,50.4638671875,10.81,9.459273,0.00019579378,0,1.3507266616821294
2026-01-09 17:00:00,2026-01-09 16:00:00,11849,11799.66,49.33984375,11.81,9.193738,0.0003325193,0,2.616262016296387
2026-01-09 18:00:00,2026-01-09 17:00:00,12022,11938.787,83.212890625,12.08,33.727024,0.0004171501,0,21.647024078369142
2026-01-09 19:00:00,2026-01-09 18:00:00,11879,12029.1,150.099609375,12.74,24.569551,0.00030185445,0,11.829551467895508
2026-01-09 20:00:00,2026-01-09 19:00:00,11753,11730.031,22.96875,12.5,10.840343,0.0004278869,0,1.6596565246582031
2026-01-09 21:00:00,2026-01-09 20:00:00,11581,11634.914,53.9140625,12.45,6.3979,0.00023102864,0,6.052099895477294
2026-01-09 22:00:00,2026-01-09 21:00:00,11373,11397.469,24.46875,12.45,6.881532,0.00016872432,0,5.568467807769775
2026-01-09 23:00:00,2026-01-09 22:00:00,11140,11131.891,8.109375,12.57,9.098414,0.00012272022,0,3.4715855789184573
2026-01-10 00:00:00,2026-01-09 23:00:00,10847,10871.436,24.435546875,12.17,11.826215,0.00024666215,0,0.34378520965576165
2026-01-10 01:00:00,2026-01-10 00:00:00,10597,10658.526,61.5263671875,11.65,10.32545,9.676552e-05,0,1.3245500564575199
2026-01-10 02:00:00,2026-01-10 01:00:00,10415,10440.363,25.36328125,0.53,9.291545,0.000109620785,0,8.761544914245606
2026-01-10 03:00:00,2026-01-10 02:00:00,10252,10312.262,60.26171875,0.0,2.4896247,9.2011695e-05,0,2.4896247386932373
2026-01-10 04:00:00,2026-01-10 03:00:00,10198,10186.86,11.1396484375,3.18,0.66064113,0.00010817162,0,2.5193588662147524
2026-01-10 05:00:00,2026-01-10 04:00:00,10186,10195.043,9.04296875,0.0,7.0184546,0.00026248096,0,7.018454551696777
2026-01-10 06:00:00,2026-01-10 05:00:00,10245,10268.159,23.1591796875,0.0,2.0504224,0.00022752034,0,2.050422430038452
2026-01-10 07:00:00,2026-01-10 06:00:00,10394,10418.732,24.732421875,0.0,3.0088353,0.00016652189,0,3.0088353157043457
2026-01-10 08:00:00,2026-01-10 07:00:00,10548,10687.489,139.4892578125,0.0,1.3568294,0.00012579346,0,1.3568294048309326
2026-01-10 09:00:00,2026-01-10 08:00:00,10719,10725.056,6.0556640625,0.02,0.45357057,0.00010953574,0,0.4335705745220184
2026-01-10 10:00:00,2026-01-10 09:00:00,10896,10912.454,16.4541015625,2.01,0.8086683,7.486829e-05,0,1.2013316845893858
2026-01-10 11:00:00,2026-01-10 10:00:00,11026,11061.541,35.541015625,11.18,6.547165,5.829983e-05,0,4.632835083007812
2026-01-10 12:00:00,2026-01-10 11:00:00,11155,11113.465,41.53515625,9.69,20.155266,0.0003232885,0,10.46526580810547
2026-01-10 13:00:00,2026-01-10 12:00:00,11180,11244.295,64.294921875,2.97,5.7675447,0.00013679573,0,2.7975447463989256
2026-01-10 14:00:00,2026-01-10 13:00:00,11153,11204.862,51.8623046875,0.0,1.8077571,0.0001609916,0,1.8077571392059326
2026-01-10 15:00:00,2026-01-10 14:00:00,11106,11144.926,38.92578125,0.0,0.035234366,0.00018267483,0,0.03523436561226845
2026-01-10 16:00:00,2026-01-10 15:00:00,11093,11115.277,22.27734375,0.0,0.30271572,0.00046407257,0,0.3027157187461853
2026-01-10 17:00:00,2026-01-10 16:00:00,11252,11200.389,51.611328125,10.81,0.3330356,0.00046778913,0,10.476964411735535
2026-01-10 18:00:00,2026-01-10 17:00:00,11540,11490.141,49.859375,13.0,43.050304,0.0007210569,0,30.050304412841797
2026-01-10 19:00:00,2026-01-10 18:00:00,11432,11468.073,36.0732421875,12.79,8.241717,0.00023114363,0,4.548282661437987
2026-01-10 20:00:00,2026-01-10 19:00:00,11247,11319.697,72.697265625,7.36,8.510376,0.00038266036,0,1.1503759765624997
2026-01-10 21:00:00,2026-01-10 20:00:00,11096,11128.101,32.1005859375,0.51,5.114606,0.00027597102,0,4.6046059036254885
2026-01-10 22:00:00,2026-01-10 21:00:00,10951,10935.793,15.20703125,0.0,1.0873655,0.00029662575,0,1.0873655080795288
2026-01-10 23:00:00,2026-01-10 22:00:00,10767,10746.248,20.751953125,0.01,0.0,0.00012002964,0,0.01
2026-01-11 00:00:00,2026-01-10 23:00:00,10518,10568.016,50.015625,0.0,0.41080603,0.0006810608,0,0.4108060300350189
2026-01-11 01:00:00,2026-01-11 00:00:00,10318,10345.901,27.9013671875,0.0,0.0,0.00038143588,0,0.0
2026-01-11 02:00:00,2026-01-11 01:00:00,10142,10203.314,61.314453125,0.0,0.0,0.000446179,0,0.0
2026-01-11 03:00:00,2026-01-11 02:00:00,10031,10056.262,25.26171875,0.0,0.14032051,0.00030326904,0,0.14032050967216492
2026-01-11 04:00:00,2026-01-11 03:00:00,9960,10017.977,57.9765625,0.0,0.2290287,0.00023431671,0,0.22902870178222656
2026-01-11 05:00:00,2026-01-11 04:00:00,9960,9993.4795,33.4794921875,0.0,0.34634146,0.00023630315,0,0.34634146094322205
2026-01-11 06:00:00,2026-01-11 05:00:00,10007,10011.0,4.0,0.0,1.3327112,0.00025371189,0,1.3327112197875977
2026-01-11 07:00:00,2026-01-11 06:00:00,10124,10128.21,4.2099609375,0.0,2.2867656,0.00026432276,0,2.2867655754089355
2026-01-11 08:00:00,2026-01-11 07:00:00,10303,10326.518,23.517578125,0.0,1.6712177,0.00031618722,0,1.671217679977417
2026-01-11 09:00:00,2026-01-11 08:00:00,10490,10463.55,26.4501953125,7.93,0.6534555,0.00037915318,0,7.276544504165649
2026-01-11 10:00:00,2026-01-11 09:00:00,10659,10651.529,7.470703125,11.26,11.210179,0.0006051995,0,0.049820671081542756
2026-01-11 11:00:00,2026-01-11 10:00:00,10793,10796.23,3.23046875,12.5,12.85211,0.00025178166,0,0.3521099090576172
2026-01-11 12:00:00,2026-01-11 11:00:00,10863,10868.441,5.44140625,12.87,13.560265,0.0001708534,0,0.6902645874023445
2026-01-11 13:00:00,2026-01-11 12:00:00,10888,10919.542,31.5419921875,10.84,12.37745,0.00024123256,0,1.5374499893188478
2026-01-11 14:00:00,2026-01-11 13:00:00,10883,10896.164,13.1640625,11.63,8.121383,0.00014764561,0,3.5086172866821297
2026-01-11 15:00:00,2026-01-11 14:00:00,10872,10874.868,2.8681640625,11.18,10.7344885,0.00017703102,0,0.44551151275634737
2026-01-11 16:00:00,2026-01-11 15:00:00,10943,10933.32,9.6796875,12.82,7.9551525,0.00022059899,0,4.864847488403321
2026-01-11 17:00:00,2026-01-11 16:00:00,11217,11144.698,72.3017578125,15.82,14.812278,0.0005458632,0,1.007722206115723
2026-01-11 18:00:00,2026-01-11 17:00:00,11495,11428.776,66.2236328125,17.08,15.633826,0.001376132,0,1.4461737442016585
2026-01-11 19:00:00,2026-01-11 18:00:00,11403,11464.549,61.548828125,13.71,12.0162325,0.0021106638,0,1.69376750946045
2026-01-11 20:00:00,2026-01-11 19:00:00,11251,11300.765,49.7646484375,15.47,8.298578,0.00067180133,0,7.171421737670899
2026-01-11 21:00:00,2026-01-11 20:00:00,11087,11153.829,66.8291015625,11.43,12.765266,0.001615646,0,1.3352664184570315
2026-01-11 22:00:00,2026-01-11 21:00:00,10866,10897.2705,31.2705078125,10.8,7.94821,0.0006106415,0,2.8517902374267585
2026-01-11 23:00:00,2026-01-11 22:00:00,10559,10608.611,49.611328125,1.91,7.1867046,0.000381569,0,5.276704635620117
2026-01-12 00:00:00,2026-01-11 23:00:00,10309,10299.363,9.63671875,0.0,1.7161138,0.00047368658,0,1.716113805770874
2026-01-12 01:00:00,2026-01-12 00:00:00,10169,10133.122,35.8779296875,0.0,0.0,0.0002994273,0,0.0
2026-01-12 02:00:00,2026-01-12 01:00:00,10016,10087.307,71.306640625,0.0,0.06829185,0.0006270539,0,0.06829185038805008
2026-01-12 03:00:00,2026-01-12 02:00:00,9940,9939.47,0.5302734375,0.0,0.24618639,0.0004871478,0,0.24618639051914215
2026-01-12 04:00:00,2026-01-12 03:00:00,9918,9929.5625,11.5625,0.0,0.2770163,0.00035535288,0,0.2770163118839264
2026-01-12 05:00:00,2026-01-12 04:00:00,9963,9959.723,3.27734375,0.0,0.32254013,0.0005280481,0,0.32254013419151306
2026-01-12 06:00:00,2026-01-12 05:00:00,10098,10097.337,0.6630859375,0.0,1.7495965,0.00063773745,0,1.7495964765548706
2026-01-12 07:00:00,2026-01-12 06:00:00,10518,10443.922,74.078125,15.11,4.133285,0.00045740596,0,10.97671495437622
2026-01-12 08:00:00,2026-01-12 07:00:00,11066,10963.043,102.95703125,13.93,23.832056,0.0075398874,0,9.902056045532227
2026-01-12 09:00:00,2026-01-12 08:00:00,11212,11211.775,0.224609375,13.01,12.436633,0.0007110948,0,0.5733668899536131
2026-01-12 10:00:00,2026-01-12 09:00:00,11232,11248.999,16.9990234375,11.34,11.398859,0.00026337666,0,0.058859024047851705
2026-01-12 11:00:00,2026-01-12 10:00:00,11222,11215.487,6.5126953125,4.38,9.574515,0.00012547754,0,5.1945153427124025
2026-01-12 12:00:00,2026-01-12 11:00:00,11192,11183.615,8.384765625,0.01,1.4681516,0.00010786056,0,1.458151569366455
2026-01-12 13:00:00,2026-01-12 12:00:00,11168,11139.208,28.7919921875,0.01,0.69712675,0.00031966282,0,0.6871267461776733
2026-01-12 14:00:00,2026-01-12 13:00:00,11160,11149.83,10.169921875,0.02,1.7380272,0.0017978494,0,1.7180272150039673
2026-01-12 15:00:00,2026-01-12 14:00:00,11200,11151.811,48.189453125,8.44,1.5198764,0.001279098,0,6.92012363910675
2026-01-12 16:00:00,2026-01-12 15:00:00,11268,11273.165,5.1650390625,12.28,12.440762,0.0022814188,0,0.16076156616211001
2026-01-12 17:00:00,2026-01-12 16:00:00,11511,11445.722,65.2783203125,14.04,13.9081,0.0010735461,0,0.13189987182617102
2026-01-12 18:00:00,2026-01-12 17:00:00,11682,11705.331,23.3310546875,16.84,17.91563,0.0032396936,0,1.075630340576172
2026-01-12 19:00:00,2026-01-12 18:00:00,11475,11506.206,31.2060546875,13.16,18.852781,0.003307994,0,5.692781295776367
2026-01-12 20:00:00,2026-01-12 19:00:00,11298,11302.511,4.5107421875,9.41,11.393006,0.0006069671,0,1.9830063247680663
2026-01-12 21:00:00,2026-01-12 20:00:00,11096,11166.289,70.2890625,5.03,7.797421,0.00067587825,0,2.7674209785461423
2026-01-12 22:00:00,2026-01-12 21:00:00,10875,10868.041,6.958984375,0.02,5.311335,0.00058971584,0,5.29133508682251
2026-01-12 23:00:00,2026-01-12 22:00:00,10547,10586.857,39.857421875,1.73,2.009513,0.00030007,0,0.27951290130615236
2026-01-13 00:00:00,2026-01-12 23:00:00,10296,10259.316,36.68359375,0.0,7.1998973,0.00058879645,0,7.199897289276123
2026-01-13 01:00:00,2026-01-13 00:00:00,10112,10117.077,5.0771484375,0.0,0.70332783,0.00039331717,0,0.7033278346061707
2026-01-13 02:00:00,2026-01-13 01:00:00,9978,10014.249,36.2490234375,0.0,1.2057254,0.00046173547,0,1.2057254314422607
2026-01-13 03:00:00,2026-01-13 02:00:00,9914,9904.024,9.9755859375,0.0,1.4581413,0.00033943105,0,1.4581413269042969
2026-01-13 04:00:00,2026-01-13 03:00:00,9875,9890.508,15.5078125,0.0,1.449736,0.00041866634,0,1.4497359991073608
2026-01-13 05:00:00,2026-01-13 04:00:00,9932,9898.525,33.474609375,0.0,1.4995646,0.0004103671,0,1.4995646476745605
2026-01-13 06:00:00,2026-01-13 05:00:00,10142,10085.11,56.8896484375,0.0,3.00046,0.0004291021,0,3.000459909439087
2026-01-13 07:00:00,2026-01-13 06:00:00,10475,10569.774,94.7744140625,5.63,4.6914334,0.00022705484,0,0.9385665702819823
2026-01-13 08:00:00,2026-01-13 07:00:00,10948,10930.114,17.8857421875,11.04,9.01707,0.00047818944,0,2.0229301834106437
2026-01-13 09:00:00,2026-01-13 08:00:00,11090,11103.592,13.591796875,12.26,14.400878,0.00027215955,0,2.140877952575684
2026-01-13 10:00:00,2026-01-13 09:00:00,11051,11118.969,67.96875,11.94,14.247611,0.00014166495,0,2.307611045837403
2026-01-13 11:00:00,2026-01-13 10:00:00,10994,11034.208,40.2080078125,10.6,9.935193,8.726942e-05,0,0.6648069381713864
2026-01-13 12:00:00,2026-01-13 11:00:00,10940,11015.212,75.2119140625,11.76,8.426491,0.0001321062,0,3.3335092163085935
2026-01-13 13:00:00,2026-01-13 12:00:00,10870,10920.405,50.4052734375,11.94,12.451166,0.00036610846,0,0.5111661529541021
2026-01-13 14:00:00,2026-01-13 13:00:00,10890,10870.574,19.42578125,11.6,14.080752,0.00024183662,0,2.4807523727416996
2026-01-13 15:00:00,2026-01-13 14:00:00,10939,10912.256,26.744140625,11.69,12.081502,0.00018553418,0,0.39150196075439503
2026-01-13 16:00:00,2026-01-13 15:00:00,11049,11032.522,16.4775390625,16.43,13.126971,0.0008526593,0,3.303028755187988
2026-01-13 17:00:00,2026-01-13 16:00:00,11249,11212.995,36.0048828125,34.66,24.410563,0.008532265,0,10.249437484741208
2026-01-13 18:00:00,2026-01-13 17:00:00,11458,11416.516,41.484375,81.35,53.93757,0.021423932,0,27.412431335449213
2026-01-13 19:00:00,2026-01-13 18:00:00,11265,11333.64,68.6396484375,74.61,97.87652,0.10044098,0,23.26651824951172
2026-01-13 20:00:00,2026-01-13 19:00:00,11140,11157.124,17.1240234375,62.1,115.521675,0.14467956,0,53.42167510986328
2026-01-13 21:00:00,2026-01-13 20:00:00,11048,11009.303,38.697265625,31.12,92.06495,0.2585427,0,60.94494903564453
2026-01-13 22:00:00,2026-01-13 21:00:00,10851,10845.127,5.873046875,22.55,45.410103,0.03888356,0,22.86010284423828
2026-01-13 23:00:00,2026-01-13 22:00:00,10526,10593.78,67.7802734375,13.2,30.525475,0.005453926,0,17.325474548339844
2026-01-14 00:00:00,2026-01-13 23:00:00,10218,10244.133,26.1328125,10.25,17.703056,0.0019427033,0,7.453056335449219
2026-01-14 01:00:00,2026-01-14 00:00:00,10094,10012.823,81.1767578125,10.09,7.53139,0.0010353664,0,2.558609809875488
2026-01-14 02:00:00,2026-01-14 01:00:00,10005,10001.597,3.4033203125,4.0,7.697843,0.0009160195,0,3.697843074798584
2026-01-14 03:00:00,2026-01-14 02:00:00,9905,9931.438,26.4384765625,3.48,4.0830545,0.00056084385,0,0.6030545425415039
2026-01-14 04:00:00,2026-01-14 03:00:00,9882,9873.667,8.3330078125,1.96,2.694949,0.00062670646,0,0.7349489116668702
2026-01-14 05:00:00,2026-01-14 04:00:00,9924,9908.146,15.853515625,0.01,2.1998348,0.00050363527,0,2.1898348236083987
2026-01-14 06:00:00,2026-01-14 05:00:00,10105,10095.245,9.7548828125,0.01,2.0859437,0.00043105544,0,2.075943698883057
2026-01-14 07:00:00,2026-01-14 06:00:00,10522,10506.55,15.4501953125,10.44,3.8113215,0.00048739856,0,6.6286785030364985
2026-01-14 08:00:00,2026-01-14 07:00:00,11013,10981.169,31.8310546875,10.7,15.088924,0.0010209768,0,4.388924407958985
2026-01-14 09:00:00,2026-01-14 08:00:00,11167,11157.903,9.0966796875,11.78,11.554064,0.0003074302,0,0.22593620300292905
2026-01-14 10:00:00,2026-01-14 09:00:00,11090,11194.804,104.8037109375,9.81,11.12507,0.00019440899,0,1.3150696182250972
2026-01-14 11:00:00,2026-01-14 10:00:00,11059,11061.238,2.23828125,3.49,7.2971473,0.00020277224,0,3.8071472740173338
2026-01-14 12:00:00,2026-01-14 11:00:00,11020,11058.108,38.1083984375,0.01,2.6787188,0.00030089307,0,2.6687188053131106
2026-01-14 13:00:00,2026-01-14 12:00:00,10939,10975.836,36.8359375,0.0,1.2400373,0.0004622311,0,1.2400373220443726
2026-01-14 14:00:00,2026-01-14 13:00:00,11021,10922.289,98.7109375,0.0,2.058511,0.0008040622,0,2.0585110187530518
2026-01-14 15:00:00,2026-01-14 14:00:00,11062,11069.312,7.3115234375,0.0,1.8784004,0.000647855,0,1.878400444984436
2026-01-14 16:00:00,2026-01-14 15:00:00,11028,11150.323,122.3232421875,0.0,2.9762363,0.0011219463,0,2.976236343383789
2026-01-14 17:00:00,2026-01-14 16:00:00,11168,11135.311,32.689453125,1.39,3.6071973,0.0015192978,0,2.2171972846984866
2026-01-14 18:00:00,2026-01-14 17:00:00,11437,11340.212,96.7880859375,10.79,6.985537,0.00055819046,0,3.804462947845458
2026-01-14 19:00:00,2026-01-14 18:00:00,11254,11362.896,108.896484375,8.29,8.567792,0.0004567204,0,0.27779193878173913
2026-01-14 20:00:00,2026-01-14 19:00:00,11112,11146.899,34.8994140625,8.08,6.669727,0.000431212,0,1.4102731513977051
2026-01-14 21:00:00,2026-01-14 20:00:00,10920,10993.416,73.416015625,11.95,6.1001277,0.0005431442,0,5.8498723030090325
2026-01-14 22:00:00,2026-01-14 21:00:00,10659,10715.02,56.01953125,16.42,13.921837,0.0011504118,0,2.498163146972658
2026-01-14 23:00:00,2026-01-14 22:00:00,10372,10396.004,24.00390625,13.2,22.261892,0.006683487,0,9.061892318725587
2026-01-15 00:00:00,2026-01-14 23:00:00,10159,10128.145,30.85546875,11.04,11.743814,0.0006663221,0,0.7038144683837899
2026-01-15 01:00:00,2026-01-15 00:00:00,9951,9997.631,46.630859375,7.55,9.25628,0.0005968533,0,1.7062799453735353
2026-01-15 02:00:00,2026-01-15 01:00:00,9867,9836.577,30.4228515625,9.21,6.8060517,0.0003970736,0,2.4039482688903817
2026-01-15 03:00:00,2026-01-15 02:00:00,9809,9821.525,12.525390625,4.24,12.078404,0.0005967188,0,7.838404426574707
2026-01-15 04:00:00,2026-01-15 03:00:00,9801,9788.286,12.7138671875,4.75,4.4385433,0.000305697,0,0.31145668029785156
2026-01-15 05:00:00,2026-01-15 04:00:00,9883,9831.902,51.09765625,0.0,6.4922423,0.00045145006,0,6.492242336273193
2026-01-15 06:00:00,2026-01-15 05:00:00,10056,10034.366,21.6337890625,0.0,2.8601336,0.0003472405,0,2.860133647918701
2026-01-15 07:00:00,2026-01-15 06:00:00,10544,10440.273,103.7265625,0.01,4.188411,0.00033710478,0,4.178411235809326
2026-01-15 08:00:00,2026-01-15 07:00:00,11135,10970.965,164.03515625,0.0,2.587281,0.00024757607,0,2.5872809886932373
2026-01-15 09:00:00,2026-01-15 08:00:00,11282,11264.378,17.6220703125,0.01,0.66446745,7.574193e-05,0,0.654467453956604
2026-01-15 10:00:00,2026-01-15 09:00:00,11280,11308.973,28.97265625,0.01,0.21614091,0.00014887397,0,0.20614091098308562
2026-01-15 11:00:00,2026-01-15 10:00:00,11319,11264.914,54.0859375,0.01,0.0,0.0001315166,0,0.01
2026-01-15 12:00:00,2026-01-15 11:00:00,11362,11293.427,68.5732421875,0.0,0.0,0.00010717119,0,0.0
2026-01-15 13:00:00,2026-01-15 12:00:00,11312,11336.001,24.0009765625,0.0,0.0,9.646508e-05,0,0.0
2026-01-15 14:00:00,2026-01-15 13:00:00,11316,11249.992,66.0078125,0.0,1.0976682,0.00018459033,0,1.097668170928955
2026-01-15 15:00:00,2026-01-15 14:00:00,11309,11277.814,31.185546875,0.0,0.041321866,0.00021556267,0,0.04132186621427536
2026-01-15 16:00:00,2026-01-15 15:00:00,11375,11311.908,63.091796875,0.0,0.68530995,0.00043778238,0,0.6853099465370178
2026-01-15 17:00:00,2026-01-15 16:00:00,11536,11517.743,18.2568359375,6.88,3.8627264,0.00041579787,0,3.0172735500335692
2026-01-15 18:00:00,2026-01-15 17:00:00,11804,11690.123,113.876953125,11.86,32.127453,0.0015155396,0,20.267452850341797
2026-01-15 19:00:00,2026-01-15 18:00:00,11699,11684.126,14.8740234375,12.53,29.488861,0.00042283928,0,16.958861083984374
2026-01-15 20:00:00,2026-01-15 19:00:00,11557,11576.845,19.8447265625,12.0,20.699095,0.0008385537,0,8.699094772338867
2026-01-15 21:00:00,2026-01-15 20:00:00,11386,11384.293,1.70703125,11.89,12.138845,0.00045363046,0,0.24884544372558537
2026-01-15 22:00:00,2026-01-15 21:00:00,11137,11153.067,16.0673828125,10.25,10.405581,0.00020505792,0,0.15558147430419922
2026-01-15 23:00:00,2026-01-15 22:00:00,10833,10834.138,1.1376953125,1.31,8.821114,0.00018834508,0,7.511113586425781
2026-01-16 00:00:00,2026-01-15 23:00:00,10566,10545.286,20.7138671875,0.0,4.0630565,0.00046914865,0,4.063056468963623
2026-01-16 01:00:00,2026-01-16 00:00:00,10394,10341.509,52.4912109375,0.0,2.31058,0.000368104,0,2.310580015182495
2026-01-16 02:00:00,2026-01-16 01:00:00,10263,10254.868,8.1318359375,0.0,3.197835,0.00066283386,0,3.1978349685668945
2026-01-16 03:00:00,2026-01-16 02:00:00,10202,10157.561,44.439453125,0.0,1.1742481,0.0004370479,0,1.1742480993270874
2026-01-16 04:00:00,2026-01-16 03:00:00,10216,10139.507,76.4931640625,0.0,1.4195668,0.00042555018,0,1.4195667505264282
2026-01-16 05:00:00,2026-01-16 04:00:00,10264,10215.037,48.962890625,0.0,1.2651696,0.00048701846,0,1.265169620513916
2026-01-16 06:00:00,2026-01-16 05:00:00,10460,10379.487,80.5126953125,0.0,2.2575595,0.00032525655,0,2.2575595378875732
2026-01-16 07:00:00,2026-01-16 06:00:00,10862,10869.222,7.2216796875,5.34,4.1984406,0.00019814188,0,1.1415594482421874
2026-01-16 08:00:00,2026-01-16 07:00:00,11347,11291.942,55.0576171875,12.38,8.968121,0.00026002573,0,3.411879425048829
2026-01-16 09:00:00,2026-01-16 08:00:00,11586,11521.133,64.8671875,22.62,13.629844,0.00024185782,0,8.990156288146974
2026-01-16 10:00:00,2026-01-16 09:00:00,11570,11656.42,86.419921875,27.4,23.036068,0.0009623918,0,4.363932037353514
2026-01-16 11:00:00,2026-01-16 10:00:00,11496,11565.2705,69.2705078125,21.12,29.319462,0.0044962773,0,8.199461822509765
2026-01-16 12:00:00,2026-01-16 11:00:00,11416,11495.515,79.5146484375,14.48,19.380775,0.00062243274,0,4.900775451660156
2026-01-16 13:00:00,2026-01-16 12:00:00,11385,11356.028,28.9716796875,12.56,12.9116125,0.00037527343,0,0.35161251068115185
2026-01-16 14:00:00,2026-01-16 13:00:00,11441,11328.844,112.15625,2.71,10.717751,0.00020048469,0,8.007750549316405
2026-01-16 15:00:00,2026-01-16 14:00:00,11517,11475.466,41.5341796875,0.0,3.1429005,0.00019340448,0,3.1429004669189453
2026-01-16 16:00:00,2026-01-16 15:00:00,11485,11601.117,116.1171875,0.0,1.8508074,0.00029037974,0,1.8508074283599854
2026-01-16 17:00:00,2026-01-16 16:00:00,11594,11625.589,31.5888671875,8.26,4.36311,0.00043634564,0,3.8968899345397947
2026-01-16 18:00:00,2026-01-16 17:00:00,11797,11748.348,48.65234375,14.3,11.780101,0.0007228533,0,2.5198991775512702
2026-01-16 19:00:00,2026-01-16 18:00:00,11624,11691.677,67.6767578125,16.45,13.38418,0.0006340487,0,3.0658199310302727
2026-01-16 20:00:00,2026-01-16 19:00:00,11469,11497.649,28.6494140625,23.45,23.566807,0.0050452803,0,0.11680679321289134
2026-01-16 21:00:00,2026-01-16 20:00:00,11347,11327.669,19.3310546875,30.16,27.461046,0.005140684,0,2.69895378112793
2026-01-16 22:00:00,2026-01-16 21:00:00,11193,11184.486,8.513671875,33.86,33.651726,0.009239253,0,0.20827423095703068
2026-01-16 23:00:00,2026-01-16 22:00:00,10974,10948.231,25.7685546875,32.86,35.480145,0.0027904306,0,2.6201445007324224
2026-01-17 00:00:00,2026-01-16 23:00:00,10714,10688.112,25.8876953125,26.87,29.471012,0.0037066755,0,2.6010121154785146
2026-01-17 01:00:00,2026-01-17 00:00:00,10447,10544.938,97.9384765625,19.79,28.384912,0.012731821,0,8.594912490844727
2026-01-17 02:00:00,2026-01-17 01:00:00,10342,10303.864,38.1357421875,13.86,21.238306,0.0031701701,0,7.378306045532227
2026-01-17 03:00:00,2026-01-17 02:00:00,10300,10236.729,63.271484375,12.92,13.15797,0.00076395704,0,0.23797042846679695
2026-01-17 04:00:00,2026-01-17 03:00:00,10248,10248.8545,0.8544921875,9.69,11.5046835,0.00023328705,0,1.8146834945678716
2026-01-17 05:00:00,2026-01-17 04:00:00,10271,10236.192,34.8076171875,10.9,8.481299,0.00037114052,0,2.4187005996704105
2026-01-17 06:00:00,2026-01-17 05:00:00,10362,10387.264,25.263671875,0.46,14.141371,0.00063444284,0,13.681370773315429
2026-01-17 07:00:00,2026-01-17 06:00:00,10500,10586.469,86.46875,0.0,5.0664444,0.00044237636,0,5.066444396972656
2026-01-17 08:00:00,2026-01-17 07:00:00,10701,10779.354,78.353515625,0.0,2.5553956,0.0002671953,0,2.5553956031799316
2026-01-17 09:00:00,2026-01-17 08:00:00,10875,10920.251,45.2509765625,0.0,1.3118604,0.00032188275,0,1.31186044216156
2026-01-17 10:00:00,2026-01-17 09:00:00,10982,11048.449,66.44921875,0.0,1.8041426,0.00034566075,0,1.8041425943374634
2026-01-17 11:00:00,2026-01-17 10:00:00,11042,11081.455,39.455078125,0.0,1.4981867,0.00020614061,0,1.498186707496643
2026-01-17 12:00:00,2026-01-17 11:00:00,10977,11085.203,108.203125,0.0,0.945497,0.0001556779,0,0.9454969763755798
2026-01-17 13:00:00,2026-01-17 12:00:00,10902,10930.27,28.26953125,0.0,0.49498773,0.00016963997,0,0.49498772621154785
2026-01-17 14:00:00,2026-01-17 13:00:00,10804,10873.926,69.92578125,0.0,0.7855155,0.00014044074,0,0.7855154871940613
2026-01-17 15:00:00,2026-01-17 14:00:00,10750,10781.039,31.0390625,0.0,0.93015575,0.00020035302,0,0.9301557540893555
2026-01-17 16:00:00,2026-01-17 15:00:00,10828,10810.466,17.5341796875,0.0,1.461521,0.00041468217,0,1.461521029472351
2026-01-17 17:00:00,2026-01-17 16:00:00,10967,11010.907,43.9072265625,5.28,2.7391584,0.00036310757,0,2.5408416080474856
2026-01-17 18:00:00,2026-01-17 17:00:00,11278,11168.864,109.1357421875,9.51,7.895493,0.0010300188,0,1.614506969451904
2026-01-17 19:00:00,2026-01-17 18:00:00,11244,11261.674,17.673828125,9.35,9.13828,0.0003722867,0,0.2117200851440426
2026-01-17 20:00:00,2026-01-17 19:00:00,11118,11152.031,34.03125,9.8,8.5857315,0.0001705905,0,1.2142684936523445
2026-01-17 21:00:00,2026-01-17 20:00:00,11007,11042.188,35.1884765625,10.19,11.58555,0.00023990957,0,1.3955503082275396
2026-01-17 22:00:00,2026-01-17 21:00:00,10847,10877.987,30.9873046875,0.01,12.107536,0.00026334124,0,12.097536315917969
2026-01-17 23:00:00,2026-01-17 22:00:00,10666,10649.372,16.6279296875,0.0,2.165916,0.00011808101,0,2.1659159660339355
2026-01-18 00:00:00,2026-01-17 23:00:00,10448,10445.032,2.9677734375,0.0,1.334946,0.00063348876,0,1.3349460363388062
2026-01-18 01:00:00,2026-01-18 00:00:00,10226,10283.271,57.271484375,0.0,0.438773,0.00039175936,0,0.4387730062007904
2026-01-18 02:00:00,2026-01-18 01:00:00,10132,10136.588,4.587890625,0.0,0.5957597,0.00042240962,0,0.5957596898078918
2026-01-18 03:00:00,2026-01-18 02:00:00,10070,10078.289,8.2890625,0.0,0.4788624,0.0003397807,0,0.4788624048233032
2026-01-18 04:00:00,2026-01-18 03:00:00,9999,10087.807,88.806640625,0.0,0.9940132,0.00030570867,0,0.9940131902694702
2026-01-18 05:00:00,2026-01-18 04:00:00,10008,10050.759,42.7587890625,0.0,1.0496526,0.0004837513,0,1.0496525764465332
2026-01-18 06:00:00,2026-01-18 05:00:00,10058,10067.1,9.099609375,1.64,2.0725343,0.0011095585,0,0.43253432273864756
2026-01-18 07:00:00,2026-01-18 06:00:00,10170,10194.289,24.2890625,7.59,8.707004,0.00054597144,0,1.1170035934448244
2026-01-18 08:00:00,2026-01-18 07:00:00,10326,10337.939,11.939453125,7.5,10.9060135,0.0013803948,0,3.4060134887695312
2026-01-18 09:00:00,2026-01-18 08:00:00,10516,10462.098,53.90234375,18.28,6.5430784,0.00020335737,0,11.736921577453614
2026-01-18 10:00:00,2026-01-18 09:00:00,10687,10677.368,9.6318359375,22.1,22.1647,0.0044112294,0,0.06469955444335795
2026-01-18 11:00:00,2026-01-18 10:00:00,10779,10853.698,74.6982421875,24.29,23.074991,0.0013759158,0,1.21500877380371
2026-01-18 12:00:00,2026-01-18 11:00:00,10894,10827.168,66.83203125,30.21,25.517353,0.004588224,0,4.692646942138673
2026-01-18 13:00:00,2026-01-18 12:00:00,10999,10942.275,56.724609375,33.89,32.699795,0.011104023,0,1.1902052307128912
2026-01-18 14:00:00,2026-01-18 13:00:00,11036,11061.8125,25.8125,34.03,36.02927,0.008550004,0,1.9992701721191395
2026-01-18 15:00:00,2026-01-18 14:00:00,10959,11015.151,56.1513671875,26.4,31.999693,0.0070654075,0,5.599692916870119
2026-01-18 16:00:00,2026-01-18 15:00:00,11051,10952.793,98.20703125,30.74,25.532326,0.008524855,0,5.207674255371092
2026-01-18 17:00:00,2026-01-18 16:00:00,11299,11194.062,104.9384765625,164.07,37.468964,0.08284943,1,126.60103637695312
2026-01-18 18:00:00,2026-01-18 17:00:00,11559,11477.701,81.298828125,238.06,141.77516,0.883424,1,96.28483825683594
2026-01-18 19:00:00,2026-01-18 18:00:00,11504,11491.87,12.1298828125,145.07,142.02306,0.77356166,1,3.0469439697265557
2026-01-18 20:00:00,2026-01-18 19:00:00,11385,11409.013,24.0126953125,81.42,128.26434,0.45467833,0,46.84434326171875
2026-01-18 21:00:00,2026-01-18 20:00:00,11257,11257.068,0.068359375,40.3,91.81086,0.38755065,0,51.510859680175784
2026-01-18 22:00:00,2026-01-18 21:00:00,11064,11084.207,20.20703125,27.09,57.24103,0.10144733,0,30.151031646728516
2026-01-18 23:00:00,2026-01-18 22:00:00,10731,10810.176,79.17578125,24.5,36.229683,0.012936885,0,11.729682922363281
2026-01-19 00:00:00,2026-01-18 23:00:00,10488,10424.955,63.044921875,19.45,34.961063,0.005009842,0,15.511063385009766
2026-01-19 01:00:00,2026-01-19 00:00:00,10337,10302.743,34.2568359375,9.55,24.228476,0.0038821434,0,14.67847557067871
2026-01-19 02:00:00,2026-01-19 01:00:00,10229,10234.25,5.25,8.73,8.537466,0.0010071784,0,0.1925339508056645
2026-01-19 03:00:00,2026-01-19 02:00:00,10177,10163.528,13.4716796875,8.86,7.061304,0.00052524806,0,1.7986959075927729
2026-01-19 04:00:00,2026-01-19 03:00:00,10148,10135.6045,12.3955078125,5.1,9.385247,0.0006676618,0,4.2852472305297855
2026-01-19 05:00:00,2026-01-19 04:00:00,10118,10180.1,62.099609375,0.01,4.4388385,0.00048843224,0,4.428838481903076
2026-01-19 06:00:00,2026-01-19 05:00:00,10295,10252.3545,42.6455078125,2.9,2.5803988,0.0004297823,0,0.3196012020111083
2026-01-19 07:00:00,2026-01-19 06:00:00,10713,10684.607,28.392578125,10.75,9.938698,0.000706481,0,0.8113021850585938
2026-01-19 08:00:00,2026-01-19 07:00:00,11235,11156.016,78.984375,20.28,15.022713,0.0016889635,0,5.25728729248047
2026-01-19 09:00:00,2026-01-19 08:00:00,11465,11371.44,93.5595703125,23.69,22.955618,0.0020225574,0,0.7343820953369153
2026-01-19 10:00:00,2026-01-19 09:00:00,11453,11500.28,47.2802734375,22.3,23.309933,0.00323489,0,1.0099327087402337
2026-01-19 11:00:00,2026-01-19 10:00:00,11426,11420.175,5.8251953125,22.46,19.002737,0.002044703,0,3.457262954711915
2026-01-19 12:00:00,2026-01-19 11:00:00,11411,11381.861,29.138671875,23.98,21.725525,0.003033829,0,2.2544750976562504
2026-01-19 13:00:00,2026-01-19 12:00:00,11362,11365.885,3.884765625,24.47,23.98325,0.0069155,0,0.48675033569335824
2026-01-19 14:00:00,2026-01-19 13:00:00,11247,11338.614,91.6142578125,24.53,24.038261,0.003606191,0,0.4917385864257824
2026-01-19 15:00:00,2026-01-19 14:00:00,11203,11212.106,9.1064453125,25.53,24.140938,0.0049623908,0,1.3890621948242199
2026-01-19 16:00:00,2026-01-19 15:00:00,11212,11222.153,10.1533203125,30.5,25.123402,0.018192703,0,5.376598358154297
2026-01-19 17:00:00,2026-01-19 16:00:00,11417,11351.611,65.388671875,69.33,39.357567,0.054739658,0,29.972433166503905
2026-01-19 18:00:00,2026-01-19 17:00:00,11674,11598.231,75.7685546875,95.19,69.896996,0.5158983,0,25.293004455566404
2026-01-19 19:00:00,2026-01-19 18:00:00,11509,11532.642,23.6416015625,95.0,83.20473,0.47674432,0,11.795272827148438
2026-01-19 20:00:00,2026-01-19 19:00:00,11341,11413.124,72.1240234375,36.01,130.59184,0.5586114,0,94.5818426513672
2026-01-19 21:00:00,2026-01-19 20:00:00,11223,11241.472,18.4716796875,30.09,47.31742,0.048281558,0,17.227420959472656
2026-01-19 22:00:00,2026-01-19 21:00:00,10963,11024.227,61.2265625,26.93,35.394066,0.018938176,0,8.464065856933594
2026-01-19 23:00:00,2026-01-19 22:00:00,10632,10662.823,30.8232421875,21.93,32.600338,0.006135815,0,10.670337982177735
2026-01-20 00:00:00,2026-01-19 23:00:00,10325,10342.029,17.029296875,10.67,20.783096,0.00872044,0,10.113096313476563
2026-01-20 01:00:00,2026-01-20 00:00:00,10208,10159.761,48.2392578125,11.46,13.81168,0.0010713541,0,2.3516798400878898
2026-01-20 02:00:00,2026-01-20 01:00:00,10178,10130.516,47.484375,13.01,11.30349,0.0013787125,0,1.706510314941406
2026-01-20 03:00:00,2026-01-20 02:00:00,10198,10118.361,79.638671875,12.21,14.808954,0.0012974951,0,2.5989542388916007
2026-01-20 04:00:00,2026-01-20 03:00:00,10264,10183.095,80.9052734375,8.64,10.716666,0.0004774311,0,2.0766662216186518
2026-01-20 05:00:00,2026-01-20 04:00:00,10310,10289.423,20.5771484375,0.0,7.684882,0.0006468509,0,7.684882164001465
2026-01-20 06:00:00,2026-01-20 05:00:00,10481,10455.389,25.611328125,0.0,3.954527,0.00040179153,0,3.954526901245117
2026-01-20 07:00:00,2026-01-20 06:00:00,10882,10861.409,20.5908203125,6.01,4.0498943,0.0006532363,0,1.9601056671142576
2026-01-20 08:00:00,2026-01-20 07:00:00,11347,11298.342,48.658203125,12.44,10.228134,0.0006294313,0,2.211865844726562
2026-01-20 09:00:00,2026-01-20 08:00:00,11430,11507.151,77.1513671875,12.76,13.274821,0.00043287073,0,0.5148212814331057
2026-01-20 10:00:00,2026-01-20 09:00:00,11424,11455.238,31.23828125,22.91,11.853269,0.00016084,0,11.05673137664795
2026-01-20 11:00:00,2026-01-20 10:00:00,11402,11409.681,7.6806640625,27.33,27.748236,0.0016068362,0,0.41823570251465014
2026-01-20 12:00:00,2026-01-20 11:00:00,11354,11387.436,33.435546875,28.4,30.572699,0.022317251,0,2.17269859313965
2026-01-20 13:00:00,2026-01-20 12:00:00,11286,11301.574,15.57421875,25.48,30.196043,0.006840191,0,4.716043014526367
2026-01-20 14:00:00,2026-01-20 13:00:00,11160,11252.395,92.39453125,24.29,24.310513,0.007464702,0,0.020512542724610228
2026-01-20 15:00:00,2026-01-20 14:00:00,11219,11147.511,71.4892578125,26.78,24.530247,0.002304371,0,2.2497532653808605
2026-01-20 16:00:00,2026-01-20 15:00:00,11267,11300.006,33.005859375,23.94,32.09828,0.03741084,0,8.158281860351561
2026-01-20 17:00:00,2026-01-20 16:00:00,11448,11436.402,11.59765625,20.17,26.717283,0.0135407,0,6.5472832489013655
2026-01-20 18:00:00,2026-01-20 17:00:00,11612,11622.24,10.240234375,17.91,23.733213,0.021874573,0,5.823213424682617
2026-01-20 19:00:00,2026-01-20 18:00:00,11485,11500.256,15.255859375,14.01,15.117721,0.004757683,0,1.1077206039428713
2026-01-20 20:00:00,2026-01-20 19:00:00,11451,11408.22,42.7802734375,13.3,15.358871,0.0021998913,0,2.058871459960937
2026-01-20 21:00:00,2026-01-20 20:00:00,11422,11321.766,100.234375,13.23,11.10473,0.0007343251,0,2.1252703475952153
2026-01-20 22:00:00,2026-01-20 21:00:00,11277,11229.451,47.548828125,6.39,10.349913,0.0005426469,0,3.9599126434326175
2026-01-20 23:00:00,2026-01-20 22:00:00,10970,11002.397,32.3974609375,9.63,4.4488645,0.00021915726,0,5.181135540008546
2026-01-21 00:00:00,2026-01-20 23:00:00,10683,10662.339,20.6611328125,9.08,12.82849,0.0021625503,0,3.7484902572631835
2026-01-21 01:00:00,2026-01-21 00:00:00,10502,10489.472,12.5283203125,0.02,8.281984,0.00018937945,0,8.261984329223633
2026-01-21 02:00:00,2026-01-21 01:00:00,10411,10386.63,24.3701171875,0.01,2.9647465,0.0007386221,0,2.9547464752197268
2026-01-21 03:00:00,2026-01-21 02:00:00,10361,10310.119,50.880859375,0.01,1.3113947,0.00056581094,0,1.3013946914672851
2026-01-21 04:00:00,2026-01-21 03:00:00,10379,10342.13,36.8701171875,10.36,0.8477732,0.00051973143,0,9.51222680568695
2026-01-21 05:00:00,2026-01-21 04:00:00,10428,10405.459,22.541015625,12.61,14.585087,0.0018600915,0,1.9750868225097662
2026-01-21 06:00:00,2026-01-21 05:00:00,10604,10558.986,45.013671875,14.33,15.534024,0.0008061712,0,1.2040242385864257
2026-01-21 07:00:00,2026-01-21 06:00:00,11003,10993.024,9.9755859375,22.53,17.953632,0.0018887348,0,4.576367645263673
2026-01-21 08:00:00,2026-01-21 07:00:00,11439,11423.354,15.646484375,32.16,28.83403,0.0059634396,0,3.325969848632809
2026-01-21 09:00:00,2026-01-21 08:00:00,11613,11552.508,60.4921875,31.44,39.367256,0.017292177,0,7.92725616455078
2026-01-21 10:00:00,2026-01-21 09:00:00,11613,11675.197,62.197265625,21.47,26.93889,0.0025445893,0,5.4688904571533214
2026-01-21 11:00:00,2026-01-21 10:00:00,11565,11649.738,84.73828125,26.07,18.909458,0.00059657067,0,7.16054183959961
2026-01-21 12:00:00,2026-01-21 11:00:00,11556,11552.35,3.650390625,24.15,28.971268,0.018115884,0,4.821267700195314
2026-01-21 13:00:00,2026-01-21 12:00:00,11569,11517.077,51.9228515625,17.8,22.701216,0.0013049677,0,4.901215744018554
2026-01-21 14:00:00,2026-01-21 13:00:00,11503,11580.228,77.2275390625,11.88,17.825468,0.00087456725,0,5.945468063354491
2026-01-21 15:00:00,2026-01-21 14:00:00,11561,11495.555,65.4453125,11.14,11.525043,0.00026629883,0,0.38504253387451115
2026-01-21 16:00:00,2026-01-21 15:00:00,11654,11634.432,19.568359375,16.77,11.157611,0.0004943426,0,5.612389106750488
2026-01-21 17:00:00,2026-01-21 16:00:00,11903,11811.583,91.4169921875,24.9,23.565508,0.016702244,0,1.3344921112060533
2026-01-21 18:00:00,2026-01-21 17:00:00,12099,11975.424,123.576171875,30.89,30.213804,0.039043874,0,0.6761957550048834
2026-01-21 19:00:00,2026-01-21 18:00:00,12005,11966.299,38.701171875,34.32,30.697224,0.017420214,0,3.622776336669922
2026-01-21 20:00:00,2026-01-21 19:00:00,11860,11829.442,30.5576171875,28.13,39.658527,0.05143064,0,11.52852737426758
2026-01-21 21:00:00,2026-01-21 20:00:00,11727,11720.281,6.71875,26.17,27.627424,0.01712911,0,1.457424240112303
2026-01-21 22:00:00,2026-01-21 21:00:00,11489,11529.113,40.11328125,25.0,21.123415,0.012062903,0,3.876585006713867
2026-01-21 23:00:00,2026-01-21 22:00:00,11169,11253.235,84.2353515625,22.42,20.691996,0.002649616,0,1.7280043792724626
2026-01-22 00:00:00,2026-01-21 23:00:00,10891,10850.217,40.783203125,19.74,21.144838,0.0018913876,0,1.4048383331298844
2026-01-22 01:00:00,2026-01-22 00:00:00,10693,10679.852,13.1484375,20.3,18.545925,0.0044481284,0,1.7540748596191413
2026-01-22 02:00:00,2026-01-22 01:00:00,10595,10600.106,5.1064453125,21.11,20.813074,0.005640349,0,0.29692588806152287
2026-01-22 03:00:00,2026-01-22 02:00:00,10581,10488.751,92.2490234375,27.67,21.644629,0.004083442,0,6.025371475219728
2026-01-22 04:00:00,2026-01-22 03:00:00,10632,10573.477,58.5234375,31.85,30.767864,0.049388733,0,1.0821357727050795
2026-01-22 05:00:00,2026-01-22 04:00:00,10728,10684.162,43.837890625,32.54,34.29453,0.03774778,0,1.7545289611816415
2026-01-22 06:00:00,2026-01-22 05:00:00,10950,10945.382,4.6181640625,40.32,32.795074,0.017831977,0,7.524925537109375
2026-01-22 07:00:00,2026-01-22 06:00:00,11360,11302.725,57.275390625,62.77,55.57643,0.08194847,0,7.193568725585941
2026-01-22 08:00:00,2026-01-22 07:00:00,11652,11689.634,37.6337890625,145.03,66.11979,0.2972505,1,78.91021087646484
2026-01-22 09:00:00,2026-01-22 08:00:00,11797,11749.123,47.876953125,97.74,127.749565,0.7414029,0,30.009565124511724
2026-01-22 10:00:00,2026-01-22 09:00:00,11860,11824.922,35.078125,85.39,68.739075,0.27034673,0,16.65092529296875
2026-01-22 11:00:00,2026-01-22 10:00:00,11910,11884.449,25.55078125,74.35,90.920715,0.33796856,0,16.570715332031256
2026-01-22 12:00:00,2026-01-22 11:00:00,11950,11911.165,38.8349609375,64.57,80.54985,0.20448568,0,15.979850463867194
2026-01-22 13:00:00,2026-01-22 12:00:00,11901,11906.79,5.7900390625,48.17,73.66296,0.1869968,0,25.492956237792967
2026-01-22 14:00:00,2026-01-22 13:00:00,11902,11831.173,70.8271484375,38.51,48.7924,0.07884295,0,10.282400360107424
2026-01-22 15:00:00,2026-01-22 14:00:00,11913,11881.313,31.6865234375,38.16,35.817192,0.035820156,0,2.342807922363278
2026-01-22 16:00:00,2026-01-22 15:00:00,11918,11920.424,2.423828125,40.08,55.197495,0.029137736,0,15.11749450683594
2026-01-22 17:00:00,2026-01-22 16:00:00,12065,12001.759,63.2412109375,65.37,66.052055,0.14128432,0,0.6820553588867142
2026-01-22 18:00:00,2026-01-22 17:00:00,12291,12150.345,140.6552734375,55.8,139.19695,0.47401857,0,83.39694519042969
2026-01-22 19:00:00,2026-01-22 18:00:00,12250,12017.175,232.8251953125,53.52,66.57762,0.16938347,0,13.057621459960934
2026-01-22 20:00:00,2026-01-22 19:00:00,12149,11982.186,166.814453125,60.19,69.651566,0.25215912,0,9.461565551757815
2026-01-22 21:00:00,2026-01-22 20:00:00,12047,11948.458,98.5419921875,64.02,64.22613,0.22291169,0,0.20612762451172273
2026-01-22 22:00:00,2026-01-22 21:00:00,11857,11846.898,10.1015625,64.91,52.76727,0.07888565,0,12.142730865478512
2026-01-22 23:00:00,2026-01-22 22:00:00,11626,11644.285,18.28515625,60.9,55.65435,0.020544117,0,5.24564971923828
2026-01-23 00:00:00,2026-01-22 23:00:00,11358,11313.62,44.3798828125,52.29,59.911095,0.033293623,0,7.621094665527345
2026-01-23 01:00:00,2026-01-23 00:00:00,11130,11130.218,0.2177734375,43.9,50.60973,0.025017302,0,6.7097297668457045
2026-01-23 02:00:00,2026-01-23 01:00:00,10956,10942.98,13.01953125,39.87,42.668987,0.019263843,0,2.7989872741699244
2026-01-23 03:00:00,2026-01-23 02:00:00,11009,10836.831,172.1689453125,39.79,38.59329,0.0071329386,0,1.1967115783691398
2026-01-23 04:00:00,2026-01-23 03:00:00,10951,10993.56,42.5595703125,39.17,38.60477,0.0059875282,0,0.5652293395996111
2026-01-23 05:00:00,2026-01-23 04:00:00,11000,10904.426,95.57421875,39.16,38.34178,0.0067349854,0,0.8182183837890591
2026-01-23 06:00:00,2026-01-23 05:00:00,11157,11144.247,12.7529296875,39.66,50.74415,0.006705607,0,11.084148254394535
2026-01-23 07:00:00,2026-01-23 06:00:00,11547,11440.068,106.931640625,42.83,54.08462,0.0028707692,0,11.254621429443361
2026-01-23 08:00:00,2026-01-23 07:00:00,11993,11873.343,119.6572265625,61.2,56.53886,0.01329848,0,4.661139678955081
2026-01-23 09:00:00,2026-01-23 08:00:00,12129,12011.602,117.3984375,99.54,64.893845,0.19752334,0,34.64615539550782
2026-01-23 10:00:00,2026-01-23 09:00:00,12135,12044.389,90.611328125,67.32,77.78872,0.34589514,0,10.4687191772461
2026-01-23 11:00:00,2026-01-23 10:00:00,12155,12036.952,118.0478515625,52.38,65.94869,0.049009055,0,13.568692321777341
2026-01-23 12:00:00,2026-01-23 11:00:00,12110,12016.778,93.2216796875,48.91,62.915226,0.033328064,0,14.005225982666019
2026-01-23 13:00:00,2026-01-23 12:00:00,12054,11967.496,86.50390625,44.39,50.594955,0.01791492,0,6.204955444335937
2026-01-23 14:00:00,2026-01-23 13:00:00,11952,11935.896,16.103515625,44.14,52.974915,0.014582968,0,8.83491455078125
2026-01-23 15:00:00,2026-01-23 14:00:00,11870,11863.013,6.9873046875,44.43,47.637154,0.015223874,0,3.2071536254882815
2026-01-23 16:00:00,2026-01-23 15:00:00,12002,11811.515,190.4853515625,46.1,50.61687,0.030101554,0,4.516870880126952
2026-01-23 17:00:00,2026-01-23 16:00:00,12128,12057.415,70.5849609375,63.4,82.33943,0.09591846,0,18.939431762695314
2026-01-23 18:00:00,2026-01-23 17:00:00,12238,12127.416,110.583984375,57.61,129.38602,0.27827907,0,71.77601684570313
2026-01-23 19:00:00,2026-01-23 18:00:00,12127,12013.796,113.2041015625,37.47,106.67349,0.17440887,0,69.20349243164063
2026-01-23 20:00:00,2026-01-23 19:00:00,11972,11939.967,32.033203125,34.94,58.146965,0.04185349,0,23.20696502685547
2026-01-23 21:00:00,2026-01-23 20:00:00,11839,11841.254,2.25390625,37.41,62.567116,0.00758508,0,25.15711578369141
2026-01-23 22:00:00,2026-01-23 21:00:00,11678,11680.157,2.1572265625,35.71,39.321495,0.007011055,0,3.611495056152343
2026-01-23 23:00:00,2026-01-23 22:00:00,11430,11447.404,17.404296875,33.19,30.56264,0.0013625097,0,2.6273607635498024
2026-01-24 00:00:00,2026-01-23 23:00:00,11181,11185.098,4.09765625,29.3,28.024618,0.0017419178,0,1.2753818511962898
2026-01-24 01:00:00,2026-01-24 00:00:00,10968,10981.582,13.58203125,31.07,28.804873,0.0015273024,0,2.2651274871826175
2026-01-24 02:00:00,2026-01-24 01:00:00,10820,10831.586,11.5859375,31.17,32.17158,0.0026476649,0,1.0015812683105452
2026-01-24 03:00:00,2026-01-24 02:00:00,10738,10747.497,9.4970703125,33.27,32.872017,0.0016850926,0,0.3979830932617219
2026-01-24 04:00:00,2026-01-24 03:00:00,10679,10715.804,36.8037109375,33.28,33.563145,0.0014858008,0,0.2831446838378895
2026-01-24 05:00:00,2026-01-24 04:00:00,10656,10679.672,23.671875,33.45,30.887775,0.0010339357,0,2.5622245788574247
2026-01-24 06:00:00,2026-01-24 05:00:00,10715,10735.118,20.1181640625,35.37,35.48387,0.0019333381,0,0.11387145996094006
2026-01-24 07:00:00,2026-01-24 06:00:00,10857,10873.351,16.3505859375,36.9,39.15256,0.0019412375,0,2.252561187744142
2026-01-24 08:00:00,2026-01-24 07:00:00,11126,11103.933,22.0673828125,39.97,38.68882,0.00293982,0,1.2811801147460926
2026-01-24 09:00:00,2026-01-24 08:00:00,11305,11318.177,13.1767578125,44.25,50.903187,0.011650612,0,6.653186798095703
2026-01-24 10:00:00,2026-01-24 09:00:00,11470,11375.346,94.654296875,40.81,50.494656,0.05132845,0,9.684655609130857
2026-01-24 11:00:00,2026-01-24 10:00:00,11644,11510.549,133.451171875,45.47,48.614643,0.02891443,0,3.1446430969238293
2026-01-24 12:00:00,2026-01-24 11:00:00,11681,11666.662,14.337890625,44.22,53.742218,0.118859135,0,9.522218017578126
2026-01-24 13:00:00,2026-01-24 12:00:00,11649,11644.047,4.953125,44.4,49.015408,0.017969795,0,4.615407562255861
2026-01-24 14:00:00,2026-01-24 13:00:00,11596,11631.104,35.103515625,44.4,44.018635,0.034775175,0,0.38136520385742045
2026-01-24 15:00:00,2026-01-24 14:00:00,11539,11553.078,14.078125,44.45,44.29546,0.028484566,0,0.15454025268554972
2026-01-24 16:00:00,2026-01-24 15:00:00,11559,11530.178,28.822265625,50.45,45.23505,0.07776191,0,5.214949798583987
2026-01-24 17:00:00,2026-01-24 16:00:00,11586,11728.759,142.7587890625,118.01,88.874084,0.6227092,1,29.135915527343755
2026-01-24 18:00:00,2026-01-24 17:00:00,11803,11713.204,89.7958984375,181.68,244.70964,0.9212457,1,63.02964050292968
2026-01-24 19:00:00,2026-01-24 18:00:00,11768,11751.494,16.505859375,200.0,267.3151,0.8969061,1,67.31509399414062
2026-01-24 20:00:00,2026-01-24 19:00:00,11666,11658.903,7.0966796875,181.41,242.62329,0.91613835,1,61.213291015625
2026-01-24 21:00:00,2026-01-24 20:00:00,11646,11519.456,126.5439453125,70.55,197.31662,0.9093332,0,126.76661987304688
2026-01-24 22:00:00,2026-01-24 21:00:00,11585,11440.464,144.5361328125,69.1,55.938942,0.11235445,0,13.161058044433588
2026-01-24 23:00:00,2026-01-24 22:00:00,11384,11377.043,6.95703125,67.99,69.923225,0.11105429,0,1.9332254028320364
2026-01-25 00:00:00,2026-01-24 23:00:00,11183,11132.05,50.9501953125,68.78,68.27019,0.19746561,0,0.5098126220703136
2026-01-25 01:00:00,2026-01-25 00:00:00,11057,10989.009,67.9912109375,69.83,68.538475,0.1199489,0,1.2915249633789045
2026-01-25 02:00:00,2026-01-25 01:00:00,10951,10900.784,50.2158203125,78.43,65.92604,0.15793763,0,12.503959350585944
2026-01-25 03:00:00,2026-01-25 02:00:00,10913,10849.518,63.482421875,68.48,83.83031,0.11730306,0,15.350307006835934
2026-01-25 04:00:00,2026-01-25 03:00:00,10916,10873.381,42.619140625,65.02,66.04961,0.11439461,0,1.0296063232421915
2026-01-25 05:00:00,2026-01-25 04:00:00,10946,10917.438,28.5615234375,57.8,67.72908,0.11313467,0,9.929080200195315
2026-01-25 06:00:00,2026-01-25 05:00:00,11017,10974.519,42.4814453125,41.92,85.62672,0.059531126,0,43.70671661376953
2026-01-25 07:00:00,2026-01-25 06:00:00,11102,11143.172,41.171875,35.23,53.826443,0.025474677,0,18.596442718505863
2026-01-25 08:00:00,2026-01-25 07:00:00,11296,11250.712,45.2880859375,32.5,41.129253,0.010844877,0,8.629253387451172
2026-01-25 09:00:00,2026-01-25 08:00:00,11494,11420.625,73.375,28.21,29.096033,0.007216262,0,0.8860330963134757
2026-01-25 10:00:00,2026-01-25 09:00:00,11632,11579.409,52.5908203125,19.51,30.398804,0.00513033,0,10.888803710937498
2026-01-25 11:00:00,2026-01-25 10:00:00,11666,11700.357,34.357421875,17.08,20.73653,0.0018648099,0,3.65653030395508
2026-01-25 12:00:00,2026-01-25 11:00:00,11623,11658.589,35.5888671875,18.15,19.472864,0.000951522,0,1.322864151000978
2026-01-25 13:00:00,2026-01-25 12:00:00,11612,11609.966,2.0341796875,19.0,21.138582,0.0008259947,0,2.138582229614258
2026-01-25 14:00:00,2026-01-25 13:00:00,11567,11599.155,32.1552734375,17.67,18.422455,0.0009240563,0,0.7524548339843733
2026-01-25 15:00:00,2026-01-25 14:00:00,11560,11561.047,1.046875,13.82,16.970387,0.00064610445,0,3.150386505126953
2026-01-25 16:00:00,2026-01-25 15:00:00,11603,11616.866,13.8662109375,1.25,20.05731,0.00091383717,0,18.807310104370117
2026-01-25 17:00:00,2026-01-25 16:00:00,11751,11775.562,24.5615234375,17.37,18.360554,0.0021084915,0,0.9905537414550771
2026-01-25 18:00:00,2026-01-25 17:00:00,12018,11928.572,89.427734375,19.05,29.673248,0.0455419,0,10.623248291015624
2026-01-25 19:00:00,2026-01-25 18:00:00,11977,12017.965,40.96484375,17.64,20.806526,0.0024851866,0,3.1665261840820307
2026-01-25 20:00:00,2026-01-25 19:00:00,11821,11892.048,71.0478515625,17.76,12.233645,0.0021667061,0,5.526354560852052
2026-01-25 21:00:00,2026-01-25 20:00:00,11676,11736.288,60.2880859375,18.06,15.79309,0.0027144433,0,2.266910133361815
2026-01-25 22:00:00,2026-01-25 21:00:00,11436,11472.419,36.4189453125,18.09,16.053919,0.0011583169,0,2.0360811614990233
2026-01-25 23:00:00,2026-01-25 22:00:00,11134,11176.403,42.4033203125,18.81,16.251612,0.00031658023,0,2.558388290405272
2026-01-26 00:00:00,2026-01-25 23:00:00,10883,10867.195,15.8046875,19.14,18.796701,0.000352181,0,0.3432985687255865
2026-01-26 01:00:00,2026-01-26 00:00:00,10684,10729.373,45.373046875,19.29,19.476341,0.00077368534,0,0.1863412475585946
2026-01-26 02:00:00,2026-01-26 01:00:00,10558,10600.637,42.63671875,19.72,20.070326,0.0011304908,0,0.3503258514404308
2026-01-26 03:00:00,2026-01-26 02:00:00,10526,10504.397,21.6025390625,18.09,20.863834,0.00059028156,0,2.7738343811035158
2026-01-26 04:00:00,2026-01-26 03:00:00,10540,10536.626,3.3740234375,17.83,17.419056,0.00037530047,0,0.41094406127929517
2026-01-26 05:00:00,2026-01-26 04:00:00,10619,10579.551,39.44921875,20.14,17.465235,0.0005626552,0,2.674765243530274
2026-01-26 06:00:00,2026-01-26 05:00:00,10802,10833.065,31.0654296875,27.6,23.526775,0.0017440442,0,4.0732246398925795
2026-01-26 07:00:00,2026-01-26 06:00:00,11237,11202.765,34.2353515625,41.62,39.490707,0.013097533,0,2.12929260253906
2026-01-26 08:00:00,2026-01-26 07:00:00,11684,11631.391,52.609375,63.92,47.417336,0.0422522,0,16.502664489746095
2026-01-26 09:00:00,2026-01-26 08:00:00,11871,11750.681,120.3193359375,75.22,52.749153,0.11744006,0,22.470846862792968
2026-01-26 10:00:00,2026-01-26 09:00:00,11932,11862.166,69.833984375,42.77,58.99116,0.079817586,0,16.221161346435544
2026-01-26 11:00:00,2026-01-26 10:00:00,11889,11932.515,43.5146484375,34.44,39.930595,0.042862337,0,5.490595397949221
2026-01-26 12:00:00,2026-01-26 11:00:00,11898,11858.961,39.0390625,50.19,30.631872,0.0056514,0,19.558127822875974
2026-01-26 13:00:00,2026-01-26 12:00:00,11880,11870.048,9.9521484375,47.15,41.154446,0.020974608,0,5.995554351806639
2026-01-26 14:00:00,2026-01-26 13:00:00,11925,11825.313,99.6865234375,39.57,38.08988,0.02686243,0,1.480118103027344
2026-01-26 15:00:00,2026-01-26 14:00:00,11928,11924.068,3.931640625,40.49,61.043358,0.034321208,0,20.55335784912109
2026-01-26 16:00:00,2026-01-26 15:00:00,11941,11918.449,22.55078125,56.33,64.703964,0.11194081,0,8.37396423339844
2026-01-26 17:00:00,2026-01-26 16:00:00,11987,12031.193,44.193359375,110.71,119.54385,0.55062234,1,8.833853759765631
2026-01-26 18:00:00,2026-01-26 17:00:00,12120,12055.01,64.990234375,87.2,263.05505,0.8356503,0,175.8550537109375
2026-01-26 19:00:00,2026-01-26 18:00:00,12047,12044.039,2.9609375,44.73,183.50685,0.39706448,0,138.77685119628907
2026-01-26 20:00:00,2026-01-26 19:00:00,11983,11924.712,58.2880859375,47.8,83.184654,0.23776339,0,35.38465423583985
2026-01-26 21:00:00,2026-01-26 20:00:00,11834,11843.314,9.314453125,33.8,48.888718,0.1222749,0,15.08871765136719
2026-01-26 22:00:00,2026-01-26 21:00:00,11576,11623.325,47.3251953125,32.01,33.997726,0.012986255,0,1.9877264404296895
2026-01-26 23:00:00,2026-01-26 22:00:00,11265,11277.646,12.646484375,30.47,25.151922,0.0011093144,0,5.31807777404785
2026-01-27 00:00:00,2026-01-26 23:00:00,10960,10969.649,9.6494140625,28.71,28.0578,0.0014940738,0,0.6521997070312509
2026-01-27 01:00:00,2026-01-27 00:00:00,10797,10748.407,48.5927734375,28.55,29.313044,0.0015115121,0,0.7630435943603509
2026-01-27 02:00:00,2026-01-27 01:00:00,10726,10682.996,43.00390625,27.81,29.977848,0.0021195184,0,2.167848052978517
2026-01-27 03:00:00,2026-01-27 02:00:00,10685,10681.768,3.232421875,25.04,27.406515,0.0006158389,0,2.366515121459962
2026-01-27 04:00:00,2026-01-27 03:00:00,10640,10664.54,24.5400390625,21.37,24.574656,0.0005297079,0,3.204655532836913
2026-01-27 05:00:00,2026-01-27 04:00:00,10636,10661.926,25.92578125,18.85,19.91924,0.00036283262,0,1.0692409515380845
2026-01-27 06:00:00,2026-01-27 05:00:00,10836,10763.431,72.5693359375,18.2,19.854557,0.0006589797,0,1.6545570373535163
2026-01-27 07:00:00,2026-01-27 06:00:00,11212,11239.139,27.138671875,21.81,21.190859,0.0003403122,0,0.6191411590576159
2026-01-27 08:00:00,2026-01-27 07:00:00,11657,11596.899,60.1005859375,29.95,23.629763,0.0007680382,0,6.3202373504638665
2026-01-27 09:00:00,2026-01-27 08:00:00,11786,11720.12,65.8798828125,30.89,36.72134,0.0041639856,0,5.831340179443359
2026-01-27 10:00:00,2026-01-27 09:00:00,11716,11788.353,72.3525390625,23.99,27.656536,0.0007515083,0,3.6665361022949234
2026-01-27 11:00:00,2026-01-27 10:00:00,11663,11674.42,11.419921875,18.03,19.3313,0.00043278866,0,1.3013007354736317
2026-01-27 12:00:00,2026-01-27 11:00:00,11608,11629.112,21.1123046875,18.42,16.79389,0.000541828,0,1.6261100006103533
2026-01-27 13:00:00,2026-01-27 12:00:00,11493,11527.222,34.2216796875,19.23,16.679506,0.00060340937,0,2.5504936981201176
2026-01-27 14:00:00,2026-01-27 13:00:00,11429,11478.475,49.474609375,19.89,20.071068,0.0008932733,0,0.18106781005859318
2026-01-27 15:00:00,2026-01-27 14:00:00,11366,11377.667,11.6669921875,18.96,20.155079,0.0009975571,0,1.1950788879394523
2026-01-27 16:00:00,2026-01-27 15:00:00,11435,11340.606,94.3935546875,28.63,17.908276,0.0015051794,0,10.721724395751952
2026-01-27 17:00:00,2026-01-27 16:00:00,11670,11557.527,112.47265625,61.35,55.485725,0.02900278,0,5.86427459716797
2026-01-27 18:00:00,2026-01-27 17:00:00,11876,11770.82,105.1796875,84.53,109.60927,0.1659139,0,25.07926818847656
2026-01-27 19:00:00,2026-01-27 18:00:00,11758,11795.21,37.2099609375,78.45,133.21082,0.12192591,0,54.7608154296875
2026-01-27 20:00:00,2026-01-27 19:00:00,11642,11642.942,0.9423828125,42.78,95.26191,0.17229277,0,52.48190948486328
2026-01-27 21:00:00,2026-01-27 20:00:00,11527,11481.258,45.7421875,44.56,37.84749,0.03760736,0,6.71251159667969
2026-01-27 22:00:00,2026-01-27 21:00:00,11298,11337.128,39.1279296875,33.66,46.29415,0.026239155,0,12.634151306152347
2026-01-27 23:00:00,2026-01-27 22:00:00,10976,11025.157,49.1572265625,25.82,29.497042,0.0024485423,0,3.6770417022705075
2026-01-28 00:00:00,2026-01-27 23:00:00,10712,10683.117,28.8828125,22.84,22.416538,0.001084028,0,0.42346176147460923
2026-01-28 01:00:00,2026-01-28 00:00:00,10620,10581.449,38.55078125,29.71,22.687443,0.0015875751,0,7.022557220458985
2026-01-28 02:00:00,2026-01-28 01:00:00,10495,10547.389,52.388671875,32.72,32.333107,0.010911921,0,0.3868930053710926
2026-01-28 03:00:00,2026-01-28 02:00:00,10460,10430.681,29.3193359375,31.76,33.117764,0.0028174275,0,1.3577635192871078
2026-01-28 04:00:00,2026-01-28 03:00:00,10407,10469.071,62.0712890625,28.08,29.405338,0.0007939198,0,1.3253382873535173
2026-01-28 05:00:00,2026-01-28 04:00:00,10439,10398.994,40.005859375,29.3,28.043589,0.0021551752,0,1.2564113616943366
2026-01-28 06:00:00,2026-01-28 05:00:00,10659,10590.657,68.3427734375,29.17,31.739185,0.0070464015,0,2.5691853332519514
2026-01-28 07:00:00,2026-01-28 06:00:00,11035,11018.282,16.7177734375,29.7,33.152866,0.0017928974,0,3.4528663635253913
2026-01-28 08:00:00,2026-01-28 07:00:00,11490,11433.73,56.26953125,30.09,32.73463,0.0049003595,0,2.644630584716797
2026-01-28 09:00:00,2026-01-28 08:00:00,11644,11600.603,43.3974609375,31.92,28.868187,0.0074976366,0,3.051813049316408
2026-01-28 10:00:00,2026-01-28 09:00:00,11617,11649.521,32.521484375,29.82,29.221014,0.0035578469,0,0.5989859771728518
2026-01-28 11:00:00,2026-01-28 10:00:00,11612,11600.514,11.486328125,26.67,25.683832,0.0017959892,0,0.9861678314209001
2026-01-28 12:00:00,2026-01-28 11:00:00,11569,11593.5,24.5,18.08,23.907005,0.0026503117,0,5.8270053100585955
2026-01-28 13:00:00,2026-01-28 12:00:00,11569,11509.414,59.5859375,16.53,16.304749,0.0009737043,0,0.22525146484375114
2026-01-28 14:00:00,2026-01-28 13:00:00,11538,11551.362,13.3623046875,18.54,15.615425,0.0009010732,0,2.924574890136718
2026-01-28 15:00:00,2026-01-28 14:00:00,11470,11485.47,15.4697265625,26.92,20.623959,0.0020441874,0,6.296041412353517
2026-01-28 16:00:00,2026-01-28 15:00:00,11502,11433.241,68.7587890625,30.9,37.69435,0.027258802,0,6.794351196289064
2026-01-28 17:00:00,2026-01-28 16:00:00,11642,11648.469,6.46875,49.5,41.5904,0.04122047,0,7.909599304199219
2026-01-28 18:00:00,2026-01-28 17:00:00,11818,11779.067,38.9326171875,106.62,74.52467,0.24806269,1,32.09532653808594
2026-01-28 19:00:00,2026-01-28 18:00:00,11700,11724.411,24.4111328125,79.29,180.4726,0.26442626,0,101.18259521484374
2026-01-28 20:00:00,2026-01-28 19:00:00,11577,11563.802,13.1982421875,97.58,76.67804,0.21989894,0,20.90196044921875
2026-01-28 21:00:00,2026-01-28 20:00:00,11400,11421.717,21.716796875,56.03,113.433716,0.4185582,0,57.4037158203125
2026-01-28 22:00:00,2026-01-28 21:00:00,11161,11213.211,52.2109375,57.01,46.286446,0.06954952,0,10.723554382324217
2026-01-28 23:00:00,2026-01-28 22:00:00,10921,10892.752,28.248046875,35.7,53.7421,0.022850988,0,18.042099761962888
2026-01-29 00:00:00,2026-01-28 23:00:00,10667,10638.932,28.068359375,33.28,30.87964,0.010507741,0,2.4003594207763683
2026-01-29 01:00:00,2026-01-29 00:00:00,10488,10501.15,13.150390625,30.4,30.048653,0.0027623693,0,0.35134735107421733
2026-01-29 02:00:00,2026-01-29 01:00:00,10428,10374.677,53.3232421875,24.16,28.429243,0.0020685804,0,4.2692430877685545
2026-01-29 03:00:00,2026-01-29 02:00:00,10325,10329.333,4.3330078125,15.95,22.35136,0.0011133855,0,6.401360321044923
2026-01-29 04:00:00,2026-01-29 03:00:00,10305,10286.198,18.8017578125,15.22,15.161181,0.0002857012,0,0.05881855010986392
2026-01-29 05:00:00,2026-01-29 04:00:00,10290,10313.177,23.1767578125,15.51,12.534533,0.000324357,0,2.9754674530029295
2026-01-29 06:00:00,2026-01-29 05:00:00,10465,10405.386,59.6142578125,19.23,15.406498,0.00071399397,0,3.823502044677735
2026-01-29 07:00:00,2026-01-29 06:00:00,10865,10832.7705,32.2294921875,28.56,23.281286,0.0012148451,0,5.278713760375975
2026-01-29 08:00:00,2026-01-29 07:00:00,11304,11297.385,6.615234375,47.88,40.318314,0.04068012,0,7.56168640136719
2026-01-29 09:00:00,2026-01-29 08:00:00,11383,11405.682,22.681640625,59.0,48.99871,0.13427655,0,10.001289367675781
2026-01-29 10:00:00,2026-01-29 09:00:00,11406,11395.363,10.63671875,33.22,45.882202,0.042354938,0,12.662202148437501
2026-01-29 11:00:00,2026-01-29 10:00:00,11388,11428.57,40.5703125,44.01,27.444702,0.0061371787,0,16.565297851562498
2026-01-29 12:00:00,2026-01-29 11:00:00,11270,11333.736,63.736328125,44.25,44.52692,0.034568008,0,0.2769203186035156
2026-01-29 13:00:00,2026-01-29 12:00:00,11214,11203.067,10.9326171875,29.11,42.3859,0.028260715,0,13.275898590087891
2026-01-29 14:00:00,2026-01-29 13:00:00,11213,11188.321,24.6787109375,27.93,25.301908,0.0035404135,0,2.6280915069580075
2026-01-29 15:00:00,2026-01-29 14:00:00,11191,11195.221,4.220703125,27.51,25.947802,0.0023878636,0,1.5621984100341813
2026-01-29 16:00:00,2026-01-29 15:00:00,11199,11225.974,26.9736328125,39.46,26.866629,0.006727812,0,12.593371353149415
2026-01-29 17:00:00,2026-01-29 16:00:00,11351,11327.374,23.6259765625,122.59,54.76553,0.14760768,1,67.82447036743164
2026-01-29 18:00:00,2026-01-29 17:00:00,11534,11554.079,20.0791015625,98.07,198.98131,0.6748396,0,100.91130798339844
2026-01-29 19:00:00,2026-01-29 18:00:00,11492,11483.042,8.9580078125,34.97,66.35029,0.11883761,0,31.380288391113282
2026-01-29 20:00:00,2026-01-29 19:00:00,11406,11431.652,25.65234375,26.52,43.369247,0.03655053,0,16.849247436523438
2026-01-29 21:00:00,2026-01-29 20:00:00,11349,11307.781,41.21875,16.23,25.22639,0.004516642,0,8.996390838623046
2026-01-29 22:00:00,2026-01-29 21:00:00,11148,11176.1,28.099609375,15.15,13.52011,0.00067549094,0,1.6298898696899418
2026-01-29 23:00:00,2026-01-29 22:00:00,10838,10885.22,47.2197265625,14.16,13.044359,0.00030919028,0,1.1156407928466798
2026-01-30 00:00:00,2026-01-29 23:00:00,10562,10587.576,25.576171875,14.09,9.37017,0.00047722002,0,4.7198303604125975
2026-01-30 01:00:00,2026-01-30 00:00:00,10358,10374.594,16.59375,13.83,11.083118,0.00016218385,0,2.746881561279297
2026-01-30 02:00:00,2026-01-30 01:00:00,10210,10273.053,63.052734375,15.06,10.784355,0.00014999522,0,4.275644836425782
2026-01-30 03:00:00,2026-01-30 02:00:00,10159,10133.447,25.552734375,15.46,14.916039,0.00022807179,0,0.5439605331420907
2026-01-30 04:00:00,2026-01-30 03:00:00,10182,10140.576,41.423828125,18.25,14.318903,0.00021574854,0,3.9310970306396484
2026-01-30 05:00:00,2026-01-30 04:00:00,10265,10213.74,51.259765625,17.85,19.30976,0.0007644861,0,1.459759140014647
2026-01-30 06:00:00,2026-01-30 05:00:00,10412,10460.909,48.9091796875,21.99,17.485569,0.00037658907,0,4.504430999755858
2026-01-30 07:00:00,2026-01-30 06:00:00,10762,10717.184,44.81640625,27.52,24.287483,0.00085444894,0,3.2325167846679683
2026-01-30 08:00:00,2026-01-30 07:00:00,11208,11191.765,16.2353515625,31.2,31.372234,0.014638308,0,0.17223434448242259
2026-01-30 09:00:00,2026-01-30 08:00:00,11436,11364.8545,71.1455078125,29.43,34.610794,0.01767541,0,5.180794067382813
2026-01-30 10:00:00,2026-01-30 09:00:00,11528,11488.779,39.220703125,19.08,25.915655,0.006202503,0,6.8356551361084
2026-01-30 11:00:00,2026-01-30 10:00:00,11590,11557.984,32.015625,13.98,15.690493,0.0007980612,0,1.7104926300048824
2026-01-30 12:00:00,2026-01-30 11:00:00,11622,11612.0205,9.9794921875,1.86,10.595291,0.00035145268,0,8.735291137695313
2026-01-30 13:00:00,2026-01-30 12:00:00,11571,11584.4,13.400390625,0.0,0.0,0.00021318269,0,0.0
2026-01-30 14:00:00,2026-01-30 13:00:00,11552,11521.815,30.1845703125,0.0,0.0,0.00021431032,0,0.0
2026-01-30 15:00:00,2026-01-30 14:00:00,11498,11534.432,36.431640625,0.0,0.0,0.0003125869,0,0.0
2026-01-30 16:00:00,2026-01-30 15:00:00,11481,11514.608,33.6083984375,13.28,1.1081305,0.0007462448,0,12.17186954498291
2026-01-30 17:00:00,2026-01-30 16:00:00,11541,11610.1875,69.1875,14.07,21.57412,0.0041756993,0,7.5041195678710935
2026-01-30 18:00:00,2026-01-30 17:00:00,11693,11660.709,32.291015625,15.14,16.346949,0.003770243,0,1.206948623657226
2026-01-30 19:00:00,2026-01-30 18:00:00,11565,11640.738,75.73828125,14.06,8.072019,0.00034722826,0,5.98798137664795
2026-01-30 20:00:00,2026-01-30 19:00:00,11399,11443.244,44.244140625,13.67,11.933552,0.0010987164,0,1.7364482116699218
2026-01-30 21:00:00,2026-01-30 20:00:00,11272,11293.263,21.2626953125,8.69,10.451258,0.0004943723,0,1.761257705688477
2026-01-30 22:00:00,2026-01-30 21:00:00,11116,11095.575,20.4248046875,0.73,5.442826,0.0003340597,0,4.71282579421997
2026-01-30 23:00:00,2026-01-30 22:00:00,10868,10879.682,11.681640625,0.0,0.3508023,0.00023992007,0,0.35080230236053467
2026-01-31 00:00:00,2026-01-30 23:00:00,10591,10606.933,15.9326171875,0.0,0.13314573,0.00027790933,0,0.13314573466777802
2026-01-31 01:00:00,2026-01-31 00:00:00,10354,10365.541,11.541015625,7.3,0.47777915,0.00029252685,0,6.8222208499908445
2026-01-31 02:00:00,2026-01-31 01:00:00,10176,10231.105,55.10546875,4.26,11.993468,0.00028614115,0,7.733468284606934
2026-01-31 03:00:00,2026-01-31 02:00:00,10112,10071.442,40.5576171875,0.0,3.7112756,0.00014011102,0,3.711275577545166
2026-01-31 04:00:00,2026-01-31 03:00:00,10057,10093.763,36.7626953125,0.0,1.0509825,0.00011259213,0,1.0509824752807617
2026-01-31 05:00:00,2026-01-31 04:00:00,10069,10083.11,14.1103515625,0.0,0.6544641,0.00013753957,0,0.6544641256332397
2026-01-31 06:00:00,2026-01-31 05:00:00,10082,10148.686,66.685546875,3.66,1.6024748,0.00024730572,0,2.057525191307068
2026-01-31 07:00:00,2026-01-31 06:00:00,10211,10187.797,23.203125,16.79,9.301389,0.00024261445,0,7.488611259460448
2026-01-31 08:00:00,2026-01-31 07:00:00,10428,10449.659,21.6591796875,15.82,24.707302,0.0050077797,0,8.887302093505859
2026-01-31 09:00:00,2026-01-31 08:00:00,10612,10581.549,30.451171875,9.29,12.851003,0.00043013802,0,3.5610026931762704
2026-01-31 10:00:00,2026-01-31 09:00:00,10724,10810.271,86.271484375,0.0,7.6960225,0.00018365949,0,7.6960225105285645
2026-01-31 11:00:00,2026-01-31 10:00:00,10746,10843.012,97.01171875,0.0,2.0899725,0.00014422795,0,2.089972496032715
2026-01-31 12:00:00,2026-01-31 11:00:00,10776,10731.178,44.822265625,1.33,0.8226006,0.00019325133,0,0.5073993968963624
2026-01-31 13:00:00,2026-01-31 12:00:00,10730,10755.604,25.603515625,1.07,5.6846075,0.00016295891,0,4.61460750579834
2026-01-31 14:00:00,2026-01-31 13:00:00,10689,10718.099,29.0986328125,0.0,1.311825,0.00014761633,0,1.3118250370025635
2026-01-31 15:00:00,2026-01-31 14:00:00,10673,10723.967,50.966796875,1.11,0.6800754,0.00019329776,0,0.42992459297180186
2026-01-31 16:00:00,2026-01-31 15:00:00,10725,10725.075,0.0751953125,10.97,5.8794203,0.00048073096,0,5.090579719543458
2026-01-31 17:00:00,2026-01-31 16:00:00,10876,10884.428,8.427734375,21.62,14.750407,0.0014052866,0,6.8695927810668955
2026-01-31 18:00:00,2026-01-31 17:00:00,11136,11108.557,27.443359375,32.53,28.21553,0.008340033,0,4.314469604492189
2026-01-31 19:00:00,2026-01-31 18:00:00,11184,11150.742,33.2578125,33.9,34.7043,0.0055663786,0,0.8042999267578139
2026-01-31 20:00:00,2026-01-31 19:00:00,11076,11104.694,28.6943359375,38.47,35.61165,0.007291721,0,2.8583514404296864
2026-01-31 21:00:00,2026-01-31 20:00:00,10972,10981.252,9.251953125,44.51,39.96145,0.008861717,0,4.548551330566404
2026-01-31 22:00:00,2026-01-31 21:00:00,10813,10809.641,3.359375,60.0,48.18838,0.021595586,0,11.81161880493164
2026-01-31 23:00:00,2026-01-31 22:00:00,10556,10594.39,38.3896484375,60.0,63.197124,0.009723244,0,3.197124481201172
2026-02-01 00:00:00,2026-01-31 23:00:00,10317,10337.41,20.41015625,62.32,54.536587,0.029190991,0,7.783413238525391
2026-02-01 01:00:00,2026-02-01 00:00:00,10123,10129.626,6.6259765625,56.68,55.786674,0.09941517,0,0.893325500488281
2026-02-01 02:00:00,2026-02-01 01:00:00,10014,10005.808,8.1923828125,44.78,52.855312,0.11779334,0,8.075312347412108
2026-02-01 03:00:00,2026-02-01 02:00:00,9925,9918.541,6.458984375,43.15,43.992203,0.08264046,0,0.8422027587890639
2026-02-01 04:00:00,2026-02-01 03:00:00,9862,9900.289,38.2890625,41.73,40.532776,0.03188395,0,1.1972241210937469
2026-02-01 05:00:00,2026-02-01 04:00:00,9847,9865.821,18.8212890625,40.0,40.078773,0.01904665,0,0.07877349853515625
2026-02-01 06:00:00,2026-02-01 05:00:00,9925,9882.499,42.5009765625,33.02,40.5875,0.026472926,0,7.567501525878903
2026-02-01 07:00:00,2026-02-01 06:00:00,10093,10092.314,0.685546875,31.4,33.51262,0.01816001,0,2.112619018554689
2026-02-01 08:00:00,2026-02-01 07:00:00,10288,10329.937,41.9365234375,28.6,30.938845,0.01059337,0,2.3388446807861314
2026-02-01 09:00:00,2026-02-01 08:00:00,10487,10444.88,42.1201171875,27.39,27.484442,0.0059227897,0,0.09444175720214787
2026-02-01 10:00:00,2026-02-01 09:00:00,10628,10648.395,20.39453125,27.52,25.96189,0.004175448,0,1.5581107330322261
2026-02-01 11:00:00,2026-02-01 10:00:00,10774,10726.696,47.3037109375,33.79,27.419664,0.0034669784,0,6.370335617065429
2026-02-01 12:00:00,2026-02-01 11:00:00,10816,10857.751,41.7509765625,41.37,36.363052,0.01643062,0,5.006947631835935
2026-02-01 13:00:00,2026-02-01 12:00:00,10810,10836.547,26.546875,33.12,44.73276,0.027282456,0,11.612761383056643
2026-02-01 14:00:00,2026-02-01 13:00:00,10836,10760.645,75.35546875,28.9,29.807407,0.015101139,0,0.907407379150392
2026-02-01 15:00:00,2026-02-01 14:00:00,10862,10835.251,26.7490234375,27.23,27.547707,0.010134419,0,0.3177066040039058
2026-02-01 16:00:00,2026-02-01 15:00:00,10939,10905.217,33.783203125,20.21,26.233372,0.02456503,0,6.02337173461914
2026-02-01 17:00:00,2026-02-01 16:00:00,11142,11108.239,33.7607421875,19.73,21.668327,0.01320261,0,1.9383273315429683
2026-02-01 18:00:00,2026-02-01 17:00:00,11407,11312.555,94.4453125,20.02,18.462824,0.005381667,0,1.557176132202148
2026-02-01 19:00:00,2026-02-01 18:00:00,11295,11447.728,152.7275390625,18.92,16.14577,0.0020237581,0,2.7742308807373064
2026-02-01 20:00:00,2026-02-01 19:00:00,11164,11163.948,0.0517578125,17.35,19.466465,0.004826679,0,2.116464996337889
2026-02-01 21:00:00,2026-02-01 20:00:00,11041,11041.6,0.599609375,18.42,16.862812,0.00606377,0,1.5571879577636736
2026-02-01 22:00:00,2026-02-01 21:00:00,10853,10856.253,3.2529296875,20.13,18.50696,0.0071630157,0,1.6230400848388662
2026-02-01 23:00:00,2026-02-01 22:00:00,10598,10600.397,2.3974609375,20.17,20.794376,0.002056245,0,0.6243763732910139
2026-02-02 00:00:00,2026-02-01 23:00:00,10312,10307.147,4.8525390625,17.76,19.173897,0.0052861134,0,1.4138967895507797
2026-02-02 01:00:00,2026-02-02 00:00:00,10134,10111.043,22.95703125,17.24,16.935621,0.0013759212,0,0.30437873840331875
2026-02-02 02:00:00,2026-02-02 01:00:00,10024,10038.58,14.580078125,19.75,16.740494,0.0015626678,0,3.0095062255859375
2026-02-02 03:00:00,2026-02-02 02:00:00,9927,9964.857,37.857421875,21.49,21.476646,0.0026141503,0,0.013353576660154687
2026-02-02 04:00:00,2026-02-02 03:00:00,9912,9931.236,19.236328125,29.36,22.760874,0.0036468166,0,6.599126205444335
2026-02-02 05:00:00,2026-02-02 04:00:00,9985,9962.074,22.92578125,28.11,36.96897,0.03578986,0,8.858971252441407
2026-02-02 06:00:00,2026-02-02 05:00:00,10200,10132.727,67.2734375,30.24,30.087315,0.008439691,0,0.1526853942871078
2026-02-02 07:00:00,2026-02-02 06:00:00,10584,10600.395,16.39453125,29.62,35.88137,0.017200174,0,6.261370544433593
2026-02-02 08:00:00,2026-02-02 07:00:00,11094,10977.819,116.1806640625,30.71,29.299934,0.008518545,0,1.4100656127929696
2026-02-02 09:00:00,2026-02-02 08:00:00,11242,11218.814,23.185546875,30.72,27.976484,0.01876661,0,2.743515701293944
2026-02-02 10:00:00,2026-02-02 09:00:00,11221,11261.101,40.1005859375,20.82,25.711233,0.017050408,0,4.891233139038086
2026-02-02 11:00:00,2026-02-02 10:00:00,11188,11191.05,3.0498046875,1.68,14.471734,0.0024277524,0,12.791734046936035
2026-02-02 12:00:00,2026-02-02 11:00:00,11105,11158.594,53.59375,1.74,0.027636861,0.00078831584,0,1.7123631385713816
2026-02-02 13:00:00,2026-02-02 12:00:00,11092,11035.166,56.833984375,0.01,1.730337,0.0014999761,0,1.7203370237350464
2026-02-02 14:00:00,2026-02-02 13:00:00,11074,11079.55,5.5498046875,0.0,0.0,0.0006744251,0,0.0
2026-02-02 15:00:00,2026-02-02 14:00:00,11055,11076.104,21.103515625,0.58,0.0,0.0011246959,0,0.58
2026-02-02 16:00:00,2026-02-02 15:00:00,11141,11063.565,77.4345703125,9.72,3.1630738,0.0013948181,0,6.556926221847535
2026-02-02 17:00:00,2026-02-02 16:00:00,11343,11288.959,54.041015625,19.37,19.824541,0.002403322,0,0.4545410919189443
2026-02-02 18:00:00,2026-02-02 17:00:00,11490,11529.849,39.8486328125,18.05,23.487888,0.012221336,0,5.43788833618164
2026-02-02 19:00:00,2026-02-02 18:00:00,11372,11484.306,112.3056640625,17.02,11.885134,0.0011823756,0,5.134866256713867
2026-02-02 20:00:00,2026-02-02 19:00:00,11213,11254.994,41.994140625,17.81,17.094847,0.0041479035,0,0.7151532745361315
2026-02-02 21:00:00,2026-02-02 20:00:00,11114,11060.739,53.2607421875,19.74,17.017784,0.005721291,0,2.7222158813476547
2026-02-02 22:00:00,2026-02-02 21:00:00,10853,10910.202,57.2021484375,19.82,21.621332,0.013682797,0,1.8013321685791013
2026-02-02 23:00:00,2026-02-02 22:00:00,10590,10596.059,6.05859375,18.11,22.112953,0.0028921294,0,4.002953186035157
2026-02-03 00:00:00,2026-02-02 23:00:00,10354,10304.728,49.2724609375,15.89,17.2204,0.005417637,0,1.3303998565673822
2026-02-03 01:00:00,2026-02-03 00:00:00,10178,10185.577,7.5771484375,9.7,13.69644,0.0007163378,0,3.996439743041993
2026-02-03 02:00:00,2026-02-03 01:00:00,10084,10072.446,11.5537109375,9.41,8.854353,0.0003183496,0,0.5556470489501955
2026-02-03 03:00:00,2026-02-03 02:00:00,10000,10007.34,7.33984375,9.74,8.916076,0.00017197774,0,0.8239242935180666
2026-02-03 04:00:00,2026-02-03 03:00:00,9973,9984.55,11.5498046875,10.13,11.118826,0.00030089967,0,0.9888259124755852
2026-02-03 05:00:00,2026-02-03 04:00:00,9969,10022.406,53.40625,13.64,11.113313,0.00064770714,0,2.526687278747559
2026-02-03 06:00:00,2026-02-03 05:00:00,10134,10041.584,92.416015625,18.49,17.479048,0.0012729301,0,1.0109522247314437
2026-02-03 07:00:00,2026-02-03 06:00:00,10586,10548.755,37.2451171875,25.05,23.919703,0.0027905472,0,1.1302974700927741
2026-02-03 08:00:00,2026-02-03 07:00:00,11084,11013.163,70.8369140625,27.12,27.404907,0.011537211,0,0.284907226562499
2026-02-03 09:00:00,2026-02-03 08:00:00,11192,11211.365,19.365234375,27.51,28.435087,0.0070481435,0,0.9250872039794906
2026-02-03 10:00:00,2026-02-03 09:00:00,11205,11204.275,0.724609375,25.07,28.115995,0.008474351,0,3.045995407104492
2026-02-03 11:00:00,2026-02-03 10:00:00,11123,11197.895,74.89453125,24.05,21.930073,0.0020402137,0,2.1199272155761726
2026-02-03 12:00:00,2026-02-03 11:00:00,11082,11082.6455,0.6455078125,28.29,21.643328,0.002184779,0,6.646672286987304
2026-02-03 13:00:00,2026-02-03 12:00:00,11084,11053.813,30.1865234375,28.36,32.329876,0.012894168,0,3.9698759460449224
2026-02-03 14:00:00,2026-02-03 13:00:00,11044,11100.5,56.5,29.39,29.98691,0.009436802,0,0.5969098663330072
2026-02-03 15:00:00,2026-02-03 14:00:00,11065,11031.721,33.279296875,29.47,29.58455,0.012251715,0,0.11455085754394645
2026-02-03 16:00:00,2026-02-03 15:00:00,11131,11133.559,2.55859375,27.39,31.446516,0.09221522,0,4.056516036987304
2026-02-03 17:00:00,2026-02-03 16:00:00,11293,11312.82,19.8203125,42.3,31.013159,0.11634636,0,11.286841201782224
2026-02-03 18:00:00,2026-02-03 17:00:00,11503,11456.716,46.2841796875,36.94,59.030834,0.39618877,0,22.09083419799805
2026-02-03 19:00:00,2026-02-03 18:00:00,11448,11484.725,36.724609375,19.04,31.77024,0.042559844,0,12.730240783691407
2026-02-03 20:00:00,2026-02-03 19:00:00,11325,11320.216,4.7841796875,13.26,20.976377,0.010718232,0,7.716377487182617
2026-02-03 21:00:00,2026-02-03 20:00:00,11193,11215.952,22.9521484375,11.59,14.38843,0.0014433695,0,2.798429641723633
2026-02-03 22:00:00,2026-02-03 21:00:00,11016,10984.686,31.314453125,10.45,9.349397,0.0006503484,0,1.1006032943725579
2026-02-03 23:00:00,2026-02-03 22:00:00,10706,10754.697,48.697265625,1.48,9.284038,0.00052880944,0,7.804037590026855
2026-02-04 00:00:00,2026-02-03 23:00:00,10453,10413.295,39.705078125,0.0,3.2951038,0.00096999964,0,3.2951037883758545
2026-02-04 01:00:00,2026-02-04 00:00:00,10233,10261.425,28.4248046875,0.0,2.215495,0.0002689712,0,2.2154951095581055
2026-02-04 02:00:00,2026-02-04 01:00:00,10049,10118.011,69.0107421875,0.0,1.1290741,0.00030749262,0,1.1290740966796875
2026-02-04 03:00:00,2026-02-04 02:00:00,9932,9968.693,36.693359375,0.0,1.8099778,0.00039820623,0,1.8099777698516846
2026-02-04 04:00:00,2026-02-04 03:00:00,9878,9929.014,51.013671875,0.0,0.8181047,0.0002538769,0,0.8181046843528748
2026-02-04 05:00:00,2026-02-04 04:00:00,9912,9908.14,3.8603515625,0.0,0.8646213,0.00023043025,0,0.8646212816238403
2026-02-04 06:00:00,2026-02-04 05:00:00,10110,10078.943,31.056640625,0.0,2.2954652,0.0004054503,0,2.2954652309417725
2026-02-04 07:00:00,2026-02-04 06:00:00,10479,10561.862,82.8623046875,0.0,3.8732412,0.00025160026,0,3.8732411861419678
2026-02-04 08:00:00,2026-02-04 07:00:00,11003,10964.669,38.3310546875,0.0,1.7789985,0.00023438799,0,1.7789984941482544
2026-02-04 09:00:00,2026-02-04 08:00:00,11041,11160.678,119.677734375,0.0,0.26440316,0.00011878967,0,0.26440316438674927
2026-02-04 10:00:00,2026-02-04 09:00:00,11021,11047.099,26.0986328125,0.0,0.1634502,0.00016577444,0,0.1634501963853836
2026-02-04 11:00:00,2026-02-04 10:00:00,11005,11027.105,22.10546875,8.16,0.35089594,0.00018757516,0,7.809104058742523
2026-02-04 12:00:00,2026-02-04 11:00:00,10999,11020.484,21.484375,15.63,10.924667,0.0004400522,0,4.705332641601563
2026-02-04 13:00:00,2026-02-04 12:00:00,10917,10996.468,79.4677734375,19.64,18.456306,0.0018679056,0,1.1836935424804693
2026-02-04 14:00:00,2026-02-04 13:00:00,10921,10865.332,55.66796875,24.9,23.304571,0.004036383,0,1.5954288482666001
2026-02-04 15:00:00,2026-02-04 14:00:00,10968,10938.367,29.6328125,19.02,31.410282,0.018569635,0,12.390282135009766
2026-02-04 16:00:00,2026-02-04 15:00:00,10983,11035.416,52.416015625,9.25,20.685654,0.0041861143,0,11.435653686523438
2026-02-04 17:00:00,2026-02-04 16:00:00,11153,11099.281,53.71875,0.0,14.009706,0.0010575968,0,14.009705543518066
2026-02-04 18:00:00,2026-02-04 17:00:00,11355,11366.8,11.7998046875,0.0,5.5689564,0.00043102895,0,5.56895637512207
2026-02-04 19:00:00,2026-02-04 18:00:00,11233,11319.09,86.08984375,0.0,0.0,0.00016427628,0,0.0
2026-02-04 20:00:00,2026-02-04 19:00:00,11179,11120.79,58.2099609375,13.9,8.90826,0.00047900583,0,4.991739654541016
2026-02-04 21:00:00,2026-02-04 20:00:00,11035,11082.331,47.3310546875,15.48,21.882729,0.0013006155,0,6.402728576660156
2026-02-04 22:00:00,2026-02-04 21:00:00,10833,10839.453,6.453125,15.64,16.954994,0.00092787377,0,1.3149942016601557
2026-02-04 23:00:00,2026-02-04 22:00:00,10515,10601.704,86.7041015625,15.75,15.112873,0.0006980194,0,0.6371269226074219
2026-02-05 00:00:00,2026-02-04 23:00:00,10274,10259.745,14.2548828125,15.74,14.878161,0.0007842048,0,0.8618385696411135
2026-02-05 01:00:00,2026-02-05 00:00:00,10056,10103.98,47.98046875,15.15,13.083001,0.00083172944,0,2.066998863220215
2026-02-05 02:00:00,2026-02-05 01:00:00,9959,9949.592,9.408203125,13.44,12.571932,0.0003801077,0,0.8680681610107417
2026-02-05 03:00:00,2026-02-05 02:00:00,9896,9886.033,9.966796875,12.57,12.229206,0.00017068404,0,0.34079391479492216
2026-02-05 04:00:00,2026-02-05 03:00:00,9870,9886.3,16.2998046875,12.58,11.6537695,0.00017648091,0,0.9262305068969727
2026-02-05 05:00:00,2026-02-05 04:00:00,9943,9911.02,31.98046875,1.11,12.506837,0.00033962476,0,11.396836891174317
2026-02-05 06:00:00,2026-02-05 05:00:00,10155,10109.842,45.158203125,5.41,3.5627732,0.00030215216,0,1.8472267723083498
2026-02-05 07:00:00,2026-02-05 06:00:00,10582,10594.682,12.681640625,12.57,16.643366,0.00045019583,0,4.073365859985351
2026-02-05 08:00:00,2026-02-05 07:00:00,11041,11009.323,31.6767578125,11.38,18.091488,0.00060443167,0,6.711487884521484
2026-02-05 09:00:00,2026-02-05 08:00:00,11136,11157.584,21.583984375,4.6,12.259733,7.83369e-05,0,7.6597332000732425
2026-02-05 10:00:00,2026-02-05 09:00:00,11070,11149.348,79.34765625,0.0,6.462526,8.233039e-05,0,6.462525844573975
2026-02-05 11:00:00,2026-02-05 10:00:00,11064,11072.027,8.02734375,0.0,3.6179953,0.00013720829,0,3.617995262145996
2026-02-05 12:00:00,2026-02-05 11:00:00,11073,11078.119,5.119140625,0.0,0.56491846,0.00024664405,0,0.5649184584617615
2026-02-05 13:00:00,2026-02-05 12:00:00,11026,11042.779,16.779296875,0.0,1.1948625,0.00028891477,0,1.1948624849319458
2026-02-05 14:00:00,2026-02-05 13:00:00,11001,11004.163,3.1630859375,0.0,2.1706774,0.0002507812,0,2.170677423477173
2026-02-05 15:00:00,2026-02-05 14:00:00,10922,11027.755,105.7548828125,0.0,2.0835426,0.0002563442,0,2.083542585372925
2026-02-05 16:00:00,2026-02-05 15:00:00,10920,10903.488,16.51171875,9.23,3.0575156,0.00086930447,0,6.172484378814698
2026-02-05 17:00:00,2026-02-05 16:00:00,11083,11015.759,67.2412109375,19.42,26.537575,0.0017276149,0,7.1175747680664045
2026-02-05 18:00:00,2026-02-05 17:00:00,11304,11259.845,44.1552734375,35.1,36.002518,0.01118739,0,0.9025177001953111
2026-02-05 19:00:00,2026-02-05 18:00:00,11266,11267.723,1.72265625,58.7,44.79968,0.009220934,0,13.900321197509768
2026-02-05 20:00:00,2026-02-05 19:00:00,11184,11159.728,24.2724609375,81.45,67.747025,0.050443415,0,13.70297546386719
2026-02-05 21:00:00,2026-02-05 20:00:00,11075,11066.722,8.2783203125,49.88,95.81017,0.3702731,0,45.930173034667966
2026-02-05 22:00:00,2026-02-05 21:00:00,10900,10899.818,0.181640625,38.29,80.46001,0.11293773,0,42.17000671386719
2026-02-05 23:00:00,2026-02-05 22:00:00,10652,10635.48,16.51953125,35.87,33.60452,0.018060513,0,2.265481109619138
2026-02-06 00:00:00,2026-02-05 23:00:00,10385,10386.435,1.4345703125,32.11,32.86499,0.04077415,0,0.7549902343750006
2026-02-06 01:00:00,2026-02-06 00:00:00,10179,10192.414,13.4140625,24.59,30.182188,0.020327216,0,5.592188034057617
2026-02-06 02:00:00,2026-02-06 01:00:00,10050,10056.729,6.728515625,22.07,23.193407,0.008884307,0,1.12340705871582
2026-02-06 03:00:00,2026-02-06 02:00:00,10011,9994.666,16.333984375,17.33,19.862295,0.0052138944,0,2.5322951507568376
2026-02-06 04:00:00,2026-02-06 03:00:00,9991,10007.718,16.7177734375,16.68,17.350014,0.0034382376,0,0.6700137329101565
2026-02-06 05:00:00,2026-02-06 04:00:00,10100,10036.789,63.2109375,14.96,16.701757,0.0045014066,0,1.7417574310302726
2026-02-06 06:00:00,2026-02-06 05:00:00,10252,10292.035,40.03515625,11.6,13.740496,0.0016372014,0,2.1404956817626957
2026-02-06 07:00:00,2026-02-06 06:00:00,10695,10609.866,85.1337890625,11.89,15.979796,0.00045609914,0,4.089796409606933
2026-02-06 08:00:00,2026-02-06 07:00:00,11130,11158.7705,28.7705078125,13.06,12.852886,0.00042126296,0,0.20711380004882862
2026-02-06 09:00:00,2026-02-06 08:00:00,11287,11251.719,35.28125,13.35,16.596601,0.00024800064,0,3.246601486206055
2026-02-06 10:00:00,2026-02-06 09:00:00,11284,11311.228,27.2275390625,11.24,14.046507,0.00025624232,0,2.806506881713867
2026-02-06 11:00:00,2026-02-06 10:00:00,11315,11256.407,58.5927734375,9.18,9.358482,0.00010482829,0,0.17848236083984403
2026-02-06 12:00:00,2026-02-06 11:00:00,11246,11269.64,23.6396484375,11.42,11.220278,0.00013667239,0,0.19972221374511712
2026-02-06 13:00:00,2026-02-06 12:00:00,11186,11156.694,29.3056640625,14.12,15.005209,0.00046809218,0,0.8852089691162117
2026-02-06 14:00:00,2026-02-06 13:00:00,11205,11170.2705,34.7294921875,16.46,18.180502,0.00094399153,0,1.72050193786621
2026-02-06 15:00:00,2026-02-06 14:00:00,11197,11188.061,8.939453125,14.1,27.851748,0.0028828527,0,13.751747512817383
2026-02-06 16:00:00,2026-02-06 15:00:00,11159,11211.342,52.341796875,14.17,15.678042,0.0021465488,0,1.5080424118041993
2026-02-06 17:00:00,2026-02-06 16:00:00,11242,11257.265,15.2646484375,15.29,19.68371,0.0054790615,0,4.393710098266602
2026-02-06 18:00:00,2026-02-06 17:00:00,11300,11361.499,61.4990234375,14.85,18.440075,0.003355875,0,3.5900749206542972
2026-02-06 19:00:00,2026-02-06 18:00:00,11243,11245.99,2.990234375,14.24,12.279491,0.0011032036,0,1.9605085754394533
2026-02-06 20:00:00,2026-02-06 19:00:00,11172,11143.936,28.064453125,14.04,19.074718,0.0017587526,0,5.034718475341798
2026-02-06 21:00:00,2026-02-06 20:00:00,11069,11072.711,3.7109375,13.33,17.11377,0.00130843,0,3.78376953125
2026-02-06 22:00:00,2026-02-06 21:00:00,10880,10911.943,31.943359375,12.25,13.617304,0.0004882437,0,1.3673038482666016
2026-02-06 23:00:00,2026-02-06 22:00:00,10588,10641.973,53.97265625,7.39,11.811852,0.00024379844,0,4.4218524551391605
2026-02-07 00:00:00,2026-02-06 23:00:00,10312,10318.007,6.0068359375,10.22,6.2138357,0.00067192846,0,4.006164283752442
2026-02-07 01:00:00,2026-02-07 00:00:00,10115,10112.6045,2.3955078125,10.03,12.691661,0.0006030538,0,2.661660881042481
2026-02-07 02:00:00,2026-02-07 01:00:00,10041,10016.571,24.4287109375,2.94,8.213584,0.0002437538,0,5.273583946228028
2026-02-07 03:00:00,2026-02-07 02:00:00,9958,9970.175,12.1748046875,5.1,3.7314565,0.00021658039,0,1.3685434818267819
2026-02-07 04:00:00,2026-02-07 03:00:00,9907,9936.997,29.9970703125,10.15,8.500576,0.0005801807,0,1.649423980712891
2026-02-07 05:00:00,2026-02-07 04:00:00,9949,9940.85,8.150390625,11.59,13.151799,0.0006370534,0,1.5617992019653322
2026-02-07 06:00:00,2026-02-07 05:00:00,9999,10071.12,72.1201171875,11.1,14.918833,0.0004846102,0,3.8188327789306644
2026-02-07 07:00:00,2026-02-07 06:00:00,10162,10114.74,47.259765625,5.24,15.467937,0.00018395322,0,10.227937469482422
2026-02-07 08:00:00,2026-02-07 07:00:00,10397,10434.989,37.9892578125,11.11,5.859762,0.00019148445,0,5.2502378082275385
2026-02-07 09:00:00,2026-02-07 08:00:00,10581,10574.331,6.6689453125,14.16,14.549397,0.0005579367,0,0.3893974685668944
2026-02-07 10:00:00,2026-02-07 09:00:00,10666,10706.188,40.1884765625,14.69,17.193415,0.0010617904,0,2.503414688110352
2026-02-07 11:00:00,2026-02-07 10:00:00,10781,10729.967,51.033203125,10.54,14.569959,0.00070971943,0,4.029958686828614
2026-02-07 12:00:00,2026-02-07 11:00:00,10805,10835.373,30.373046875,10.46,9.617974,0.0001777814,0,0.8420257186889657
2026-02-07 13:00:00,2026-02-07 12:00:00,10796,10754.994,41.005859375,5.22,9.412806,0.0003985851,0,4.192805557250977
2026-02-07 14:00:00,2026-02-07 13:00:00,10775,10787.925,12.9248046875,0.0,5.0277805,0.00038974205,0,5.027780532836914
2026-02-07 15:00:00,2026-02-07 14:00:00,10791,10753.174,37.826171875,0.0,1.9305774,0.00051758735,0,1.9305773973464966
2026-02-07 16:00:00,2026-02-07 15:00:00,10769,10825.716,56.7158203125,0.0,1.8670058,0.0006589461,0,1.8670058250427246
2026-02-07 17:00:00,2026-02-07 16:00:00,10843,10862.167,19.1669921875,9.29,3.1049807,0.00036328312,0,6.18501929283142
2026-02-07 18:00:00,2026-02-07 17:00:00,11046,10970.577,75.4228515625,10.09,17.253809,0.0006477451,0,7.163808975219727
2026-02-07 19:00:00,2026-02-07 18:00:00,11128,11054.877,73.123046875,2.31,9.459492,0.000104153034,0,7.149491729736328
2026-02-07 20:00:00,2026-02-07 19:00:00,11026,11082.127,56.126953125,0.0,10.806737,0.0002905135,0,10.806736946105957
2026-02-07 21:00:00,2026-02-07 20:00:00,10917,10925.33,8.330078125,0.0,3.7555873,0.0002974039,0,3.755587339401245
2026-02-07 22:00:00,2026-02-07 21:00:00,10754,10745.1875,8.8125,1.48,0.71023315,0.00047359307,0,0.7697668480873108
2026-02-07 23:00:00,2026-02-07 22:00:00,10552,10542.371,9.62890625,9.8,6.749419,0.0004589059,0,3.050580787658692
2026-02-08 00:00:00,2026-02-07 23:00:00,10370,10317.057,52.943359375,0.01,15.734451,0.001586515,0,15.724451293945313
2026-02-08 01:00:00,2026-02-08 00:00:00,10185,10206.787,21.787109375,0.84,1.1320723,0.00021073974,0,0.29207232952117923
2026-02-08 02:00:00,2026-02-08 01:00:00,10108,10059.069,48.9306640625,0.01,5.07008,0.00068577036,0,5.060079803466797
2026-02-08 03:00:00,2026-02-08 02:00:00,10037,10023.942,13.0576171875,0.0,1.2871622,0.0002408451,0,1.287162184715271
2026-02-08 04:00:00,2026-02-08 03:00:00,9952,10022.023,70.0234375,0.0,1.3495724,0.00046531798,0,1.3495724201202393
2026-02-08 05:00:00,2026-02-08 04:00:00,9932,9986.252,54.251953125,0.0,1.3659093,0.00033789873,0,1.3659093379974365
2026-02-08 06:00:00,2026-02-08 05:00:00,10010,9987.713,22.287109375,0.0,2.2850504,0.00047740815,0,2.285050392150879
2026-02-08 07:00:00,2026-02-08 06:00:00,10161,10140.475,20.525390625,0.0,7.1316824,0.00015481016,0,7.131682395935059
2026-02-08 08:00:00,2026-02-08 07:00:00,10391,10398.95,7.9501953125,0.0,1.9495777,0.00032055425,0,1.9495776891708374
2026-02-08 09:00:00,2026-02-08 08:00:00,10525,10571.313,46.3134765625,0.0,0.756498,0.0002153098,0,0.7564979791641235
2026-02-08 10:00:00,2026-02-08 09:00:00,10693,10624.497,68.5029296875,0.0,0.6869623,0.0003292591,0,0.6869623064994812
2026-02-08 11:00:00,2026-02-08 10:00:00,10758,10839.199,81.19921875,0.0,0.7974343,0.00018659495,0,0.7974342703819275
2026-02-08 12:00:00,2026-02-08 11:00:00,10733,10795.053,62.052734375,0.01,0.9214169,0.0003656212,0,0.9114168787002563
2026-02-08 13:00:00,2026-02-08 12:00:00,10709,10701.237,7.7626953125,9.06,1.7291175,0.00043247646,0,7.330882487297059
2026-02-08 14:00:00,2026-02-08 13:00:00,10679,10695.463,16.462890625,7.5,16.693777,0.0010448835,0,9.193777084350586
2026-02-08 15:00:00,2026-02-08 14:00:00,10631,10675.484,44.484375,0.0,7.2672596,0.000294696,0,7.26725959777832
2026-02-08 16:00:00,2026-02-08 15:00:00,10619,10685.415,66.4150390625,0.0,3.3664203,0.000643712,0,3.366420269012451
2026-02-08 17:00:00,2026-02-08 16:00:00,10729,10763.284,34.2841796875,10.69,4.3833904,0.0007412904,0,6.306609573364257
2026-02-08 18:00:00,2026-02-08 17:00:00,10907,10896.4795,10.5205078125,11.96,24.93416,0.001188129,0,12.974160232543944
2026-02-08 19:00:00,2026-02-08 18:00:00,10992,10966.692,25.3076171875,12.33,12.606779,0.00010196201,0,0.2767790985107421
2026-02-08 20:00:00,2026-02-08 19:00:00,11011,10962.391,48.609375,15.76,17.243814,0.00024318694,0,1.4838144683837893
2026-02-08 21:00:00,2026-02-08 20:00:00,10892,10936.757,44.7568359375,16.04,17.574146,0.0006354065,0,1.534146270751954
2026-02-08 22:00:00,2026-02-08 21:00:00,10812,10730.309,81.69140625,16.04,14.797191,0.00042989288,0,1.2428093338012687
2026-02-08 23:00:00,2026-02-08 22:00:00,10545,10575.513,30.5126953125,15.34,12.972642,0.00034118362,0,2.367358055114746
2026-02-09 00:00:00,2026-02-08 23:00:00,10282,10289.545,7.544921875,15.3,12.027127,0.00057880435,0,3.272872734069825
2026-02-09 01:00:00,2026-02-09 00:00:00,10096,10103.587,7.5869140625,19.4,12.857474,0.00039773033,0,6.542525672912596
2026-02-09 02:00:00,2026-02-09 01:00:00,10024,9992.283,31.716796875,20.58,22.36357,0.0037303858,0,1.7835692596435564
2026-02-09 03:00:00,2026-02-09 02:00:00,9999,9980.383,18.6171875,21.36,21.478062,0.0036807307,0,0.1180616760253912
2026-02-09 04:00:00,2026-02-09 03:00:00,9987,9991.634,4.6337890625,21.55,21.455753,0.002150634,0,0.09424667358398509
2026-02-09 05:00:00,2026-02-09 04:00:00,10042,10027.14,14.8603515625,27.91,21.114819,0.0018660724,0,6.795181427001953
2026-02-09 06:00:00,2026-02-09 05:00:00,10264,10177.441,86.55859375,32.63,32.94251,0.007210706,0,0.31250869750976307
2026-02-09 07:00:00,2026-02-09 06:00:00,10701,10662.075,38.9248046875,57.53,44.94599,0.0050233873,0,12.58400848388672
2026-02-09 08:00:00,2026-02-09 07:00:00,11088,11110.864,22.8642578125,71.35,67.5145,0.043815352,0,3.835496520996088
2026-02-09 09:00:00,2026-02-09 08:00:00,11159,11185.934,26.93359375,144.6,68.61312,0.08150274,1,75.98687896728515
2026-02-09 10:00:00,2026-02-09 09:00:00,11173,11186.668,13.66796875,61.25,154.34258,0.76287645,0,93.09257507324219
2026-02-09 11:00:00,2026-02-09 10:00:00,11055,11162.877,107.876953125,33.29,94.82878,0.0467869,0,61.53878112792969
2026-02-09 12:00:00,2026-02-09 11:00:00,11050,10987.299,62.701171875,24.09,36.645428,0.022751866,0,12.555427703857422
2026-02-09 13:00:00,2026-02-09 12:00:00,11040,10992.738,47.26171875,23.39,32.424046,0.009995048,0,9.03404556274414
2026-02-09 14:00:00,2026-02-09 13:00:00,11001,11023.704,22.7041015625,23.1,30.557955,0.0108004045,0,7.457954788208006
2026-02-09 15:00:00,2026-02-09 14:00:00,11011,11010.84,0.16015625,19.75,26.840134,0.010900337,0,7.0901336669921875
2026-02-09 16:00:00,2026-02-09 15:00:00,11082,11052.657,29.3427734375,19.04,20.561481,0.013613349,0,1.521481475830079
2026-02-09 17:00:00,2026-02-09 16:00:00,11250,11219.123,30.876953125,31.61,20.978764,0.008260828,0,10.631236419677734
2026-02-09 18:00:00,2026-02-09 17:00:00,11348,11417.076,69.076171875,31.27,49.851406,0.07184093,0,18.58140609741211
2026-02-09 19:00:00,2026-02-09 18:00:00,11399,11298.097,100.9033203125,27.37,31.948437,0.007370478,0,4.578436737060546
2026-02-09 20:00:00,2026-02-09 19:00:00,11258,11337.669,79.6689453125,16.78,31.904335,0.014773875,0,15.124335021972655
2026-02-09 21:00:00,2026-02-09 20:00:00,11184,11147.057,36.943359375,12.87,17.525597,0.0047140894,0,4.6555966186523445
2026-02-09 22:00:00,2026-02-09 21:00:00,11082,10979.152,102.84765625,13.05,13.13868,0.0010417352,0,0.08868045806884695
2026-02-09 23:00:00,2026-02-09 22:00:00,10771,10825.094,54.09375,12.65,14.940293,0.00064917677,0,2.2902933120727536
2026-02-10 00:00:00,2026-02-09 23:00:00,10497,10494.464,2.5361328125,14.09,12.50301,0.0013860646,0,1.5869902038574217
2026-02-10 01:00:00,2026-02-10 00:00:00,10282,10284.978,2.9775390625,13.43,17.656088,0.002114589,0,4.226087875366211
2026-02-10 02:00:00,2026-02-10 01:00:00,10167,10157.249,9.7509765625,11.05,11.514589,0.00035932395,0,0.4645893096923821
2026-02-10 03:00:00,2026-02-10 02:00:00,10101,10090.59,10.41015625,11.81,10.687702,0.00071979535,0,1.1222978210449224
2026-02-10 04:00:00,2026-02-10 03:00:00,10123,10072.549,50.451171875,11.34,12.953014,0.0010113978,0,1.613014373779297
2026-02-10 05:00:00,2026-02-10 04:00:00,10196,10175.451,20.548828125,13.54,10.72872,0.0007711801,0,2.811280288696288
2026-02-10 06:00:00,2026-02-10 05:00:00,10383,10366.193,16.806640625,16.95,18.129484,0.0008713785,0,1.179484176635743
2026-02-10 07:00:00,2026-02-10 06:00:00,10834,10744.25,89.75,17.93,27.924517,0.0027132186,0,9.994516677856446
2026-02-10 08:00:00,2026-02-10 07:00:00,11270,11268.147,1.8525390625,19.87,21.821287,0.002653717,0,1.9512871551513662
2026-02-10 09:00:00,2026-02-10 08:00:00,11379,11372.594,6.40625,17.14,26.853207,0.0026364694,0,9.713206634521484
2026-02-10 10:00:00,2026-02-10 09:00:00,11377,11377.223,0.22265625,12.73,17.294401,0.00095792074,0,4.564401168823242
2026-02-10 11:00:00,2026-02-10 10:00:00,11266,11348.109,82.109375,12.36,10.616749,0.00019480682,0,1.7432511901855463
2026-02-10 12:00:00,2026-02-10 11:00:00,11149,11221.444,72.4443359375,11.85,11.383085,0.00021467658,0,0.46691474914550746
2026-02-10 13:00:00,2026-02-10 12:00:00,11023,11118.653,95.6533203125,12.06,11.304628,0.00022280987,0,0.7553716278076177
2026-02-10 14:00:00,2026-02-10 13:00:00,10979,11002.982,23.982421875,14.74,14.841226,0.00072868686,0,0.10122562408447244
2026-02-10 15:00:00,2026-02-10 14:00:00,10962,10966.901,4.9013671875,15.14,18.806026,0.0022653749,0,3.666026458740234
2026-02-10 16:00:00,2026-02-10 15:00:00,11006,10994.246,11.75390625,14.39,17.149784,0.0034714045,0,2.759784088134765
2026-02-10 17:00:00,2026-02-10 16:00:00,11075,11134.077,59.0771484375,22.03,16.481262,0.0008898676,0,5.548737792968751
2026-02-10 18:00:00,2026-02-10 17:00:00,11291,11213.923,77.0771484375,28.02,32.761074,0.008200939,0,4.74107406616211
2026-02-10 19:00:00,2026-02-10 18:00:00,11414,11276.19,137.8095703125,21.82,44.51909,0.004901962,0,22.699088745117187
2026-02-10 20:00:00,2026-02-10 19:00:00,11318,11350.309,32.30859375,15.51,23.73008,0.0023490363,0,8.220079650878906
2026-02-10 21:00:00,2026-02-10 20:00:00,11193,11186.155,6.8447265625,13.99,15.775955,0.00046777615,0,1.7859552001953123
2026-02-10 22:00:00,2026-02-10 21:00:00,11021,11012.475,8.525390625,13.24,12.748571,0.0004265822,0,0.4914286041259768
2026-02-10 23:00:00,2026-02-10 22:00:00,10713,10752.867,39.8671875,13.09,11.732702,0.00021105987,0,1.3572977447509764
2026-02-11 00:00:00,2026-02-10 23:00:00,10420,10450.513,30.5126953125,11.63,12.184106,0.00061423803,0,0.5541058731079094
2026-02-11 01:00:00,2026-02-11 00:00:00,10221,10211.85,9.150390625,11.08,11.417855,0.0002664413,0,0.3378552627563476
2026-02-11 02:00:00,2026-02-11 01:00:00,10061,10133.085,72.0849609375,10.66,9.646721,0.00029590717,0,1.0132791137695314
2026-02-11 03:00:00,2026-02-11 02:00:00,10036,9988.526,47.4736328125,9.86,9.750168,0.0005794852,0,0.10983215332031193
2026-02-11 04:00:00,2026-02-11 03:00:00,10009,10040.7,31.7001953125,10.99,9.415833,0.000694321,0,1.5741665267944338
2026-02-11 05:00:00,2026-02-11 04:00:00,10055,10048.384,6.6162109375,11.64,13.092009,0.0008541946,0,1.4520085906982416
2026-02-11 06:00:00,2026-02-11 05:00:00,10271,10201.086,69.9140625,14.67,14.150534,0.0004964695,0,0.519466323852539
2026-02-11 07:00:00,2026-02-11 06:00:00,10687,10694.506,7.505859375,16.9,25.225325,0.0014878679,0,8.325324630737306
2026-02-11 08:00:00,2026-02-11 07:00:00,11199,11131.034,67.9658203125,25.09,23.476576,0.0017581233,0,1.6134241485595702
2026-02-11 09:00:00,2026-02-11 08:00:00,11204,11333.023,129.0234375,27.59,48.777584,0.0026882745,0,21.187584075927735
2026-02-11 10:00:00,2026-02-11 09:00:00,11142,11179.211,37.2109375,20.63,32.65212,0.0062819165,0,12.02211868286133
2026-02-11 11:00:00,2026-02-11 10:00:00,11080,11112.697,32.697265625,20.93,18.952526,0.0010731188,0,1.9774739074707028
2026-02-11 12:00:00,2026-02-11 11:00:00,11031,11071.889,40.888671875,20.89,20.707466,0.0035375431,0,0.18253387451171932
2026-02-11 13:00:00,2026-02-11 12:00:00,10977,10978.284,1.2841796875,20.96,22.605995,0.0018172927,0,1.6459951782226554
2026-02-11 14:00:00,2026-02-11 13:00:00,10983,10954.048,28.9521484375,19.53,23.673267,0.0027061712,0,4.143267364501952
2026-02-11 15:00:00,2026-02-11 14:00:00,10928,10978.225,50.224609375,15.03,21.494432,0.0014150167,0,6.464432449340821
2026-02-11 16:00:00,2026-02-11 15:00:00,10954,10932.223,21.77734375,14.82,17.105495,0.0016157675,0,2.285495452880859
2026-02-11 17:00:00,2026-02-11 16:00:00,11078,11067.836,10.1640625,23.68,21.578136,0.0008120106,0,2.101863555908203
2026-02-11 18:00:00,2026-02-11 17:00:00,11248,11230.182,17.818359375,30.98,46.97665,0.007550142,0,15.996650238037109
2026-02-11 19:00:00,2026-02-11 18:00:00,11399,11230.416,168.583984375,31.14,37.317825,0.002913329,0,6.177825317382812
2026-02-11 20:00:00,2026-02-11 19:00:00,11268,11374.585,106.5849609375,25.65,35.812294,0.007126795,0,10.162294006347658
2026-02-11 21:00:00,2026-02-11 20:00:00,11117,11165.056,48.0556640625,21.51,25.905453,0.0051905867,0,4.395452728271483
2026-02-11 22:00:00,2026-02-11 21:00:00,10893,10931.9375,38.9375,15.88,23.158062,0.0040382463,0,7.278061981201171
2026-02-11 23:00:00,2026-02-11 22:00:00,10629,10627.087,1.9130859375,12.88,16.177324,0.0010062093,0,3.2973242950439445
2026-02-12 00:00:00,2026-02-11 23:00:00,10387,10380.806,6.1943359375,11.78,13.643495,0.0011461786,0,1.863494606018067
2026-02-12 01:00:00,2026-02-12 00:00:00,10211,10217.958,6.9580078125,10.16,10.877636,0.00030921708,0,0.7176359558105467
2026-02-12 02:00:00,2026-02-12 01:00:00,10084,10102.821,18.8212890625,4.13,9.757428,0.0004918824,0,5.627428169250488
2026-02-12 03:00:00,2026-02-12 02:00:00,9997,10026.344,29.34375,6.47,5.8616037,0.00045794778,0,0.6083962631225583
2026-02-12 04:00:00,2026-02-12 03:00:00,9968,9995.828,27.828125,11.61,11.577954,0.0009919136,0,0.03204570770263615
2026-02-12 05:00:00,2026-02-12 04:00:00,10008,10019.808,11.8076171875,12.38,16.221788,0.001302872,0,3.8417884063720695
2026-02-12 06:00:00,2026-02-12 05:00:00,10213,10152.0205,60.9794921875,15.15,15.854767,0.00036960864,0,0.7047668457031246
2026-02-12 07:00:00,2026-02-12 06:00:00,10644,10626.89,17.1103515625,18.38,24.545115,0.0009495459,0,6.165114517211915
2026-02-12 08:00:00,2026-02-12 07:00:00,11011,11063.64,52.6396484375,16.12,24.39453,0.001113682,0,8.274529342651366
2026-02-12 09:00:00,2026-02-12 08:00:00,11072,11118.363,46.36328125,15.77,16.28529,0.00014872811,0,0.5152897644042973
2026-02-12 10:00:00,2026-02-12 09:00:00,11088,11105.166,17.166015625,16.65,13.22641,0.00026848822,0,3.4235900878906236
2026-02-12 11:00:00,2026-02-12 10:00:00,11043,11094.377,51.376953125,19.0,17.784462,0.0004649513,0,1.2155380249023438
2026-02-12 12:00:00,2026-02-12 11:00:00,10995,11009.109,14.109375,21.6,21.053637,0.00082782545,0,0.5463634490966811
2026-02-12 13:00:00,2026-02-12 12:00:00,11012,10977.922,34.078125,22.83,25.593609,0.0017478955,0,2.7636088562011736
2026-02-12 14:00:00,2026-02-12 13:00:00,11013,11037.551,24.55078125,23.08,26.135225,0.0012971418,0,3.0552252960205095
2026-02-12 15:00:00,2026-02-12 14:00:00,10997,11014.373,17.373046875,23.82,24.091925,0.0016015368,0,0.27192466735839815
2026-02-12 16:00:00,2026-02-12 15:00:00,10974,11059.5,85.5,16.36,25.616402,0.0060722623,0,9.256401672363282
2026-02-12 17:00:00,2026-02-12 16:00:00,11060,11068.308,8.3076171875,22.73,21.384516,0.0012638194,0,1.3454842376708989
2026-02-12 18:00:00,2026-02-12 17:00:00,11272,11218.939,53.060546875,30.09,34.174282,0.010446733,0,4.0842820739746095
2026-02-12 19:00:00,2026-02-12 18:00:00,11378,11284.367,93.6328125,25.54,35.01326,0.004586012,0,9.473259887695313
2026-02-12 20:00:00,2026-02-12 19:00:00,11283,11306.354,23.353515625,18.71,28.621542,0.0040476196,0,9.91154197692871
2026-02-12 21:00:00,2026-02-12 20:00:00,11140,11170.523,30.5234375,15.84,19.369265,0.0010310222,0,3.529264602661133
2026-02-12 22:00:00,2026-02-12 21:00:00,10937,10926.675,10.3251953125,11.5,14.553649,0.0005284084,0,3.0536489486694336
2026-02-12 23:00:00,2026-02-12 22:00:00,10683,10688.033,5.033203125,4.88,10.5356865,0.0001780941,0,5.655686492919922
2026-02-13 00:00:00,2026-02-12 23:00:00,10389,10413.556,24.5556640625,8.48,5.485411,0.0005331262,0,2.994588832855225
2026-02-13 01:00:00,2026-02-13 00:00:00,10179,10204.462,25.4619140625,10.76,13.095589,0.0004771004,0,2.3355886840820315
2026-02-13 02:00:00,2026-02-13 01:00:00,10054,10078.012,24.01171875,3.38,13.066729,0.0007095808,0,9.686728591918946
2026-02-13 03:00:00,2026-02-13 02:00:00,10003,9997.712,5.2880859375,0.0,3.9043815,0.00037794118,0,3.904381513595581
2026-02-13 04:00:00,2026-02-13 03:00:00,9979,9989.687,10.6865234375,5.18,1.4818162,0.00035613173,0,3.6981838274002072
2026-02-13 05:00:00,2026-02-13 04:00:00,9986,10028.112,42.1123046875,6.3,8.837323,0.00040617,0,2.5373231887817385
2026-02-13 06:00:00,2026-02-13 05:00:00,10166,10078.952,87.0478515625,10.37,8.659787,0.00040778998,0,1.7102128219604484
2026-02-13 07:00:00,2026-02-13 06:00:00,10515,10599.064,84.064453125,13.28,19.507912,0.0005372749,0,6.227911682128907
2026-02-13 08:00:00,2026-02-13 07:00:00,10945,10939.3125,5.6875,19.75,16.953863,0.00031856485,0,2.7961368560791016
2026-02-13 09:00:00,2026-02-13 08:00:00,11085,11087.37,2.3701171875,28.76,23.143444,0.0013554294,0,5.616555938720705
2026-02-13 10:00:00,2026-02-13 09:00:00,11110,11121.404,11.404296875,42.21,39.01065,0.007699865,0,3.199349365234376
2026-02-13 11:00:00,2026-02-13 10:00:00,10999,11119.971,120.970703125,27.59,44.73878,0.016619895,0,17.148780975341797
2026-02-13 12:00:00,2026-02-13 11:00:00,10920,10992.984,72.984375,24.18,25.525812,0.009655627,0,1.3458121490478518
2026-02-13 13:00:00,2026-02-13 12:00:00,10905,10833.018,71.982421875,28.16,22.986456,0.0028127572,0,5.173544082641602
2026-02-13 14:00:00,2026-02-13 13:00:00,10893,10896.682,3.681640625,29.9,36.199184,0.0099225575,0,6.299184417724611
2026-02-13 15:00:00,2026-02-13 14:00:00,10821,10907.948,86.9482421875,50.02,33.709156,0.0058902167,0,16.31084396362305
2026-02-13 16:00:00,2026-02-13 15:00:00,10773,10834.318,61.318359375,27.83,57.164,0.07704846,0,29.33400146484375
2026-02-13 17:00:00,2026-02-13 16:00:00,10826,10856.651,30.6513671875,21.41,26.077997,0.023546638,0,4.667997207641601
2026-02-13 18:00:00,2026-02-13 17:00:00,10955,10904.039,50.9609375,23.64,25.621918,0.0064467737,0,1.9819177246093744
2026-02-13 19:00:00,2026-02-13 18:00:00,11110,11001.162,108.837890625,34.06,24.44651,0.0043244106,0,9.613489685058596
2026-02-13 20:00:00,2026-02-13 19:00:00,11011,11100.421,89.4208984375,27.9,49.4854,0.02976372,0,21.585401153564455
2026-02-13 21:00:00,2026-02-13 20:00:00,10908,10920.54,12.5400390625,17.2,30.089563,0.0104152765,0,12.889563369750977
2026-02-13 22:00:00,2026-02-13 21:00:00,10822,10742.312,79.6884765625,14.97,14.234933,0.003014184,0,0.735067100524903
2026-02-13 23:00:00,2026-02-13 22:00:00,10627,10610.157,16.8427734375,16.17,11.738951,0.0009463347,0,4.4310492706298845
2026-02-14 00:00:00,2026-02-13 23:00:00,10404,10397.944,6.0556640625,20.69,16.676085,0.003229105,0,4.013915481567384
2026-02-14 01:00:00,2026-02-14 00:00:00,10244,10214.133,29.8671875,18.2,22.043388,0.0033900924,0,3.8433883666992195
2026-02-14 02:00:00,2026-02-14 01:00:00,10099,10131.839,32.8388671875,14.53,17.411917,0.0026264512,0,2.8819167327880866
2026-02-14 03:00:00,2026-02-14 02:00:00,10034,9991.085,42.9150390625,13.25,13.146206,0.0004196195,0,0.10379409790039062
2026-02-14 04:00:00,2026-02-14 03:00:00,9955,10007.5205,52.5205078125,14.24,11.561286,0.00020802328,0,2.6787140274047854
2026-02-14 05:00:00,2026-02-14 04:00:00,9945,9978.726,33.7255859375,16.75,14.383834,0.0006842796,0,2.366166114807129
2026-02-14 06:00:00,2026-02-14 05:00:00,9988,9979.853,8.1474609375,16.57,21.21122,0.0016126605,0,4.641219787597656
2026-02-14 07:00:00,2026-02-14 06:00:00,10153,10091.757,61.2431640625,15.29,21.440405,0.00035983472,0,6.150404891967774
2026-02-14 08:00:00,2026-02-14 07:00:00,10353,10412.482,59.482421875,15.24,13.535041,0.0002850273,0,1.7049591445922854
2026-02-14 09:00:00,2026-02-14 08:00:00,10500,10510.259,10.2587890625,15.95,12.628791,0.00020018443,0,3.3212091445922844
2026-02-14 10:00:00,2026-02-14 09:00:00,10657,10621.173,35.8271484375,15.95,16.20784,0.0004052884,0,0.2578399658203132
2026-02-14 11:00:00,2026-02-14 10:00:00,10710,10739.536,29.5361328125,12.59,14.077886,0.00026790012,0,1.4878856277465822
2026-02-14 12:00:00,2026-02-14 11:00:00,10767,10702.469,64.53125,6.88,11.497976,0.00010473436,0,4.617976303100586
2026-02-14 13:00:00,2026-02-14 12:00:00,10693,10734.464,41.4638671875,0.0,6.7485743,0.0001139709,0,6.748574256896973
2026-02-14 14:00:00,2026-02-14 13:00:00,10624,10651.166,27.166015625,0.0,1.9166443,0.00011232318,0,1.9166443347930908
2026-02-14 15:00:00,2026-02-14 14:00:00,10551,10612.04,61.0400390625,0.0,2.7259047,0.00016957593,0,2.725904703140259
2026-02-14 16:00:00,2026-02-14 15:00:00,10565,10557.246,7.75390625,4.39,1.1013118,0.00017492854,0,3.288688197135925
2026-02-14 17:00:00,2026-02-14 16:00:00,10634,10645.148,11.1484375,7.24,10.227428,0.00035481196,0,2.9874284362792967
2026-02-14 18:00:00,2026-02-14 17:00:00,10879,10722.242,156.7578125,14.53,12.904141,0.00046004314,0,1.6258585739135736
2026-02-14 19:00:00,2026-02-14 18:00:00,11044,10939.819,104.1806640625,17.22,16.257946,0.00024299596,0,0.962053985595702
2026-02-14 20:00:00,2026-02-14 19:00:00,10970,10986.735,16.7353515625,16.05,23.443388,0.0017667759,0,7.3933879852294915
2026-02-14 21:00:00,2026-02-14 20:00:00,10836,10862.405,26.4052734375,15.42,14.282864,0.00026676056,0,1.1371363830566406
2026-02-14 22:00:00,2026-02-14 21:00:00,10718,10702.789,15.2109375,19.06,12.27986,0.00018456744,0,6.780140457153319
2026-02-14 23:00:00,2026-02-14 22:00:00,10556,10507.846,48.154296875,23.45,21.224413,0.0005621966,0,2.225587081909179
2026-02-15 00:00:00,2026-02-14 23:00:00,10366,10346.737,19.2626953125,24.27,26.940054,0.0022694774,0,2.6700539398193364
2026-02-15 01:00:00,2026-02-15 00:00:00,10185,10215.785,30.78515625,21.36,23.409048,0.0011975956,0,2.0490480804443365
2026-02-15 02:00:00,2026-02-15 01:00:00,10089,10053.194,35.8056640625,18.32,19.530842,0.0005692377,0,1.2108418273925778
2026-02-15 03:00:00,2026-02-15 02:00:00,10052,10011.607,40.392578125,16.42,17.202244,0.0007123061,0,0.7822438049316389
2026-02-15 04:00:00,2026-02-15 03:00:00,10029,10035.797,6.796875,17.0,16.395418,0.0006430651,0,0.6045818328857422
2026-02-15 05:00:00,2026-02-15 04:00:00,10017,10039.798,22.7978515625,16.06,17.96613,0.0013436544,0,1.906129302978517
2026-02-15 06:00:00,2026-02-15 05:00:00,10045,10057.367,12.3671875,14.24,15.128045,0.00022914834,0,0.8880450820922849
2026-02-15 07:00:00,2026-02-15 06:00:00,10195,10141.71,53.2900390625,12.17,18.032736,8.021075e-05,0,5.862735824584961
2026-02-15 08:00:00,2026-02-15 07:00:00,10388,10429.326,41.326171875,10.68,11.473434,6.5238106e-05,0,0.7934344482421878
2026-02-15 09:00:00,2026-02-15 08:00:00,10515,10526.781,11.78125,12.9,8.850715,5.206098e-05,0,4.0492853164672855
2026-02-15 10:00:00,2026-02-15 09:00:00,10534,10582.697,48.697265625,10.38,16.184855,0.00017318806,0,5.804854507446288
2026-02-15 11:00:00,2026-02-15 10:00:00,10543,10553.285,10.28515625,8.68,7.993296,4.3039898e-05,0,0.6867038536071775
2026-02-15 12:00:00,2026-02-15 11:00:00,10532,10531.206,0.7939453125,11.83,7.315419,4.216185e-05,0,4.5145808029174805
2026-02-15 13:00:00,2026-02-15 12:00:00,10539,10519.845,19.1552734375,14.97,14.137553,8.452619e-05,0,0.8324467849731452
2026-02-15 14:00:00,2026-02-15 13:00:00,10537,10528.066,8.93359375,15.61,16.921682,0.00012944592,0,1.3116823577880865
2026-02-15 15:00:00,2026-02-15 14:00:00,10547,10521.49,25.509765625,14.44,15.3612585,0.00017911129,0,0.9212585067749028
2026-02-15 16:00:00,2026-02-15 15:00:00,10628,10575.6455,52.3544921875,14.63,11.609391,0.00013860031,0,3.020608787536622
2026-02-15 17:00:00,2026-02-15 16:00:00,10764,10777.387,13.38671875,20.69,14.974021,0.0002661704,0,5.715979042053224
2026-02-15 18:00:00,2026-02-15 17:00:00,11027,10884.219,142.78125,24.21,27.637787,0.0011945679,0,3.427786865234374
2026-02-15 19:00:00,2026-02-15 18:00:00,11203,11040.181,162.8193359375,23.62,27.349218,0.00084736303,0,3.7292183685302724
2026-02-15 20:00:00,2026-02-15 19:00:00,11097,11171.504,74.50390625,23.53,30.031551,0.0005959379,0,6.501551361083983
2026-02-15 21:00:00,2026-02-15 20:00:00,10973,10982.892,9.8916015625,18.72,22.81732,0.00045516578,0,4.097319869995118
2026-02-15 22:00:00,2026-02-15 21:00:00,10840,10796.062,43.9384765625,11.89,17.201334,0.0004522751,0,5.3113339996337885
2026-02-15 23:00:00,2026-02-15 22:00:00,10641,10604.348,36.65234375,0.54,11.797613,5.2119343e-05,0,11.2576131439209
2026-02-16 00:00:00,2026-02-15 23:00:00,10403,10400.838,2.162109375,1.94,0.54049516,0.00014234592,0,1.3995048427581787
2026-02-16 01:00:00,2026-02-16 00:00:00,10260,10217.587,42.4130859375,1.13,6.7167387,0.00013168037,0,5.586738700866699
2026-02-16 02:00:00,2026-02-16 01:00:00,10148,10152.114,4.1142578125,0.0,1.8282856,0.00015370977,0,1.828285574913025
2026-02-16 03:00:00,2026-02-16 02:00:00,10063,10072.586,9.5859375,3.62,1.0720901,0.00011080827,0,2.547909851074219
2026-02-16 04:00:00,2026-02-16 03:00:00,9994,10057.769,63.7685546875,18.95,8.437655,0.00022946033,0,10.512344551086425
2026-02-16 05:00:00,2026-02-16 04:00:00,10015,10037.658,22.658203125,22.88,34.633175,0.0014775335,0,11.753174896240235
2026-02-16 06:00:00,2026-02-16 05:00:00,10190,10111.698,78.3017578125,24.45,26.970665,0.0011287981,0,2.5206649780273445
2026-02-16 07:00:00,2026-02-16 06:00:00,10395,10578.382,183.3818359375,24.38,32.438507,0.0032356973,0,8.058507080078126
2026-02-16 08:00:00,2026-02-16 07:00:00,10631,10711.604,80.603515625,27.88,25.5275,0.00094021973,0,2.3524998474121084
2026-02-16 09:00:00,2026-02-16 08:00:00,10742,10770.339,28.3388671875,28.08,34.663498,0.0031709701,0,6.583497924804689
2026-02-16 10:00:00,2026-02-16 09:00:00,10877,10790.357,86.642578125,22.63,45.29537,0.0008475137,0,22.66536819458008
2026-02-16 11:00:00,2026-02-16 10:00:00,10952,10930.118,21.8818359375,21.55,22.689178,0.00028853354,0,1.1391784667968743
2026-02-16 12:00:00,2026-02-16 11:00:00,11033,10994.448,38.5517578125,18.35,19.85013,0.0009522013,0,1.5001300811767564
2026-02-16 13:00:00,2026-02-16 12:00:00,11089,11043.097,45.9033203125,18.14,17.856667,0.0007923862,0,0.2833334350585943
2026-02-16 14:00:00,2026-02-16 13:00:00,11042,11087.948,45.9482421875,17.34,16.8888,0.000631877,0,0.4512003326416014
2026-02-16 15:00:00,2026-02-16 14:00:00,11101,10984.274,116.7255859375,14.7,16.505484,0.0007710662,0,1.8054836273193366
2026-02-16 16:00:00,2026-02-16 15:00:00,11233,11141.602,91.3984375,11.98,14.579792,0.000881704,0,2.5997920227050777
2026-02-16 17:00:00,2026-02-16 16:00:00,11461,11353.434,107.56640625,12.83,11.719867,0.000254297,0,1.1101332473754884
2026-02-16 18:00:00,2026-02-16 17:00:00,11700,11570.162,129.837890625,12.56,16.325687,0.00027263662,0,3.765687408447265
2026-02-16 19:00:00,2026-02-16 18:00:00,11750,11629.418,120.58203125,12.95,9.611877,7.584311e-05,0,3.3381225585937493
2026-02-16 20:00:00,2026-02-16 19:00:00,11651,11672.953,21.953125,10.23,18.540205,0.00026745832,0,8.310205001831054
2026-02-16 21:00:00,2026-02-16 20:00:00,11479,11512.507,33.5068359375,10.22,8.61353,0.00020571848,0,1.6064698410034186
2026-02-16 22:00:00,2026-02-16 21:00:00,11282,11290.786,8.7861328125,11.44,8.307456,0.00035261523,0,3.132543983459472
2026-02-16 23:00:00,2026-02-16 22:00:00,11050,10982.153,67.8466796875,9.23,13.700954,0.00020753256,0,4.470954437255859
2026-02-17 00:00:00,2026-02-16 23:00:00,10801,10740.239,60.7607421875,7.22,8.193087,0.0004630847,0,0.9730866241455081
2026-02-17 01:00:00,2026-02-17 00:00:00,10637,10625.707,11.29296875,8.22,8.4984865,0.00018764635,0,0.27848651885986264
2026-02-17 02:00:00,2026-02-17 01:00:00,10581,10520.301,60.69921875,8.94,11.602834,0.00019525553,0,2.66283374786377
2026-02-17 03:00:00,2026-02-17 02:00:00,10548,10508.85,39.150390625,10.01,12.278604,0.0002072555,0,2.268603553771973
2026-02-17 04:00:00,2026-02-17 03:00:00,10532,10498.935,33.0654296875,13.86,11.150561,0.00015790896,0,2.7094386672973627
2026-02-17 05:00:00,2026-02-17 04:00:00,10578,10506.796,71.2041015625,17.09,17.718521,0.00041714293,0,0.6285211181640626
2026-02-17 06:00:00,2026-02-17 05:00:00,10722,10723.644,1.6435546875,17.65,22.380932,0.0011761239,0,4.730931854248048
2026-02-17 07:00:00,2026-02-17 06:00:00,11143,11021.623,121.376953125,17.7,24.969732,0.0005483548,0,7.269732284545899
2026-02-17 08:00:00,2026-02-17 07:00:00,11537,11535.36,1.6396484375,12.23,19.994604,0.0008018295,0,7.764604110717773
2026-02-17 09:00:00,2026-02-17 08:00:00,11708,11613.089,94.9111328125,11.13,12.948458,6.858998e-05,0,1.818457717895507
2026-02-17 10:00:00,2026-02-17 09:00:00,11928,11721.591,206.4091796875,12.6,11.134307,0.00013154332,0,1.465693092346191
2026-02-17 11:00:00,2026-02-17 10:00:00,12104,11902.864,201.1357421875,13.01,17.49416,0.0003285642,0,4.484159698486328
2026-02-17 12:00:00,2026-02-17 11:00:00,12200,12008.804,191.1962890625,11.92,15.1224375,0.00026732756,0,3.2024374771118165
2026-02-17 13:00:00,2026-02-17 12:00:00,12186,12001.521,184.478515625,12.8,7.9126267,0.00024773192,0,4.88737325668335
2026-02-17 14:00:00,2026-02-17 13:00:00,12191,11951.27,239.73046875,11.31,11.422583,0.00046369163,0,0.11258262634277294
2026-02-17 15:00:00,2026-02-17 14:00:00,12128,11967.739,160.2607421875,11.16,7.8288865,0.0002446628,0,3.3311134910583498
2026-02-17 16:00:00,2026-02-17 15:00:00,12217,11936.316,280.68359375,10.91,8.894071,0.00056649814,0,2.0159293746948244
2026-02-17 17:00:00,2026-02-17 16:00:00,12213,12086.128,126.8720703125,10.74,28.538677,0.00075072557,0,17.79867721557617
2026-02-17 18:00:00,2026-02-17 17:00:00,12373,12062.326,310.673828125,12.47,43.527912,0.001029337,0,31.05791213989258
2026-02-17 19:00:00,2026-02-17 18:00:00,12404,12093.726,310.2744140625,14.06,22.24327,0.0007049899,0,8.183270874023437
2026-02-17 20:00:00,2026-02-17 19:00:00,12306,12020.756,285.244140625,15.05,27.753101,0.0023536482,0,12.703101348876952
2026-02-17 21:00:00,2026-02-17 20:00:00,12142,11937.15,204.849609375,16.44,29.913996,0.0014286545,0,13.47399574279785
2026-02-17 22:00:00,2026-02-17 21:00:00,11894,11826.719,67.28125,17.88,23.118889,0.0030012238,0,5.23888885498047
2026-02-17 23:00:00,2026-02-17 22:00:00,11573,11625.943,52.943359375,11.78,19.937862,0.001552995,0,8.157862396240235
2026-02-18 00:00:00,2026-02-17 23:00:00,11335,11252.61,82.3896484375,12.26,8.93888,0.00047575065,0,3.32112003326416
2026-02-18 01:00:00,2026-02-18 00:00:00,11189,11125.943,63.056640625,17.19,13.457198,0.00053187,0,3.73280185699463
2026-02-18 02:00:00,2026-02-18 01:00:00,11076,11040.779,35.220703125,19.15,22.35298,0.0011472749,0,3.202979660034181
2026-02-18 03:00:00,2026-02-18 02:00:00,11000,10970.767,29.2333984375,20.1,23.00632,0.0011114776,0,2.906320953369139
2026-02-18 04:00:00,2026-02-18 03:00:00,10989,10936.013,52.9873046875,18.31,22.668188,0.0012680376,0,4.358188095092775
2026-02-18 05:00:00,2026-02-18 04:00:00,10974,10963.465,10.53515625,17.18,19.276852,0.00044029427,0,2.0968516540527347
2026-02-18 06:00:00,2026-02-18 05:00:00,11117,11061.5,55.5,14.91,29.676495,0.0005070497,0,14.766494598388672
2026-02-18 07:00:00,2026-02-18 06:00:00,11472,11410.526,61.4736328125,17.29,30.202826,0.00022115561,0,12.91282554626465
2026-02-18 08:00:00,2026-02-18 07:00:00,11837,11800.248,36.751953125,18.01,32.50831,0.0002858151,0,14.49830841064453
2026-02-18 09:00:00,2026-02-18 08:00:00,11869,11915.488,46.48828125,17.4,18.489626,0.00014420485,0,1.0896259307861342
2026-02-18 10:00:00,2026-02-18 09:00:00,11886,11881.151,4.8486328125,13.42,18.08631,7.5249714e-05,0,4.6663094329833985
2026-02-18 11:00:00,2026-02-18 10:00:00,11897,11943.902,46.90234375,13.97,17.343235,5.6856166e-05,0,3.37323501586914
2026-02-18 12:00:00,2026-02-18 11:00:00,11895,11934.403,39.4033203125,11.8,21.608557,0.00016189445,0,9.808556747436523
2026-02-18 13:00:00,2026-02-18 12:00:00,11969,11896.042,72.9580078125,10.72,17.339962,7.7280776e-05,0,6.619962005615234
2026-02-18 14:00:00,2026-02-18 13:00:00,11976,12015.799,39.798828125,14.42,41.866398,9.6565585e-05,0,27.446397857666014
2026-02-18 15:00:00,2026-02-18 14:00:00,11943,11976.688,33.6884765625,16.17,46.7801,0.0003901932,0,30.610101776123045
2026-02-18 16:00:00,2026-02-18 15:00:00,11975,11943.719,31.28125,21.51,49.3607,0.00095702265,0,27.85069869995117
2026-02-18 17:00:00,2026-02-18 16:00:00,12012,12059.199,47.19921875,24.95,79.0676,0.0015159422,0,54.11759643554687
2026-02-18 18:00:00,2026-02-18 17:00:00,12141,12062.841,78.1591796875,33.72,90.78042,0.0019736532,0,57.060418395996095
2026-02-18 19:00:00,2026-02-18 18:00:00,12249,12136.732,112.267578125,45.4,66.94093,0.0023641111,0,21.540933227539064
2026-02-18 20:00:00,2026-02-18 19:00:00,12163,12105.806,57.1943359375,45.15,82.24772,0.031739235,0,37.09771881103516
2026-02-18 21:00:00,2026-02-18 20:00:00,11979,11951.813,27.1865234375,45.82,69.52285,0.028698537,0,23.702850036621093
2026-02-18 22:00:00,2026-02-18 21:00:00,11738,11761.982,23.982421875,50.44,38.21309,0.018365912,0,12.226911010742185
2026-02-18 23:00:00,2026-02-18 22:00:00,11508,11497.161,10.8388671875,43.14,42.74585,0.034806736,0,0.39415039062500057
2026-02-19 00:00:00,2026-02-18 23:00:00,11298,11283.822,14.177734375,41.58,42.57599,0.017109774,0,0.9959887695312517
2026-02-19 01:00:00,2026-02-19 00:00:00,11118,11126.216,8.2158203125,49.48,45.518204,0.013951098,0,3.9617962646484344
2026-02-19 02:00:00,2026-02-19 01:00:00,11009,11000.194,8.8056640625,47.97,47.90867,0.05597521,0,0.06133148193359261
2026-02-19 03:00:00,2026-02-19 02:00:00,10998,10947.988,50.01171875,40.12,45.927193,0.0298069,0,5.807192687988284
2026-02-19 04:00:00,2026-02-19 03:00:00,10990,10991.635,1.634765625,40.62,40.74502,0.01095004,0,0.12502182006836193
2026-02-19 05:00:00,2026-02-19 04:00:00,11000,10980.267,19.7333984375,43.12,46.153984,0.015275827,0,3.0339840698242213
2026-02-19 06:00:00,2026-02-19 05:00:00,11154,11114.081,39.9189453125,72.4,63.011127,0.022269301,0,9.388872528076178
2026-02-19 07:00:00,2026-02-19 06:00:00,11419,11456.033,37.033203125,177.07,95.508316,0.17768028,1,81.56168395996093
2026-02-19 08:00:00,2026-02-19 07:00:00,11722,11746.314,24.314453125,399.21,178.04648,0.8882222,1,221.1635217285156
2026-02-19 09:00:00,2026-02-19 08:00:00,11778,11826.286,48.2861328125,114.11,272.0723,0.8816554,1,157.9622961425781
2026-02-19 10:00:00,2026-02-19 09:00:00,11793,11814.466,21.4658203125,32.35,113.84122,0.06302662,0,81.49121704101563
2026-02-19 11:00:00,2026-02-19 10:00:00,11759,11831.397,72.3974609375,27.81,80.42996,0.0057988525,0,52.61996215820312
2026-02-19 12:00:00,2026-02-19 11:00:00,11737,11755.4795,18.4794921875,28.11,62.07516,0.0019708234,0,33.96516098022461
2026-02-19 13:00:00,2026-02-19 12:00:00,11706,11735.297,29.296875,29.06,51.363377,0.0048652124,0,22.303376617431642
2026-02-19 14:00:00,2026-02-19 13:00:00,11680,11741.577,61.5771484375,27.99,53.252514,0.0056480835,0,25.26251388549805
2026-02-19 15:00:00,2026-02-19 14:00:00,11615,11700.04,85.0400390625,25.92,38.966457,0.0024167108,0,13.046457366943358
2026-02-19 16:00:00,2026-02-19 15:00:00,11620,11661.516,41.515625,27.72,39.13724,0.0033507864,0,11.417241363525392
2026-02-19 17:00:00,2026-02-19 16:00:00,11666,11763.064,97.064453125,33.01,49.661022,0.0076647135,0,16.6510221862793
2026-02-19 18:00:00,2026-02-19 17:00:00,11779,11804.29,25.2900390625,74.12,89.098236,0.021584094,0,14.97823608398437
2026-02-19 19:00:00,2026-02-19 18:00:00,11829,11768.947,60.052734375,100.0,136.02136,0.09246476,1,36.0213623046875
2026-02-19 20:00:00,2026-02-19 19:00:00,11846,11842.419,3.5810546875,51.64,216.75279,0.36741728,0,165.11279235839845
2026-02-19 21:00:00,2026-02-19 20:00:00,11786,11809.983,23.9833984375,45.24,95.29707,0.06666663,0,50.05707336425781
2026-02-19 22:00:00,2026-02-19 21:00:00,11636,11638.14,2.1396484375,33.32,56.877167,0.01407276,0,23.557166748046875
2026-02-19 23:00:00,2026-02-19 22:00:00,11347,11410.622,63.6220703125,30.42,33.42799,0.0009135455,0,3.007989959716795
2026-02-20 00:00:00,2026-02-19 23:00:00,11053,11114.803,61.802734375,30.79,30.803047,0.0011335345,0,0.013047180175782103
2026-02-20 01:00:00,2026-02-20 00:00:00,10921,10868.599,52.4013671875,32.46,34.920544,0.00073484203,0,2.460543670654296
2026-02-20 02:00:00,2026-02-20 01:00:00,10853,10821.606,31.3935546875,32.54,35.73621,0.0043902807,0,3.1962098693847665
2026-02-20 03:00:00,2026-02-20 02:00:00,10833,10839.855,6.85546875,32.81,33.011654,0.0030196789,0,0.2016539001464821
2026-02-20 04:00:00,2026-02-20 03:00:00,10821,10842.725,21.724609375,34.73,33.835438,0.0013539109,0,0.8945622253417937
2026-02-20 05:00:00,2026-02-20 04:00:00,10907,10859.432,47.568359375,35.95,37.431553,0.003857842,0,1.4815528869628878
2026-02-20 06:00:00,2026-02-20 05:00:00,11111,11128.012,17.01171875,50.17,39.035233,0.0013654727,0,11.13476745605469
2026-02-20 07:00:00,2026-02-20 06:00:00,11452,11442.921,9.0791015625,65.54,64.13356,0.047037814,0,1.4064398193359438
2026-02-20 08:00:00,2026-02-20 07:00:00,11750,11745.981,4.0185546875,121.58,97.54057,0.19646244,1,24.03942687988281
2026-02-20 09:00:00,2026-02-20 08:00:00,11772,11828.571,56.5712890625,111.63,148.3791,0.4917382,1,36.74910461425782
2026-02-20 10:00:00,2026-02-20 09:00:00,11831,11772.865,58.134765625,37.52,88.2289,0.20543268,0,50.70889709472656
2026-02-20 11:00:00,2026-02-20 10:00:00,11908,11886.115,21.884765625,39.67,33.000053,0.014507778,0,6.669946594238283
2026-02-20 12:00:00,2026-02-20 11:00:00,11826,11920.771,94.771484375,31.67,49.88427,0.006402553,0,18.214269714355467
2026-02-20 13:00:00,2026-02-20 12:00:00,11739,11755.654,16.654296875,29.55,26.016287,0.0044818823,0,3.5337131500244148
2026-02-20 14:00:00,2026-02-20 13:00:00,11681,11709.126,28.1259765625,28.0,23.754723,0.002196143,0,4.245277404785156
2026-02-20 15:00:00,2026-02-20 14:00:00,11624,11642.557,18.556640625,25.76,24.875286,0.002364427,0,0.8847138977050797
2026-02-20 16:00:00,2026-02-20 15:00:00,11544,11637.61,93.6103515625,24.67,20.344633,0.0035514543,0,4.3253668975830095
2026-02-20 17:00:00,2026-02-20 16:00:00,11631,11594.667,36.3330078125,31.85,22.558601,0.004038097,0,9.29139862060547
2026-02-20 18:00:00,2026-02-20 17:00:00,11761,11755.961,5.0390625,75.16,45.290646,0.031059863,0,29.869354400634762
2026-02-20 19:00:00,2026-02-20 18:00:00,11891,11745.7705,145.2294921875,96.0,143.94481,0.16221629,0,47.94480895996094
2026-02-20 20:00:00,2026-02-20 19:00:00,11867,11880.368,13.3681640625,101.0,159.8928,0.7874915,1,58.89280700683594
2026-02-20 21:00:00,2026-02-20 20:00:00,11771,11764.829,6.1708984375,52.83,133.372,0.7136344,0,80.54199401855469
2026-02-20 22:00:00,2026-02-20 21:00:00,11631,11583.052,47.9482421875,52.53,52.673176,0.16718103,0,0.143175811767577
2026-02-20 23:00:00,2026-02-20 22:00:00,11483,11406.272,76.7275390625,50.24,44.7046,0.04293227,0,5.535398712158205
2026-02-21 00:00:00,2026-02-20 23:00:00,11290,11289.377,0.623046875,50.57,45.646915,0.08790847,0,4.923084564208985
2026-02-21 01:00:00,2026-02-21 00:00:00,11064,11067.421,3.4208984375,44.67,44.779377,0.04999939,0,0.10937698364257642
2026-02-21 02:00:00,2026-02-21 01:00:00,10982,10904.29,77.7099609375,44.95,43.18123,0.014680109,0,1.7687713623046903
2026-02-21 03:00:00,2026-02-21 02:00:00,10930,10877.6045,52.3955078125,40.23,43.56706,0.0076803574,0,3.337058563232425
2026-02-21 04:00:00,2026-02-21 03:00:00,10903,10874.062,28.9384765625,40.23,37.566235,0.005394741,0,2.66376541137695
2026-02-21 05:00:00,2026-02-21 04:00:00,10859,10900.467,41.466796875,51.45,39.386105,0.005627562,0,12.063895416259768
2026-02-21 06:00:00,2026-02-21 05:00:00,10952,10906.26,45.740234375,48.44,84.85356,0.033734515,0,36.41356140136719
2026-02-21 07:00:00,2026-02-21 06:00:00,11132,11137.942,5.9423828125,46.43,98.31079,0.008972504,0,51.880791015625
2026-02-21 08:00:00,2026-02-21 07:00:00,11300,11406.452,106.4521484375,47.93,99.435356,0.03385325,0,51.50535614013672
2026-02-21 09:00:00,2026-02-21 08:00:00,11417,11438.166,21.166015625,38.22,62.015644,0.036420323,0,23.79564407348633
2026-02-21 10:00:00,2026-02-21 09:00:00,11511,11497.957,13.04296875,33.22,35.526485,0.011220448,0,2.3064854431152355
2026-02-21 11:00:00,2026-02-21 10:00:00,11518,11583.066,65.06640625,26.08,29.25011,0.0025264157,0,3.170110626220705
2026-02-21 12:00:00,2026-02-21 11:00:00,11462,11520.191,58.19140625,25.04,22.064777,0.0012546846,0,2.975222625732421
2026-02-21 13:00:00,2026-02-21 12:00:00,11401,11372.555,28.4453125,25.1,22.266186,0.0009847906,0,2.8338142395019545
2026-02-21 14:00:00,2026-02-21 13:00:00,11375,11378.99,3.990234375,24.69,23.28969,0.0013098078,0,1.400309982299806
2026-02-21 15:00:00,2026-02-21 14:00:00,11348,11341.406,6.59375,24.28,22.482653,0.0005519965,0,1.7973473358154308
2026-02-21 16:00:00,2026-02-21 15:00:00,11376,11372.551,3.44921875,24.09,22.264883,0.0014481891,0,1.825116958618164
2026-02-21 17:00:00,2026-02-21 16:00:00,11510,11526.631,16.630859375,31.01,24.198845,0.0012836569,0,6.811155090332033
2026-02-21 18:00:00,2026-02-21 17:00:00,11721,11710.196,10.8037109375,67.04,43.219852,0.015347655,0,23.82014755249024
2026-02-21 19:00:00,2026-02-21 18:00:00,11838,11692.314,145.685546875,63.64,83.608574,0.059626695,0,19.968573913574218
2026-02-21 20:00:00,2026-02-21 19:00:00,11799,11811.172,12.171875,56.5,91.64441,0.17973636,0,35.1444091796875
2026-02-21 21:00:00,2026-02-21 20:00:00,11693,11724.962,31.9619140625,40.58,77.080826,0.10021093,0,36.500825805664064
2026-02-21 22:00:00,2026-02-21 21:00:00,11522,11544.195,22.1953125,37.39,38.45514,0.009244059,0,1.0651391601562494
2026-02-21 23:00:00,2026-02-21 22:00:00,11273,11323.574,50.57421875,26.39,37.902798,0.0035361333,0,11.512797698974609
2026-02-22 00:00:00,2026-02-21 23:00:00,11072,11041.218,30.7822265625,23.02,23.451147,0.002019829,0,0.43114707946777386
2026-02-22 01:00:00,2026-02-22 00:00:00,10914,10915.316,1.31640625,22.24,22.795082,0.00042306323,0,0.5550820922851578
2026-02-22 02:00:00,2026-02-22 01:00:00,10815,10798.404,16.595703125,17.38,21.369822,0.0007453279,0,3.989821548461915
2026-02-22 03:00:00,2026-02-22 02:00:00,10753,10755.938,2.9384765625,13.14,17.919748,0.0005506851,0,4.7797483062744135
2026-02-22 04:00:00,2026-02-22 03:00:00,10749,10744.547,4.453125,11.8,12.951071,0.00017184415,0,1.1510707855224602
2026-02-22 05:00:00,2026-02-22 04:00:00,10784,10772.769,11.2314453125,11.88,9.973132,0.0001391362,0,1.906867866516114
2026-02-22 06:00:00,2026-02-22 05:00:00,10878,10864.637,13.36328125,14.62,13.162137,0.00019080099,0,1.4578629684448234
2026-02-22 07:00:00,2026-02-22 06:00:00,11085,11034.709,50.291015625,15.2,23.364586,0.00021484408,0,8.164585876464844
2026-02-22 08:00:00,2026-02-22 07:00:00,11217,11337.587,120.5869140625,15.73,30.23754,0.00016374675,0,14.507539291381836
2026-02-22 09:00:00,2026-02-22 08:00:00,11251,11335.957,84.95703125,13.67,14.538725,9.3199145e-05,0,0.8687248992919923
2026-02-22 10:00:00,2026-02-22 09:00:00,11301,11281.203,19.796875,10.65,12.739716,5.5623757e-05,0,2.0897155761718746
2026-02-22 11:00:00,2026-02-22 10:00:00,11361,11331.439,29.560546875,10.07,8.347922,3.4714638e-05,0,1.722077674865723
2026-02-22 12:00:00,2026-02-22 11:00:00,11401,11387.549,13.451171875,4.55,7.069589,3.6424204e-05,0,2.519589138031006
2026-02-22 13:00:00,2026-02-22 12:00:00,11414,11420.189,6.189453125,0.55,4.0172305,3.002557e-05,0,3.46723051071167
2026-02-22 14:00:00,2026-02-22 13:00:00,11372,11419.539,47.5390625,0.01,1.7503573,3.307556e-05,0,1.7403572702407837
2026-02-22 15:00:00,2026-02-22 14:00:00,11367,11339.32,27.6796875,0.01,0.7717933,3.2273147e-05,0,0.7617933058738708
2026-02-22 16:00:00,2026-02-22 15:00:00,11366,11405.117,39.1171875,3.03,0.45118174,5.8575955e-05,0,2.5788182604312895
2026-02-22 17:00:00,2026-02-22 16:00:00,11493,11514.547,21.546875,13.07,8.711977,0.00023555948,0,4.3580229949951175
2026-02-22 18:00:00,2026-02-22 17:00:00,11718,11739.191,21.19140625,18.82,24.563108,0.0006156828,0,5.743108444213867
2026-02-22 19:00:00,2026-02-22 18:00:00,11851,11740.286,110.7138671875,21.25,19.009047,0.00029612816,0,2.2409534454345703
2026-02-22 20:00:00,2026-02-22 19:00:00,11787,11827.889,40.888671875,19.58,23.746857,0.00093809725,0,4.166856689453127
2026-02-22 21:00:00,2026-02-22 20:00:00,11699,11718.472,19.4716796875,17.34,18.078075,0.0002900621,0,0.738075408935547
2026-02-22 22:00:00,2026-02-22 21:00:00,11464,11558.851,94.8505859375,16.0,16.866856,0.00023726694,0,0.8668556213378906
2026-02-22 23:00:00,2026-02-22 22:00:00,11149,11177.562,28.5615234375,14.51,12.846598,9.3770126e-05,0,1.6634023284912107
2026-02-23 00:00:00,2026-02-22 23:00:00,10885,10899.828,14.828125,14.58,11.380194,0.00016250738,0,3.1998062896728516
2026-02-23 01:00:00,2026-02-23 00:00:00,10702,10717.55,15.5498046875,16.15,14.501142,0.00033983676,0,1.6488584518432603
2026-02-23 02:00:00,2026-02-23 01:00:00,10612,10632.903,20.9033203125,15.2,17.960283,0.0002922584,0,2.760283279418946
2026-02-23 03:00:00,2026-02-23 02:00:00,10543,10572.277,29.27734375,14.09,13.157698,0.000119053555,0,0.9323023223876952
2026-02-23 04:00:00,2026-02-23 03:00:00,10528,10532.119,4.119140625,15.47,12.353919,0.00014421792,0,3.116080970764161
2026-02-23 05:00:00,2026-02-23 04:00:00,10576,10564.492,11.5078125,15.37,17.19835,0.00033502418,0,1.828350906372071
2026-02-23 06:00:00,2026-02-23 05:00:00,10805,10748.5,56.5,15.48,14.625218,0.00015238934,0,0.8547816085815434
2026-02-23 07:00:00,2026-02-23 06:00:00,11224,11228.11,4.1103515625,19.77,24.522015,0.00021241856,0,4.752014617919922
2026-02-23 08:00:00,2026-02-23 07:00:00,11606,11638.348,32.34765625,22.92,24.283789,0.00095225486,0,1.3637886810302717
2026-02-23 09:00:00,2026-02-23 08:00:00,11714,11699.877,14.123046875,16.79,23.897469,0.00094121863,0,7.107468566894532
2026-02-23 10:00:00,2026-02-23 09:00:00,11797,11730.116,66.8837890625,13.89,14.981811,0.0004121399,0,1.091810569763183
2026-02-23 11:00:00,2026-02-23 10:00:00,11765,11813.65,48.650390625,8.51,10.049952,0.00015782993,0,1.5399515533447268
2026-02-23 12:00:00,2026-02-23 11:00:00,11722,11712.232,9.767578125,12.59,4.7827783,5.478432e-05,0,7.807221736907959
2026-02-23 13:00:00,2026-02-23 12:00:00,11769,11651.341,117.6591796875,13.65,13.727945,0.00014058907,0,0.07794532775878871
2026-02-23 14:00:00,2026-02-23 13:00:00,11747,11756.757,9.7568359375,13.45,11.457192,0.0001224962,0,1.9928075790405266
2026-02-23 15:00:00,2026-02-23 14:00:00,11718,11711.837,6.1630859375,10.17,12.640242,8.914092e-05,0,2.4702416229248048
2026-02-23 16:00:00,2026-02-23 15:00:00,11652,11712.936,60.935546875,8.2,8.215072,0.0001920509,0,0.015071678161621804
2026-02-23 17:00:00,2026-02-23 16:00:00,11710,11748.765,38.7646484375,12.26,9.928899,0.00036357343,0,2.3311011886596678
2026-02-23 18:00:00,2026-02-23 17:00:00,11848,11843.268,4.732421875,20.18,17.358377,0.0017026721,0,2.8216225433349607
2026-02-23 19:00:00,2026-02-23 18:00:00,11910,11890.14,19.8603515625,82.35,16.43908,0.0007596738,0,65.91092071533203
2026-02-23 20:00:00,2026-02-23 19:00:00,11771,11913.741,142.7412109375,96.82,179.24588,0.22276163,0,82.42588012695313
2026-02-23 21:00:00,2026-02-23 20:00:00,11680,11613.469,66.53125,82.77,152.23738,0.3196204,0,69.46738098144532
2026-02-23 22:00:00,2026-02-23 21:00:00,11437,11422.173,14.8271484375,43.08,93.70341,0.095190756,0,50.62340728759766
2026-02-23 23:00:00,2026-02-23 22:00:00,11142,11148.305,6.3046875,37.08,56.306843,0.007076763,0,19.22684280395508
2026-02-24 00:00:00,2026-02-23 23:00:00,10846,10827.911,18.0888671875,23.96,37.769043,0.0036521293,0,13.80904296875
2026-02-24 01:00:00,2026-02-24 00:00:00,10680,10653.06,26.9404296875,22.9,23.523245,0.00079625973,0,0.6232448577880874
2026-02-24 02:00:00,2026-02-24 01:00:00,10569,10573.927,4.9267578125,21.76,22.726887,0.00090349204,0,0.9668867492675766
2026-02-24 03:00:00,2026-02-24 02:00:00,10554,10474.8,79.2001953125,21.54,19.89924,0.0005200508,0,1.640759506225585
2026-02-24 04:00:00,2026-02-24 03:00:00,10484,10562.935,78.9345703125,19.24,19.309017,0.00047688893,0,0.06901718139648594
2026-02-24 05:00:00,2026-02-24 04:00:00,10475,10497.446,22.4462890625,16.23,18.81318,0.0006844466,0,2.5831809234619136
2026-02-24 06:00:00,2026-02-24 05:00:00,10620,10589.994,30.005859375,17.99,17.06349,0.00040076024,0,0.9265100860595687
2026-02-24 07:00:00,2026-02-24 06:00:00,11079,10955.688,123.3115234375,24.98,27.441397,0.0006464654,0,2.4613967132568355
2026-02-24 08:00:00,2026-02-24 07:00:00,11441,11500.472,59.4716796875,48.02,33.535587,0.00484684,0,14.484412689208988
2026-02-24 09:00:00,2026-02-24 08:00:00,11481,11531.084,50.083984375,34.75,47.654648,0.025672037,0,12.904647827148438
2026-02-24 10:00:00,2026-02-24 09:00:00,11471,11505.067,34.0673828125,24.54,31.107899,0.002302784,0,6.567898712158204
2026-02-24 11:00:00,2026-02-24 10:00:00,11360,11400.337,40.3369140625,22.43,25.06708,0.0006017376,0,2.637079544067383
2026-02-24 12:00:00,2026-02-24 11:00:00,11323,11280.971,42.029296875,20.18,24.074497,0.0006021248,0,3.894497222900391
2026-02-24 13:00:00,2026-02-24 12:00:00,11252,11234.736,17.263671875,14.95,21.837978,0.0009058737,0,6.88797836303711
2026-02-24 14:00:00,2026-02-24 13:00:00,11162,11207.955,45.955078125,12.5,15.476493,0.0006363907,0,2.9764928817749023
2026-02-24 15:00:00,2026-02-24 14:00:00,11162,11110.3545,51.6455078125,12.98,13.835837,0.0002487537,0,0.8558373641967769
2026-02-24 16:00:00,2026-02-24 15:00:00,11236,11174.175,61.8251953125,14.28,16.293928,0.00023526434,0,2.0139281463623053
2026-02-24 17:00:00,2026-02-24 16:00:00,11341,11401.393,60.392578125,21.39,19.471449,0.0008587614,0,1.9185511016845709
2026-02-24 18:00:00,2026-02-24 17:00:00,11451,11549.494,98.494140625,40.62,26.893528,0.0031559933,0,13.726472015380857
2026-02-24 19:00:00,2026-02-24 18:00:00,11512,11462.278,49.7216796875,27.09,47.06078,0.0048047155,0,19.970779571533203
2026-02-24 20:00:00,2026-02-24 19:00:00,11487,11452.563,34.4365234375,20.92,30.937588,0.011739034,0,10.017587738037108
2026-02-24 21:00:00,2026-02-24 20:00:00,11323,11394.098,71.09765625,19.08,21.488132,0.0007368241,0,2.4081324768066423
2026-02-24 22:00:00,2026-02-24 21:00:00,11100,11133.485,33.4853515625,15.31,19.719034,0.0005756705,0,4.409034194946289
2026-02-24 23:00:00,2026-02-24 22:00:00,10822,10839.427,17.4267578125,6.1,16.601255,0.000178669,0,10.501255416870118
2026-02-25 00:00:00,2026-02-24 23:00:00,10600,10563.8,36.2001953125,3.12,3.537372,0.00016093835,0,0.4173721122741698
2026-02-25 01:00:00,2026-02-25 00:00:00,10448,10417.76,30.240234375,9.79,3.364789,9.368978e-05,0,6.425210990905761
2026-02-25 02:00:00,2026-02-25 01:00:00,10345,10356.664,11.6640625,3.13,12.492538,0.0001299355,0,9.362538452148438
2026-02-25 03:00:00,2026-02-25 02:00:00,10234,10277.693,43.693359375,0.01,3.5867658,5.860842e-05,0,3.576765766143799
2026-02-25 04:00:00,2026-02-25 03:00:00,10204,10178.898,25.1015625,0.0,1.6012247,5.128572e-05,0,1.601224660873413
2026-02-25 05:00:00,2026-02-25 04:00:00,10272,10212.681,59.3193359375,0.0,1.5936733,0.00014393257,0,1.5936733484268188
2026-02-25 06:00:00,2026-02-25 05:00:00,10486,10441.931,44.0693359375,0.0,2.7007818,0.00015981696,0,2.70078182220459
2026-02-25 07:00:00,2026-02-25 06:00:00,10855,10899.158,44.158203125,9.79,10.175569,0.00011431724,0,0.38556858062744226
2026-02-25 08:00:00,2026-02-25 07:00:00,11207,11286.336,79.3359375,7.77,17.720125,0.00024198816,0,9.950125198364258
2026-02-25 09:00:00,2026-02-25 08:00:00,11279,11367.323,88.3232421875,0.0,9.442213,3.9665665e-05,0,9.44221305847168
2026-02-25 10:00:00,2026-02-25 09:00:00,11314,11298.264,15.736328125,0.0,3.0026534,3.8487404e-05,0,3.0026533603668213
2026-02-25 11:00:00,2026-02-25 10:00:00,11234,11294.968,60.9677734375,0.0,1.1195403,3.97746e-05,0,1.1195403337478638
2026-02-25 12:00:00,2026-02-25 11:00:00,11194,11176.422,17.578125,0.0,2.7001946,4.2763822e-05,0,2.7001945972442627
2026-02-25 13:00:00,2026-02-25 12:00:00,11142,11120.367,21.6328125,3.85,2.9668517,7.150209e-05,0,0.8831482887268067
2026-02-25 14:00:00,2026-02-25 13:00:00,11183,11092.039,90.9609375,0.0,11.067432,0.00010719571,0,11.067432403564453
2026-02-25 15:00:00,2026-02-25 14:00:00,11111,11223.611,112.611328125,0.0,4.0062213,7.890926e-05,0,4.006221294403076
2026-02-25 16:00:00,2026-02-25 15:00:00,11117,11121.23,4.23046875,0.0,4.21632,0.00024617533,0,4.216320037841797
2026-02-25 17:00:00,2026-02-25 16:00:00,11174,11223.095,49.0947265625,0.0,6.344751,0.00026628614,0,6.344750881195068
2026-02-25 18:00:00,2026-02-25 17:00:00,11348,11317.455,30.544921875,0.0,3.4095778,0.00031352317,0,3.4095778465270996
2026-02-25 19:00:00,2026-02-25 18:00:00,11492,11425.0,67.0,0.0,0.0,5.6407276e-05,0,0.0
2026-02-25 20:00:00,2026-02-25 19:00:00,11441,11474.522,33.5224609375,1.49,0.24341683,0.00020822945,0,1.2465831691026688
2026-02-25 21:00:00,2026-02-25 20:00:00,11313,11292.926,20.07421875,14.92,9.354343,0.0001595572,0,5.565656585693359
2026-02-25 22:00:00,2026-02-25 21:00:00,11120,11091.567,28.4326171875,15.26,13.940518,0.0008464983,0,1.319481620788574
2026-02-25 23:00:00,2026-02-25 22:00:00,10862,10846.894,15.1064453125,12.92,14.977656,0.0003294635,0,2.057656364440918
2026-02-26 00:00:00,2026-02-25 23:00:00,10578,10599.097,21.0966796875,0.0,10.580404,0.00021484715,0,10.580404281616211
2026-02-26 01:00:00,2026-02-26 00:00:00,10396,10374.856,21.1435546875,0.0,0.7471266,7.2926836e-05,0,0.747126579284668
2026-02-26 02:00:00,2026-02-26 01:00:00,10291,10279.504,11.49609375,0.01,0.7622749,0.00013147334,0,0.7522749209403992
2026-02-26 03:00:00,2026-02-26 02:00:00,10233,10201.76,31.240234375,0.01,1.9600672,9.264659e-05,0,1.9500671529769897
2026-02-26 04:00:00,2026-02-26 03:00:00,10193,10171.628,21.3720703125,0.0,1.3456941,0.0001269786,0,1.3456940650939941
2026-02-26 05:00:00,2026-02-26 04:00:00,10250,10205.921,44.0791015625,0.0,1.3977934,0.00020057952,0,1.3977934122085571
2026-02-26 06:00:00,2026-02-26 05:00:00,10386,10376.05,9.9501953125,6.54,3.7577782,0.00019887419,0,2.7822218322753907
2026-02-26 07:00:00,2026-02-26 06:00:00,10743,10701.998,41.001953125,13.56,21.689278,0.00037976707,0,8.12927764892578
2026-02-26 08:00:00,2026-02-26 07:00:00,11043,11131.786,88.7861328125,7.26,23.90884,0.00078598945,0,16.64884017944336
2026-02-26 09:00:00,2026-02-26 08:00:00,11099,11149.446,50.4462890625,0.0,10.890405,6.556316e-05,0,10.89040470123291
2026-02-26 10:00:00,2026-02-26 09:00:00,11134,11106.545,27.455078125,0.0,3.7611272,5.936283e-05,0,3.761127233505249
2026-02-26 11:00:00,2026-02-26 10:00:00,11153,11144.262,8.73828125,0.01,1.894271,5.6022214e-05,0,1.8842710161209106
2026-02-26 12:00:00,2026-02-26 11:00:00,11115,11141.75,26.75,0.61,2.5476177,4.2660446e-05,0,1.9376176738739015
2026-02-26 13:00:00,2026-02-26 12:00:00,11098,11043.183,54.8173828125,0.9,6.2249355,0.00012476575,0,5.324935531616211
2026-02-26 14:00:00,2026-02-26 13:00:00,11231,11083.523,147.4765625,0.01,7.020562,0.00014790952,0,7.010562171936035
2026-02-26 15:00:00,2026-02-26 14:00:00,11232,11280.277,48.27734375,0.0,3.991077,0.00010165223,0,3.991076946258545
2026-02-26 16:00:00,2026-02-26 15:00:00,11313,11245.151,67.8486328125,0.0,3.6022403,0.00017708437,0,3.6022403240203857
2026-02-26 17:00:00,2026-02-26 16:00:00,11380,11427.798,47.7978515625,0.0,3.5576613,0.00017506571,0,3.557661294937134
2026-02-26 18:00:00,2026-02-26 17:00:00,11449,11473.561,24.560546875,1.03,2.2967646,0.00022784596,0,1.266764612197876
2026-02-26 19:00:00,2026-02-26 18:00:00,11512,11409.269,102.7314453125,6.49,3.9751947,5.501221e-05,0,2.514805307388306
2026-02-26 20:00:00,2026-02-26 19:00:00,11506,11448.492,57.5078125,9.98,9.350804,0.0002153408,0,0.6291956710815434
2026-02-26 21:00:00,2026-02-26 20:00:00,11399,11388.328,10.671875,9.35,14.216689,0.00011795744,0,4.8666891098022464
2026-02-26 22:00:00,2026-02-26 21:00:00,11275,11233.272,41.7275390625,1.84,10.989325,8.3967934e-05,0,9.149324569702149
2026-02-26 23:00:00,2026-02-26 22:00:00,11048,11014.694,33.3056640625,1.78,1.7644304,5.5961133e-05,0,0.015569596290588406
2026-02-27 00:00:00,2026-02-26 23:00:00,10792,10747.325,44.6748046875,10.96,1.587416,0.00023322635,0,9.372583947181703
2026-02-27 01:00:00,2026-02-27 00:00:00,10553,10622.855,69.85546875,8.84,14.649479,0.00042706498,0,5.809478912353516
2026-02-27 02:00:00,2026-02-27 01:00:00,10417,10389.42,27.580078125,10.9,7.0642147,7.111828e-05,0,3.835785293579102
2026-02-27 03:00:00,2026-02-27 02:00:00,10366,10296.17,69.830078125,15.36,13.392822,0.00013933615,0,1.9671777343749994
2026-02-27 04:00:00,2026-02-27 03:00:00,10325,10310.2705,14.7294921875,19.92,17.730606,0.00052365236,0,2.189393920898439
2026-02-27 05:00:00,2026-02-27 04:00:00,10381,10320.213,60.787109375,22.94,22.122093,0.0010282947,0,0.8179067993164075
2026-02-27 06:00:00,2026-02-27 05:00:00,10576,10521.005,54.9951171875,24.3,26.568401,0.0020196636,0,2.268401336669921
2026-02-27 07:00:00,2026-02-27 06:00:00,10940,10927.973,12.02734375,29.99,33.93319,0.0022277727,0,3.9431893920898453
2026-02-27 08:00:00,2026-02-27 07:00:00,11273,11337.827,64.8271484375,31.72,37.656452,0.007897165,0,5.936452178955079
2026-02-27 09:00:00,2026-02-27 08:00:00,11457,11397.232,59.767578125,32.34,35.523193,0.0068838103,0,3.1831933593749966
2026-02-27 10:00:00,2026-02-27 09:00:00,11568,11493.274,74.7255859375,34.96,30.77167,0.0032248043,0,4.188330612182618
2026-02-27 11:00:00,2026-02-27 10:00:00,11601,11597.489,3.5107421875,36.26,36.84468,0.004726543,0,0.5846807861328145
2026-02-27 12:00:00,2026-02-27 11:00:00,11635,11579.153,55.8466796875,31.75,35.78684,0.0030180672,0,4.036838531494141
2026-02-27 13:00:00,2026-02-27 12:00:00,11593,11587.066,5.93359375,26.07,31.281475,0.0018102877,0,5.211475067138672
2026-02-27 14:00:00,2026-02-27 13:00:00,11599,11541.822,57.177734375,25.24,25.410889,0.0017006561,0,0.17088867187500156
2026-02-27 15:00:00,2026-02-27 14:00:00,11579,11580.609,1.609375,22.34,25.512701,0.00240262,0,3.1727010345458986
2026-02-27 16:00:00,2026-02-27 15:00:00,11583,11571.576,11.423828125,21.02,23.47369,0.004107666,0,2.453690032958985
2026-02-27 17:00:00,2026-02-27 16:00:00,11675,11700.556,25.5556640625,29.68,22.13103,0.002837374,0,7.548970870971679
2026-02-27 18:00:00,2026-02-27 17:00:00,11762,11766.894,4.8935546875,32.33,46.644474,0.027543468,0,14.314474029541017
2026-02-27 19:00:00,2026-02-27 18:00:00,11783,11727.481,55.5185546875,32.16,34.769047,0.0044491296,0,2.609046783447269
2026-02-27 20:00:00,2026-02-27 19:00:00,11700,11716.335,16.3349609375,32.16,34.787086,0.010483421,0,2.6270864868164097
2026-02-27 21:00:00,2026-02-27 20:00:00,11628,11579.44,48.5595703125,31.13,32.462902,0.009630436,0,1.3329020690917979
2026-02-27 22:00:00,2026-02-27 21:00:00,11432,11432.108,0.1083984375,30.41,30.460588,0.0043582274,0,0.05058845520019517
2026-02-27 23:00:00,2026-02-27 22:00:00,11188,11175.92,12.080078125,27.49,30.408388,0.0009438544,0,2.9183881378173844
2026-02-28 00:00:00,2026-02-27 23:00:00,10947,10919.894,27.1064453125,28.62,26.75599,0.0050660996,0,1.8640109252929697
2026-02-28 01:00:00,2026-02-28 00:00:00,10764,10752.608,11.3916015625,35.97,29.724813,0.0063279597,0,6.245186538696288
2026-02-28 02:00:00,2026-02-28 01:00:00,10639,10635.446,3.5537109375,44.87,41.405975,0.018267946,0,3.4640246582031224
2026-02-28 03:00:00,2026-02-28 02:00:00,10540,10539.105,0.89453125,32.87,47.36913,0.055584762,0,14.499129180908206
2026-02-28 04:00:00,2026-02-28 03:00:00,10480,10469.052,10.9482421875,31.24,28.936861,0.008615271,0,2.3031389617919906
2026-02-28 05:00:00,2026-02-28 04:00:00,10493,10473.67,19.330078125,27.71,29.846745,0.003797393,0,2.1367445373535148
2026-02-28 06:00:00,2026-02-28 05:00:00,10543,10596.739,53.7392578125,30.55,28.448305,0.004671945,0,2.101694869995118
2026-02-28 07:00:00,2026-02-28 06:00:00,10742,10676.3,65.7001953125,42.14,40.318012,0.0054777754,0,1.8219877624511724
2026-02-28 08:00:00,2026-02-28 07:00:00,10946,10998.473,52.47265625,170.38,50.02684,0.036945984,1,120.35315979003906
2026-02-28 09:00:00,2026-02-28 08:00:00,11031,11084.002,53.001953125,827.67,134.61491,0.8947399,1,693.0550860595703
2026-02-28 10:00:00,2026-02-28 09:00:00,11048,11100.0,52.0,49.18,303.09067,0.9623445,0,253.91066772460937
2026-02-28 11:00:00,2026-02-28 10:00:00,11119,11055.265,63.7353515625,30.65,45.23267,0.046504576,0,14.582669830322267
2026-02-28 12:00:00,2026-02-28 11:00:00,11109,11167.559,58.55859375,27.63,66.2608,0.020244388,0,38.630803222656255
2026-02-28 13:00:00,2026-02-28 12:00:00,11079,11081.556,2.5556640625,23.21,29.759954,0.0067699365,0,6.549954452514648
2026-02-28 14:00:00,2026-02-28 13:00:00,11009,11083.234,74.234375,20.24,26.857813,0.009245601,0,6.617812881469728
2026-02-28 15:00:00,2026-02-28 14:00:00,10917,11030.405,113.4052734375,19.1,16.902687,0.0077707507,0,2.197312927246095
2026-02-28 16:00:00,2026-02-28 15:00:00,10900,10903.591,3.5908203125,21.61,19.361795,0.0040744967,0,2.2482045745849604
2026-02-28 17:00:00,2026-02-28 16:00:00,10964,11004.001,40.0009765625,28.99,27.524185,0.0061027864,0,1.465814819335936
2026-02-28 18:00:00,2026-02-28 17:00:00,11061,11132.921,71.9208984375,134.16,65.3748,0.04717819,1,68.78519836425781
2026-02-28 19:00:00,2026-02-28 18:00:00,11148,11177.979,29.978515625,83.19,158.4883,0.41263512,0,75.29829650878906
2026-02-28 20:00:00,2026-02-28 19:00:00,11155,11187.538,32.5380859375,32.85,108.55237,0.4034721,0,75.7023681640625
2026-02-28 21:00:00,2026-02-28 20:00:00,11114,11110.824,3.17578125,24.27,43.20793,0.012922845,0,18.937931518554688
2026-02-28 22:00:00,2026-02-28 21:00:00,11010,10974.053,35.947265625,23.25,21.990969,0.0026246656,0,1.2590312957763672
2026-02-28 23:00:00,2026-02-28 22:00:00,10817,10834.855,17.85546875,16.25,21.083668,0.00072175084,0,4.833667755126953
2026-03-01 00:00:00,2026-02-28 23:00:00,10601,10621.696,20.6962890625,13.36,16.759237,0.000590128,0,3.3992372894287115
2026-03-01 01:00:00,2026-03-01 00:00:00,10442,10408.116,33.8837890625,21.6,14.546031,0.0004521615,0,7.053969001770021
2026-03-01 02:00:00,2026-03-01 01:00:00,10323,10349.283,26.283203125,20.53,27.924507,0.0024867686,0,7.39450714111328
2026-03-01 03:00:00,2026-03-01 02:00:00,10261,10230.574,30.42578125,15.78,19.850342,0.00042984087,0,4.070341796875001
2026-03-01 04:00:00,2026-03-01 03:00:00,10224,10205.122,18.8779296875,14.11,14.881091,0.0003826157,0,0.7710911178588873
2026-03-01 05:00:00,2026-03-01 04:00:00,10228,10213.274,14.7255859375,13.34,12.878282,0.00037298174,0,0.46171840667724595
2026-03-01 06:00:00,2026-03-01 05:00:00,10299,10302.85,3.849609375,11.57,13.120697,0.000274805,0,1.5506970214843747
2026-03-01 07:00:00,2026-03-01 06:00:00,10421,10445.188,24.1884765625,11.33,20.707275,0.00021383044,0,9.377275390625
2026-03-01 08:00:00,2026-03-01 07:00:00,10558,10667.811,109.810546875,3.99,15.807517,0.00031723344,0,11.817517051696777
2026-03-01 09:00:00,2026-03-01 08:00:00,10759,10670.847,88.1533203125,0.0,7.174871,0.00014381665,0,7.17487096786499
2026-03-01 10:00:00,2026-03-01 09:00:00,10997,10899.178,97.822265625,0.0,1.0788189,0.00021280332,0,1.078818917274475
2026-03-01 11:00:00,2026-03-01 10:00:00,11029,11130.608,101.6083984375,3.59,0.46011844,0.00018039848,0,3.129881557226181
2026-03-01 12:00:00,2026-03-01 11:00:00,11006,11026.773,20.7734375,6.46,6.795483,0.00022233705,0,0.3354831123352051
2026-03-01 13:00:00,2026-03-01 12:00:00,10929,11011.638,82.6376953125,8.39,6.9422774,0.00017926932,0,1.4477225685119635
2026-03-01 14:00:00,2026-03-01 13:00:00,10840,10854.614,14.6142578125,13.19,9.801151,0.00021617766,0,3.388848724365234
2026-03-01 15:00:00,2026-03-01 14:00:00,10808,10788.499,19.5009765625,13.87,14.514061,0.00031992412,0,0.6440609741210945
2026-03-01 16:00:00,2026-03-01 15:00:00,10799,10822.891,23.890625,13.97,12.973784,0.0010066278,0,0.996215553283692
2026-03-01 17:00:00,2026-03-01 16:00:00,10921,10922.814,1.814453125,27.46,14.101444,0.0012742807,0,13.358555755615235
2026-03-01 18:00:00,2026-03-01 17:00:00,11157,11082.204,74.7958984375,82.25,41.42568,0.040421773,0,40.82432174682617
2026-03-01 19:00:00,2026-03-01 18:00:00,11292,11188.285,103.71484375,44.49,114.983925,0.34552923,0,70.49392486572265
2026-03-01 20:00:00,2026-03-01 19:00:00,11265,11236.08,28.919921875,23.43,79.35724,0.1469679,0,55.92723876953125
2026-03-01 21:00:00,2026-03-01 20:00:00,11146,11195.53,49.5302734375,14.58,19.36337,0.008121781,0,4.783370895385742
2026-03-01 22:00:00,2026-03-01 21:00:00,10977,10999.388,22.3876953125,7.81,9.899708,0.0013540856,0,2.0897077941894535
2026-03-01 23:00:00,2026-03-01 22:00:00,10698,10714.698,16.6982421875,0.23,4.3891573,0.00030480154,0,4.15915729522705
2026-03-02 00:00:00,2026-03-01 23:00:00,10436,10458.192,22.1923828125,0.0,0.021268485,0.0008147427,0,0.021268485113978386
2026-03-02 01:00:00,2026-03-02 00:00:00,10211,10271.66,60.66015625,0.0,2.0162587,0.0004489522,0,2.016258716583252
2026-03-02 02:00:00,2026-03-02 01:00:00,10089,10098.035,9.03515625,2.74,0.8520264,0.00051284756,0,1.8879735970497133
2026-03-02 03:00:00,2026-03-02 02:00:00,10070,10031.921,38.0791015625,13.71,7.8217344,0.0007315375,0,5.888265571594239
2026-03-02 04:00:00,2026-03-02 03:00:00,10105,10086.993,18.0068359375,16.79,17.121202,0.0023994013,0,0.33120246887207117
2026-03-02 05:00:00,2026-03-02 04:00:00,10249,10175.769,73.2314453125,20.66,20.125633,0.00621597,0,0.5343667602539064
2026-03-02 06:00:00,2026-03-02 05:00:00,10496,10520.491,24.4912109375,22.16,24.055058,0.01160039,0,1.8950575256347655
2026-03-02 07:00:00,2026-03-02 06:00:00,10981,10914.562,66.4384765625,32.43,30.869303,0.013926285,0,1.5606972503662107
2026-03-02 08:00:00,2026-03-02 07:00:00,11399,11293.372,105.6279296875,37.2,67.97315,0.061924815,0,30.77315216064453
2026-03-02 09:00:00,2026-03-02 08:00:00,11478,11519.587,41.5869140625,25.6,94.3376,0.017428769,0,68.73760070800782
2026-03-02 10:00:00,2026-03-02 09:00:00,11496,11537.427,41.4267578125,24.73,19.595785,0.0058840355,0,5.1342148590087895
2026-03-02 11:00:00,2026-03-02 10:00:00,11536,11540.236,4.236328125,22.31,23.125673,0.0064878426,0,0.8156732940673841
2026-03-02 12:00:00,2026-03-02 11:00:00,11479,11529.57,50.5703125,16.34,19.995705,0.0042835376,0,3.6557046508789064
2026-03-02 13:00:00,2026-03-02 12:00:00,11442,11435.367,6.6328125,16.75,14.559396,0.0019244216,0,2.1906042098999023
2026-03-02 14:00:00,2026-03-02 13:00:00,11391,11377.189,13.810546875,18.03,17.272429,0.0062969606,0,0.757571487426759
2026-03-02 15:00:00,2026-03-02 14:00:00,11358,11360.746,2.74609375,20.19,20.67711,0.0073751505,0,0.48711067199706903
2026-03-02 16:00:00,2026-03-02 15:00:00,11385,11335.049,49.951171875,26.26,20.711918,0.013942508,0,5.548082122802736
2026-03-02 17:00:00,2026-03-02 16:00:00,11533,11490.082,42.91796875,43.85,31.26556,0.081934445,0,12.584439849853517
2026-03-02 18:00:00,2026-03-02 17:00:00,11595,11679.266,84.265625,54.01,92.91371,0.39330843,0,38.903711547851564
2026-03-02 19:00:00,2026-03-02 18:00:00,11534,11509.863,24.13671875,77.92,51.059566,0.27684388,0,26.860433502197267
2026-03-02 20:00:00,2026-03-02 19:00:00,11548,11420.335,127.6650390625,73.89,92.81958,0.72377855,0,18.929580078125
2026-03-02 21:00:00,2026-03-02 20:00:00,11518,11465.43,52.5703125,40.56,74.50994,0.62958914,0,33.94994110107422
2026-03-02 22:00:00,2026-03-02 21:00:00,11356,11320.737,35.2626953125,27.92,37.770298,0.06477993,0,9.850298004150389
2026-03-02 23:00:00,2026-03-02 22:00:00,11060,11082.436,22.435546875,25.33,26.165167,0.0073199784,0,0.8351668548584001
2026-03-03 00:00:00,2026-03-02 23:00:00,10749,10772.342,23.341796875,24.94,23.83509,0.009840127,0,1.10490936279297
2026-03-03 01:00:00,2026-03-03 00:00:00,10562,10564.052,2.0517578125,22.21,23.491106,0.0072618225,0,1.2811060333251945
2026-03-03 02:00:00,2026-03-03 01:00:00,10427,10411.331,15.6689453125,16.56,21.233688,0.004817309,0,4.673688354492189
2026-03-03 03:00:00,2026-03-03 02:00:00,10320,10291.366,28.6337890625,14.62,16.607153,0.0018737323,0,1.9871529388427742
2026-03-03 04:00:00,2026-03-03 03:00:00,10249,10245.934,3.06640625,14.55,12.7284775,0.00079886965,0,1.821522521972657
2026-03-03 05:00:00,2026-03-03 04:00:00,10286,10237.935,48.0654296875,14.42,12.08183,0.00062577386,0,2.3381699752807616
2026-03-03 06:00:00,2026-03-03 05:00:00,10450,10417.216,32.7841796875,14.56,13.795303,0.0009785225,0,0.764696655273438
2026-03-03 07:00:00,2026-03-03 06:00:00,10844,10818.276,25.7236328125,15.34,20.342163,0.0017490191,0,5.0021630859375
2026-03-03 08:00:00,2026-03-03 07:00:00,11250,11266.001,16.0009765625,18.02,17.262043,0.0016713493,0,0.7579570007324214
2026-03-03 09:00:00,2026-03-03 08:00:00,11402,11405.787,3.787109375,16.31,20.146013,0.0024088533,0,3.8360132598876966
2026-03-03 10:00:00,2026-03-03 09:00:00,11437,11476.554,39.5537109375,15.65,13.830981,0.00073219836,0,1.8190187454223636
2026-03-03 11:00:00,2026-03-03 10:00:00,11422,11455.2295,33.2294921875,13.51,11.554727,0.0004250126,0,1.9552733993530271
2026-03-03 12:00:00,2026-03-03 11:00:00,11438,11392.356,45.6435546875,14.07,11.038948,0.0004216804,0,3.031051940917969
2026-03-03 13:00:00,2026-03-03 12:00:00,11450,11400.872,49.1279296875,1.47,13.68412,0.0009208403,0,12.214120178222656
2026-03-03 14:00:00,2026-03-03 13:00:00,11446,11451.277,5.27734375,0.0,2.1051557,0.00035314474,0,2.1051557064056396
2026-03-03 15:00:00,2026-03-03 14:00:00,11494,11409.321,84.6787109375,0.0,2.5190723,0.0004290796,0,2.5190722942352295
2026-03-03 16:00:00,2026-03-03 15:00:00,11535,11569.05,34.0498046875,0.0,2.358717,0.0007735707,0,2.3587169647216797
2026-03-03 17:00:00,2026-03-03 16:00:00,11665,11683.86,18.8603515625,0.0,4.49346,0.0013952552,0,4.493460178375244
2026-03-03 18:00:00,2026-03-03 17:00:00,11752,11791.341,39.3408203125,0.0,1.8495145,0.0022004428,0,1.8495144844055176
2026-03-03 19:00:00,2026-03-03 18:00:00,11753,11686.956,66.0439453125,9.43,0.0,0.0008113892,0,9.43
2026-03-03 20:00:00,2026-03-03 19:00:00,11675,11675.1045,0.1044921875,14.43,11.6389065,0.0027093429,0,2.791093521118164
2026-03-03 21:00:00,2026-03-03 20:00:00,11593,11523.045,69.955078125,16.09,17.283892,0.002168775,0,1.1938916778564455
2026-03-03 22:00:00,2026-03-03 21:00:00,11370,11413.782,43.7822265625,23.56,15.853971,0.0017251018,0,7.706029472351073
2026-03-03 23:00:00,2026-03-03 22:00:00,11146,11099.577,46.4228515625,33.66,29.277966,0.0055423686,0,4.3820344543457
2026-03-04 00:00:00,2026-03-03 23:00:00,10907,10871.775,35.224609375,52.31,44.407555,0.060579736,0,7.9024453735351585
2026-03-04 01:00:00,2026-03-04 00:00:00,10760,10708.429,51.5712890625,55.64,54.251423,0.091480896,0,1.3885771179199224
2026-03-04 02:00:00,2026-03-04 01:00:00,10656,10648.358,7.6416015625,55.39,56.776943,0.1279021,0,1.3869432067871088
2026-03-04 03:00:00,2026-03-04 02:00:00,10643,10565.018,77.982421875,58.58,54.191826,0.09384297,0,4.3881741333007795
2026-03-04 04:00:00,2026-03-04 03:00:00,10635,10644.38,9.3798828125,63.1,50.174385,0.05129844,0,12.92561492919922
2026-03-04 05:00:00,2026-03-04 04:00:00,10624,10651.537,27.537109375,56.3,53.124294,0.16783263,0,3.175705718994138
2026-03-04 06:00:00,2026-03-04 05:00:00,10768,10741.235,26.7646484375,76.7,64.70421,0.19550294,0,11.995791625976565
2026-03-04 07:00:00,2026-03-04 06:00:00,11137,11080.026,56.9736328125,150.74,105.52716,0.6853137,1,45.21283935546876
2026-03-04 08:00:00,2026-03-04 07:00:00,11346,11520.122,174.1220703125,371.63,185.52782,0.92592496,1,186.10218322753906
2026-03-04 09:00:00,2026-03-04 08:00:00,11370,11475.9375,105.9375,223.84,217.38582,0.94561344,1,6.454181518554691
2026-03-04 10:00:00,2026-03-04 09:00:00,11490,11390.906,99.09375,94.73,140.20134,0.6782846,0,45.47133972167968
2026-03-04 11:00:00,2026-03-04 10:00:00,11610,11562.181,47.8193359375,50.92,81.4462,0.47679368,0,30.526197509765623
2026-03-04 12:00:00,2026-03-04 11:00:00,11568,11655.877,87.876953125,34.69,60.56762,0.2673356,0,25.87761932373047
2026-03-04 13:00:00,2026-03-04 12:00:00,11559,11511.923,47.0771484375,27.78,31.658545,0.019763703,0,3.8785445404052723
2026-03-04 14:00:00,2026-03-04 13:00:00,11552,11540.141,11.859375,28.0,25.17845,0.006148197,0,2.8215503692626953
2026-03-04 15:00:00,2026-03-04 14:00:00,11564,11568.904,4.904296875,27.95,30.163954,0.018290114,0,2.2139537811279304
2026-03-04 16:00:00,2026-03-04 15:00:00,11639,11649.635,10.634765625,29.78,29.8638,0.033851326,0,0.08380004882812386
2026-03-04 17:00:00,2026-03-04 16:00:00,11701,11820.059,119.05859375,31.17,46.277306,0.14921007,0,15.107305603027342
2026-03-04 18:00:00,2026-03-04 17:00:00,11747,11844.862,97.8623046875,34.57,44.764603,0.12403007,0,10.194602661132812
2026-03-04 19:00:00,2026-03-04 18:00:00,11713,11708.296,4.7041015625,35.65,36.90787,0.060442474,0,1.257871246337892
2026-03-04 20:00:00,2026-03-04 19:00:00,11711,11633.111,77.888671875,35.09,38.066227,0.11423896,0,2.976226959228512
2026-03-04 21:00:00,2026-03-04 20:00:00,11609,11644.249,35.2490234375,34.5,35.195656,0.06633185,0,0.6956558227539062
2026-03-04 22:00:00,2026-03-04 21:00:00,11383,11418.361,35.361328125,34.28,32.432404,0.029504396,0,1.8475964355468761
2026-03-04 23:00:00,2026-03-04 22:00:00,11095,11114.84,19.83984375,33.33,31.416649,0.006076747,0,1.9133511352539045
2026-03-05 00:00:00,2026-03-04 23:00:00,10815,10817.335,2.3349609375,31.49,34.385475,0.008033678,0,2.895475158691408
2026-03-05 01:00:00,2026-03-05 00:00:00,10629,10651.381,22.380859375,30.28,31.517258,0.0060610315,0,1.2372576904296864
2026-03-05 02:00:00,2026-03-05 01:00:00,10506,10544.289,38.2890625,27.41,29.689444,0.004432949,0,2.279443588256836
2026-03-05 03:00:00,2026-03-05 02:00:00,10497,10442.035,54.96484375,27.67,28.829588,0.0061575426,0,1.1595879364013655
2026-03-05 04:00:00,2026-03-05 03:00:00,10471,10515.019,44.0185546875,27.77,28.533129,0.007892888,0,0.7631287384033207
2026-03-05 05:00:00,2026-03-05 04:00:00,10474,10512.788,38.7880859375,28.16,29.397781,0.00878578,0,1.2377813720703124
2026-03-05 06:00:00,2026-03-05 05:00:00,10644,10598.44,45.5595703125,34.14,32.351486,0.0138270855,0,1.788513793945313
2026-03-05 07:00:00,2026-03-05 06:00:00,11001,10997.066,3.93359375,84.2,47.665054,0.036481563,0,36.53494567871094
2026-03-05 08:00:00,2026-03-05 07:00:00,11280,11394.205,114.205078125,99.0,127.43587,0.74649614,0,28.435867309570312
2026-03-05 09:00:00,2026-03-05 08:00:00,11336,11418.685,82.6845703125,47.71,109.54453,0.81502855,0,61.834532775878905
2026-03-05 10:00:00,2026-03-05 09:00:00,11336,11385.329,49.3291015625,32.99,52.104115,0.18457544,0,19.1141145324707
2026-03-05 11:00:00,2026-03-05 10:00:00,11324,11336.01,12.009765625,26.47,29.422087,0.014533092,0,2.9520867156982433
2026-03-05 12:00:00,2026-03-05 11:00:00,11283,11313.881,30.880859375,24.43,26.152576,0.0066248,0,1.7225764465332034
2026-03-05 13:00:00,2026-03-05 12:00:00,11213,11211.622,1.3779296875,25.53,22.710215,0.011088394,0,2.819785385131837
2026-03-05 14:00:00,2026-03-05 13:00:00,11171,11197.803,26.802734375,23.91,24.23845,0.019180495,0,0.32844909667968736
2026-03-05 15:00:00,2026-03-05 14:00:00,11143,11162.84,19.83984375,16.87,23.131123,0.0067246356,0,6.261122589111327
2026-03-05 16:00:00,2026-03-05 15:00:00,11141,11201.809,60.80859375,22.08,17.856031,0.007861838,0,4.223968582153319
2026-03-05 17:00:00,2026-03-05 16:00:00,11263,11247.669,15.3310546875,25.29,24.513708,0.017782172,0,0.7762918853759757
2026-03-05 18:00:00,2026-03-05 17:00:00,11334,11459.387,125.38671875,67.65,30.205502,0.111655936,0,37.44449844360352
2026-03-05 19:00:00,2026-03-05 18:00:00,11397,11334.003,62.9970703125,99.96,77.764885,0.27619523,0,22.195115051269525
2026-03-05 20:00:00,2026-03-05 19:00:00,11357,11390.882,33.8818359375,98.37,114.20791,0.754003,0,15.83790863037109
2026-03-05 21:00:00,2026-03-05 20:00:00,11185,11260.694,75.6943359375,84.11,75.72413,0.5953084,0,8.385871276855468
2026-03-05 22:00:00,2026-03-05 21:00:00,10991,11019.175,28.1748046875,41.97,69.12599,0.3032973,0,27.155991821289064
2026-03-05 23:00:00,2026-03-05 22:00:00,10754,10741.132,12.8681640625,29.63,49.365505,0.021832105,0,19.73550521850586
2026-03-06 00:00:00,2026-03-05 23:00:00,10490,10531.507,41.5068359375,25.54,26.736275,0.010210408,0,1.196274719238282
2026-03-06 01:00:00,2026-03-06 00:00:00,10330,10324.541,5.458984375,22.44,23.43896,0.0046437257,0,0.9989591217041003
2026-03-06 02:00:00,2026-03-06 01:00:00,10231,10232.658,1.658203125,16.39,21.519947,0.005090276,0,5.129947052001953
2026-03-06 03:00:00,2026-03-06 02:00:00,10206,10174.033,31.966796875,14.82,15.655126,0.0020276061,0,0.8351256179809567
2026-03-06 04:00:00,2026-03-06 03:00:00,10242,10176.627,65.373046875,12.49,12.8955555,0.00062827725,0,0.4055554962158201
2026-03-06 05:00:00,2026-03-06 04:00:00,10250,10281.842,31.841796875,14.37,11.306781,0.0007711871,0,3.0632191848754875
2026-03-06 06:00:00,2026-03-06 05:00:00,10380,10368.634,11.3662109375,15.45,17.768421,0.004566471,0,2.318421173095704
2026-03-06 07:00:00,2026-03-06 06:00:00,10757,10708.6,48.400390625,15.38,34.924927,0.0032215456,0,19.544926757812497
2026-03-06 08:00:00,2026-03-06 07:00:00,11106,11190.706,84.7060546875,13.76,26.060575,0.00086838804,0,12.300575485229492
2026-03-06 09:00:00,2026-03-06 08:00:00,11282,11203.513,78.4873046875,3.94,26.374912,0.0003722065,0,22.43491226196289
2026-03-06 10:00:00,2026-03-06 09:00:00,11257,11333.294,76.2939453125,0.0,2.5447602,0.0003393555,0,2.544760227203369
2026-03-06 11:00:00,2026-03-06 10:00:00,11175,11254.991,79.9912109375,10.5,0.0,0.00025849073,0,10.5
2026-03-06 12:00:00,2026-03-06 11:00:00,11100,11125.274,25.2744140625,13.5,12.017923,0.00077858666,0,1.482076644897461
2026-03-06 13:00:00,2026-03-06 12:00:00,11021,11046.108,25.1083984375,13.22,14.613041,0.0006909572,0,1.393040924072265
2026-03-06 14:00:00,2026-03-06 13:00:00,11014,10998.734,15.265625,4.27,10.592528,0.0004941499,0,6.322528343200684
2026-03-06 15:00:00,2026-03-06 14:00:00,10994,11010.502,16.501953125,1.18,3.6205013,0.0006254099,0,2.440501279830933
2026-03-06 16:00:00,2026-03-06 15:00:00,10929,11046.578,117.578125,11.03,2.4248059,0.00059535884,0,8.605194120407104
2026-03-06 17:00:00,2026-03-06 16:00:00,10950,10974.975,24.974609375,14.03,15.842506,0.002569961,0,1.812506408691407
2026-03-06 18:00:00,2026-03-06 17:00:00,11065,11032.914,32.0859375,21.52,23.603504,0.0055267746,0,2.0835041809082036
2026-03-06 19:00:00,2026-03-06 18:00:00,11208,11077.631,130.369140625,25.1,34.19902,0.009469746,0,9.099020385742186
2026-03-06 20:00:00,2026-03-06 19:00:00,11211,11181.016,29.984375,17.29,29.531656,0.032935847,0,12.24165626525879
2026-03-06 21:00:00,2026-03-06 20:00:00,11130,11108.131,21.869140625,14.51,17.028252,0.003639528,0,2.518251647949219
2026-03-06 22:00:00,2026-03-06 21:00:00,10999,10952.243,46.7568359375,11.05,12.1402235,0.002181534,0,1.0902235031127923
2026-03-06 23:00:00,2026-03-06 22:00:00,10786,10779.853,6.1474609375,0.0,9.447251,0.00043783014,0,9.447251319885254
2026-03-07 00:00:00,2026-03-06 23:00:00,10491,10540.062,49.0615234375,0.0,0.0,0.00091176067,0,0.0
2026-03-07 01:00:00,2026-03-07 00:00:00,10326,10283.911,42.0888671875,0.0,1.3789544,0.0007660388,0,1.3789544105529785
2026-03-07 02:00:00,2026-03-07 01:00:00,10217,10200.845,16.1552734375,0.0,0.25468698,0.00036755417,0,0.25468698143959045
2026-03-07 03:00:00,2026-03-07 02:00:00,10081,10108.996,27.99609375,0.0,0.8642826,0.0005257369,0,0.8642826080322266
2026-03-07 04:00:00,2026-03-07 03:00:00,10024,10063.903,39.9033203125,0.0,0.8684826,0.00043494324,0,0.8684825897216797
2026-03-07 05:00:00,2026-03-07 04:00:00,10026,10047.285,21.28515625,0.0,0.9864043,0.00055626436,0,0.986404299736023
2026-03-07 06:00:00,2026-03-07 05:00:00,10114,10061.304,52.6962890625,0.0,2.3304799,0.0008314533,0,2.330479860305786
2026-03-07 07:00:00,2026-03-07 06:00:00,10253,10259.521,6.521484375,0.0,8.182286,0.00051556516,0,8.182286262512207
2026-03-07 08:00:00,2026-03-07 07:00:00,10413,10487.109,74.109375,0.0,5.577813,0.00055996305,0,5.577813148498535
2026-03-07 09:00:00,2026-03-07 08:00:00,10619,10522.297,96.703125,0.0,2.1096134,0.00048437723,0,2.1096134185791016
2026-03-07 10:00:00,2026-03-07 09:00:00,10783,10774.964,8.0361328125,0.0,0.9382928,0.00026349194,0,0.9382928013801575
2026-03-07 11:00:00,2026-03-07 10:00:00,10752,10883.063,131.0634765625,0.0,1.1222707,0.00011128817,0,1.1222707033157349
2026-03-07 12:00:00,2026-03-07 11:00:00,10728,10704.079,23.9208984375,0.0,0.46936855,0.00014322913,0,0.4693685472011566
2026-03-07 13:00:00,2026-03-07 12:00:00,10731,10657.478,73.5224609375,0.0,0.83479273,0.00024436883,0,0.8347927331924438
2026-03-07 14:00:00,2026-03-07 13:00:00,10786,10696.456,89.5439453125,0.0,0.76129484,0.00030826402,0,0.7612948417663574
2026-03-07 15:00:00,2026-03-07 14:00:00,10729,10799.493,70.4931640625,0.0,0.85323536,0.0004610597,0,0.8532353639602661
2026-03-07 16:00:00,2026-03-07 15:00:00,10780,10737.219,42.78125,0.0,1.0273991,0.0007079317,0,1.0273990631103516
2026-03-07 17:00:00,2026-03-07 16:00:00,10866,10889.952,23.9521484375,0.0,2.1542306,0.00078321673,0,2.1542305946350098
2026-03-07 18:00:00,2026-03-07 17:00:00,10910,10984.156,74.15625,0.0,7.0546207,0.0011567815,0,7.054620742797852
2026-03-07 19:00:00,2026-03-07 18:00:00,10965,10894.66,70.33984375,3.35,0.0,0.00016974416,0,3.35
2026-03-07 20:00:00,2026-03-07 19:00:00,10982,10926.544,55.4560546875,16.16,11.172991,0.0006924351,0,4.987009201049805
2026-03-07 21:00:00,2026-03-07 20:00:00,10840,10930.097,90.0966796875,22.67,19.397196,0.001625908,0,3.2728041839599626
2026-03-07 22:00:00,2026-03-07 21:00:00,10655,10713.115,58.115234375,19.34,25.394447,0.004825992,0,6.054447326660156
2026-03-07 23:00:00,2026-03-07 22:00:00,10408,10444.406,36.40625,21.61,16.472916,0.0005489217,0,5.137084350585937
2026-03-08 00:00:00,2026-03-07 23:00:00,10195,10174.352,20.6484375,1.98,22.560877,0.0038375151,0,20.580876846313476
2026-03-08 01:00:00,2026-03-08 00:00:00,10074,10041.239,32.7607421875,0.0,2.4500866,0.00012823334,0,2.4500865936279297
2026-03-08 02:00:00,2026-03-08 02:00:00,9962,10003.899,41.8994140625,0.0,0.9014405,0.00016001138,0,0.9014405012130737
2026-03-08 03:00:00,2026-03-08 03:00:00,9912,9931.785,19.78515625,4.03,0.75765824,0.00018061137,0,3.272341756820679
2026-03-08 04:00:00,2026-03-08 04:00:00,9847,9936.62,89.6201171875,12.74,8.292514,0.0004194517,0,4.447486152648926
2026-03-08 05:00:00,2026-03-08 05:00:00,9842,9866.062,24.0615234375,16.8,18.08143,0.0007155491,0,1.2814304351806634
2026-03-08 06:00:00,2026-03-08 06:00:00,9884,9912.737,28.7373046875,22.61,26.259966,0.002926679,0,3.649965896606446
2026-03-08 07:00:00,2026-03-08 07:00:00,9993,9990.731,2.2685546875,22.2,25.930498,0.005046949,0,3.730498123168946
2026-03-08 08:00:00,2026-03-08 08:00:00,10128,10135.006,7.005859375,20.19,21.139763,0.0019123199,0,0.9497628784179675
2026-03-08 09:00:00,2026-03-08 09:00:00,10349,10263.533,85.466796875,13.0,17.968134,0.0013902818,0,4.968133926391602
2026-03-08 10:00:00,2026-03-08 10:00:00,10378,10506.719,128.71875,10.89,12.257994,0.00039577682,0,1.3679936981201166
2026-03-08 11:00:00,2026-03-08 11:00:00,10216,10400.414,184.4140625,21.59,9.570576,0.00036560954,0,12.019424285888672
2026-03-08 12:00:00,2026-03-08 12:00:00,10246,10181.458,64.5419921875,15.56,25.443537,0.0038615786,0,9.883536758422851
2026-03-08 13:00:00,2026-03-08 13:00:00,10346,10284.472,61.5283203125,0.0,14.104521,0.0005952942,0,14.104520797729492
2026-03-08 14:00:00,2026-03-08 14:00:00,10388,10430.935,42.9345703125,0.59,0.04604685,0.0006318749,0,0.5439531506597995
2026-03-08 15:00:00,2026-03-08 15:00:00,10323,10459.408,136.408203125,4.67,4.9246097,0.0010158544,0,0.254609661102295
2026-03-08 16:00:00,2026-03-08 16:00:00,10409,10429.206,20.2060546875,19.94,10.919905,0.0014453523,0,9.020095291137697
2026-03-08 17:00:00,2026-03-08 17:00:00,10550,10529.738,20.26171875,26.55,40.961613,0.028789045,0,14.411612701416015
2026-03-08 18:00:00,2026-03-08 18:00:00,10584,10613.041,29.041015625,179.82,32.405415,0.017798178,1,147.41458541870117
2026-03-08 19:00:00,2026-03-08 19:00:00,10592,10624.848,32.84765625,434.26,167.56918,0.853641,1,266.6908166503906
2026-03-08 20:00:00,2026-03-08 20:00:00,10575,10594.198,19.1982421875,270.22,289.43875,0.92600775,1,19.218751220703098
2026-03-08 21:00:00,2026-03-08 21:00:00,10487,10518.951,31.951171875,75.65,101.273346,0.4366433,0,25.62334594726562
2026-03-08 22:00:00,2026-03-08 22:00:00,10302,10308.775,6.775390625,49.11,45.733635,0.04701606,0,3.3763650512695307
2026-03-08 23:00:00,2026-03-08 23:00:00,10075,10094.354,19.353515625,33.68,51.690453,0.15772055,0,18.010452575683594
2026-03-09 00:00:00,2026-03-09 00:00:00,9931,9916.296,14.7041015625,26.79,37.8782,0.008548044,0,11.08820053100586
2026-03-09 01:00:00,2026-03-09 01:00:00,9821,9844.725,23.724609375,26.08,32.796417,0.0025868965,0,6.716417236328127
2026-03-09 02:00:00,2026-03-09 02:00:00,9775,9791.427,16.4267578125,22.63,27.755573,0.0013140636,0,5.125573272705079
2026-03-09 03:00:00,2026-03-09 03:00:00,9783,9782.65,0.349609375,19.06,21.689596,0.000933067,0,2.629596176147462
2026-03-09 04:00:00,2026-03-09 04:00:00,9903,9844.94,58.0595703125,18.16,18.111687,0.00090502214,0,0.04831329345703139
2026-03-09 05:00:00,2026-03-09 05:00:00,10102,10107.791,5.791015625,17.85,19.129969,0.0013079303,0,1.2799686431884751
2026-03-09 06:00:00,2026-03-09 06:00:00,10498,10475.861,22.138671875,18.03,23.333086,0.0010878423,0,5.303086013793944
2026-03-09 07:00:00,2026-03-09 07:00:00,10963,10888.609,74.390625,18.38,19.75938,0.0039766775,0,1.3793803405761729
2026-03-09 08:00:00,2026-03-09 08:00:00,11101,11083.68,17.3203125,18.96,19.09577,0.0011686711,0,0.13576988220214758
2026-03-09 09:00:00,2026-03-09 09:00:00,11157,11130.633,26.3671875,17.74,19.867096,0.001610694,0,2.1270959472656266
2026-03-09 10:00:00,2026-03-09 10:00:00,11187,11189.424,2.423828125,16.58,17.007572,0.0010899849,0,0.42757217407226733
2026-03-09 11:00:00,2026-03-09 11:00:00,11200,11171.217,28.783203125,8.3,15.261561,0.0013490494,0,6.961561393737792
2026-03-09 12:00:00,2026-03-09 12:00:00,11188,11144.391,43.609375,2.51,7.40934,0.000506543,0,4.8993399047851565
2026-03-09 13:00:00,2026-03-09 13:00:00,11138,11161.919,23.9189453125,14.36,4.256446,0.0006352923,0,10.10355411529541
2026-03-09 14:00:00,2026-03-09 14:00:00,10965,11078.428,113.427734375,19.9,24.735512,0.0037563145,0,4.835511779785158
2026-03-09 15:00:00,2026-03-09 15:00:00,10917,10899.88,17.1201171875,19.76,23.258608,0.015295039,0,3.4986078643798812
2026-03-09 16:00:00,2026-03-09 16:00:00,10975,10936.457,38.54296875,18.05,23.751747,0.008625598,0,5.7017471313476555
2026-03-09 17:00:00,2026-03-09 17:00:00,10949,11016.537,67.537109375,26.94,24.719904,0.015858052,0,2.2200960540771497
2026-03-09 18:00:00,2026-03-09 18:00:00,10915,10869.876,45.1240234375,53.65,44.058857,0.09114591,0,9.59114303588867
2026-03-09 19:00:00,2026-03-09 19:00:00,10963,10868.72,94.2802734375,238.93,106.87306,0.68175924,1,132.05693786621094
2026-03-09 20:00:00,2026-03-09 20:00:00,10816,10926.277,110.27734375,781.71,329.38452,0.98104066,1,452.32547851562504
2026-03-09 21:00:00,2026-03-09 21:00:00,10618,10638.347,20.3466796875,103.04,394.94412,0.9910349,1,291.9041223144531
2026-03-09 22:00:00,2026-03-09 22:00:00,10347,10363.345,16.3447265625,48.73,44.034077,0.17231202,0,4.695923309326169
2026-03-09 23:00:00,2026-03-09 23:00:00,10093,10100.899,7.8994140625,199.48,52.846752,0.22536722,1,146.63324783325194
2026-03-10 00:00:00,2026-03-10 00:00:00,9960,9904.766,55.234375,40.73,161.88855,0.9315572,0,121.15854980468751
2026-03-10 01:00:00,2026-03-10 01:00:00,9891,9848.101,42.8994140625,43.59,46.41357,0.10672652,0,2.823570404052731
2026-03-10 02:00:00,2026-03-10 02:00:00,9868,9817.862,50.1376953125,43.55,52.27534,0.09110891,0,8.72534103393555
2026-03-10 03:00:00,2026-03-10 03:00:00,9936,9837.495,98.5048828125,28.44,44.0729,0.029287852,0,15.632898864746092
2026-03-10 04:00:00,2026-03-10 04:00:00,9962,10044.962,82.9619140625,24.9,27.580242,0.011418894,0,2.6802421569824233
2026-03-10 05:00:00,2026-03-10 05:00:00,10161,10086.969,74.03125,25.28,25.521877,0.009925186,0,0.24187728881835824
2026-03-10 06:00:00,2026-03-10 06:00:00,10554,10575.841,21.8408203125,26.33,29.73831,0.052414905,0,3.408309860229494
2026-03-10 07:00:00,2026-03-10 07:00:00,11026,10985.151,40.8486328125,33.52,28.402597,0.048520073,0,5.117402572631839
2026-03-10 08:00:00,2026-03-10 08:00:00,11167,11157.399,9.6005859375,34.87,41.474335,0.07981788,0,6.604334716796878
2026-03-10 09:00:00,2026-03-10 09:00:00,11123,11185.421,62.4208984375,25.35,35.307697,0.02395104,0,9.957697296142577
2026-03-10 10:00:00,2026-03-10 10:00:00,11032,11092.611,60.611328125,25.37,22.955399,0.0045426344,0,2.4146014404296885
2026-03-10 11:00:00,2026-03-10 11:00:00,10895,11007.801,112.80078125,32.54,22.977774,0.013918469,0,9.562226333618163
2026-03-10 12:00:00,2026-03-10 12:00:00,10810,10830.037,20.037109375,45.58,38.836937,0.033820014,0,6.7430630493164045
2026-03-10 13:00:00,2026-03-10 13:00:00,10744,10759.249,15.2490234375,46.11,57.53138,0.17983411,0,11.421379699707032
2026-03-10 14:00:00,2026-03-10 14:00:00,10629,10724.578,95.578125,33.23,52.1518,0.14749663,0,18.92179824829102
2026-03-10 15:00:00,2026-03-10 15:00:00,10577,10625.827,48.8271484375,18.71,28.421417,0.025783341,0,9.711417236328124
2026-03-10 16:00:00,2026-03-10 16:00:00,10637,10665.664,28.6640625,19.42,20.31397,0.01043808,0,0.8939705657958967
2026-03-10 17:00:00,2026-03-10 17:00:00,10703,10727.061,24.060546875,26.86,33.04326,0.07969314,0,6.183258666992188
2026-03-10 18:00:00,2026-03-10 18:00:00,10621,10707.396,86.396484375,64.2,69.797295,0.08454745,0,5.597294616699216
2026-03-10 19:00:00,2026-03-10 19:00:00,10585,10590.772,5.7724609375,112.7,155.0495,0.9045052,1,42.34949951171875
2026-03-10 20:00:00,2026-03-10 20:00:00,10731,10577.552,153.4482421875,33.52,223.11208,0.95469844,0,189.59207580566405
2026-03-10 21:00:00,2026-03-10 21:00:00,10628,10662.869,34.869140625,26.42,41.668934,0.09722621,0,15.248933868408201
2026-03-10 22:00:00,2026-03-10 22:00:00,10418,10385.201,32.798828125,24.91,29.325928,0.011480198,0,4.415927734375
2026-03-10 23:00:00,2026-03-10 23:00:00,10215,10134.274,80.7255859375,17.82,20.299969,0.029153781,0,2.4799687194824216
2026-03-11 00:00:00,2026-03-11 00:00:00,10150,10033.626,116.3740234375,3.42,17.67827,0.005419539,0,14.25827033996582
2026-03-11 01:00:00,2026-03-11 01:00:00,10120,10072.066,47.93359375,0.0,2.611167,0.0012769914,0,2.6111669540405273
2026-03-11 02:00:00,2026-03-11 02:00:00,10050,10058.753,8.7529296875,0.0,1.6821169,0.00077090785,0,1.6821168661117554
2026-03-11 03:00:00,2026-03-11 03:00:00,10040,10051.923,11.9228515625,0.0,0.9582193,0.00069245294,0,0.9582192897796631
2026-03-11 04:00:00,2026-03-11 04:00:00,10084,10057.606,26.3935546875,0.0,1.1441914,0.0008457844,0,1.1441913843154907
2026-03-11 05:00:00,2026-03-11 05:00:00,10257,10231.665,25.3349609375,0.0,2.226207,0.00091075955,0,2.2262070178985596
2026-03-11 06:00:00,2026-03-11 06:00:00,10663,10628.424,34.576171875,8.9,4.285907,0.0005820531,0,4.614093208312989
2026-03-11 07:00:00,2026-03-11 07:00:00,11129,11069.931,59.0693359375,17.28,15.273064,0.001733136,0,2.0069363403320324
2026-03-11 08:00:00,2026-03-11 08:00:00,11199,11260.695,61.6953125,11.04,24.449205,0.0041956245,0,13.409205398559571
2026-03-11 09:00:00,2026-03-11 09:00:00,11181,11205.884,24.8837890625,0.38,11.766462,0.00020148253,0,11.386462326049804
2026-03-11 10:00:00,2026-03-11 10:00:00,11194,11189.202,4.7978515625,0.0,0.0,0.00019845992,0,0.0
2026-03-11 11:00:00,2026-03-11 11:00:00,11024,11156.484,132.484375,0.0,0.0,0.0003461983,0,0.0
2026-03-11 12:00:00,2026-03-11 12:00:00,10954,10942.8,11.2001953125,0.0,0.32348123,0.00087156537,0,0.3234812319278717
2026-03-11 13:00:00,2026-03-11 13:00:00,10945,10910.15,34.849609375,0.0,1.189232,0.0009419826,0,1.1892319917678833
2026-03-11 14:00:00,2026-03-11 14:00:00,10913,10927.179,14.1787109375,0.0,0.8228894,0.00075589423,0,0.8228893876075745
2026-03-11 15:00:00,2026-03-11 15:00:00,10906,10899.185,6.8154296875,0.0,1.0686893,0.0009985033,0,1.0686893463134766
2026-03-11 16:00:00,2026-03-11 16:00:00,10975,10966.295,8.705078125,0.0,3.66993,0.0017789748,0,3.6699299812316895
2026-03-11 17:00:00,2026-03-11 17:00:00,10996,11065.119,69.119140625,1.9,1.217214,0.0028554706,0,0.6827860116958617
2026-03-11 18:00:00,2026-03-11 18:00:00,10991,10939.369,51.630859375,32.29,5.0224924,0.0015547668,0,27.267507591247558
2026-03-11 19:00:00,2026-03-11 19:00:00,11151,10912.81,238.1904296875,68.6,97.03874,0.32681465,0,28.438742065429693
2026-03-11 20:00:00,2026-03-11 20:00:00,11173,11107.435,65.5654296875,44.27,140.3732,0.43963358,0,96.10319946289061
2026-03-11 21:00:00,2026-03-11 21:00:00,10985,10991.944,6.9443359375,22.48,61.30029,0.120280884,0,38.82028915405273
2026-03-11 22:00:00,2026-03-11 22:00:00,10731,10703.942,27.0576171875,19.26,20.479614,0.0027464137,0,1.2196142578124984
2026-03-11 23:00:00,2026-03-11 23:00:00,10544,10451.749,92.2509765625,14.57,37.614685,0.010310417,0,23.04468505859375
2026-03-12 00:00:00,2026-03-12 00:00:00,10396,10351.903,44.0966796875,5.59,12.269516,0.0011795117,0,6.679515991210938
2026-03-12 01:00:00,2026-03-12 01:00:00,10287,10258.596,28.404296875,5.47,3.502984,0.0003161993,0,1.9670159530639646
2026-03-12 02:00:00,2026-03-12 02:00:00,10241,10181.546,59.4541015625,0.0,6.101873,0.0003982241,0,6.10187292098999
2026-03-12 03:00:00,2026-03-12 03:00:00,10193,10199.2,6.2001953125,0.0,2.3405666,0.00025493326,0,2.340566635131836
2026-03-12 04:00:00,2026-03-12 04:00:00,10246,10193.552,52.4482421875,0.0,1.9497228,0.00035902843,0,1.9497227668762207
2026-03-12 05:00:00,2026-03-12 05:00:00,10387,10374.057,12.943359375,4.35,2.9382856,0.0004745129,0,1.41171441078186
2026-03-12 06:00:00,2026-03-12 06:00:00,10797,10693.526,103.4736328125,16.71,13.474793,0.0005887022,0,3.2352065658569344
2026-03-12 07:00:00,2026-03-12 07:00:00,11274,11203.902,70.09765625,51.56,23.111675,0.0089664,0,28.44832473754883
2026-03-12 08:00:00,2026-03-12 08:00:00,11393,11382.95,10.0498046875,38.62,44.315,0.2343179,0,5.694998626708987
2026-03-12 09:00:00,2026-03-12 09:00:00,11454,11417.79,36.2099609375,20.27,32.28034,0.0111682275,0,12.010338287353516
2026-03-12 10:00:00,2026-03-12 10:00:00,11506,11470.72,35.2802734375,19.18,14.75392,0.00082548324,0,4.42608039855957
2026-03-12 11:00:00,2026-03-12 11:00:00,11525,11518.489,6.5107421875,20.54,15.858888,0.0021947215,0,4.681112327575683
2026-03-12 12:00:00,2026-03-12 12:00:00,11426,11495.316,69.31640625,16.86,21.194267,0.002792517,0,4.334267272949219
2026-03-12 13:00:00,2026-03-12 13:00:00,11410,11381.4375,28.5625,15.69,17.662825,0.003106869,0,1.9728246307373052
2026-03-12 14:00:00,2026-03-12 14:00:00,11429,11365.001,63.9990234375,26.55,16.108908,0.0013228403,0,10.44109230041504
2026-03-12 15:00:00,2026-03-12 15:00:00,11420,11446.009,26.0087890625,39.4,37.539963,0.109389134,0,1.860037231445311
2026-03-12 16:00:00,2026-03-12 16:00:00,11462,11496.362,34.3623046875,36.58,56.836548,0.21789287,0,20.2565478515625
2026-03-12 17:00:00,2026-03-12 17:00:00,11502,11543.077,41.0771484375,35.3,42.386505,0.08250446,0,7.086505126953128
2026-03-12 18:00:00,2026-03-12 18:00:00,11462,11423.446,38.5537109375,40.28,33.658142,0.0331597,0,6.621857910156251
2026-03-12 19:00:00,2026-03-12 19:00:00,11554,11352.633,201.3671875,48.03,55.95982,0.22098197,0,7.929819793701171
2026-03-12 20:00:00,2026-03-12 20:00:00,11569,11489.834,79.166015625,59.41,62.893517,0.54401726,0,3.483516540527347
2026-03-12 21:00:00,2026-03-12 21:00:00,11390,11418.826,28.826171875,49.44,52.928455,0.26090363,0,3.4884553527832054
2026-03-12 22:00:00,2026-03-12 22:00:00,11098,11165.082,67.08203125,42.56,44.251564,0.07343565,0,1.691564025878904
2026-03-12 23:00:00,2026-03-12 23:00:00,10806,10806.519,0.5185546875,35.13,40.505848,0.036122423,0,5.375847930908201
2026-03-13 00:00:00,2026-03-13 00:00:00,10662,10621.911,40.0888671875,33.61,33.830696,0.013225858,0,0.22069610595703182
2026-03-13 01:00:00,2026-03-13 01:00:00,10581,10549.321,31.6787109375,32.62,32.985466,0.021369386,0,0.3654660034179713
2026-03-13 02:00:00,2026-03-13 02:00:00,10470,10476.69,6.6904296875,26.16,30.784315,0.008111025,0,4.6243151092529295
2026-03-13 03:00:00,2026-03-13 03:00:00,10475,10412.086,62.9140625,25.47,23.57067,0.0060833353,0,1.899330825805663
2026-03-13 04:00:00,2026-03-13 04:00:00,10530,10494.717,35.283203125,23.91,23.178898,0.007891107,0,0.7311021423339845
2026-03-13 05:00:00,2026-03-13 05:00:00,10712,10679.972,32.0283203125,23.74,23.651356,0.0054219756,0,0.08864425659179531
2026-03-13 06:00:00,2026-03-13 06:00:00,11098,11071.819,26.1806640625,30.86,25.358599,0.004315528,0,5.501401290893554
2026-03-13 07:00:00,2026-03-13 07:00:00,11511,11475.686,35.314453125,36.96,42.231655,0.041972607,0,5.2716551208496085
2026-03-13 08:00:00,2026-03-13 08:00:00,11630,11631.644,1.6435546875,41.15,36.212666,0.035063073,0,4.9373344421386705
2026-03-13 09:00:00,2026-03-13 09:00:00,11643,11655.238,12.23828125,44.07,43.488518,0.028080404,0,0.5814822387695315
2026-03-13 10:00:00,2026-03-13 10:00:00,11601,11682.657,81.6572265625,43.21,44.288677,0.07248587,0,1.078677215576171
2026-03-13 11:00:00,2026-03-13 11:00:00,11546,11595.115,49.115234375,39.59,39.73344,0.043204773,0,0.14344039916991846
2026-03-13 12:00:00,2026-03-13 12:00:00,11422,11512.988,90.98828125,30.55,36.671505,0.022900656,0,6.121504974365234
2026-03-13 13:00:00,2026-03-13 13:00:00,11377,11402.995,25.9951171875,26.61,29.978918,0.016384855,0,3.368918075561524
2026-03-13 14:00:00,2026-03-13 14:00:00,11350,11320.635,29.365234375,28.79,25.5414,0.009759934,0,3.248599090576171
2026-03-13 15:00:00,2026-03-13 15:00:00,11310,11347.008,37.0078125,37.59,33.137127,0.032951992,0,4.4528730773925815
2026-03-13 16:00:00,2026-03-13 16:00:00,11320,11371.652,51.65234375,45.64,51.743397,0.11606735,0,6.103396759033203
2026-03-13 17:00:00,2026-03-13 17:00:00,11270,11452.529,182.529296875,54.24,58.57289,0.20098633,0,4.3328912353515605
2026-03-13 18:00:00,2026-03-13 18:00:00,11234,11179.524,54.4755859375,60.0,57.923878,0.3124864,0,2.076122283935547
2026-03-13 19:00:00,2026-03-13 19:00:00,11278,11168.008,109.9921875,98.38,67.40901,0.60937965,0,30.970988159179683
2026-03-13 20:00:00,2026-03-13 20:00:00,11355,11290.837,64.1630859375,35.63,90.52722,0.8783456,0,54.8972216796875
2026-03-13 21:00:00,2026-03-13 21:00:00,11242,11297.789,55.7890625,36.21,48.33403,0.08312676,0,12.124030151367187
2026-03-13 22:00:00,2026-03-13 22:00:00,10979,11037.936,58.935546875,36.85,35.490864,0.0110487,0,1.3591361999511733
2026-03-13 23:00:00,2026-03-13 23:00:00,10737,10710.333,26.6669921875,34.95,33.234196,0.024002405,0,1.7158042907714872
2026-03-14 00:00:00,2026-03-14 00:00:00,10547,10586.684,39.68359375,30.58,32.70427,0.015317744,0,2.124269409179689
2026-03-14 01:00:00,2026-03-14 01:00:00,10441,10432.312,8.6884765625,25.14,29.376228,0.0109439995,0,4.236228332519531
2026-03-14 02:00:00,2026-03-14 02:00:00,10366,10374.167,8.1669921875,25.29,21.758251,0.0030181576,0,3.5317488098144523
2026-03-14 03:00:00,2026-03-14 03:00:00,10386,10334.0625,51.9375,29.95,23.51444,0.005739823,0,6.435559463500976
2026-03-14 04:00:00,2026-03-14 04:00:00,10399,10391.732,7.267578125,31.88,32.45338,0.01589931,0,0.5733805847167979
2026-03-14 05:00:00,2026-03-14 05:00:00,10467,10478.238,11.23828125,29.77,32.865578,0.0116415005,0,3.0955776977539067
2026-03-14 06:00:00,2026-03-14 06:00:00,10620,10654.495,34.4951171875,23.36,30.254732,0.0029885494,0,6.894732131958008
2026-03-14 07:00:00,2026-03-14 07:00:00,10843,10933.603,90.6025390625,23.6,23.96914,0.0030912713,0,0.36913909912109233
2026-03-14 08:00:00,2026-03-14 08:00:00,10982,11058.054,76.0537109375,25.9,24.787487,0.0066972617,0,1.1125129699707017
2026-03-14 09:00:00,2026-03-14 09:00:00,11075,11093.257,18.2568359375,20.72,27.973852,0.01733269,0,7.253852157592775
2026-03-14 10:00:00,2026-03-14 10:00:00,11249,11193.528,55.4716796875,15.06,19.65607,0.0014929873,0,4.596070709228515
2026-03-14 11:00:00,2026-03-14 11:00:00,11361,11366.2,5.2001953125,1.1,12.540782,0.00053604285,0,11.44078197479248
2026-03-14 12:00:00,2026-03-14 12:00:00,11326,11390.908,64.908203125,0.01,0.0,0.00025445584,0,0.01
2026-03-14 13:00:00,2026-03-14 13:00:00,11206,11276.99,70.990234375,0.0,0.0,0.00016074587,0,0.0
2026-03-14 14:00:00,2026-03-14 14:00:00,11078,11170.667,92.6669921875,0.0,0.0,0.0002148941,0,0.0
2026-03-14 15:00:00,2026-03-14 15:00:00,11005,11101.232,96.232421875,0.0,1.939913,0.0006857145,0,1.939913034439087
2026-03-14 16:00:00,2026-03-14 16:00:00,11005,11107.254,102.25390625,2.0,2.9892738,0.00048819697,0,0.9892737865447998
2026-03-14 17:00:00,2026-03-14 17:00:00,11110,11099.855,10.14453125,14.55,9.127066,0.001112219,0,5.422934341430665
2026-03-14 18:00:00,2026-03-14 18:00:00,11091,11094.229,3.228515625,31.55,12.822934,0.0013195713,0,18.7270658493042
2026-03-14 19:00:00,2026-03-14 19:00:00,11187,11045.391,141.609375,142.97,57.435753,0.05867027,1,85.53424713134766
2026-03-14 20:00:00,2026-03-14 20:00:00,11312,11205.651,106.3486328125,105.0,201.86934,0.8457833,1,96.86933898925781
2026-03-14 21:00:00,2026-03-14 21:00:00,11213,11174.351,38.6494140625,96.74,72.289536,0.55126196,0,24.450464477539057
2026-03-14 22:00:00,2026-03-14 22:00:00,11120,10977.45,142.5498046875,31.84,73.862526,0.37189633,0,42.0225259399414
2026-03-14 23:00:00,2026-03-14 23:00:00,10936,10903.929,32.0712890625,32.29,27.739878,0.020507898,0,4.550122299194335
2026-03-15 00:00:00,2026-03-15 00:00:00,10723,10783.222,60.2216796875,34.74,33.533146,0.0053934464,0,1.2068540954589864
2026-03-15 01:00:00,2026-03-15 01:00:00,10630,10613.746,16.25390625,34.06,39.19779,0.010954508,0,5.137788238525388
2026-03-15 02:00:00,2026-03-15 02:00:00,10546,10556.009,10.0087890625,28.29,35.27064,0.004928162,0,6.980641326904298
2026-03-15 03:00:00,2026-03-15 03:00:00,10501,10488.885,12.115234375,28.2,29.004465,0.002228251,0,0.8044651031494148
2026-03-15 04:00:00,2026-03-15 04:00:00,10525,10521.946,3.0537109375,25.67,29.083605,0.0022369693,0,3.4136048126220686
2026-03-15 05:00:00,2026-03-15 05:00:00,10586,10619.403,33.4033203125,20.89,25.185066,0.0026916002,0,4.295066223144531
2026-03-15 06:00:00,2026-03-15 06:00:00,10703,10713.319,10.3193359375,19.94,25.743143,0.0015049429,0,5.803143081665038
2026-03-15 07:00:00,2026-03-15 07:00:00,10833,10906.833,73.8330078125,16.89,20.878345,0.0015446999,0,3.9883454895019526
2026-03-15 08:00:00,2026-03-15 08:00:00,10968,10939.313,28.6865234375,12.01,19.299332,0.0010835062,0,7.289331665039063
2026-03-15 09:00:00,2026-03-15 09:00:00,11121,11059.174,61.826171875,0.53,11.845174,0.0002846851,0,11.315173835754395
2026-03-15 10:00:00,2026-03-15 10:00:00,11109,11220.21,111.2099609375,5.72,2.8302712,0.000171557,0,2.8897287559509275
2026-03-15 11:00:00,2026-03-15 11:00:00,11011,11119.997,108.9970703125,11.19,8.762836,0.00021136337,0,2.4271635437011714
2026-03-15 12:00:00,2026-03-15 12:00:00,10897,10999.915,102.9150390625,14.61,15.961967,0.00021862882,0,1.3519674682617193
2026-03-15 13:00:00,2026-03-15 13:00:00,10777,10851.311,74.310546875,16.79,18.882027,0.00033775702,0,2.092026672363282
2026-03-15 14:00:00,2026-03-15 14:00:00,10710,10744.45,34.4501953125,18.07,22.142866,0.0011324115,0,4.072866134643554
2026-03-15 15:00:00,2026-03-15 15:00:00,10670,10750.793,80.79296875,17.89,19.382175,0.0025470536,0,1.49217544555664
2026-03-15 16:00:00,2026-03-15 16:00:00,10760,10766.532,6.5322265625,18.75,17.686789,0.0016787268,0,1.063211441040039
2026-03-15 17:00:00,2026-03-15 17:00:00,10928,10926.133,1.8671875,23.44,23.470463,0.004656491,0,0.030462799072264346
2026-03-15 18:00:00,2026-03-15 18:00:00,11023,10978.813,44.1865234375,56.36,29.311913,0.005351057,0,27.048087463378906
2026-03-15 19:00:00,2026-03-15 19:00:00,11179,11015.298,163.7021484375,57.24,82.2393,0.5796485,0,24.999303588867186
2026-03-15 20:00:00,2026-03-15 20:00:00,11281,11174.76,106.240234375,37.95,59.7367,0.29887965,0,21.786698150634763
2026-03-15 21:00:00,2026-03-15 21:00:00,11117,11160.902,43.90234375,28.36,40.82843,0.043720238,0,12.46843017578125
2026-03-15 22:00:00,2026-03-15 22:00:00,10783,10901.425,118.4248046875,18.67,26.437016,0.0011007163,0,7.767015533447264
2026-03-15 23:00:00,2026-03-15 23:00:00,10509,10515.268,6.267578125,15.45,16.82682,0.0008836586,0,1.376820373535157
2026-03-16 00:00:00,2026-03-16 00:00:00,10393,10354.055,38.9453125,13.7,13.964479,0.0008925943,0,0.2644794464111335
2026-03-16 01:00:00,2026-03-16 01:00:00,10327,10316.083,10.9169921875,8.47,11.564369,0.00029924038,0,3.0943692016601556
2026-03-16 02:00:00,2026-03-16 02:00:00,10329,10266.062,62.9384765625,8.87,7.5447607,0.00017587951,0,1.3252392959594719
2026-03-16 03:00:00,2026-03-16 03:00:00,10323,10318.17,4.830078125,11.83,10.889781,0.00022458204,0,0.9402190017700196
2026-03-16 04:00:00,2026-03-16 04:00:00,10408,10350.844,57.15625,11.25,14.813727,0.0005291218,0,3.563727378845215
2026-03-16 05:00:00,2026-03-16 05:00:00,10588,10636.708,48.7080078125,7.75,11.782307,0.00017851112,0,4.032306671142578
2026-03-16 06:00:00,2026-03-16 06:00:00,10979,10893.3125,85.6875,12.59,10.555901,0.00014594842,0,2.034099426269531
2026-03-16 07:00:00,2026-03-16 07:00:00,11453,11295.105,157.89453125,12.75,17.450708,0.000552589,0,4.700708389282227
2026-03-16 08:00:00,2026-03-16 08:00:00,11627,11587.558,39.4423828125,6.59,12.240867,0.00023629775,0,5.6508666610717775
2026-03-16 09:00:00,2026-03-16 09:00:00,11632,11669.46,37.4599609375,0.0,3.1855958,0.0001069518,0,3.185595750808716
2026-03-16 10:00:00,2026-03-16 10:00:00,11602,11652.036,50.0361328125,0.0,0.50418794,6.478029e-05,0,0.5041879415512085
2026-03-16 11:00:00,2026-03-16 11:00:00,11669,11561.349,107.6513671875,0.0,0.0,0.00018243912,0,0.0
2026-03-16 12:00:00,2026-03-16 12:00:00,11565,11650.128,85.1279296875,0.0,0.0,0.00045300688,0,0.0
2026-03-16 13:00:00,2026-03-16 13:00:00,11533,11536.831,3.8310546875,4.04,0.34316337,0.00055325933,0,3.6968366289138794
2026-03-16 14:00:00,2026-03-16 14:00:00,11420,11478.495,58.4951171875,9.82,8.178474,0.00084480736,0,1.641525573730469
2026-03-16 15:00:00,2026-03-16 15:00:00,11390,11398.202,8.2021484375,10.4,11.002844,0.0019316862,0,0.6028438568115231
2026-03-16 16:00:00,2026-03-16 16:00:00,11506,11480.261,25.7392578125,5.61,11.617944,0.0009710519,0,6.00794376373291
2026-03-16 17:00:00,2026-03-16 17:00:00,11505,11630.396,125.396484375,17.67,5.2741656,0.0010276934,0,12.395834369659426
2026-03-16 18:00:00,2026-03-16 18:00:00,11378,11413.905,35.9052734375,11.75,19.584166,0.009275136,0,7.834165573120117
2026-03-16 19:00:00,2026-03-16 19:00:00,11425,11295.221,129.779296875,11.38,31.193115,0.0021005904,0,19.813115234374997
2026-03-16 20:00:00,2026-03-16 20:00:00,11337,11389.883,52.8828125,11.3,16.195242,0.0013603864,0,4.895241928100585
2026-03-16 21:00:00,2026-03-16 21:00:00,11017,11164.101,147.1005859375,12.28,11.948179,0.0008564672,0,0.3318207550048822
2026-03-16 22:00:00,2026-03-16 22:00:00,10663,10715.836,52.8359375,10.88,12.270815,0.0004826431,0,1.390814895629882
2026-03-16 23:00:00,2026-03-16 23:00:00,10349,10380.369,31.369140625,10.48,11.03834,0.00039485973,0,0.5583396148681636
2026-03-17 00:00:00,2026-03-17 00:00:00,10134,10183.172,49.171875,0.82,9.324934,0.00023443515,0,8.504934005737304
2026-03-17 01:00:00,2026-03-17 01:00:00,9968,10053.818,85.818359375,0.0,3.0541933,0.0003573273,0,3.0541932582855225
2026-03-17 02:00:00,2026-03-17 02:00:00,9910,9910.282,0.2822265625,0.0,1.1759825,0.00027686628,0,1.1759824752807617
2026-03-17 03:00:00,2026-03-17 03:00:00,9858,9925.486,67.486328125,0.0,1.1783129,0.00040043623,0,1.17831289768219
2026-03-17 04:00:00,2026-03-17 04:00:00,9912,9914.723,2.72265625,0.0,1.2060738,0.00020272758,0,1.2060737609863281
2026-03-17 05:00:00,2026-03-17 05:00:00,10137,10095.579,41.4208984375,1.11,2.4665089,0.00027658977,0,1.3565088653564452
2026-03-17 06:00:00,2026-03-17 06:00:00,10568,10580.507,12.5068359375,6.87,8.852051,0.00030003427,0,1.98205078125
2026-03-17 07:00:00,2026-03-17 07:00:00,10991,10992.764,1.763671875,4.86,11.869247,0.00042939754,0,7.009247436523437
2026-03-17 08:00:00,2026-03-17 08:00:00,11086,11151.523,65.5234375,2.69,4.811989,9.666454e-05,0,2.1219888305664063
2026-03-17 09:00:00,2026-03-17 09:00:00,11069,11136.464,67.4638671875,1.8,3.0842314,0.00016355311,0,1.2842313766479492
2026-03-17 10:00:00,2026-03-17 10:00:00,11069,11090.126,21.1259765625,0.0,2.5737371,9.7789976e-05,0,2.573737144470215
2026-03-17 11:00:00,2026-03-17 11:00:00,11049,11089.038,40.0380859375,0.0,0.9849564,8.316626e-05,0,0.9849563837051392
2026-03-17 12:00:00,2026-03-17 12:00:00,11018,11017.314,0.685546875,0.0,3.0927186,0.00023584487,0,3.0927186012268066
2026-03-17 13:00:00,2026-03-17 13:00:00,10955,11045.185,90.1845703125,0.0,2.1635303,0.0002614078,0,2.1635303497314453
2026-03-17 14:00:00,2026-03-17 14:00:00,10929,10948.208,19.2080078125,0.0,2.9056284,0.00041258842,0,2.9056284427642822
2026-03-17 15:00:00,2026-03-17 15:00:00,11045,10958.995,86.0048828125,0.0,3.9103668,0.00074180093,0,3.9103667736053467
2026-03-17 16:00:00,2026-03-17 16:00:00,11118,11194.225,76.224609375,0.0,4.301229,0.0008414668,0,4.301229000091553
2026-03-17 17:00:00,2026-03-17 17:00:00,11135,11239.958,104.9580078125,0.0,3.2830787,0.00069676596,0,3.283078670501709
2026-03-17 18:00:00,2026-03-17 18:00:00,11055,11053.537,1.462890625,0.0,0.0,0.0003204962,0,0.0
2026-03-17 19:00:00,2026-03-17 19:00:00,11144,10952.252,191.748046875,0.0,4.643051,0.0009124785,0,4.6430511474609375
2026-03-17 20:00:00,2026-03-17 20:00:00,11210,11138.438,71.5615234375,10.39,1.8086102,0.00047120877,0,8.581389799118043
2026-03-17 21:00:00,2026-03-17 21:00:00,11018,11084.973,66.97265625,11.29,16.985289,0.0014466908,0,5.695288619995118
2026-03-17 22:00:00,2026-03-17 22:00:00,10712,10745.503,33.5029296875,0.55,11.749677,0.00025884857,0,11.199676704406738
2026-03-17 23:00:00,2026-03-17 23:00:00,10410,10444.868,34.8681640625,0.0,0.55614436,0.00045862058,0,0.5561443567276001
2026-03-18 00:00:00,2026-03-18 00:00:00,10187,10210.682,23.681640625,0.0,0.7460634,0.00019227939,0,0.7460634112358093
2026-03-18 01:00:00,2026-03-18 01:00:00,10118,10068.113,49.88671875,0.0,0.33704436,0.00045217684,0,0.337044358253479
2026-03-18 02:00:00,2026-03-18 02:00:00,10079,10054.242,24.7578125,0.0,1.0972373,0.00067668944,0,1.0972373485565186
2026-03-18 03:00:00,2026-03-18 03:00:00,10062,10067.304,5.3037109375,0.0,1.0589038,0.0006445423,0,1.0589038133621216
2026-03-18 04:00:00,2026-03-18 04:00:00,10142,10083.795,58.205078125,0.0,1.0351835,0.00042557897,0,1.0351835489273071
2026-03-18 05:00:00,2026-03-18 05:00:00,10301,10315.609,14.609375,0.0,2.273932,0.00076452113,0,2.2739319801330566
2026-03-18 06:00:00,2026-03-18 06:00:00,10651,10641.384,9.6162109375,3.7,4.565018,0.0003120813,0,0.8650181770324705
2026-03-18 07:00:00,2026-03-18 07:00:00,11097,11025.11,71.8896484375,23.47,8.391342,0.00040854444,0,15.078657836914061
2026-03-18 08:00:00,2026-03-18 08:00:00,11180,11161.555,18.4453125,16.39,42.074112,0.012702533,0,25.684111938476562
2026-03-18 09:00:00,2026-03-18 09:00:00,11189,11211.953,22.953125,1.4,16.5929,0.00067434186,0,15.192899322509765
2026-03-18 10:00:00,2026-03-18 10:00:00,11208,11202.427,5.5732421875,0.01,1.246338,0.00020527525,0,1.2363380098342895
2026-03-18 11:00:00,2026-03-18 11:00:00,11214,11185.141,28.859375,0.01,1.006171,0.00022059414,0,0.9961709880828857
2026-03-18 12:00:00,2026-03-18 12:00:00,11174,11163.254,10.74609375,2.62,1.6700487,0.000508822,0,0.9499512863159181
2026-03-18 13:00:00,2026-03-18 13:00:00,11074,11149.611,75.611328125,9.62,8.145706,0.00042836115,0,1.4742938232421867
2026-03-18 14:00:00,2026-03-18 14:00:00,11019,11052.367,33.3671875,4.65,14.3499565,0.0007653864,0,9.699956512451172
2026-03-18 15:00:00,2026-03-18 15:00:00,10930,11041.29,111.2900390625,0.0,5.2239995,0.00041582738,0,5.223999500274658
2026-03-18 16:00:00,2026-03-18 16:00:00,11021,10949.299,71.701171875,0.0,4.1296725,0.00052091957,0,4.129672527313232
2026-03-18 17:00:00,2026-03-18 17:00:00,11134,11129.469,4.53125,0.0,2.7184672,0.00079947966,0,2.7184672355651855
2026-03-18 18:00:00,2026-03-18 18:00:00,11120,11076.093,43.9072265625,0.0,0.0,0.00024019014,0,0.0
2026-03-18 19:00:00,2026-03-18 19:00:00,11108,11068.051,39.94921875,6.86,2.6164494,0.0004519032,0,4.243550643920899
2026-03-18 20:00:00,2026-03-18 20:00:00,11210,11038.923,171.0771484375,9.49,11.573443,0.0006911413,0,2.0834434127807615
2026-03-18 21:00:00,2026-03-18 21:00:00,11077,11072.0205,4.9794921875,11.24,12.672103,0.0007236714,0,1.4321029281616209
2026-03-18 22:00:00,2026-03-18 22:00:00,10735,10843.286,108.2861328125,7.32,14.434449,0.0004107859,0,7.114449195861816
2026-03-18 23:00:00,2026-03-18 23:00:00,10422,10433.74,11.740234375,0.0,6.4378715,0.000614392,0,6.43787145614624
2026-03-19 00:00:00,2026-03-19 00:00:00,10262,10213.256,48.744140625,0.0,1.5583956,0.00016654508,0,1.5583956241607666
2026-03-19 01:00:00,2026-03-19 01:00:00,10162,10147.284,14.7158203125,0.0,0.4060678,0.0003385612,0,0.40606778860092163
2026-03-19 02:00:00,2026-03-19 02:00:00,10049,10071.515,22.5146484375,0.0,1.0384946,0.0003891373,0,1.03849458694458
2026-03-19 03:00:00,2026-03-19 03:00:00,9988,10041.882,53.8818359375,0.0,1.0231149,0.00022472406,0,1.0231149196624756
2026-03-19 04:00:00,2026-03-19 04:00:00,10076,10028.561,47.439453125,0.0,1.2089978,0.00030045016,0,1.2089978456497192
2026-03-19 05:00:00,2026-03-19 05:00:00,10252,10257.405,5.4052734375,7.98,3.3602483,0.00034441866,0,4.619751672744751
2026-03-19 06:00:00,2026-03-19 06:00:00,10659,10622.315,36.6845703125,15.07,16.928356,0.0007103511,0,1.8583561706542966
2026-03-19 07:00:00,2026-03-19 07:00:00,11088,11077.119,10.880859375,25.84,19.886747,0.0013520779,0,5.953252639770508
2026-03-19 08:00:00,2026-03-19 08:00:00,11184,11164.982,19.017578125,21.57,30.691217,0.009741227,0,9.121217422485351
2026-03-19 09:00:00,2026-03-19 09:00:00,11222,11205.257,16.7431640625,21.01,20.084934,0.0009202755,0,0.9250657653808609
2026-03-19 10:00:00,2026-03-19 10:00:00,11179,11231.191,52.19140625,20.28,18.327587,0.0007726483,0,1.9524128723144543
2026-03-19 11:00:00,2026-03-19 11:00:00,11100,11155.562,55.5615234375,19.78,17.732582,0.000500776,0,2.047417907714845
2026-03-19 12:00:00,2026-03-19 12:00:00,10982,11047.8125,65.8125,14.84,19.048471,0.0009267455,0,4.208471450805664
2026-03-19 13:00:00,2026-03-19 13:00:00,10968,10952.306,15.6943359375,15.76,14.3621025,0.0005942511,0,1.397897491455078
2026-03-19 14:00:00,2026-03-19 14:00:00,10954,10962.652,8.65234375,15.62,15.908933,0.0008579297,0,0.28893268585205156
2026-03-19 15:00:00,2026-03-19 15:00:00,10990,10967.624,22.3759765625,14.05,14.2416115,0.0009814131,0,0.19161148071288991
2026-03-19 16:00:00,2026-03-19 16:00:00,11047,11076.913,29.9130859375,14.98,13.698529,0.00084451516,0,1.2814707565307621
2026-03-19 17:00:00,2026-03-19 17:00:00,11040,11141.296,101.2958984375,15.18,21.05371,0.0017799421,0,5.8737109375
2026-03-19 18:00:00,2026-03-19 18:00:00,10921,10974.08,53.080078125,15.85,13.895439,0.00064647,0,1.954560852050781
2026-03-19 19:00:00,2026-03-19 19:00:00,10982,10859.256,122.744140625,16.57,22.903448,0.0020745154,0,6.333448104858398
2026-03-19 20:00:00,2026-03-19 20:00:00,11012,10974.074,37.92578125,15.86,22.560616,0.004249461,0,6.700615539550782
2026-03-19 21:00:00,2026-03-19 21:00:00,10920,10911.338,8.662109375,13.59,16.73036,0.00056181225,0,3.14036003112793
2026-03-19 22:00:00,2026-03-19 22:00:00,10633,10686.299,53.298828125,13.27,13.728543,0.00028594237,0,0.4585432815551762
2026-03-19 23:00:00,2026-03-19 23:00:00,10351,10371.175,20.1748046875,8.21,9.068709,0.00044961876,0,0.8587093734741202
2026-03-20 00:00:00,2026-03-20 00:00:00,10157,10191.306,34.3056640625,0.02,6.1793675,0.00016194663,0,6.159367542266846
2026-03-20 01:00:00,2026-03-20 01:00:00,10038,10056.67,18.669921875,0.0,1.9014143,0.00022325538,0,1.9014142751693726
2026-03-20 02:00:00,2026-03-20 02:00:00,9949,9974.284,25.2841796875,0.0,0.88872457,0.0002303582,0,0.8887245655059814
2026-03-20 03:00:00,2026-03-20 03:00:00,9935,9943.35,8.349609375,2.75,0.8779104,0.0003491166,0,1.8720896244049072
2026-03-20 04:00:00,2026-03-20 04:00:00,10062,9994.734,67.265625,16.14,6.960833,0.00051213487,0,9.179166927337647
2026-03-20 05:00:00,2026-03-20 05:00:00,10235,10329.614,94.6142578125,21.35,22.802198,0.0054782378,0,1.4521984100341783
2026-03-20 06:00:00,2026-03-20 06:00:00,10627,10590.999,36.0009765625,37.7,25.169607,0.007289764,0,12.530392837524417
2026-03-20 07:00:00,2026-03-20 07:00:00,10969,11050.679,81.6787109375,127.52,48.857662,0.051671874,1,78.66233779907226
2026-03-20 08:00:00,2026-03-20 08:00:00,11195,11070.362,124.6376953125,47.45,127.033745,0.72923094,0,79.58374481201172
2026-03-20 09:00:00,2026-03-20 09:00:00,11306,11257.062,48.9384765625,31.61,33.846703,0.12307351,0,2.2367025756835943
2026-03-20 10:00:00,2026-03-20 10:00:00,11430,11312.423,117.5771484375,21.35,24.982931,0.02379151,0,3.6329311370849595
2026-03-20 11:00:00,2026-03-20 11:00:00,11457,11443.156,13.84375,16.8,20.966722,0.0041753706,0,4.16672248840332
2026-03-20 12:00:00,2026-03-20 12:00:00,11362,11408.689,46.689453125,13.24,16.46477,0.0026752558,0,3.22476936340332
2026-03-20 13:00:00,2026-03-20 13:00:00,11293,11307.305,14.3046875,13.1,13.43778,0.00072930247,0,0.3377803802490238
2026-03-20 14:00:00,2026-03-20 14:00:00,11294,11217.727,76.2734375,11.2,11.4049015,0.0005357701,0,0.20490150451660227
2026-03-20 15:00:00,2026-03-20 15:00:00,11271,11281.777,10.77734375,0.48,9.958352,0.00076906907,0,9.478352088928222
2026-03-20 16:00:00,2026-03-20 16:00:00,11294,11356.706,62.7060546875,0.0,2.3008175,0.0005562935,0,2.3008174896240234
2026-03-20 17:00:00,2026-03-20 17:00:00,11280,11355.51,75.509765625,0.0,2.3188024,0.00059617136,0,2.3188023567199707
2026-03-20 18:00:00,2026-03-20 18:00:00,11166,11161.854,4.146484375,1.53,0.0,0.0003850598,0,1.53
2026-03-20 19:00:00,2026-03-20 19:00:00,11127,11065.4375,61.5625,12.76,12.667565,0.0014320803,0,0.09243465423583963
2026-03-20 20:00:00,2026-03-20 20:00:00,11193,11028.493,164.5068359375,10.95,18.609283,0.0020677182,0,7.659283447265626
2026-03-20 21:00:00,2026-03-20 21:00:00,11049,11059.213,10.212890625,2.04,8.799612,0.00041849358,0,6.759612045288086
2026-03-20 22:00:00,2026-03-20 22:00:00,10849,10774.954,74.0458984375,0.0,3.8120017,0.00041525264,0,3.8120017051696777
2026-03-20 23:00:00,2026-03-20 23:00:00,10553,10612.428,59.427734375,0.0,1.520892,0.0014616958,0,1.5208920240402222
2026-03-21 00:00:00,2026-03-21 00:00:00,10315,10326.009,11.0087890625,0.0,1.9749057,0.0009156552,0,1.9749057292938232
2026-03-21 01:00:00,2026-03-21 01:00:00,10191,10161.85,29.150390625,0.0,0.12571552,0.00059910916,0,0.12571552395820618
2026-03-21 02:00:00,2026-03-21 02:00:00,10045,10083.161,38.1611328125,5.86,0.8494053,0.0004535189,0,5.010594711303711
2026-03-21 03:00:00,2026-03-21 03:00:00,10009,10017.775,8.775390625,16.54,7.901616,0.0007255168,0,8.638383903503417
2026-03-21 04:00:00,2026-03-21 04:00:00,10031,10013.237,17.7626953125,23.69,23.149622,0.006808341,0,0.5403780364990247
2026-03-21 05:00:00,2026-03-21 05:00:00,10107,10092.623,14.376953125,31.62,29.480263,0.011526449,0,2.1397372436523447
2026-03-21 06:00:00,2026-03-21 06:00:00,10257,10221.565,35.4345703125,40.64,42.963066,0.044627756,0,2.323066101074218
2026-03-21 07:00:00,2026-03-21 07:00:00,10455,10490.324,35.32421875,43.78,54.926567,0.0414133,0,11.146567077636718
2026-03-21 08:00:00,2026-03-21 08:00:00,10628,10621.569,6.4306640625,74.57,46.09711,0.07941853,0,28.472889251708978
2026-03-21 09:00:00,2026-03-21 09:00:00,10778,10774.451,3.548828125,67.12,65.66622,0.33294582,0,1.4537783813476608
2026-03-21 10:00:00,2026-03-21 10:00:00,10913,10869.564,43.435546875,43.63,78.54234,0.12812792,0,34.912343139648435
2026-03-21 11:00:00,2026-03-21 11:00:00,10931,10928.736,2.263671875,44.82,55.01652,0.0250065,0,10.196521453857422
2026-03-21 12:00:00,2026-03-21 12:00:00,10785,10898.174,113.173828125,20.93,53.1685,0.05366328,0,32.23849899291992
2026-03-21 13:00:00,2026-03-21 13:00:00,10727,10709.593,17.4072265625,18.38,22.040424,0.0034912077,0,3.660424346923829
2026-03-21 14:00:00,2026-03-21 14:00:00,10639,10704.876,65.8759765625,21.95,22.265707,0.0026830276,0,0.31570701599121165
2026-03-21 15:00:00,2026-03-21 15:00:00,10581,10612.166,31.166015625,28.74,22.426855,0.0069312984,0,6.313144912719725
2026-03-21 16:00:00,2026-03-21 16:00:00,10604,10661.848,57.84765625,26.77,38.239098,0.061121862,0,11.469097595214844
2026-03-21 17:00:00,2026-03-21 17:00:00,10661,10696.366,35.3662109375,31.54,32.90331,0.017580705,0,1.363308868408204
2026-03-21 18:00:00,2026-03-21 18:00:00,10618,10675.0,57.0,38.59,36.517887,0.012572843,0,2.072112884521488
2026-03-21 19:00:00,2026-03-21 19:00:00,10685,10658.907,26.0927734375,56.09,51.704124,0.07859154,0,4.38587554931641
2026-03-21 20:00:00,2026-03-21 20:00:00,10823,10739.983,83.0166015625,53.22,72.66871,0.22384463,0,19.448708801269532
2026-03-21 21:00:00,2026-03-21 21:00:00,10747,10784.021,37.021484375,60.0,50.153584,0.11970199,0,9.846416473388672
2026-03-21 22:00:00,2026-03-21 22:00:00,10560,10531.458,28.5419921875,35.03,62.04704,0.05216322,0,27.01703903198242
2026-03-21 23:00:00,2026-03-21 23:00:00,10355,10350.169,4.8310546875,32.77,37.071102,0.019262886,0,4.301102142333981
2026-03-22 00:00:00,2026-03-22 00:00:00,10183,10213.986,30.986328125,31.79,38.158886,0.004613223,0,6.368885955810548
2026-03-22 01:00:00,2026-03-22 01:00:00,10038,10059.312,21.3115234375,29.11,36.022305,0.004250803,0,6.91230453491211
2026-03-22 02:00:00,2026-03-22 02:00:00,9936,9958.088,22.087890625,24.03,27.794802,0.0017828105,0,3.7648017120361317
2026-03-22 03:00:00,2026-03-22 03:00:00,9927,9927.432,0.431640625,23.43,22.540802,0.0010180309,0,0.8891979980468747
2026-03-22 04:00:00,2026-03-22 04:00:00,9993,9980.241,12.7587890625,26.96,22.429108,0.000667853,0,4.530892333984376
2026-03-22 05:00:00,2026-03-22 05:00:00,10118,10092.316,25.68359375,28.99,31.447048,0.0037662133,0,2.457048187255861
2026-03-22 06:00:00,2026-03-22 06:00:00,10298,10390.064,92.064453125,27.61,36.93842,0.0026689477,0,9.328419342041016
2026-03-22 07:00:00,2026-03-22 07:00:00,10423,10517.145,94.14453125,20.44,51.036022,0.0021309422,0,30.596022186279296
2026-03-22 08:00:00,2026-03-22 08:00:00,10518,10514.284,3.7158203125,21.47,20.791069,0.00095692783,0,0.6789309692382801
2026-03-22 09:00:00,2026-03-22 09:00:00,10573,10570.155,2.8447265625,20.75,21.646843,0.0012271485,0,0.8968429565429688
2026-03-22 10:00:00,2026-03-22 10:00:00,10626,10616.658,9.341796875,18.45,18.915886,0.00047312744,0,0.46588592529296946
2026-03-22 11:00:00,2026-03-22 11:00:00,10683,10649.458,33.5419921875,16.76,18.04837,0.00055703765,0,1.2883703613281234
2026-03-22 12:00:00,2026-03-22 12:00:00,10740,10691.185,48.8154296875,9.41,16.076487,0.0004436995,0,6.666486587524414
2026-03-22 13:00:00,2026-03-22 13:00:00,10806,10730.965,75.03515625,0.0,8.176306,0.00011834354,0,8.176305770874023
2026-03-22 14:00:00,2026-03-22 14:00:00,10781,10812.0625,31.0625,0.0,1.7092725,0.000122022066,0,1.7092725038528442
2026-03-22 15:00:00,2026-03-22 15:00:00,10667,10789.404,122.404296875,0.0,0.84600294,0.00028934728,0,0.8460029363632202
2026-03-22 16:00:00,2026-03-22 16:00:00,10803,10711.532,91.4677734375,0.0,2.9081306,0.00030200384,0,2.908130645751953
2026-03-22 17:00:00,2026-03-22 17:00:00,10905,10934.217,29.216796875,2.3,3.3786304,0.00043680798,0,1.0786303997039797
2026-03-22 18:00:00,2026-03-22 18:00:00,10807,10907.779,100.779296875,21.69,5.9335127,0.00021604537,0,15.756487312316896
2026-03-22 19:00:00,2026-03-22 19:00:00,10845,10760.403,84.5966796875,146.19,39.502884,0.022745997,1,106.68711608886719
2026-03-22 20:00:00,2026-03-22 20:00:00,10960,10859.4375,100.5625,240.71,141.71684,0.6614921,1,98.99315734863282
2026-03-22 21:00:00,2026-03-22 21:00:00,10854,10872.072,18.072265625,37.13,255.85223,0.8651157,0,218.72223388671875
2026-03-22 22:00:00,2026-03-22 22:00:00,10520,10628.413,108.4130859375,32.23,20.390863,0.0039629894,0,11.839136581420895
2026-03-22 23:00:00,2026-03-22 23:00:00,10176,10256.796,80.7958984375,17.12,49.20091,0.0044037993,0,32.08090866088867
2026-03-23 00:00:00,2026-03-23 00:00:00,10089,9994.199,94.80078125,14.61,36.151405,0.0016424732,0,21.541405334472657
2026-03-23 01:00:00,2026-03-23 01:00:00,10118,10025.165,92.8349609375,4.83,27.249125,0.0016319319,0,22.41912452697754
2026-03-23 02:00:00,2026-03-23 02:00:00,10079,10080.998,1.998046875,10.43,11.922544,0.0005088353,0,1.492543525695801
2026-03-23 03:00:00,2026-03-23 03:00:00,10091,10071.009,19.9912109375,13.64,13.220455,0.00030881938,0,0.4195448303222662
2026-03-23 04:00:00,2026-03-23 04:00:00,10139,10120.76,18.240234375,15.01,15.773904,0.00076713343,0,0.7639038467407229
2026-03-23 05:00:00,2026-03-23 05:00:00,10341,10273.212,67.7880859375,17.41,19.850906,0.0010045929,0,2.4409063720703124
2026-03-23 06:00:00,2026-03-23 06:00:00,10746,10720.128,25.8720703125,33.56,26.580038,0.0020308266,0,6.979961929321291
2026-03-23 07:00:00,2026-03-23 07:00:00,11115,11090.444,24.5556640625,111.63,53.673965,0.09195236,1,57.95603454589843
2026-03-23 08:00:00,2026-03-23 08:00:00,11213,11222.88,9.8798828125,40.68,128.0426,0.6975738,0,87.3626025390625
2026-03-23 09:00:00,2026-03-23 09:00:00,11250,11232.197,17.802734375,33.67,67.93038,0.024033956,0,34.26038177490234
2026-03-23 10:00:00,2026-03-23 10:00:00,11222,11262.8545,40.8544921875,23.61,29.279959,0.014824947,0,5.6699587249755865
2026-03-23 11:00:00,2026-03-23 11:00:00,11096,11157.758,61.7578125,16.09,22.742428,0.00343141,0,6.6524278259277345
2026-03-23 12:00:00,2026-03-23 12:00:00,11117,11016.093,100.9072265625,15.4,14.60454,0.0013500288,0,0.79546012878418
2026-03-23 13:00:00,2026-03-23 13:00:00,11134,11106.987,27.0126953125,12.91,13.244312,0.0012663227,0,0.334312286376953
2026-03-23 14:00:00,2026-03-23 14:00:00,11155,11120.144,34.8564453125,11.31,11.186748,0.00025161103,0,0.12325244903564503
2026-03-23 15:00:00,2026-03-23 15:00:00,11157,11186.746,29.74609375,11.6,10.416506,0.0004369681,0,1.1834941864013668
2026-03-23 16:00:00,2026-03-23 16:00:00,11210,11268.144,58.1435546875,11.63,13.9558115,0.0011807374,0,2.3258115005493156
2026-03-23 17:00:00,2026-03-23 17:00:00,11210,11317.759,107.7587890625,12.27,16.395641,0.0026320894,0,4.125641326904297
2026-03-23 18:00:00,2026-03-23 18:00:00,11125,11105.733,19.2666015625,15.15,12.450073,0.0009640814,0,2.6999267578125004
2026-03-23 19:00:00,2026-03-23 19:00:00,11167,11054.245,112.7548828125,15.41,25.253405,0.023115763,0,9.84340461730957
2026-03-23 20:00:00,2026-03-23 20:00:00,11297,11129.514,167.486328125,13.97,15.9220295,0.0047667027,0,1.9520294952392572
2026-03-23 21:00:00,2026-03-23 21:00:00,11165,11156.008,8.9921875,2.77,14.1023655,0.0016658835,0,11.332365493774414
2026-03-23 22:00:00,2026-03-23 22:00:00,10914,10882.9795,31.0205078125,7.79,1.433317,0.00021419591,0,6.356683053970337
2026-03-23 23:00:00,2026-03-23 23:00:00,10593,10606.735,13.7353515625,9.84,11.798739,0.0028114081,0,1.9587394332885744
2026-03-24 00:00:00,2026-03-24 00:00:00,10383,10349.604,33.396484375,1.42,13.736833,0.00077053107,0,12.316832618713379
2026-03-24 01:00:00,2026-03-24 01:00:00,10269,10255.673,13.3271484375,8.77,3.153971,0.0004405485,0,5.616029043197631
2026-03-24 02:00:00,2026-03-24 02:00:00,10183,10184.698,1.6982421875,10.58,14.13597,0.0006803753,0,3.555970115661621
2026-03-24 03:00:00,2026-03-24 03:00:00,10134,10131.038,2.9619140625,14.83,13.87024,0.00076951185,0,0.9597597885131837
2026-03-24 04:00:00,2026-03-24 04:00:00,10247,10160.368,86.6318359375,16.37,17.786907,0.002736713,0,1.4169071960449209
2026-03-24 05:00:00,2026-03-24 05:00:00,10460,10483.74,23.740234375,20.17,20.28183,0.0017696576,0,0.1118298339843733
2026-03-24 06:00:00,2026-03-24 06:00:00,10817,10844.136,27.1357421875,22.98,30.045418,0.003220941,0,7.065417785644531
2026-03-24 07:00:00,2026-03-24 07:00:00,11285,11223.717,61.283203125,21.99,29.21707,0.00432996,0,7.227069625854494
2026-03-24 08:00:00,2026-03-24 08:00:00,11419,11412.813,6.1865234375,15.35,19.736813,0.00082382007,0,4.386812591552735
2026-03-24 09:00:00,2026-03-24 09:00:00,11497,11447.361,49.638671875,15.72,13.405917,0.00052359997,0,2.3140828323364264
2026-03-24 10:00:00,2026-03-24 10:00:00,11509,11549.389,40.388671875,15.09,13.605456,0.00047832145,0,1.4845436477661131
2026-03-24 11:00:00,2026-03-24 11:00:00,11521,11518.255,2.7451171875,19.01,11.954841,0.00031781496,0,7.055159339904787
2026-03-24 12:00:00,2026-03-24 12:00:00,11449,11504.654,55.654296875,20.0,21.708733,0.0021913075,0,1.7087326049804688
2026-03-24 13:00:00,2026-03-24 13:00:00,11450,11410.301,39.69921875,30.89,20.409233,0.0020742568,0,10.480766906738282
2026-03-24 14:00:00,2026-03-24 14:00:00,11423,11436.667,13.6669921875,34.09,47.501705,0.022479061,0,13.411705169677731
2026-03-24 15:00:00,2026-03-24 15:00:00,11456,11430.338,25.662109375,50.24,39.886528,0.024038587,0,10.353471984863283
2026-03-24 16:00:00,2026-03-24 16:00:00,11526,11584.58,58.580078125,122.59,63.851574,0.15422183,1,58.73842605590821
2026-03-24 17:00:00,2026-03-24 17:00:00,11533,11649.921,116.9208984375,236.86,120.3958,0.7177957,1,116.46420227050783
2026-03-24 18:00:00,2026-03-24 18:00:00,11418,11454.056,36.0556640625,71.57,126.17032,0.77798,0,54.60031860351563
2026-03-24 19:00:00,2026-03-24 19:00:00,11400,11335.876,64.1240234375,68.95,179.94228,0.35049728,0,110.99227600097656
2026-03-24 20:00:00,2026-03-24 20:00:00,11406,11322.73,83.26953125,77.93,226.92522,0.6359327,0,148.99521667480468
2026-03-24 21:00:00,2026-03-24 21:00:00,11266,11269.643,3.642578125,35.48,92.8545,0.44869864,0,57.374499816894534
2026-03-24 22:00:00,2026-03-24 22:00:00,11037,11015.71,21.2900390625,18.31,36.587715,0.024163721,0,18.277715148925783
2026-03-24 23:00:00,2026-03-24 23:00:00,10781,10745.674,35.326171875,35.69,19.510105,0.0030570072,0,16.179894866943357
2026-03-25 00:00:00,2026-03-25 00:00:00,10610,10613.203,3.203125,64.35,46.838306,0.049733356,0,17.51169357299804
2026-03-25 01:00:00,2026-03-25 01:00:00,10497,10504.564,7.564453125,37.31,65.80359,0.17327116,0,28.493588867187498
2026-03-25 02:00:00,2026-03-25 02:00:00,10461,10399.795,61.205078125,23.14,35.15287,0.029020274,0,12.012870178222656
2026-03-25 03:00:00,2026-03-25 03:00:00,10456,10442.197,13.802734375,24.21,19.730555,0.0006966365,0,4.479445419311524
2026-03-25 04:00:00,2026-03-25 04:00:00,10537,10479.161,57.8388671875,18.7,23.538208,0.0061313934,0,4.838208007812501
2026-03-25 05:00:00,2026-03-25 05:00:00,10691,10750.386,59.3857421875,18.13,18.957544,0.003456206,0,0.8275443267822276
2026-03-25 06:00:00,2026-03-25 06:00:00,11104,11039.565,64.4345703125,23.57,23.257332,0.0033076731,0,0.31266815185546903
2026-03-25 07:00:00,2026-03-25 07:00:00,11419,11470.065,51.0654296875,35.58,29.343393,0.0047481935,0,6.236606674194334
2026-03-25 08:00:00,2026-03-25 08:00:00,11484,11541.888,57.8876953125,47.52,39.813637,0.03966992,0,7.706363220214847
2026-03-25 09:00:00,2026-03-25 09:00:00,11502,11566.181,64.1806640625,124.65,42.714237,0.051980026,1,81.93576278686524
2026-03-25 10:00:00,2026-03-25 10:00:00,11454,11566.037,112.037109375,369.5,65.527756,0.63086724,1,303.9722442626953
2026-03-25 11:00:00,2026-03-25 11:00:00,11560,11410.527,149.47265625,547.74,162.98582,0.8964441,1,384.7541754150391
2026-03-25 12:00:00,2026-03-25 12:00:00,11501,11567.874,66.8740234375,149.47,202.58733,0.94725245,1,53.11732604980469
2026-03-25 13:00:00,2026-03-25 13:00:00,11558,11495.377,62.623046875,24.89,151.66498,0.4698319,0,126.77497802734375
2026-03-25 14:00:00,2026-03-25 14:00:00,11559,11614.997,55.9970703125,22.25,71.483444,0.027786013,0,49.23344421386719
2026-03-25 15:00:00,2026-03-25 15:00:00,11582,11614.461,32.4609375,17.86,29.872807,0.017375892,0,12.012806549072266
2026-03-25 16:00:00,2026-03-25 16:00:00,11663,11759.2705,96.2705078125,20.38,28.882032,0.02128329,0,8.50203239440918
2026-03-25 17:00:00,2026-03-25 17:00:00,11581,11813.949,232.94921875,19.66,61.49151,0.045738734,0,41.83150848388672
2026-03-25 18:00:00,2026-03-25 18:00:00,11497,11454.261,42.7392578125,17.99,28.165337,0.0030749738,0,10.17533660888672
2026-03-25 19:00:00,2026-03-25 19:00:00,11517,11438.863,78.13671875,30.83,25.891397,0.0038479902,0,4.938602523803709
2026-03-25 20:00:00,2026-03-25 20:00:00,11608,11476.638,131.3623046875,32.21,50.52794,0.0390327,0,18.317938842773437
2026-03-25 21:00:00,2026-03-25 21:00:00,11457,11466.904,9.904296875,51.15,42.045406,0.016361557,0,9.104593658447264
2026-03-25 22:00:00,2026-03-25 22:00:00,11158,11213.253,55.2529296875,50.03,50.54554,0.08346012,0,0.5155398559570301
2026-03-25 23:00:00,2026-03-25 23:00:00,10928,10868.192,59.8076171875,38.81,45.37095,0.09827856,0,6.560948791503904
2026-03-26 00:00:00,2026-03-26 00:00:00,10709,10746.008,37.0078125,65.98,41.46579,0.027945304,0,24.51421020507813
2026-03-26 01:00:00,2026-03-26 01:00:00,10602,10603.77,1.76953125,53.78,71.49735,0.40552598,0,17.717352600097655
2026-03-26 02:00:00,2026-03-26 02:00:00,10533,10540.295,7.294921875,60.49,55.21462,0.16052848,0,5.275381317138674
2026-03-26 03:00:00,2026-03-26 03:00:00,10537,10513.396,23.603515625,36.37,49.63752,0.17538574,0,13.267519836425784
2026-03-26 04:00:00,2026-03-26 04:00:00,10638,10569.393,68.607421875,43.18,31.374657,0.019873323,0,11.805343322753906
2026-03-26 05:00:00,2026-03-26 05:00:00,10791,10858.027,67.02734375,29.79,52.748688,0.11711531,0,22.958687744140626
2026-03-26 06:00:00,2026-03-26 06:00:00,11154,11162.42,8.419921875,80.94,34.75622,0.04181724,0,46.18377822875976
2026-03-26 07:00:00,2026-03-26 07:00:00,11356,11550.727,194.7265625,183.04,117.44712,0.86385113,1,65.59287933349609
2026-03-26 08:00:00,2026-03-26 08:00:00,11524,11500.694,23.3056640625,120.0,173.4869,0.9635787,1,53.48689270019531
2026-03-26 09:00:00,2026-03-26 09:00:00,11548,11621.115,73.115234375,232.99,95.486664,0.76742005,1,137.50333618164063
2026-03-26 10:00:00,2026-03-26 10:00:00,11555,11618.896,63.896484375,32.21,179.1251,0.95748323,0,146.91510681152343
2026-03-26 11:00:00,2026-03-26 11:00:00,11584,11615.2,31.2001953125,22.56,26.566816,0.01149627,0,4.006816329956056
2026-03-26 12:00:00,2026-03-26 12:00:00,11562,11617.154,55.154296875,33.17,23.787233,0.0030328252,0,9.382766647338869
2026-03-26 13:00:00,2026-03-26 13:00:00,11530,11585.947,55.947265625,30.79,52.165447,0.06955532,0,21.375447235107423
2026-03-26 14:00:00,2026-03-26 14:00:00,11465,11543.075,78.0751953125,27.71,31.452171,0.012805526,0,3.742171325683593
2026-03-26 15:00:00,2026-03-26 15:00:00,11401,11479.822,78.822265625,27.32,28.257483,0.045973267,0,0.9374825286865232
2026-03-26 16:00:00,2026-03-26 16:00:00,11322,11530.127,208.126953125,79.62,44.602627,0.045683727,0,35.017373199462895
2026-03-26 17:00:00,2026-03-26 17:00:00,11282,11406.336,124.3359375,35.89,170.67288,0.8304948,0,134.78288208007814
2026-03-26 18:00:00,2026-03-26 18:00:00,11169,11175.512,6.51171875,238.5,36.871544,0.07385303,1,201.62845611572266
2026-03-26 19:00:00,2026-03-26 19:00:00,11142,11083.022,58.9775390625,893.71,157.12988,0.9563796,1,736.5801171875
2026-03-26 20:00:00,2026-03-26 20:00:00,11272,11066.175,205.8251953125,948.63,374.7928,0.9928913,1,573.8372143554687
2026-03-26 21:00:00,2026-03-26 21:00:00,11143,11192.231,49.2314453125,274.39,511.59818,0.99241674,1,237.20817504882814
2026-03-26 22:00:00,2026-03-26 22:00:00,10976,10951.421,24.5791015625,30.32,93.95765,0.30277923,0,63.63764923095703
2026-03-26 23:00:00,2026-03-26 23:00:00,10785,10723.864,61.1357421875,45.67,23.94294,0.020858036,0,21.72706024169922
2026-03-27 00:00:00,2026-03-27 00:00:00,10575,10661.277,86.27734375,45.66,61.22511,0.100147255,0,15.5651091003418
2026-03-27 01:00:00,2026-03-27 01:00:00,10484,10469.697,14.302734375,30.13,46.60222,0.08065457,0,16.47221862792969
2026-03-27 02:00:00,2026-03-27 02:00:00,10488,10412.165,75.8349609375,22.37,20.921562,0.0059507415,0,1.4484378051757822
2026-03-27 03:00:00,2026-03-27 03:00:00,10449,10502.778,53.7783203125,16.79,18.391047,0.0033817657,0,1.6010465240478524
2026-03-27 04:00:00,2026-03-27 04:00:00,10473,10483.982,10.982421875,15.27,13.980262,0.00284273,0,1.2897381973266597
2026-03-27 05:00:00,2026-03-27 05:00:00,10650,10615.006,34.994140625,15.05,9.056362,0.0016924394,0,5.993637847900391
2026-03-27 06:00:00,2026-03-27 06:00:00,11048,11003.923,44.0771484375,13.86,17.550545,0.002488946,0,3.690544738769532
2026-03-27 07:00:00,2026-03-27 07:00:00,11407,11423.634,16.6337890625,14.81,18.772226,0.0017708584,0,3.9622263336181636
2026-03-27 08:00:00,2026-03-27 08:00:00,11590,11558.846,31.154296875,11.94,26.14379,0.0007578106,0,14.203789291381836
2026-03-27 09:00:00,2026-03-27 09:00:00,11617,11665.461,48.4609375,6.81,12.100051,0.00024941674,0,5.2900509262084965
2026-03-27 10:00:00,2026-03-27 10:00:00,11593,11683.011,90.0107421875,13.96,10.477323,0.0002514849,0,3.482677421569825
2026-03-27 11:00:00,2026-03-27 11:00:00,11530,11605.683,75.6826171875,2.24,21.96834,0.0008900889,0,19.728339920043943
2026-03-27 12:00:00,2026-03-27 12:00:00,11349,11488.531,139.53125,0.0,9.425749,0.0003866675,0,9.425748825073242
2026-03-27 13:00:00,2026-03-27 13:00:00,11273,11332.409,59.4091796875,0.01,5.209313,0.0001644548,0,5.199312915802002
2026-03-27 14:00:00,2026-03-27 14:00:00,11171,11235.277,64.27734375,0.0,6.6969323,0.00019293299,0,6.696932315826416
2026-03-27 15:00:00,2026-03-27 15:00:00,11086,11184.3,98.2998046875,1.4,9.607863,0.0003376601,0,8.207863426208496
2026-03-27 16:00:00,2026-03-27 16:00:00,11063,11168.436,105.435546875,12.68,21.544182,0.0007134315,0,8.864181823730469
2026-03-27 17:00:00,2026-03-27 17:00:00,11109,11164.547,55.546875,13.93,35.75226,0.0025083942,0,21.82225830078125
2026-03-27 18:00:00,2026-03-27 18:00:00,11024,11082.377,58.376953125,23.47,24.394691,0.0009970616,0,0.9246914672851574
2026-03-27 19:00:00,2026-03-27 19:00:00,11060,10947.275,112.724609375,33.11,44.999176,0.021006703,0,11.889176025390626
2026-03-27 20:00:00,2026-03-27 20:00:00,11193,11094.685,98.3154296875,73.36,80.22084,0.048714157,0,6.860840454101563
2026-03-27 21:00:00,2026-03-27 21:00:00,11028,11116.151,88.1513671875,94.0,67.07289,0.6518481,0,26.927108764648438
2026-03-27 22:00:00,2026-03-27 22:00:00,10769,10800.171,31.1708984375,93.75,112.32106,0.42617792,0,18.571060180664062
2026-03-27 23:00:00,2026-03-27 23:00:00,10500,10555.094,55.09375,92.06,98.01807,0.6589123,0,5.958066406249998
2026-03-28 00:00:00,2026-03-28 00:00:00,10319,10341.253,22.2529296875,68.96,84.88499,0.43672314,0,15.924986877441413
2026-03-28 01:00:00,2026-03-28 01:00:00,10241,10215.32,25.6796875,89.61,62.880764,0.36076745,0,26.72923599243164
2026-03-28 02:00:00,2026-03-28 02:00:00,10164,10194.382,30.3818359375,89.02,163.30739,0.8572781,0,74.28738830566407
2026-03-28 03:00:00,2026-03-28 03:00:00,10138,10135.791,2.208984375,78.98,174.2274,0.75436133,0,95.24740173339843
2026-03-28 04:00:00,2026-03-28 04:00:00,10186,10165.029,20.970703125,71.72,146.9143,0.49180904,0,75.194306640625
2026-03-28 05:00:00,2026-03-28 05:00:00,10248,10268.307,20.306640625,43.11,114.69012,0.5062917,0,71.58011688232422
2026-03-28 06:00:00,2026-03-28 06:00:00,10428,10404.67,23.330078125,73.0,56.96068,0.28436574,0,16.039321899414062
2026-03-28 07:00:00,2026-03-28 07:00:00,10568,10705.42,137.419921875,43.51,112.51545,0.79783905,0,69.00544952392579
2026-03-28 08:00:00,2026-03-28 08:00:00,10807,10715.996,91.00390625,32.12,47.979866,0.3326357,0,15.859866027832034
2026-03-28 09:00:00,2026-03-28 09:00:00,10997,10983.66,13.33984375,26.33,46.15025,0.041863024,0,19.820249481201174
2026-03-28 10:00:00,2026-03-28 10:00:00,11060,11127.17,67.169921875,17.44,30.379711,0.00786554,0,12.939711151123046
2026-03-28 11:00:00,2026-03-28 11:00:00,11008,11112.288,104.2880859375,14.59,20.928787,0.003609928,0,6.338787231445313
2026-03-28 12:00:00,2026-03-28 12:00:00,10877,10978.46,101.4599609375,12.67,14.340223,0.000899707,0,1.6702233123779298
2026-03-28 13:00:00,2026-03-28 13:00:00,10756,10819.578,63.578125,13.44,12.014399,0.0004486106,0,1.425601425170898
2026-03-28 14:00:00,2026-03-28 14:00:00,10686,10729.3955,43.3955078125,12.23,14.1414,0.00043269314,0,1.9114003372192379
2026-03-28 15:00:00,2026-03-28 15:00:00,10737,10709.954,27.0458984375,7.55,11.058197,0.00046209214,0,3.508197021484375
2026-03-28 16:00:00,2026-03-28 16:00:00,10823,10839.533,16.533203125,9.14,9.10787,0.0007983985,0,0.03212989807128963
2026-03-28 17:00:00,2026-03-28 17:00:00,10959,10936.463,22.537109375,10.62,14.049948,0.001268223,0,3.4299477386474617
2026-03-28 18:00:00,2026-03-28 18:00:00,10917,10940.815,23.8154296875,1.02,13.958301,0.0005539245,0,12.938300590515137
2026-03-28 19:00:00,2026-03-28 19:00:00,10934,10861.896,72.103515625,0.0,51.38717,0.001804292,0,51.387168884277344
2026-03-28 20:00:00,2026-03-28 20:00:00,11079,10919.15,159.849609375,6.86,52.220837,0.0014210424,0,45.3608366394043
2026-03-28 21:00:00,2026-03-28 21:00:00,10978,10969.68,8.3203125,12.88,16.19611,0.0017545577,0,3.316109771728515
2026-03-28 22:00:00,2026-03-28 22:00:00,10729,10748.47,19.4697265625,15.58,17.419239,0.0006697815,0,1.839239044189453
2026-03-28 23:00:00,2026-03-28 23:00:00,10492,10476.631,15.369140625,15.77,19.934765,0.0034094104,0,4.164764862060547
2026-03-29 00:00:00,2026-03-29 00:00:00,10350,10298.669,51.3310546875,24.18,15.688937,0.0006907017,0,8.491062812805175
2026-03-29 01:00:00,2026-03-29 01:00:00,10258,10241.791,16.208984375,28.25,30.236876,0.0057850275,0,1.9868755340576172
2026-03-29 02:00:00,2026-03-29 02:00:00,10223,10159.433,63.5673828125,29.47,34.767284,0.009446703,0,5.297284393310548
2026-03-29 03:00:00,2026-03-29 03:00:00,10271,10167.404,103.595703125,31.05,30.717484,0.0053514782,0,0.3325164794921882
2026-03-29 04:00:00,2026-03-29 04:00:00,10313,10268.12,44.8798828125,28.22,32.303467,0.00833881,0,4.083466796875001
2026-03-29 05:00:00,2026-03-29 05:00:00,10406,10423.032,17.0322265625,30.33,29.205503,0.0031317275,0,1.124496536254881
2026-03-29 06:00:00,2026-03-29 06:00:00,10509,10606.891,97.890625,39.37,35.234776,0.005340578,0,4.135224456787107
2026-03-29 07:00:00,2026-03-29 07:00:00,10547,10678.229,131.228515625,86.32,46.728165,0.0185413,0,39.59183532714843
2026-03-29 08:00:00,2026-03-29 08:00:00,10631,10602.412,28.587890625,84.74,99.33913,0.4114557,0,14.599126586914068
2026-03-29 09:00:00,2026-03-29 09:00:00,10776,10697.512,78.48828125,65.0,107.62635,0.41577458,0,42.62635040283203
2026-03-29 10:00:00,2026-03-29 10:00:00,10897,10850.255,46.7451171875,34.5,75.613045,0.3030858,0,41.11304473876953
2026-03-29 11:00:00,2026-03-29 11:00:00,10998,10910.143,87.857421875,31.01,41.57153,0.028550135,0,10.561529388427733
2026-03-29 12:00:00,2026-03-29 12:00:00,11057,11031.086,25.9140625,30.54,33.05259,0.0075091776,0,2.512589416503907
2026-03-29 13:00:00,2026-03-29 13:00:00,11034,11014.879,19.12109375,31.14,29.084448,0.0050385417,0,2.055552139282227
2026-03-29 14:00:00,2026-03-29 14:00:00,10982,10981.655,0.3447265625,28.18,29.479233,0.007892279,0,1.2992327880859378
2026-03-29 15:00:00,2026-03-29 15:00:00,10970,10989.136,19.1357421875,25.48,30.179604,0.013768118,0,4.699603576660156
2026-03-29 16:00:00,2026-03-29 16:00:00,11077,11067.254,9.74609375,24.84,28.987888,0.013729736,0,4.147888336181641
2026-03-29 17:00:00,2026-03-29 17:00:00,11137,11240.216,103.2158203125,29.34,30.876652,0.017537436,0,1.5366517639160158
2026-03-29 18:00:00,2026-03-29 18:00:00,11045,11086.186,41.185546875,30.27,34.527466,0.014032903,0,4.2574658203125
2026-03-29 19:00:00,2026-03-29 19:00:00,11038,10964.53,73.4697265625,32.44,37.286987,0.041520406,0,4.846987304687502
2026-03-29 20:00:00,2026-03-29 20:00:00,11209,10995.562,213.4384765625,50.07,38.13881,0.053559117,0,11.931190795898438
2026-03-29 21:00:00,2026-03-29 21:00:00,11075,11129.699,54.69921875,25.83,55.31217,0.41218227,0,29.482168121337892
2026-03-29 22:00:00,2026-03-29 22:00:00,10798,10839.155,41.1552734375,24.63,20.231913,0.009657804,0,4.39808738708496
2026-03-29 23:00:00,2026-03-29 23:00:00,10595,10522.192,72.8076171875,30.08,24.872458,0.0053638937,0,5.207542495727537
2026-03-30 00:00:00,2026-03-30 00:00:00,10410,10408.804,1.1962890625,30.07,33.935936,0.012900505,0,3.8659359741210935
2026-03-30 01:00:00,2026-03-30 01:00:00,10282,10275.238,6.76171875,32.01,27.94604,0.0023010669,0,4.0639608001708964
2026-03-30 02:00:00,2026-03-30 02:00:00,10219,10194.926,24.07421875,31.77,31.474247,0.0071778405,0,0.29575302124023395
2026-03-30 03:00:00,2026-03-30 03:00:00,10237,10182.21,54.7900390625,31.93,29.444958,0.0026680164,0,2.485042266845703
2026-03-30 04:00:00,2026-03-30 04:00:00,10305,10285.101,19.8994140625,31.94,30.801426,0.003397878,0,1.1385740661621107
2026-03-30 05:00:00,2026-03-30 05:00:00,10502,10472.842,29.158203125,39.42,31.808876,0.0062350133,0,7.6111239624023455
2026-03-30 06:00:00,2026-03-30 06:00:00,10888,10867.488,20.51171875,54.14,53.20194,0.049958546,0,0.9380613708496099
2026-03-30 07:00:00,2026-03-30 07:00:00,11189,11235.357,46.357421875,32.03,67.89919,0.6352147,0,35.86919281005859
2026-03-30 08:00:00,2026-03-30 08:00:00,11303,11296.158,6.841796875,31.89,30.00128,0.061176702,0,1.8887201690673834
2026-03-30 09:00:00,2026-03-30 09:00:00,11404,11299.091,104.9091796875,30.53,29.839731,0.006502344,0,0.6902687835693371
2026-03-30 10:00:00,2026-03-30 10:00:00,11455,11443.61,11.3896484375,29.88,27.806538,0.014010818,0,2.073462371826171
2026-03-30 11:00:00,2026-03-30 11:00:00,11487,11445.771,41.228515625,23.0,27.418795,0.015979443,0,4.418794631958008
2026-03-30 12:00:00,2026-03-30 12:00:00,11453,11497.027,44.02734375,17.38,20.922586,0.005268656,0,3.54258644104004
2026-03-30 13:00:00,2026-03-30 13:00:00,11363,11399.954,36.9541015625,16.76,16.026905,0.0020969014,0,0.7330949401855484
2026-03-30 14:00:00,2026-03-30 14:00:00,11199,11338.238,139.23828125,13.45,15.31304,0.0013864388,0,1.8630397796630866
2026-03-30 15:00:00,2026-03-30 15:00:00,11146,11198.822,52.822265625,13.19,11.775139,0.00086317305,0,1.4148611450195308
2026-03-30 16:00:00,2026-03-30 16:00:00,11211,11245.172,34.171875,14.33,12.207931,0.0006164722,0,2.122069435119629
2026-03-30 17:00:00,2026-03-30 17:00:00,11248,11323.727,75.7265625,18.38,16.952583,0.00275666,0,1.4274166870117178
2026-03-30 18:00:00,2026-03-30 18:00:00,11107,11171.894,64.8935546875,25.27,20.213795,0.0027932143,0,5.0562052917480464
2026-03-30 19:00:00,2026-03-30 19:00:00,11098,11008.803,89.197265625,120.97,32.65314,0.024937019,1,88.31685897827148
2026-03-30 20:00:00,2026-03-30 20:00:00,11229,11055.231,173.7685546875,270.84,189.49931,0.78347033,1,81.34068664550779
2026-03-30 21:00:00,2026-03-30 21:00:00,11068,11132.972,64.9716796875,322.74,277.64523,0.9571869,1,45.094766845703134
2026-03-30 22:00:00,2026-03-30 22:00:00,10884,10825.551,58.44921875,46.06,178.62631,0.88148993,0,132.56631225585937
2026-03-30 23:00:00,2026-03-30 23:00:00,10641,10620.754,20.24609375,36.86,48.617214,0.089237034,0,11.75721420288086
2026-03-31 00:00:00,2026-03-31 00:00:00,10480,10483.429,3.4287109375,34.78,47.789143,0.012403792,0,13.009142608642577
2026-03-31 01:00:00,2026-03-31 01:00:00,10344,10363.312,19.3115234375,26.98,46.861706,0.009764506,0,19.881705780029296
2026-03-31 02:00:00,2026-03-31 02:00:00,10301,10266.079,34.9208984375,21.98,33.833263,0.0058754343,0,11.853263397216796
2026-03-31 03:00:00,2026-03-31 03:00:00,10285,10265.505,19.4951171875,19.51,27.64569,0.0017514243,0,8.135690917968748
2026-03-31 04:00:00,2026-03-31 04:00:00,10366,10293.506,72.494140625,23.17,17.748932,0.0030074369,0,5.421068115234377
2026-03-31 05:00:00,2026-03-31 05:00:00,10569,10594.134,25.1337890625,24.3,27.861002,0.014252467,0,3.5610019683837884
2026-03-31 06:00:00,2026-03-31 06:00:00,10997,10911.282,85.7177734375,30.14,28.866474,0.014207812,0,1.2735258483886724
2026-03-31 07:00:00,2026-03-31 07:00:00,11308,11396.627,88.626953125,29.53,38.75849,0.024363326,0,9.22849151611328
2026-03-31 08:00:00,2026-03-31 08:00:00,11454,11416.708,37.2919921875,22.94,32.683353,0.01198601,0,9.743353424072264
2026-03-31 09:00:00,2026-03-31 09:00:00,11476,11492.338,16.337890625,17.14,21.800959,0.002930466,0,4.660958633422851
2026-03-31 10:00:00,2026-03-31 10:00:00,11421,11464.941,43.94140625,13.93,17.205954,0.0017231839,0,3.275953598022461
2026-03-31 11:00:00,2026-03-31 11:00:00,11308,11384.018,76.017578125,12.29,12.18954,0.000998517,0,0.10046009063720618
2026-03-31 12:00:00,2026-03-31 12:00:00,11226,11224.106,1.8935546875,10.51,11.028884,0.0005380297,0,0.5188839340209963
2026-03-31 13:00:00,2026-03-31 13:00:00,11113,11180.387,67.38671875,0.85,9.349987,0.00063780276,0,8.499987030029297
2026-03-31 14:00:00,2026-03-31 14:00:00,10975,11085.396,110.396484375,2.3,2.8754487,0.00043284742,0,0.5754487037658693
2026-03-31 15:00:00,2026-03-31 15:00:00,10934,10963.766,29.765625,5.54,8.0167675,0.0011208085,0,2.4767675018310547
2026-03-31 16:00:00,2026-03-31 16:00:00,11008,11027.133,19.1328125,11.01,10.7986355,0.0015947593,0,0.21136451721191385
2026-03-31 17:00:00,2026-03-31 17:00:00,11044,11143.952,99.9521484375,12.44,17.791597,0.002520778,0,5.351597366333008
2026-03-31 18:00:00,2026-03-31 18:00:00,10996,10993.412,2.587890625,16.08,13.744744,0.0005583163,0,2.335255699157713
2026-03-31 19:00:00,2026-03-31 19:00:00,11035,10967.549,67.451171875,21.41,24.64309,0.00566617,0,3.2330892944335936
2026-03-31 20:00:00,2026-03-31 20:00:00,11213,11019.907,193.0927734375,19.2,34.380672,0.012588612,0,15.180672454833985
2026-03-31 21:00:00,2026-03-31 21:00:00,11151,11123.6045,27.3955078125,12.91,15.247239,0.003738442,0,2.3372391128540038
2026-03-31 22:00:00,2026-03-31 22:00:00,10849,10916.039,67.0390625,11.42,13.465966,0.00034925208,0,2.0459662246704102
2026-03-31 23:00:00,2026-03-31 23:00:00,10510,10592.362,82.3623046875,9.45,12.333225,0.0005597208,0,2.8832252502441413
2026-04-01 00:00:00,2026-04-01 00:00:00,10335,10311.054,23.9462890625,7.12,10.494555,0.00046645064,0,3.3745554733276366
2026-04-01 01:00:00,2026-04-01 01:00:00,10200,10225.269,25.2685546875,8.41,7.607039,0.00041677788,0,0.8029610252380373
2026-04-01 02:00:00,2026-04-01 02:00:00,10132,10121.714,10.2861328125,10.62,11.816038,0.000694643,0,1.196038131713868
2026-04-01 03:00:00,2026-04-01 03:00:00,10147,10108.052,38.9482421875,13.19,14.228876,0.0005161549,0,1.038876113891602
2026-04-01 04:00:00,2026-04-01 04:00:00,10281,10185.95,95.0498046875,20.38,15.468319,0.0010518002,0,4.911681060791015
2026-04-01 05:00:00,2026-04-01 05:00:00,10499,10517.774,18.7744140625,25.43,26.322897,0.011891522,0,0.8928969573974612
2026-04-01 06:00:00,2026-04-01 06:00:00,10903,10849.7295,53.2705078125,37.9,30.44485,0.059539318,0,7.455149078369139
2026-04-01 07:00:00,2026-04-01 07:00:00,11023,11226.121,203.12109375,49.47,49.577957,0.11163816,0,0.10795715332031364
2026-04-01 08:00:00,2026-04-01 08:00:00,10952,11044.087,92.0869140625,24.0,48.36926,0.22212903,0,24.369258880615234
2026-04-01 09:00:00,2026-04-01 09:00:00,10900,10926.796,26.7958984375,15.85,20.918701,0.016567325,0,5.068701171875
2026-04-01 10:00:00,2026-04-01 10:00:00,10825,10901.854,76.853515625,15.45,17.775497,0.002311711,0,2.325497436523438
2026-04-01 11:00:00,2026-04-01 11:00:00,10760,10792.768,32.767578125,17.68,14.599157,0.0013763503,0,3.0808426666259763
2026-04-01 12:00:00,2026-04-01 12:00:00,10728,10737.218,9.2177734375,13.57,20.510641,0.0054944884,0,6.940641098022461
2026-04-01 13:00:00,2026-04-01 13:00:00,10746,10700.692,45.3076171875,12.8,12.631716,0.0005160287,0,0.1682842254638679
2026-04-01 14:00:00,2026-04-01 14:00:00,10803,10723.186,79.814453125,11.33,11.343428,0.00036102414,0,0.013427658081054616
2026-04-01 15:00:00,2026-04-01 15:00:00,10797,10843.802,46.8017578125,11.7,10.108446,0.00070005434,0,1.591553878784179
2026-04-01 16:00:00,2026-04-01 16:00:00,10859,10894.176,35.17578125,13.99,17.867607,0.0032541782,0,3.8776071166992185
2026-04-01 17:00:00,2026-04-01 17:00:00,10888,10954.614,66.6142578125,16.34,25.866642,0.005298551,0,9.526641998291016
2026-04-01 18:00:00,2026-04-01 18:00:00,10849,10856.755,7.7548828125,15.04,18.894196,0.001454335,0,3.854195556640626
2026-04-01 19:00:00,2026-04-01 19:00:00,10922,10855.667,66.3330078125,14.11,19.368116,0.005689124,0,5.25811637878418
2026-04-01 20:00:00,2026-04-01 20:00:00,11083,10999.298,83.7021484375,11.53,17.557878,0.003409378,0,6.027878494262696
2026-04-01 21:00:00,2026-04-01 21:00:00,10930,11018.463,88.462890625,7.43,6.753895,0.0009899371,0,0.6761051940917966
2026-04-01 22:00:00,2026-04-01 22:00:00,10677,10682.483,5.4833984375,0.0,6.573292,0.00047654405,0,6.573291778564453
2026-04-01 23:00:00,2026-04-01 23:00:00,10315,10420.234,105.234375,0.0,2.7857003,0.0009561112,0,2.7857003211975098
2026-04-02 00:00:00,2026-04-02 00:00:00,10108,10128.32,20.3203125,0.0,0.42493355,0.0003234439,0,0.4249335527420044
2026-04-02 01:00:00,2026-04-02 01:00:00,9968,10018.405,50.4052734375,0.0,0.40554124,0.00031003653,0,0.40554124116897583
2026-04-02 02:00:00,2026-04-02 02:00:00,9910,9880.9795,29.0205078125,8.25,0.54450583,0.00032833376,0,7.705494165420532
2026-04-02 03:00:00,2026-04-02 03:00:00,9911,9892.724,18.2763671875,5.11,11.848887,0.0007361075,0,6.73888744354248
2026-04-02 04:00:00,2026-04-02 04:00:00,9977,9971.234,5.765625,8.06,4.0102305,0.00048464484,0,4.0497694587707525
2026-04-02 05:00:00,2026-04-02 05:00:00,10137,10111.336,25.6640625,9.7,12.091106,0.0021059627,0,2.3911064147949226
2026-04-02 06:00:00,2026-04-02 06:00:00,10538,10499.021,38.978515625,12.74,14.80215,0.00094165193,0,2.0621497726440428
2026-04-02 07:00:00,2026-04-02 07:00:00,10894,10897.171,3.1708984375,11.81,17.28821,0.0018368722,0,5.478209915161132
2026-04-02 08:00:00,2026-04-02 08:00:00,10993,10970.961,22.0390625,12.12,9.1215515,0.00019255735,0,2.998448486328124
2026-04-02 09:00:00,2026-04-02 09:00:00,11080,11012.7295,67.2705078125,11.73,14.92451,0.0007622652,0,3.19451000213623
2026-04-02 10:00:00,2026-04-02 10:00:00,11121,11100.596,20.404296875,11.14,8.402692,0.00019623317,0,2.7373081588745123
2026-04-02 11:00:00,2026-04-02 11:00:00,11168,11090.516,77.484375,11.07,7.8318815,0.00025430258,0,3.238118476867676
2026-04-02 12:00:00,2026-04-02 12:00:00,11122,11117.442,4.5576171875,10.07,10.717367,0.000509704,0,0.6473671722412107
2026-04-02 13:00:00,2026-04-02 13:00:00,11088,11051.53,36.4697265625,10.07,7.767078,0.0007452101,0,2.3029220771789554
2026-04-02 14:00:00,2026-04-02 14:00:00,11043,11043.804,0.8037109375,10.69,8.439333,0.0012298608,0,2.2506670379638667
2026-04-02 15:00:00,2026-04-02 15:00:00,10951,11027.724,76.7236328125,11.08,14.264731,0.003734354,0,3.1847314071655273
2026-04-02 16:00:00,2026-04-02 16:00:00,10983,10958.748,24.251953125,11.25,15.2557535,0.003235711,0,4.005753517150879
2026-04-02 17:00:00,2026-04-02 17:00:00,11021,11009.233,11.7666015625,12.94,16.222204,0.0036093898,0,3.282204208374024
2026-04-02 18:00:00,2026-04-02 18:00:00,10897,10925.595,28.5947265625,15.12,17.97043,0.0013013192,0,2.8504303741455086
2026-04-02 19:00:00,2026-04-02 19:00:00,10878,10797.534,80.4658203125,24.3,28.680244,0.0063493885,0,4.3802444458007805
2026-04-02 20:00:00,2026-04-02 20:00:00,11007,10885.96,121.0400390625,30.41,44.823994,0.061173845,0,14.413993682861328
2026-04-02 21:00:00,2026-04-02 21:00:00,10908,10922.214,14.2138671875,35.58,37.74206,0.15918179,0,2.162061614990236
2026-04-02 22:00:00,2026-04-02 22:00:00,10698,10673.705,24.294921875,33.11,38.29309,0.011769127,0,5.183090820312501
2026-04-02 23:00:00,2026-04-02 23:00:00,10461,10445.106,15.8935546875,33.13,27.407133,0.020995911,0,5.72286689758301
2026-04-03 00:00:00,2026-04-03 00:00:00,10237,10275.049,38.048828125,28.03,29.141588,0.0053090616,0,1.1115882110595692
2026-04-03 01:00:00,2026-04-03 01:00:00,10084,10119.582,35.58203125,23.34,27.117794,0.0044382527,0,3.7777940368652345
2026-04-03 02:00:00,2026-04-03 02:00:00,9967,10001.666,34.666015625,29.88,22.2359,0.0038699294,0,7.644099121093749
2026-04-03 03:00:00,2026-04-03 03:00:00,9958,9949.427,8.5732421875,30.0,31.672535,0.038295634,0,1.6725349426269531
2026-04-03 04:00:00,2026-04-03 04:00:00,9977,10001.521,24.521484375,30.17,28.96156,0.004762522,0,1.2084407043457048
2026-04-03 05:00:00,2026-04-03 05:00:00,10052,10066.77,14.76953125,31.12,30.351051,0.008419997,0,0.7689486694335947
2026-04-03 06:00:00,2026-04-03 06:00:00,10244,10246.18,2.1796875,34.79,33.41797,0.013769336,0,1.3720312499999991
2026-04-03 07:00:00,2026-04-03 07:00:00,10373,10571.712,198.7119140625,35.0,37.12832,0.03317269,0,2.1283187866210938
2026-04-03 08:00:00,2026-04-03 08:00:00,10477,10464.39,12.6103515625,30.86,33.300724,0.011525809,0,2.440724029541016
2026-04-03 09:00:00,2026-04-03 09:00:00,10578,10551.05,26.9501953125,29.14,29.07985,0.004994198,0,0.06015075683593807
2026-04-03 10:00:00,2026-04-03 10:00:00,10621,10626.45,5.4501953125,18.83,27.492268,0.0033686964,0,8.66226760864258
2026-04-03 11:00:00,2026-04-03 11:00:00,10591,10646.578,55.578125,13.71,16.881079,0.0019665596,0,3.1710787200927726
2026-04-03 12:00:00,2026-04-03 12:00:00,10597,10537.093,59.9072265625,12.69,12.135022,0.0010908076,0,0.5549778366088862
2026-04-03 13:00:00,2026-04-03 13:00:00,10463,10569.93,106.9296875,12.57,10.804059,0.00039113115,0,1.765940971374512
2026-04-03 14:00:00,2026-04-03 14:00:00,10380,10442.743,62.7431640625,11.97,9.804205,0.00031963724,0,2.165795059204102
2026-04-03 15:00:00,2026-04-03 15:00:00,10361,10404.514,43.513671875,11.81,9.2144375,0.0006239908,0,2.5955625152587896
2026-04-03 16:00:00,2026-04-03 16:00:00,10376,10440.839,64.8388671875,12.15,11.471325,0.00083272427,0,0.6786750793457035
2026-04-03 17:00:00,2026-04-03 17:00:00,10392,10433.738,41.73828125,13.01,17.044731,0.0013699059,0,4.034731140136719
2026-04-03 18:00:00,2026-04-03 18:00:00,10318,10353.313,35.3134765625,23.89,14.081821,0.0003462531,0,9.80817855834961
2026-04-03 19:00:00,2026-04-03 19:00:00,10386,10334.695,51.3046875,34.16,42.93559,0.026151508,0,8.775588836669925
2026-04-03 20:00:00,2026-04-03 20:00:00,10543,10437.704,105.2958984375,40.68,52.20387,0.097579315,0,11.523868865966797
2026-04-03 21:00:00,2026-04-03 21:00:00,10508,10505.855,2.14453125,33.14,43.343952,0.026476288,0,10.203952178955078
2026-04-03 22:00:00,2026-04-03 22:00:00,10331,10348.436,17.435546875,26.56,29.03321,0.004662405,0,2.4732107543945325
2026-04-03 23:00:00,2026-04-03 23:00:00,10139,10119.355,19.64453125,16.54,24.775345,0.0076177306,0,8.235344848632813
2026-04-04 00:00:00,2026-04-04 00:00:00,9963,9992.844,29.84375,13.4,16.041174,0.0012005841,0,2.641173934936523
2026-04-04 01:00:00,2026-04-04 01:00:00,9854,9811.267,42.7333984375,12.76,11.598767,0.000226723,0,1.1612327194213865
2026-04-04 02:00:00,2026-04-04 02:00:00,9754,9768.926,14.92578125,12.46,11.032784,0.00010086249,0,1.4272155380249032
2026-04-04 03:00:00,2026-04-04 03:00:00,9691,9716.632,25.6318359375,12.04,10.74787,0.00013664164,0,1.2921295547485343
2026-04-04 04:00:00,2026-04-04 04:00:00,9714,9689.009,24.9912109375,12.4,9.8430805,0.00011618416,0,2.5569194793701175
2026-04-04 05:00:00,2026-04-04 05:00:00,9785,9802.759,17.7587890625,12.89,13.423535,0.00021630756,0,0.5335353469848627
2026-04-04 06:00:00,2026-04-04 06:00:00,9930,9920.773,9.2265625,13.87,15.195128,0.00021647861,0,1.3251284408569344
2026-04-04 07:00:00,2026-04-04 07:00:00,10050,10123.603,73.6025390625,12.98,14.562858,0.00027995196,0,1.582857627868652
2026-04-04 08:00:00,2026-04-04 08:00:00,10245,10146.738,98.26171875,11.52,10.837337,0.00011067321,0,0.6826634597778316
2026-04-04 09:00:00,2026-04-04 09:00:00,10345,10334.741,10.2587890625,1.22,9.298534,0.00012636115,0,8.078534393310546
2026-04-04 10:00:00,2026-04-04 10:00:00,10363,10378.121,15.12109375,0.0,2.4124603,0.00018836196,0,2.4124603271484375
2026-04-04 11:00:00,2026-04-04 11:00:00,10372,10343.395,28.60546875,0.0,0.6316282,0.00018124675,0,0.6316282153129578
2026-04-04 12:00:00,2026-04-04 12:00:00,10307,10326.524,19.5244140625,0.0,0.43647924,0.00024297023,0,0.43647924065589905
2026-04-04 13:00:00,2026-04-04 13:00:00,10269,10267.594,1.40625,0.66,0.4704294,0.00025787385,0,0.189570609331131
2026-04-04 14:00:00,2026-04-04 14:00:00,10242,10257.636,15.6357421875,7.27,5.0527782,0.00042453338,0,2.217221755981445
2026-04-04 15:00:00,2026-04-04 15:00:00,10234,10251.998,17.998046875,7.89,15.805633,0.002047626,0,7.915632591247559
2026-04-04 16:00:00,2026-04-04 16:00:00,10307,10279.894,27.1064453125,1.35,12.582996,0.0009252535,0,11.232996368408203
2026-04-04 17:00:00,2026-04-04 17:00:00,10379,10369.35,9.650390625,8.54,7.281589,0.001100655,0,1.2584109687805167
2026-04-04 18:00:00,2026-04-04 18:00:00,10335,10358.822,23.822265625,12.4,19.553696,0.0017799363,0,7.153695678710937
2026-04-04 19:00:00,2026-04-04 19:00:00,10395,10315.547,79.453125,17.97,22.169657,0.0022237592,0,4.19965675354004
2026-04-04 20:00:00,2026-04-04 20:00:00,10527,10404.542,122.4580078125,22.1,22.521387,0.009887854,0,0.42138710021972514
2026-04-04 21:00:00,2026-04-04 21:00:00,10522,10492.543,29.45703125,12.92,22.850264,0.0038566056,0,9.930263595581055
2026-04-04 22:00:00,2026-04-04 22:00:00,10409,10335.927,73.0732421875,1.29,11.2191305,0.00021691022,0,9.929130516052247
2026-04-04 23:00:00,2026-04-04 23:00:00,10193,10164.211,28.7890625,5.99,0.5073533,0.00041798563,0,5.48264669418335
2026-04-05 00:00:00,2026-04-05 00:00:00,10018,10019.215,1.21484375,11.79,8.0169115,0.00039509468,0,3.773088493347167
2026-04-05 01:00:00,2026-04-05 01:00:00,9945,9908.106,36.8935546875,21.94,12.79915,0.00038887808,0,9.140849533081056
2026-04-05 02:00:00,2026-04-05 02:00:00,9900,9823.688,76.3115234375,29.59,23.563717,0.0024390891,0,6.0262831115722655
2026-04-05 03:00:00,2026-04-05 03:00:00,9875,9841.356,33.6435546875,34.16,36.883694,0.01854604,0,2.723693695068363
2026-04-05 04:00:00,2026-04-05 04:00:00,9879,9870.137,8.86328125,37.86,35.817055,0.0051684272,0,2.042945251464843
2026-04-05 05:00:00,2026-04-05 05:00:00,9941,9896.724,44.2763671875,34.95,41.635677,0.014490834,0,6.6856773376464815
2026-04-05 06:00:00,2026-04-05 06:00:00,10071,10036.935,34.0654296875,38.64,37.313385,0.012544902,0,1.3266149902343756
2026-04-05 07:00:00,2026-04-05 07:00:00,10021,10277.38,256.3798828125,140.66,43.10083,0.012446694,1,97.559169921875
2026-04-05 08:00:00,2026-04-05 08:00:00,10223,10032.508,190.4921875,193.04,119.38454,0.820919,1,73.65546325683593
2026-04-05 09:00:00,2026-04-05 09:00:00,10361,10343.189,17.810546875,189.17,125.00196,0.76208645,1,64.16803924560546
2026-04-05 10:00:00,2026-04-05 10:00:00,10517,10417.598,99.40234375,30.93,98.75003,0.51074743,0,67.82003051757812
2026-04-05 11:00:00,2026-04-05 11:00:00,10640,10575.128,64.8720703125,28.74,18.918941,0.004998946,0,9.821058502197264
2026-04-05 12:00:00,2026-04-05 12:00:00,10725,10671.031,53.96875,20.73,33.078693,0.0043325755,0,12.348693389892578
2026-04-05 13:00:00,2026-04-05 13:00:00,10713,10739.585,26.5849609375,14.45,19.899841,0.0023106334,0,5.449841308593751
2026-04-05 14:00:00,2026-04-05 14:00:00,10661,10673.275,12.275390625,13.51,12.20727,0.0017760871,0,1.3027303314208982
2026-04-05 15:00:00,2026-04-05 15:00:00,10689,10648.568,40.431640625,12.2,11.377266,0.0013079017,0,0.822734069824218
2026-04-05 16:00:00,2026-04-05 16:00:00,10754,10779.426,25.42578125,11.44,12.601505,0.0009713323,0,1.1615052795410161
2026-04-05 17:00:00,2026-04-05 17:00:00,10716,10837.226,121.2255859375,10.89,12.867905,0.0016413094,0,1.977904663085937
2026-04-05 18:00:00,2026-04-05 18:00:00,10603,10646.902,43.90234375,12.22,9.254928,0.0010527651,0,2.9650723648071295
2026-04-05 19:00:00,2026-04-05 19:00:00,10530,10544.364,14.3642578125,12.62,23.739767,0.00379971,0,11.119767074584962
2026-04-05 20:00:00,2026-04-05 20:00:00,10644,10520.608,123.3916015625,13.13,14.62053,0.0015212464,0,1.4905301284790031
2026-04-05 21:00:00,2026-04-05 21:00:00,10598,10630.511,32.5107421875,14.33,12.269419,0.0010445581,0,2.060581283569336
2026-04-05 22:00:00,2026-04-05 22:00:00,10338,10394.772,56.7724609375,13.52,14.982096,0.0006612423,0,1.4620957183837895
2026-04-05 23:00:00,2026-04-05 23:00:00,10105,10094.06,10.9404296875,13.61,10.805365,0.0006527285,0,2.804635391235351
2026-04-06 00:00:00,2026-04-06 00:00:00,9908,9936.029,28.029296875,15.63,12.919503,0.00078166655,0,2.710496788024903
2026-04-06 01:00:00,2026-04-06 01:00:00,9827,9789.292,37.7080078125,21.45,15.960189,0.0006862447,0,5.489811134338378
2026-04-06 02:00:00,2026-04-06 02:00:00,9810,9779.3545,30.6455078125,20.76,21.867544,0.0018118514,0,1.1075441741943344
2026-04-06 03:00:00,2026-04-06 03:00:00,9825,9828.483,3.4833984375,21.19,18.34716,0.00054103404,0,2.8428396606445325
2026-04-06 04:00:00,2026-04-06 04:00:00,9899,9917.81,18.8095703125,20.86,20.821928,0.003582947,0,0.038071975708007244
2026-04-06 05:00:00,2026-04-06 05:00:00,10089,10069.368,19.6318359375,19.75,19.899178,0.0041657337,0,0.14917755126953125
2026-04-06 06:00:00,2026-04-06 06:00:00,10474,10474.469,0.46875,23.59,21.444576,0.0015583393,0,2.1454237365722655
2026-04-06 07:00:00,2026-04-06 07:00:00,10799,10859.296,60.2958984375,18.45,28.429958,0.005001065,0,9.97995834350586
2026-04-06 08:00:00,2026-04-06 08:00:00,10957,10891.46,65.5400390625,14.64,17.921352,0.00085177255,0,3.281352386474609
2026-04-06 09:00:00,2026-04-06 09:00:00,11112,11002.068,109.931640625,18.67,12.666313,0.0014386016,0,6.003686828613283
2026-04-06 10:00:00,2026-04-06 10:00:00,11191,11164.444,26.5556640625,15.68,19.978811,0.003045988,0,4.298811264038086
2026-04-06 11:00:00,2026-04-06 11:00:00,11216,11216.102,0.1015625,10.44,12.881217,0.0009144433,0,2.441217002868653
2026-04-06 12:00:00,2026-04-06 12:00:00,11239,11164.07,74.9296875,6.77,11.417841,0.00056964345,0,4.647840957641602
2026-04-06 13:00:00,2026-04-06 13:00:00,11184,11183.464,0.5361328125,0.0,5.6633787,0.00064876355,0,5.663378715515137
2026-04-06 14:00:00,2026-04-06 14:00:00,11152,11134.948,17.0517578125,0.0,1.9278517,0.000956704,0,1.927851676940918
2026-04-06 15:00:00,2026-04-06 15:00:00,11113,11160.634,47.6337890625,0.0,2.1558735,0.0025056587,0,2.1558735370635986
2026-04-06 16:00:00,2026-04-06 16:00:00,11177,11167.385,9.615234375,0.97,4.6193852,0.0055759475,0,3.6493852424621585
2026-04-06 17:00:00,2026-04-06 17:00:00,11189,11239.8,50.7998046875,5.1,9.115683,0.007691898,0,4.015682601928711
2026-04-06 18:00:00,2026-04-06 18:00:00,11038,11046.887,8.88671875,0.02,7.937829,0.004086583,0,7.917829017639161
2026-04-06 19:00:00,2026-04-06 19:00:00,10938,10876.735,61.2646484375,8.24,8.976495,0.0058612633,0,0.7364947891235349
2026-04-06 20:00:00,2026-04-06 20:00:00,11028,10856.269,171.7314453125,9.44,21.588526,0.00954476,0,12.148525772094727
2026-04-06 21:00:00,2026-04-06 21:00:00,10942,10898.215,43.78515625,13.11,13.526066,0.006259901,0,0.4160658264160162
2026-04-06 22:00:00,2026-04-06 22:00:00,10655,10673.875,18.875,12.37,15.802756,0.0014508131,0,3.432756309509278
2026-04-06 23:00:00,2026-04-06 23:00:00,10360,10358.654,1.345703125,8.59,10.684865,0.0016680063,0,2.0948649978637697
2026-04-07 00:00:00,2026-04-07 00:00:00,10186,10171.466,14.5341796875,0.0,7.184762,0.0003523778,0,7.184762001037598
2026-04-07 01:00:00,2026-04-07 01:00:00,10072,10079.339,7.3388671875,0.0,2.4376,0.0002997412,0,2.4375998973846436
2026-04-07 02:00:00,2026-04-07 02:00:00,10011,9995.833,15.1669921875,0.0,1.1279473,0.00021133233,0,1.1279473304748535
2026-04-07 03:00:00,2026-04-07 03:00:00,9930,10002.237,72.2373046875,0.0,1.2685541,0.00027788864,0,1.2685540914535522
2026-04-07 04:00:00,2026-04-07 04:00:00,9979,9990.703,11.703125,0.0,1.5887694,0.0005202472,0,1.5887694358825684
2026-04-07 05:00:00,2026-04-07 05:00:00,10143,10104.133,38.8671875,10.41,2.496918,0.0007944439,0,7.913082036972046
2026-04-07 06:00:00,2026-04-07 06:00:00,10457,10534.605,77.60546875,12.64,19.536787,0.0014181944,0,6.896787033081054
2026-04-07 07:00:00,2026-04-07 07:00:00,10842,10840.053,1.947265625,10.27,16.066456,0.0007717469,0,5.7964558410644536
2026-04-07 08:00:00,2026-04-07 08:00:00,11058,10971.912,86.087890625,0.0,12.888998,0.0003209674,0,12.888998031616211
2026-04-07 09:00:00,2026-04-07 09:00:00,11202,11074.653,127.3466796875,0.82,11.284573,0.00033716907,0,10.464572601318359
2026-04-07 10:00:00,2026-04-07 10:00:00,11169,11247.725,78.724609375,0.0,4.4699163,0.00020712258,0,4.469916343688965
2026-04-07 11:00:00,2026-04-07 11:00:00,11128,11130.716,2.7158203125,0.0,0.0,8.495018e-05,0,0.0
2026-04-07 12:00:00,2026-04-07 12:00:00,11113,11060.843,52.1572265625,0.0,1.4467077,0.00031571128,0,1.4467077255249023
2026-04-07 13:00:00,2026-04-07 13:00:00,11083,11092.526,9.5263671875,0.0,1.6504238,0.0005631255,0,1.6504237651824951
2026-04-07 14:00:00,2026-04-07 14:00:00,10996,11081.781,85.78125,0.0,2.3993165,0.0010641012,0,2.3993165493011475
2026-04-07 15:00:00,2026-04-07 15:00:00,11011,11034.463,23.462890625,5.13,3.2721832,0.0023349281,0,1.8578168201446532
2026-04-07 16:00:00,2026-04-07 16:00:00,11096,11105.597,9.5966796875,11.56,12.773346,0.0048357164,0,1.2133459472656245
2026-04-07 17:00:00,2026-04-07 17:00:00,11088,11186.947,98.947265625,11.78,21.21222,0.0063756695,0,9.43221923828125
2026-04-07 18:00:00,2026-04-07 18:00:00,10937,10996.399,59.3994140625,12.38,13.369976,0.0012026334,0,0.9899760437011711
2026-04-07 19:00:00,2026-04-07 19:00:00,10895,10842.514,52.486328125,17.62,20.276505,0.0030018245,0,2.6565045166015615
2026-04-07 20:00:00,2026-04-07 20:00:00,10972,10882.379,89.62109375,16.23,26.049318,0.013437361,0,9.819318313598632
2026-04-07 21:00:00,2026-04-07 21:00:00,10941,10896.836,44.1640625,18.2,18.52266,0.0030555122,0,0.3226593017578132
2026-04-07 22:00:00,2026-04-07 22:00:00,10634,10752.612,118.6123046875,13.51,22.353277,0.0077574966,0,8.843277206420899
2026-04-07 23:00:00,2026-04-07 23:00:00,10382,10367.103,14.8974609375,0.47,10.419111,0.0010623205,0,9.949111251831054
2026-04-08 00:00:00,2026-04-08 00:00:00,10217,10213.633,3.3671875,0.0,0.70670056,0.00034835012,0,0.7067005634307861
2026-04-08 01:00:00,2026-04-08 01:00:00,10110,10110.581,0.5810546875,0.0,1.2666676,0.0002003473,0,1.2666676044464111
2026-04-08 02:00:00,2026-04-08 02:00:00,10061,10048.324,12.67578125,0.0,1.1568917,0.000318876,0,1.1568917036056519
2026-04-08 03:00:00,2026-04-08 03:00:00,10020,10055.148,35.1484375,0.0,1.1375023,0.000345115,0,1.1375023126602173
2026-04-08 04:00:00,2026-04-08 04:00:00,10033,10059.905,26.9052734375,0.0,1.0804677,0.00043944208,0,1.080467700958252
2026-04-08 05:00:00,2026-04-08 05:00:00,10165,10104.665,60.3349609375,5.31,2.3099928,0.00050279207,0,3.0000072097778316
2026-04-08 06:00:00,2026-04-08 06:00:00,10458,10491.611,33.611328125,11.55,11.521859,0.00082700903,0,0.028140830993653054
2026-04-08 07:00:00,2026-04-08 07:00:00,10679,10814.638,135.6376953125,12.46,14.526729,0.00112358,0,2.066728630065917
2026-04-08 08:00:00,2026-04-08 08:00:00,10739,10800.825,61.8251953125,12.54,13.317889,0.00044082617,0,0.7778892135620126
2026-04-08 09:00:00,2026-04-08 09:00:00,10802,10743.913,58.0869140625,11.29,13.063983,0.00025966257,0,1.7739829635620126
2026-04-08 10:00:00,2026-04-08 10:00:00,10801,10827.499,26.4990234375,14.29,10.224931,0.00011913497,0,4.06506923675537
2026-04-08 11:00:00,2026-04-08 11:00:00,10664,10786.788,122.7880859375,30.27,16.471987,0.0009332089,0,13.798013229370117
2026-04-08 12:00:00,2026-04-08 12:00:00,10577,10592.583,15.5830078125,30.85,48.62548,0.049911886,0,17.775480651855467
2026-04-08 13:00:00,2026-04-08 13:00:00,10515,10515.963,0.962890625,29.22,31.384964,0.011276627,0,2.1649639892578136
2026-04-08 14:00:00,2026-04-08 14:00:00,10462,10504.523,42.5234375,26.54,27.869978,0.009912533,0,1.3299779510498055
2026-04-08 15:00:00,2026-04-08 15:00:00,10465,10490.564,25.564453125,22.88,26.68986,0.01929696,0,3.80985939025879
2026-04-08 16:00:00,2026-04-08 16:00:00,10588,10556.329,31.6708984375,29.56,24.228266,0.011442068,0,5.331734237670897
2026-04-08 17:00:00,2026-04-08 17:00:00,10699,10683.449,15.55078125,31.46,40.439617,0.12583402,0,8.979617156982421
2026-04-08 18:00:00,2026-04-08 18:00:00,10598,10666.95,68.9501953125,81.83,35.152363,0.016376596,0,46.67763717651367
2026-04-08 19:00:00,2026-04-08 19:00:00,10541,10513.481,27.5185546875,142.94,118.06304,0.8009659,1,24.87695831298828
2026-04-08 20:00:00,2026-04-08 20:00:00,10637,10529.108,107.8916015625,100.66,201.61037,0.8710078,1,100.95036682128907
2026-04-08 21:00:00,2026-04-08 21:00:00,10561,10580.954,19.9541015625,99.07,56.659737,0.29835504,0,42.41026336669921
2026-04-08 22:00:00,2026-04-08 22:00:00,10354,10369.451,15.451171875,34.66,60.674065,0.2496828,0,26.014064636230472
2026-04-08 23:00:00,2026-04-08 23:00:00,10113,10147.531,34.53125,59.09,33.325138,0.02394782,0,25.764861907958988
2026-04-09 00:00:00,2026-04-09 00:00:00,9941,9968.46,27.4599609375,41.06,80.05685,0.13019438,0,38.99684661865234
2026-04-09 01:00:00,2026-04-09 01:00:00,9864,9825.367,38.6328125,30.22,41.930096,0.045288797,0,11.710095672607423
2026-04-09 02:00:00,2026-04-09 02:00:00,9817,9805.894,11.1064453125,24.18,30.690521,0.012569399,0,6.510521240234375
2026-04-09 03:00:00,2026-04-09 03:00:00,9808,9815.745,7.7451171875,15.61,24.897505,0.0044667935,0,9.287504806518555
2026-04-09 04:00:00,2026-04-09 04:00:00,9864,9856.42,7.580078125,13.61,15.537864,0.0019299284,0,1.927863731384278
2026-04-09 05:00:00,2026-04-09 05:00:00,10058,10008.626,49.3740234375,19.98,12.582981,0.00097438495,0,7.39701889038086
2026-04-09 06:00:00,2026-04-09 06:00:00,10433,10425.383,7.6171875,25.9,24.532263,0.009549923,0,1.3677371978759751
2026-04-09 07:00:00,2026-04-09 07:00:00,10714,10764.264,50.263671875,22.48,29.602888,0.048911396,0,7.122888107299804
2026-04-09 08:00:00,2026-04-09 08:00:00,10800,10757.679,42.3212890625,20.21,22.04735,0.003043697,0,1.8373499298095695
2026-04-09 09:00:00,2026-04-09 09:00:00,10718,10808.909,90.9091796875,15.23,18.560753,0.0031254147,0,3.3307528686523433
2026-04-09 10:00:00,2026-04-09 10:00:00,10612,10683.833,71.8330078125,15.55,13.339114,0.0009368468,0,2.2108858108520515
2026-04-09 11:00:00,2026-04-09 11:00:00,10580,10556.417,23.5830078125,19.07,14.204685,0.0012917774,0,4.86531478881836
2026-04-09 12:00:00,2026-04-09 12:00:00,10539,10529.464,9.5361328125,17.47,21.189413,0.0032356603,0,3.719413070678712
2026-04-09 13:00:00,2026-04-09 13:00:00,10539,10498.103,40.8974609375,22.73,17.173351,0.001322186,0,5.5566487121582036
2026-04-09 14:00:00,2026-04-09 14:00:00,10475,10510.32,35.3203125,25.07,25.02115,0.0050987927,0,0.04884941101074247
2026-04-09 15:00:00,2026-04-09 15:00:00,10471,10481.692,10.6923828125,22.1,26.871828,0.0383012,0,4.771828079223631
2026-04-09 16:00:00,2026-04-09 16:00:00,10534,10544.507,10.5068359375,14.47,22.318796,0.010954601,0,7.848796157836913
2026-04-09 17:00:00,2026-04-09 17:00:00,10565,10578.047,13.046875,13.55,17.8974,0.0045631,0,4.347399902343749
2026-04-09 18:00:00,2026-04-09 18:00:00,10514,10551.108,37.1083984375,17.34,12.302987,0.0005155175,0,5.037012901306152
2026-04-09 19:00:00,2026-04-09 19:00:00,10498,10489.672,8.328125,32.28,33.0583,0.017227715,0,0.7783000183105457
2026-04-09 20:00:00,2026-04-09 20:00:00,10601,10527.216,73.7841796875,32.9,57.782093,0.19387454,0,24.882093048095705
2026-04-09 21:00:00,2026-04-09 21:00:00,10648,10546.351,101.6494140625,17.72,38.995415,0.028402645,0,21.27541473388672
2026-04-09 22:00:00,2026-04-09 22:00:00,10402,10484.181,82.1806640625,16.25,13.394851,0.0016608016,0,2.855149269104004
2026-04-09 23:00:00,2026-04-09 23:00:00,10140,10133.43,6.5703125,12.06,15.127455,0.003960227,0,3.067454757690429
2026-04-10 00:00:00,2026-04-10 00:00:00,9921,9969.5,48.5,8.78,10.50378,0.00070159114,0,1.723780364990235
2026-04-10 01:00:00,2026-04-10 01:00:00,9804,9784.583,19.4169921875,0.0,6.9721503,0.0002316734,0,6.9721503257751465
2026-04-10 02:00:00,2026-04-10 02:00:00,9723,9756.011,33.0107421875,0.0,1.9529302,0.00043223388,0,1.952930212020874
2026-04-10 03:00:00,2026-04-10 03:00:00,9714,9709.483,4.5166015625,0.29,0.8956164,0.00039453313,0,0.6056164121627807
2026-04-10 04:00:00,2026-04-10 04:00:00,9808,9769.088,38.912109375,9.9,3.427832,0.00029157847,0,6.472168111801148
2026-04-10 05:00:00,2026-04-10 05:00:00,9973,10003.943,30.943359375,10.92,14.888894,0.0008622195,0,3.9688940811157227
2026-04-10 06:00:00,2026-04-10 06:00:00,10382,10329.594,52.40625,13.12,13.670189,0.0003853894,0,0.5501889038085945
2026-04-10 07:00:00,2026-04-10 07:00:00,10724,10689.763,34.2373046875,13.76,16.040037,0.00081609434,0,2.2800371551513674
2026-04-10 08:00:00,2026-04-10 08:00:00,10818,10759.952,58.0478515625,11.75,13.850282,0.00037877113,0,2.1002817153930664
2026-04-10 09:00:00,2026-04-10 09:00:00,10750,10811.955,61.955078125,11.5,9.879824,9.7051896e-05,0,1.6201763153076172
2026-04-10 10:00:00,2026-04-10 10:00:00,10635,10726.314,91.314453125,11.2,9.387739,9.882368e-05,0,1.8122608184814446
2026-04-10 11:00:00,2026-04-10 11:00:00,10658,10555.527,102.47265625,11.28,9.316231,0.00011749359,0,1.963769226074218
2026-04-10 12:00:00,2026-04-10 12:00:00,10591,10604.051,13.05078125,11.28,11.934402,0.00036177848,0,0.6544024658203131
2026-04-10 13:00:00,2026-04-10 13:00:00,10541,10534.648,6.3515625,11.81,10.0045595,0.0002826516,0,1.8054404830932622
2026-04-10 14:00:00,2026-04-10 14:00:00,10460,10494.257,34.2568359375,17.07,11.71758,0.00031173904,0,5.352420158386231
2026-04-10 15:00:00,2026-04-10 15:00:00,10461,10438.415,22.5849609375,21.53,21.226686,0.009678293,0,0.3033135223388683
2026-04-10 16:00:00,2026-04-10 16:00:00,10509,10511.345,2.3447265625,23.48,24.602901,0.017862227,0,1.122901458740234
2026-04-10 17:00:00,2026-04-10 17:00:00,10518,10548.643,30.642578125,27.36,31.16223,0.017940022,0,3.8022295379638678
2026-04-10 18:00:00,2026-04-10 18:00:00,10437,10462.557,25.556640625,31.26,38.449055,0.027653508,0,7.189054718017577
2026-04-10 19:00:00,2026-04-10 19:00:00,10455,10405.26,49.740234375,142.17,59.954323,0.08044258,1,82.21567718505858
2026-04-10 20:00:00,2026-04-10 20:00:00,10491,10474.405,16.5947265625,119.36,176.11954,0.9359243,1,56.759537353515626
2026-04-10 21:00:00,2026-04-10 21:00:00,10484,10451.424,32.576171875,28.81,68.28989,0.5915394,0,39.47988647460937
2026-04-10 22:00:00,2026-04-10 22:00:00,10261,10306.842,45.841796875,21.52,8.152257,0.0055387695,0,13.367743034362793
2026-04-10 23:00:00,2026-04-10 23:00:00,9996,10033.7295,37.7294921875,12.19,17.620405,0.0027045002,0,5.430405197143555
2026-04-11 00:00:00,2026-04-11 00:00:00,9836,9813.424,22.576171875,11.28,12.277974,0.0013755438,0,0.9979741287231452
2026-04-11 01:00:00,2026-04-11 01:00:00,9750,9719.474,30.5263671875,12.42,10.134571,0.00093440065,0,2.285428924560547
2026-04-11 02:00:00,2026-04-11 02:00:00,9730,9671.715,58.28515625,20.76,12.232283,0.0006844074,0,8.527717361450197
2026-04-11 03:00:00,2026-04-11 03:00:00,9682,9698.13,16.1298828125,22.22,24.094118,0.0049567437,0,1.874118118286134
2026-04-11 04:00:00,2026-04-11 04:00:00,9715,9679.001,35.9990234375,27.21,23.307295,0.005513367,0,3.902705154418946
2026-04-11 05:00:00,2026-04-11 05:00:00,9802,9802.057,0.056640625,31.8,31.339281,0.03966793,0,0.4607189178466804
2026-04-11 06:00:00,2026-04-11 06:00:00,9943,9942.919,0.0810546875,31.0,37.310295,0.07014888,0,6.310295104980469
2026-04-11 07:00:00,2026-04-11 07:00:00,10045,10125.023,80.0234375,25.83,30.717653,0.012788857,0,4.8876532745361345
2026-04-11 08:00:00,2026-04-11 08:00:00,10207,10125.277,81.72265625,30.52,22.759434,0.0061607417,0,7.760566253662109
2026-04-11 09:00:00,2026-04-11 09:00:00,10340,10288.88,51.1201171875,36.72,34.837563,0.043317992,0,1.8824374389648426
2026-04-11 10:00:00,2026-04-11 10:00:00,10409,10372.693,36.306640625,40.31,37.311047,0.011604021,0,2.9989533996582054
2026-04-11 11:00:00,2026-04-11 11:00:00,10388,10376.11,11.8896484375,22.31,41.155724,0.016718362,0,18.845723571777345
2026-04-11 12:00:00,2026-04-11 12:00:00,10321,10318.781,2.21875,19.4,19.35994,0.003947958,0,0.04006042480468608
2026-04-11 13:00:00,2026-04-11 13:00:00,10177,10280.65,103.650390625,13.22,18.378965,0.0021489125,0,5.1589653778076165
2026-04-11 14:00:00,2026-04-11 14:00:00,10166,10128.211,37.7890625,13.47,12.734181,0.00048097438,0,0.7358185958862311
2026-04-11 15:00:00,2026-04-11 15:00:00,10210,10173.481,36.5185546875,22.55,13.545148,0.0009724369,0,9.004852104187012
2026-04-11 16:00:00,2026-04-11 16:00:00,10302,10253.322,48.677734375,18.86,31.371517,0.025172563,0,12.511517181396485
2026-04-11 17:00:00,2026-04-11 17:00:00,10361,10364.577,3.5771484375,12.76,24.54998,0.006102737,0,11.789980163574219
2026-04-11 18:00:00,2026-04-11 18:00:00,10254,10327.072,73.072265625,15.85,12.558449,0.0005124476,0,3.2915512084960934
2026-04-11 19:00:00,2026-04-11 19:00:00,10190,10223.462,33.4619140625,20.59,24.50696,0.00397858,0,3.916959915161133
2026-04-11 20:00:00,2026-04-11 20:00:00,10306,10193.666,112.333984375,20.16,24.110699,0.009305189,0,3.9506986999511717
2026-04-11 21:00:00,2026-04-11 21:00:00,10307,10283.47,23.5302734375,12.4,17.307756,0.0025799875,0,4.907756423950195
2026-04-11 22:00:00,2026-04-11 22:00:00,10115,10137.64,22.6396484375,10.8,11.16738,0.00030895014,0,0.36738033294677663
2026-04-11 23:00:00,2026-04-11 23:00:00,9923,9882.198,40.8017578125,7.04,8.028426,0.0003784304,0,0.9884261703491211
2026-04-12 00:00:00,2026-04-12 00:00:00,9776,9771.03,4.9697265625,7.53,6.611343,0.00031116774,0,0.918657093048096
2026-04-12 01:00:00,2026-04-12 01:00:00,9640,9673.908,33.908203125,8.11,9.064781,0.00037492963,0,0.9547811889648443
2026-04-12 02:00:00,2026-04-12 02:00:00,9579,9571.641,7.359375,0.16,9.288755,0.00022276463,0,9.128755416870117
2026-04-12 03:00:00,2026-04-12 03:00:00,9556,9549.155,6.8447265625,0.0,1.9462051,0.00017807847,0,1.9462051391601562
2026-04-12 04:00:00,2026-04-12 04:00:00,9629,9591.25,37.75,0.0,0.9603256,0.00016652365,0,0.9603255987167358
2026-04-12 05:00:00,2026-04-12 05:00:00,9726,9775.908,49.908203125,0.0,1.7807022,0.00021579381,0,1.7807022333145142
2026-04-12 06:00:00,2026-04-12 06:00:00,9818,9875.016,57.015625,0.0,3.0688243,0.00020202326,0,3.068824291229248
2026-04-12 07:00:00,2026-04-12 07:00:00,9903,9944.889,41.888671875,5.45,2.053221,0.00038049163,0,3.396779012680054
2026-04-12 08:00:00,2026-04-12 08:00:00,10075,9990.9,84.099609375,11.16,10.4619665,0.0003000088,0,0.6980334854125978
2026-04-12 09:00:00,2026-04-12 09:00:00,10295,10177.944,117.0556640625,20.36,15.681173,0.0005614167,0,4.6788266754150385
2026-04-12 10:00:00,2026-04-12 10:00:00,10441,10376.8125,64.1875,28.8,24.424099,0.0034760975,0,4.375901031494141
2026-04-12 11:00:00,2026-04-12 11:00:00,10417,10500.137,83.13671875,28.8,37.29111,0.014230063,0,8.49111099243164
2026-04-12 12:00:00,2026-04-12 12:00:00,10460,10359.248,100.751953125,25.55,28.373508,0.0027269737,0,2.82350845336914
2026-04-12 13:00:00,2026-04-12 13:00:00,10454,10438.759,15.2412109375,24.05,22.787174,0.002583912,0,1.262825775146485
2026-04-12 14:00:00,2026-04-12 14:00:00,10442,10426.081,15.9189453125,23.93,22.70596,0.0024644637,0,1.2240406799316403
2026-04-12 15:00:00,2026-04-12 15:00:00,10455,10457.198,2.1982421875,36.55,23.102732,0.0034342357,0,13.447268295288083
2026-04-12 16:00:00,2026-04-12 16:00:00,10541,10512.83,28.169921875,38.96,50.697163,0.07248888,0,11.737162628173827
2026-04-12 17:00:00,2026-04-12 17:00:00,10532,10606.151,74.1513671875,213.86,47.35229,0.030781472,1,166.50770889282228
2026-04-12 18:00:00,2026-04-12 18:00:00,10487,10487.909,0.9091796875,55.0,182.16315,0.86147505,0,127.16314697265625
2026-04-12 19:00:00,2026-04-12 19:00:00,10372,10463.249,91.2490234375,304.42,97.69421,0.3141877,1,206.72579376220705
2026-04-12 20:00:00,2026-04-12 20:00:00,10442,10350.554,91.4462890625,63.14,158.18568,0.9640509,0,95.04568420410156
2026-04-12 21:00:00,2026-04-12 21:00:00,10460,10398.024,61.9755859375,25.93,79.58421,0.13963728,0,53.65421325683594
2026-04-12 22:00:00,2026-04-12 22:00:00,10223,10264.438,41.4384765625,30.13,19.867125,0.010608984,0,10.262875442504882
2026-04-12 23:00:00,2026-04-12 23:00:00,9976,9969.066,6.93359375,34.85,40.665775,0.0792903,0,5.815775299072264
2026-04-13 00:00:00,2026-04-13 00:00:00,9814,9788.259,25.7412109375,36.95,45.7569,0.048261352,0,8.806900787353513
2026-04-13 01:00:00,2026-04-13 01:00:00,9753,9711.881,41.119140625,34.24,44.671177,0.022787262,0,10.431176910400389
2026-04-13 02:00:00,2026-04-13 02:00:00,9618,9685.307,67.306640625,25.11,32.583843,0.006338531,0,7.473843231201172
2026-04-13 03:00:00,2026-04-13 03:00:00,9635,9592.688,42.3115234375,23.79,22.356258,0.0013737581,0,1.4337416076660148
2026-04-13 04:00:00,2026-04-13 04:00:00,9698,9722.128,24.1279296875,21.79,22.324337,0.0016965411,0,0.5343370056152352
2026-04-13 05:00:00,2026-04-13 05:00:00,9901,9873.534,27.4658203125,27.29,21.27474,0.001283262,0,6.015259780883788
2026-04-13 06:00:00,2026-04-13 06:00:00,10261,10267.305,6.3046875,89.82,33.488865,0.01890299,0,56.33113510131835
2026-04-13 07:00:00,2026-04-13 07:00:00,10568,10587.919,19.9189453125,200.0,157.94911,0.8508539,1,42.05088806152344
2026-04-13 08:00:00,2026-04-13 08:00:00,10680,10644.973,35.02734375,219.91,183.39612,0.93193054,1,36.5138818359375
2026-04-13 09:00:00,2026-04-13 09:00:00,10668,10709.56,41.5595703125,620.39,134.1986,0.8299252,1,486.19140686035155
2026-04-13 10:00:00,2026-04-13 10:00:00,10596,10656.255,60.2548828125,99.19,324.0182,0.9221212,0,224.8281884765625
2026-04-13 11:00:00,2026-04-13 11:00:00,10534,10526.16,7.83984375,18.46,72.70825,0.19457252,0,54.248251953125
2026-04-13 12:00:00,2026-04-13 12:00:00,10449,10486.308,37.3076171875,12.13,30.954004,0.012043574,0,18.824004287719724
2026-04-13 13:00:00,2026-04-13 13:00:00,10392,10434.169,42.1689453125,10.98,24.883993,0.0011148294,0,13.90399314880371
2026-04-13 14:00:00,2026-04-13 14:00:00,10370,10396.287,26.287109375,11.1,18.637207,0.0007747156,0,7.53720703125
2026-04-13 15:00:00,2026-04-13 15:00:00,10461,10391.563,69.4365234375,11.42,13.254982,0.001827341,0,1.8349819946289063
2026-04-13 16:00:00,2026-04-13 16:00:00,10563,10564.286,1.2861328125,12.21,23.244774,0.004259019,0,11.034773864746093
2026-04-13 17:00:00,2026-04-13 17:00:00,10617,10636.489,19.4892578125,12.92,24.702868,0.0026545501,0,11.78286750793457
2026-04-13 18:00:00,2026-04-13 18:00:00,10531,10582.989,51.9892578125,18.31,18.558374,0.0006476164,0,0.24837440490722784
2026-04-13 19:00:00,2026-04-13 19:00:00,10513,10481.37,31.6298828125,21.02,30.913952,0.02127237,0,9.893951873779297
2026-04-13 20:00:00,2026-04-13 20:00:00,10570,10505.271,64.728515625,13.13,27.773064,0.009895527,0,14.643063659667968
2026-04-13 21:00:00,2026-04-13 21:00:00,10543,10513.072,29.927734375,5.6,18.3014,0.0008156703,0,12.701399230957032
2026-04-13 22:00:00,2026-04-13 22:00:00,10303,10318.357,15.357421875,0.0,1.9812857,0.0002423964,0,1.9812856912612915
2026-04-13 23:00:00,2026-04-13 23:00:00,10009,10018.486,9.486328125,0.0,3.0784059,0.0005172698,0,3.0784058570861816
2026-04-14 00:00:00,2026-04-14 00:00:00,9819,9813.876,5.1240234375,0.0,3.5049176,0.0002065268,0,3.504917621612549
2026-04-14 01:00:00,2026-04-14 01:00:00,9722,9718.093,3.9072265625,0.0,3.2282348,9.203873e-05,0,3.2282347679138184
2026-04-14 02:00:00,2026-04-14 02:00:00,9650,9674.043,24.04296875,0.71,1.0112551,0.0001622089,0,0.30125514507293705
2026-04-14 03:00:00,2026-04-14 03:00:00,9609,9611.282,2.2822265625,7.5,4.737662,0.00012694785,0,2.762338161468506
2026-04-14 04:00:00,2026-04-14 04:00:00,9686,9660.685,25.3154296875,11.01,10.245535,0.00026744738,0,0.7644651031494138
2026-04-14 05:00:00,2026-04-14 05:00:00,9921,9863.636,57.3642578125,13.8,14.946892,0.00027051836,0,1.146891784667968
2026-04-14 06:00:00,2026-04-14 06:00:00,10315,10286.9795,28.0205078125,18.84,22.62168,0.0015850081,0,3.7816793060302736
2026-04-14 07:00:00,2026-04-14 07:00:00,10645,10659.342,14.341796875,16.36,24.441332,0.0067755985,0,8.08133186340332
2026-04-14 08:00:00,2026-04-14 08:00:00,10760,10696.2705,63.7294921875,7.68,18.004637,0.00053878926,0,10.324636764526367
2026-04-14 09:00:00,2026-04-14 09:00:00,10873,10768.998,104.001953125,0.0,10.00864,0.00022883917,0,10.00864028930664
2026-04-14 10:00:00,2026-04-14 10:00:00,10840,10896.24,56.240234375,0.0,3.2973804,0.00018714159,0,3.2973804473876953
2026-04-14 11:00:00,2026-04-14 11:00:00,10890,10797.735,92.2646484375,1.39,1.0581653,0.00028405746,0,0.3318346881866454
2026-04-14 12:00:00,2026-04-14 12:00:00,10848,10842.731,5.2685546875,0.0,6.5831547,0.0008318864,0,6.583154678344727
2026-04-14 13:00:00,2026-04-14 13:00:00,10862,10793.4795,68.5205078125,0.0,0.92370313,0.00034947458,0,0.923703134059906
2026-04-14 14:00:00,2026-04-14 14:00:00,10863,10840.651,22.3486328125,1.71,0.98386383,0.0006468105,0,0.7261361694335937
2026-04-14 15:00:00,2026-04-14 15:00:00,11007,10853.306,153.6943359375,3.74,7.5782347,0.001695594,0,3.8382346725463865
2026-04-14 16:00:00,2026-04-14 16:00:00,11054,11103.558,49.5576171875,0.0,10.579714,0.00195864,0,10.579713821411133
2026-04-14 17:00:00,2026-04-14 17:00:00,11077,11055.895,21.10546875,0.0,12.307439,0.0015821523,0,12.307438850402832
2026-04-14 18:00:00,2026-04-14 18:00:00,11010,10934.95,75.0498046875,0.0,0.0,0.0011240805,0,0.0
2026-04-14 19:00:00,2026-04-14 19:00:00,10961,10887.26,73.740234375,1.95,12.851988,0.0019598438,0,10.901987838745118
2026-04-14 20:00:00,2026-04-14 20:00:00,11000,10873.775,126.224609375,8.54,14.102,0.0027882936,0,5.562000236511231
2026-04-14 21:00:00,2026-04-14 21:00:00,10892,10877.145,14.85546875,0.56,12.970383,0.0024978966,0,12.410382690429687
2026-04-14 22:00:00,2026-04-14 22:00:00,10599,10616.446,17.4462890625,0.0,3.284038,0.0005118931,0,3.2840380668640137
2026-04-14 23:00:00,2026-04-14 23:00:00,10262,10273.16,11.16015625,0.0,0.0,0.0012374293,0,0.0
2026-04-15 00:00:00,2026-04-15 00:00:00,10025,10062.9795,37.9794921875,0.0,0.19914927,0.00024840696,0,0.1991492658853531
2026-04-15 01:00:00,2026-04-15 01:00:00,9890,9875.193,14.806640625,0.0,1.0326989,0.00022656178,0,1.0326988697052002
2026-04-15 02:00:00,2026-04-15 02:00:00,9870,9783.602,86.3984375,0.0,0.8453015,0.00018306576,0,0.8453015089035034
2026-04-15 03:00:00,2026-04-15 03:00:00,9871,9823.761,47.2392578125,0.0,0.8887485,0.00023822555,0,0.8887485265731812
2026-04-15 04:00:00,2026-04-15 04:00:00,9866,9893.356,27.3564453125,3.61,0.85111016,0.00023275118,0,2.7588898396492003
2026-04-15 05:00:00,2026-04-15 05:00:00,10013,9952.109,60.890625,11.05,8.633858,0.00035911592,0,2.4161422729492195
2026-04-15 06:00:00,2026-04-15 06:00:00,10489,10348.864,140.1357421875,22.97,18.414381,0.000983276,0,4.555618972778319
2026-04-15 07:00:00,2026-04-15 07:00:00,10860,10886.892,26.8916015625,22.49,34.009254,0.027055223,0,11.519254455566408
2026-04-15 08:00:00,2026-04-15 08:00:00,10971,10922.615,48.384765625,20.57,31.620836,0.001462078,0,11.05083625793457
2026-04-15 09:00:00,2026-04-15 09:00:00,11041,10959.978,81.0224609375,18.18,30.11084,0.0014265691,0,11.93083984375
2026-04-15 10:00:00,2026-04-15 10:00:00,11042,11033.209,8.791015625,17.89,21.311466,0.00097072904,0,3.421466217041015
2026-04-15 11:00:00,2026-04-15 11:00:00,11064,10986.3,77.7001953125,16.28,16.723812,0.0007729462,0,0.44381210327148324
2026-04-15 12:00:00,2026-04-15 12:00:00,11018,11029.717,11.716796875,25.31,14.505957,0.000345923,0,10.804043350219725
2026-04-15 13:00:00,2026-04-15 13:00:00,11092,10973.65,118.349609375,39.57,33.298992,0.01465751,0,6.271007843017578
2026-04-15 14:00:00,2026-04-15 14:00:00,11124,11087.684,36.31640625,30.22,51.009426,0.09264995,0,20.78942611694336
2026-04-15 15:00:00,2026-04-15 15:00:00,11140,11129.41,10.58984375,17.45,28.540548,0.03262846,0,11.090548324584962
2026-04-15 16:00:00,2026-04-15 16:00:00,11306,11192.572,113.427734375,11.99,17.023285,0.0047878204,0,5.033284912109375
2026-04-15 17:00:00,2026-04-15 17:00:00,11283,11370.415,87.4150390625,16.72,11.863764,0.0011275832,0,4.856236190795897
2026-04-15 18:00:00,2026-04-15 18:00:00,11179,11125.655,53.3447265625,19.37,19.327919,0.0050264676,0,0.042080993652344745
2026-04-15 19:00:00,2026-04-15 19:00:00,11155,11055.246,99.75390625,19.41,26.978146,0.015869636,0,7.568145599365234
2026-04-15 20:00:00,2026-04-15 20:00:00,11204,11082.857,121.142578125,18.59,20.60819,0.007777585,0,2.0181905364990236
2026-04-15 21:00:00,2026-04-15 21:00:00,11134,11056.891,77.109375,16.17,17.412529,0.004076812,0,1.242528991699217
2026-04-15 22:00:00,2026-04-15 22:00:00,10838,10885.781,47.78125,5.55,14.105086,0.0006284845,0,8.55508632659912
2026-04-15 23:00:00,2026-04-15 23:00:00,10520,10561.001,41.0009765625,0.0,2.1051314,0.00043481178,0,2.1051313877105713
