Pool Price,,,
,,,
,,,
,,,
Date (HE),Price ($),30Ravg ($),AIL Demand (MW)
04/30/2024 01,64.5,68.48,8962
04/30/2024 02,101.8,68.56,8893
04/30/2024 03,33.68,68.54,8879
04/30/2024 04,33.63,68.52,8905
04/30/2024 05,33.36,68.5,8944
04/30/2024 06,35.06,68.35,9093
04/30/2024 07,34.54,68.26,9409
04/30/2024 08,36.03,68.12,9794
04/30/2024 09,35.87,68.11,10040
04/30/2024 10,35.61,68.11,10231
04/30/2024 11,35.77,68.11,10313
04/30/2024 12,30.64,68.11,10369
04/30/2024 13,33.58,68.11,10327
04/30/2024 14,32.01,68.12,10258
04/30/2024 15,23.84,68.1,10296
04/30/2024 16,27.94,68.09,10303
04/30/2024 17,26.37,68.07,10316
04/30/2024 18,28.13,68.06,10305
04/30/2024 19,29.48,68.06,10117
04/30/2024 20,36.24,68.05,10015
04/30/2024 21,229.74,68.33,9891
04/30/2024 22,168.87,68.52,9864
04/30/2024 23,78.17,68.59,9578
04/30/2024 24,35.54,68.61,9250
05/01/2024 01,28.6,68.63,9047
05/01/2024 02,23.12,68.63,8956
05/01/2024 03,23.34,68.63,8942
05/01/2024 04,23.8,68.63,8929
05/01/2024 05,24.17,68.62,8960
05/01/2024 06,29.64,68.62,9114
05/01/2024 07,37.22,68.62,9457
05/01/2024 08,36.21,68.53,9836
05/01/2024 09,37.29,68.51,9927
05/01/2024 10,43.03,68.52,9940
05/01/2024 11,55.1,68.56,9980
05/01/2024 12,44.51,68.58,10062
05/01/2024 13,36.81,68.59,10075
05/01/2024 14,35.75,68.6,9943
05/01/2024 15,35.41,68.61,9939
05/01/2024 16,34.87,68.61,10023
05/01/2024 17,35.08,68.62,10073
05/01/2024 18,36.81,68.63,10024
05/01/2024 19,35.61,68.63,9909
05/01/2024 20,31.85,68.52,9825
05/01/2024 21,34.99,68.34,9786
05/01/2024 22,37.54,68.25,9768
05/01/2024 23,44.24,68.22,9533
05/01/2024 24,35.19,68.17,9218
05/02/2024 01,33.97,68.08,9035
05/02/2024 02,34.16,68.06,8906
05/02/2024 03,27.02,68.04,8864
05/02/2024 04,21.77,68.01,8859
05/02/2024 05,21.38,67.98,8923
05/02/2024 06,21.48,67.96,9132
05/02/2024 07,26.78,67.95,9380
05/02/2024 08,32.56,67.93,9672
05/02/2024 09,29.64,67.92,9871
05/02/2024 10,24.69,67.89,9963
05/02/2024 11,21.3,67.85,9898
05/02/2024 12,13.75,67.81,9942
05/02/2024 13,13.73,67.78,9879
05/02/2024 14,14.45,67.75,9885
05/02/2024 15,14.32,67.72,9860
05/02/2024 16,17.87,67.67,9908
05/02/2024 17,23.27,67.6,9914
05/02/2024 18,22.74,67.58,9921
05/02/2024 19,22.28,67.57,9826
05/02/2024 20,23.5,67.57,9807
05/02/2024 21,28.62,67.56,9668
05/02/2024 22,36.14,67.57,9653
05/02/2024 23,38.38,67.58,9397
05/02/2024 24,71.36,67.64,9097
05/03/2024 01,38.68,67.66,8892
05/03/2024 02,38.68,67.68,8758
05/03/2024 03,36.38,67.69,8700
05/03/2024 04,36.72,67.7,8719
05/03/2024 05,38.42,67.72,8773
05/03/2024 06,40.55,67.74,8905
05/03/2024 07,101.84,67.84,9165
05/03/2024 08,82.42,67.92,9503
05/03/2024 09,39.27,67.94,9633
05/03/2024 10,32.18,67.96,9730
05/03/2024 11,33.74,68.01,9790
05/03/2024 12,34.18,68.06,9774
05/03/2024 13,34.63,68.1,9715
05/03/2024 14,38.25,68.16,9689
05/03/2024 15,35.2,68.2,9667
05/03/2024 16,36.85,68.23,9683
05/03/2024 17,43.2,68.26,9670
05/03/2024 18,35.89,68.17,9624
05/03/2024 19,48.17,67.58,9469
05/03/2024 20,60.55,66.35,9352
05/03/2024 21,46.05,65.02,9338
05/03/2024 22,37.19,64.32,9455
05/03/2024 23,36.31,64.25,9348
05/03/2024 24,31.11,64.1,9116
05/04/2024 01,23.14,63.99,8977
05/04/2024 02,27.34,63.97,8831
05/04/2024 03,33.12,63.97,8704
05/04/2024 04,33.81,63.97,8695
05/04/2024 05,38.58,63.98,8766
05/04/2024 06,45.99,63.99,8846
05/04/2024 07,40.65,63.94,8899
05/04/2024 08,27.47,63.9,9032
05/04/2024 09,28.49,63.88,9193
05/04/2024 10,35.52,63.87,9333
05/04/2024 11,35.59,63.84,9398
05/04/2024 12,35.59,63.84,9455
05/04/2024 13,35.21,63.85,9392
05/04/2024 14,39.77,63.84,9369
05/04/2024 15,67.07,63.88,9312
05/04/2024 16,37.85,63.83,9283
05/04/2024 17,37.2,63.8,9336
05/04/2024 18,35.5,63.77,9344
05/04/2024 19,34.94,63.71,9313
05/04/2024 20,34.97,63.52,9284
05/04/2024 21,24.85,63.14,9290
05/04/2024 22,21.1,62.56,9478
05/04/2024 23,15.05,62.37,9302
05/04/2024 24,14.16,62.27,9089
05/05/2024 01,14.23,62.11,8928
05/05/2024 02,14.21,62.04,8847
05/05/2024 03,12.8,61.49,8737
05/05/2024 04,12.39,61.09,8709
05/05/2024 05,14.35,60.64,8654
05/05/2024 06,16.69,60.24,8719
05/05/2024 07,15.02,59.13,8712
05/05/2024 08,18.1,57.76,8878
05/05/2024 09,22.06,56.4,9050
05/05/2024 10,24.54,55.05,9224
05/05/2024 11,25.71,53.7,9330
05/05/2024 12,25.17,52.95,9324
05/05/2024 13,30.86,52.59,9313
05/05/2024 14,34.3,51.98,9297
05/05/2024 15,37.12,51.62,9326
05/05/2024 16,66.83,51.44,9309
05/05/2024 17,290.5,51.15,9328
05/05/2024 18,220.25,50.07,9372
05/05/2024 19,119.25,49.26,9352
05/05/2024 20,136.12,48.97,9307
05/05/2024 21,82.94,49.02,9320
05/05/2024 22,87.6,49.11,9335
05/05/2024 23,36.82,49.12,9151
05/05/2024 24,34.01,49.09,8897
05/06/2024 01,33.62,49.01,8735
05/06/2024 02,36.06,48.98,8620
05/06/2024 03,50.78,49,8560
05/06/2024 04,82.87,49.06,8569
05/06/2024 05,34.92,49.05,8627
05/06/2024 06,34.54,49.04,8786
05/06/2024 07,34.61,49.04,9091
05/06/2024 08,35.13,49.04,9472
05/06/2024 09,34.59,48.96,9690
05/06/2024 10,33.38,48.79,9817
05/06/2024 11,19.63,48.73,9989
05/06/2024 12,18.98,48.7,10037
05/06/2024 13,18.23,48.68,9910
05/06/2024 14,25.23,48.68,9865
05/06/2024 15,33.89,48.69,9801
05/06/2024 16,35.8,48.69,9890
05/06/2024 17,35.62,48.67,10011
05/06/2024 18,31.39,48.64,10044
05/06/2024 19,25.56,48.6,9891
05/06/2024 20,23.35,48.46,9880
05/06/2024 21,23.57,48.21,9766
05/06/2024 22,23.72,47.94,9729
05/06/2024 23,23.97,47.83,9425
05/06/2024 24,23.84,47.77,9126
05/07/2024 01,16.26,47.73,8897
05/07/2024 02,17.04,47.69,8778
05/07/2024 03,15.4,47.63,8764
05/07/2024 04,14.3,47.6,8703
05/07/2024 05,14,47.54,8779
05/07/2024 06,14.18,47.47,8935
05/07/2024 07,17.21,47.3,9303
05/07/2024 08,21.14,47.2,9668
05/07/2024 09,19.54,47.13,9788
05/07/2024 10,17.7,47.09,9901
05/07/2024 11,20.65,47.07,9947
05/07/2024 12,22.16,47.06,9996
05/07/2024 13,26.15,47.05,9951
05/07/2024 14,23.06,47.03,10007
05/07/2024 15,26.05,47,9995
05/07/2024 16,24.32,46.97,9996
05/07/2024 17,26.1,46.92,10029
05/07/2024 18,73.02,46.88,10006
05/07/2024 19,24.42,46.69,9844
05/07/2024 20,22.43,46.39,9804
05/07/2024 21,22.79,46.34,9813
05/07/2024 22,21.61,46.28,9778
05/07/2024 23,20.76,46.26,9528
05/07/2024 24,11.89,46.22,9176
05/08/2024 01,10.13,46.2,8938
05/08/2024 02,7.85,46.17,8832
05/08/2024 03,4.59,46.14,8774
05/08/2024 04,4.46,46.11,8801
05/08/2024 05,9.55,46.09,8832
05/08/2024 06,8.37,46.07,8949
05/08/2024 07,10.19,46.02,9259
05/08/2024 08,15.14,45.98,9653
05/08/2024 09,18.54,45.95,9743
05/08/2024 10,19.44,45.93,9816
05/08/2024 11,16.72,45.92,9892
05/08/2024 12,15.47,45.89,9852
05/08/2024 13,19.81,45.87,9814
05/08/2024 14,25.05,45.86,9763
05/08/2024 15,43.1,45.87,9737
05/08/2024 16,16.42,45.85,9733
05/08/2024 17,21.67,45.84,9717
05/08/2024 18,30.53,45.84,9669
05/08/2024 19,62.08,45.88,9520
05/08/2024 20,78.91,45.94,9393
05/08/2024 21,112.15,46.05,9299
05/08/2024 22,72.88,46.11,9285
05/08/2024 23,65.41,46.16,9221
05/08/2024 24,65.55,46.21,8948
05/09/2024 01,35.24,46.23,8800
05/09/2024 02,33.79,46.25,8674
05/09/2024 03,32.41,46.26,8586
05/09/2024 04,29.43,46.28,8514
05/09/2024 05,30.01,46.31,8554
05/09/2024 06,25.92,46.32,8618
05/09/2024 07,29.45,46.32,8894
05/09/2024 08,31.6,46.32,9251
05/09/2024 09,34.78,46.33,9377
05/09/2024 10,34,46.33,9439
05/09/2024 11,32.98,46.35,9534
05/09/2024 12,31.98,46.35,9583
05/09/2024 13,31.67,46.34,9588
05/09/2024 14,30.85,46.33,9633
05/09/2024 15,30.61,46.3,9656
05/09/2024 16,30.52,46.29,9761
05/09/2024 17,31.61,46.28,9836
05/09/2024 18,24.48,46.27,9793
05/09/2024 19,27.34,46.27,9650
05/09/2024 20,119.24,46.39,9515
05/09/2024 21,248.56,46.69,9395
05/09/2024 22,179.46,46.9,9309
05/09/2024 23,101.23,46.99,9151
05/09/2024 24,84.69,47.04,8826
05/10/2024 01,43.69,47.04,8604
05/10/2024 02,39.44,47.04,8416
05/10/2024 03,34.34,47.04,8342
05/10/2024 04,33.28,47.05,8303
05/10/2024 05,33.43,47.05,8328
05/10/2024 06,36.68,47.05,8480
05/10/2024 07,52.67,47.06,8784
05/10/2024 08,34.44,47.05,9173
05/10/2024 09,38.68,47.06,9368
05/10/2024 10,35.99,47.07,9538
05/10/2024 11,36.22,47.08,9669
05/10/2024 12,34.82,47.09,9770
05/10/2024 13,32.04,47.1,9794
05/10/2024 14,31.63,47.11,9889
05/10/2024 15,31.87,47.11,9928
05/10/2024 16,33.25,47.11,9970
05/10/2024 17,32.68,47.12,9955
05/10/2024 18,32.29,47.13,9910
05/10/2024 19,39.3,47.14,9757
05/10/2024 20,64.38,46.92,9620
05/10/2024 21,33.14,46.18,9557
05/10/2024 22,29.21,45.48,9589
05/10/2024 23,20.62,45.03,9494
05/10/2024 24,13.81,44.97,9214
05/11/2024 01,9.95,44.92,8990
05/11/2024 02,5.61,44.84,8806
05/11/2024 03,0,44.76,8671
05/11/2024 04,0,44.7,8542
05/11/2024 05,0,44.64,8504
05/11/2024 06,0,44.58,8495
05/11/2024 07,0,44.52,8541
05/11/2024 08,0,44.46,8766
05/11/2024 09,9.14,44.44,8946
05/11/2024 10,20.07,44.42,9065
05/11/2024 11,19.99,44.4,9153
05/11/2024 12,19.05,44.38,9234
05/11/2024 13,22.98,44.34,9210
05/11/2024 14,22.53,44.17,9214
05/11/2024 15,19.73,44.13,9237
05/11/2024 16,19.25,44.11,9257
05/11/2024 17,20.58,44.09,9366
05/11/2024 18,25.23,44.03,9417
05/11/2024 19,31.11,44.02,9345
05/11/2024 20,34.23,44.04,9222
05/11/2024 21,34.53,44.05,9181
05/11/2024 22,31.06,44.06,9306
05/11/2024 23,24.78,44.06,9219
05/11/2024 24,11.75,44.04,8949
05/12/2024 01,27.58,44.04,8693
05/12/2024 02,34.28,44.05,8598
05/12/2024 03,33.24,44.05,8452
05/12/2024 04,33.34,44.05,8399
05/12/2024 05,34.09,44.06,8393
05/12/2024 06,35.72,44.07,8335
05/12/2024 07,31.04,44.07,8322
05/12/2024 08,21.43,44.04,8551
05/12/2024 09,20,44.01,8826
05/12/2024 10,13.22,43.97,9047
05/12/2024 11,9.98,43.93,9208
05/12/2024 12,11.06,43.91,9299
05/12/2024 13,12.26,43.9,9361
05/12/2024 14,12.53,43.89,9367
05/12/2024 15,10.22,43.87,9388
05/12/2024 16,11.34,43.85,9502
05/12/2024 17,14.75,43.84,9622
05/12/2024 18,21.29,43.85,9691
05/12/2024 19,12.72,43.85,9641
05/12/2024 20,27.76,43.85,9505
05/12/2024 21,27.09,43.83,9475
05/12/2024 22,28.44,43.83,9547
05/12/2024 23,22.46,43.85,9356
05/12/2024 24,28.31,43.87,8994
05/13/2024 01,33.08,43.88,8721
05/13/2024 02,33.93,43.88,8562
05/13/2024 03,51.81,43.86,8509
05/13/2024 04,129.34,43.89,8461
05/13/2024 05,127.72,43.87,8449
05/13/2024 06,143.05,44,8558
05/13/2024 07,195.61,44.16,8861
05/13/2024 08,104.77,44.26,9284
05/13/2024 09,42.77,44.28,9500
05/13/2024 10,35.81,44.28,9635
05/13/2024 11,48.06,44.3,9679
05/13/2024 12,37.7,44.31,9745
05/13/2024 13,33.12,44.31,9729
05/13/2024 14,21.73,44.31,9725
05/13/2024 15,29.48,44.32,9664
05/13/2024 16,31.46,44.32,9674
05/13/2024 17,32.15,44.32,9717
05/13/2024 18,32.98,44.32,9676
05/13/2024 19,36.54,44.33,9562
05/13/2024 20,61.12,44.33,9518
05/13/2024 21,187.34,44.52,9402
05/13/2024 22,230.2,44.79,9312
05/13/2024 23,159.9,44.96,9068
05/13/2024 24,42.27,44.97,8759
05/14/2024 01,60.74,45.02,8617
05/14/2024 02,41.91,45.03,8498
05/14/2024 03,27.64,45.02,8431
05/14/2024 04,27.06,45.01,8403
05/14/2024 05,26.94,45,8444
05/14/2024 06,30.97,45,8545
05/14/2024 07,33.04,44.98,8832
05/14/2024 08,32.79,44.98,9223
05/14/2024 09,33.43,44.98,9416
05/14/2024 10,36.28,44.98,9471
05/14/2024 11,33.78,44.97,9550
05/14/2024 12,32.93,44.98,9625
05/14/2024 13,35.85,44.99,9643
05/14/2024 14,39.65,45.01,9672
05/14/2024 15,40.48,45.01,9709
05/14/2024 16,41.21,45.02,9697
05/14/2024 17,34.3,44.98,9775
05/14/2024 18,36.74,44.91,9773
05/14/2024 19,65.45,44.08,9623
05/14/2024 20,175.93,43.56,9513
05/14/2024 21,222.88,43.68,9444
05/14/2024 22,245.63,43.98,9406
05/14/2024 23,129.16,44.11,9207
05/14/2024 24,39.5,44.07,8932
05/15/2024 01,29.23,44.01,8678
05/15/2024 02,23.62,43.98,8508
05/15/2024 03,21.97,43.97,8433
05/15/2024 04,24.29,43.96,8497
05/15/2024 05,30.7,43.96,8538
05/15/2024 06,34.09,43.95,8580
05/15/2024 07,33.47,43.79,8854
05/15/2024 08,27.18,43.77,9306
05/15/2024 09,29.63,43.71,9480
05/15/2024 10,29.21,43.59,9575
05/15/2024 11,28.31,43.54,9651
05/15/2024 12,27.71,43.53,9699
05/15/2024 13,28.78,43.54,9715
05/15/2024 14,25.33,43.53,9773
05/15/2024 15,14.53,43.5,9772
05/15/2024 16,18.45,43.48,9752
05/15/2024 17,21.94,43.48,9819
05/15/2024 18,31.66,43.49,9795
05/15/2024 19,29.34,43.49,9681
05/15/2024 20,31.29,43.5,9558
05/15/2024 21,33.17,43.52,9524
05/15/2024 22,28.95,43.51,9462
05/15/2024 23,21.98,43.42,9296
05/15/2024 24,24.48,43.41,8995
05/16/2024 01,31.49,43.42,8698
05/16/2024 02,34.08,43.41,8583
05/16/2024 03,36.04,43.36,8530
05/16/2024 04,55.58,43.2,8497
05/16/2024 05,63.93,42.92,8510
05/16/2024 06,35.56,42.82,8642
05/16/2024 07,34.88,42.8,8965
05/16/2024 08,36.35,42.71,9414
05/16/2024 09,25.98,42.66,9595
05/16/2024 10,13.41,42.62,9710
05/16/2024 11,9.74,42.59,9767
05/16/2024 12,0.36,42.54,9840
05/16/2024 13,0,42.49,9838
05/16/2024 14,0,42.46,9855
05/16/2024 15,6.65,42.47,9817
05/16/2024 16,3,42.47,9791
05/16/2024 17,7.48,42.46,9818
05/16/2024 18,12.5,42.44,9806
05/16/2024 19,11.11,42.42,9737
05/16/2024 20,19.4,42.41,9717
05/16/2024 21,33.94,42.41,9617
05/16/2024 22,71.42,42.46,9529
05/16/2024 23,36.93,42.47,9378
05/16/2024 24,18.31,42.46,9065
05/17/2024 01,16.49,42.45,8845
05/17/2024 02,28.25,42.47,8644
05/17/2024 03,31.15,42.48,8581
05/17/2024 04,26.15,42.49,8541
05/17/2024 05,26.5,42.49,8570
05/17/2024 06,31.73,42.5,8661
05/17/2024 07,36.61,42.51,8870
05/17/2024 08,34.52,42.52,9223
05/17/2024 09,34.53,42.53,9475
05/17/2024 10,34.14,42.55,9663
05/17/2024 11,17,42.56,9766
05/17/2024 12,13.34,42.56,9851
05/17/2024 13,2.16,42.54,9795
05/17/2024 14,3.84,42.52,9834
05/17/2024 15,6.45,42.5,9785
05/17/2024 16,11.3,42.48,9700
05/17/2024 17,12.36,42.47,9730
05/17/2024 18,13.43,42.47,9693
05/17/2024 19,13.01,42.46,9624
05/17/2024 20,10.59,42.44,9535
05/17/2024 21,23.12,42.43,9458
05/17/2024 22,13.16,42.4,9482
05/17/2024 23,1.79,42.36,9397
05/17/2024 24,0,42.31,9147
05/18/2024 01,0,42.25,8969
05/18/2024 02,0,42.2,8861
05/18/2024 03,10.35,42.17,8771
05/18/2024 04,13.03,42.13,8739
05/18/2024 05,14.69,42.1,8736
05/18/2024 06,16.26,42.07,8712
05/18/2024 07,16.07,41.99,8714
05/18/2024 08,12.42,41.87,8895
05/18/2024 09,12.14,41.81,9062
05/18/2024 10,3.03,41.79,9222
05/18/2024 11,0,41.77,9311
05/18/2024 12,1,41.74,9326
05/18/2024 13,0,41.7,9341
05/18/2024 14,6.37,41.68,9304
05/18/2024 15,11.99,41.66,9256
05/18/2024 16,13.9,41.65,9193
05/18/2024 17,17.04,41.63,9251
05/18/2024 18,15.57,41.61,9332
05/18/2024 19,26.99,41.62,9212
05/18/2024 20,38.85,41.62,9147
05/18/2024 21,28.54,41.6,9066
05/18/2024 22,74.49,41.6,9106
05/18/2024 23,68.96,41.63,9104
05/18/2024 24,77.57,41.68,8894
05/19/2024 01,75.99,41.69,8745
05/19/2024 02,76.68,41.7,8643
05/19/2024 03,74.23,41.71,8590
05/19/2024 04,68.72,41.76,8524
05/19/2024 05,38.84,41.76,8535
05/19/2024 06,20.75,41.73,8528
05/19/2024 07,23.86,41.47,8558
05/19/2024 08,56.54,41.12,8712
05/19/2024 09,45.18,41.09,8890
05/19/2024 10,24.31,41.08,9018
05/19/2024 11,17.61,41.07,9151
05/19/2024 12,18.52,41.05,9266
05/19/2024 13,20.95,41.03,9286
05/19/2024 14,22.02,41.02,9225
05/19/2024 15,20.09,41,9221
05/19/2024 16,15.88,40.97,9205
05/19/2024 17,12.52,40.88,9251
05/19/2024 18,12.56,40.84,9312
05/19/2024 19,13.33,40.81,9372
05/19/2024 20,62.58,40.3,9264
05/19/2024 21,77.07,39.58,9224
05/19/2024 22,79.51,38.92,9217
05/19/2024 23,50.39,38.65,9073
05/19/2024 24,31.94,38.54,8843
05/20/2024 01,40,38.5,8698
05/20/2024 02,45.86,38.45,8629
05/20/2024 03,53.16,38.38,8556
05/20/2024 04,60.42,38.33,8491
05/20/2024 05,53.43,38.28,8475
05/20/2024 06,74.32,38.32,8505
05/20/2024 07,65.97,38.35,8540
05/20/2024 08,28.31,38.34,8648
05/20/2024 09,29.02,38.34,8874
05/20/2024 10,33.62,38.34,9082
05/20/2024 11,30.5,38.34,9246
05/20/2024 12,28.99,38.33,9323
05/20/2024 13,22.64,38.32,9327
05/20/2024 14,19.07,38.3,9305
05/20/2024 15,14.4,38.28,9379
05/20/2024 16,14.66,38.26,9422
05/20/2024 17,15.43,38.24,9454
05/20/2024 18,18.63,38.22,9586
05/20/2024 19,43.61,38.25,9499
05/20/2024 20,43.27,38.28,9425
05/20/2024 21,65.43,38.33,9400
05/20/2024 22,75.89,38.4,9344
05/20/2024 23,76.03,38.48,9240
05/20/2024 24,30.34,38.5,8915
05/21/2024 01,36.34,38.52,8670
05/21/2024 02,39.21,38.53,8632
05/21/2024 03,36.06,38.55,8557
05/21/2024 04,41.47,38.57,8558
05/21/2024 05,50.36,38.6,8595
05/21/2024 06,54.87,38.64,8692
05/21/2024 07,75.32,38.72,9030
05/21/2024 08,81.61,38.8,9360
05/21/2024 09,43.4,38.83,9510
05/21/2024 10,32.52,38.84,9570
05/21/2024 11,32.79,38.85,9651
05/21/2024 12,33.24,38.86,9742
05/21/2024 13,33.29,38.88,9697
05/21/2024 14,35.99,38.91,9672
05/21/2024 15,48.97,38.97,9678
05/21/2024 16,30.85,39.02,9645
05/21/2024 17,29.47,39.06,9700
05/21/2024 18,30.19,39.09,9663
05/21/2024 19,34.46,39.11,9566
05/21/2024 20,34.38,39.12,9524
05/21/2024 21,50.79,39.15,9418
05/21/2024 22,35.94,39.15,9378
05/21/2024 23,32.05,39.16,9260
05/21/2024 24,24.19,39.15,8967
05/22/2024 01,26.26,39.15,8807
05/22/2024 02,20,39.15,8673
05/22/2024 03,19.77,39.16,8626
05/22/2024 04,19.67,39.16,8591
05/22/2024 05,23.46,39.18,8643
05/22/2024 06,36.5,39.2,8750
05/22/2024 07,47.8,39.23,9059
05/22/2024 08,46.8,39.25,9437
05/22/2024 09,46.13,39.29,9616
05/22/2024 10,34.36,39.32,9708
05/22/2024 11,27.42,39.33,9718
05/22/2024 12,19.23,39.32,9728
05/22/2024 13,17.8,39.32,9679
05/22/2024 14,15.03,39.31,9649
05/22/2024 15,11.3,39.29,9678
05/22/2024 16,12.12,39.27,9722
05/22/2024 17,11.41,39.25,9751
05/22/2024 18,16.84,39.24,9685
05/22/2024 19,27.77,39.25,9588
05/22/2024 20,32.92,39.24,9573
05/22/2024 21,41.65,39.18,9574
05/22/2024 22,47.81,39.14,9531
05/22/2024 23,47.67,39.11,9362
05/22/2024 24,81.49,39.13,9065
05/23/2024 01,47.03,39.1,8890
05/23/2024 02,56.75,39.11,8792
05/23/2024 03,76.51,39.16,8679
05/23/2024 04,46.76,39.17,8687
05/23/2024 05,49.46,39.19,8735
05/23/2024 06,46.35,39.19,8878
05/23/2024 07,57.4,38.94,9111
05/23/2024 08,44.96,38.94,9441
05/23/2024 09,44.36,38.93,9602
05/23/2024 10,43.88,38.9,9677
05/23/2024 11,43.91,38.84,9695
05/23/2024 12,40.06,38.75,9687
05/23/2024 13,29.96,38.65,9655
05/23/2024 14,28.71,37.92,9604
05/23/2024 15,35.77,37.8,9625
05/23/2024 16,43.45,37.74,9633
05/23/2024 17,70.27,37.78,9720
05/23/2024 18,190.64,37.64,9571
05/23/2024 19,186.17,37.44,9425
05/23/2024 20,81.97,36.72,9394
05/23/2024 21,148.03,36.79,9344
05/23/2024 22,152.9,36.95,9327
05/23/2024 23,213.67,37.23,9303
05/23/2024 24,80.97,37.31,9033
05/24/2024 01,41.55,37.35,8869
05/24/2024 02,40.2,37.37,8752
05/24/2024 03,40,37.39,8687
05/24/2024 04,40.43,37.4,8702
05/24/2024 05,39.97,37.42,8733
05/24/2024 06,40,37.44,8813
05/24/2024 07,38.19,37.45,9072
05/24/2024 08,38.76,37.46,9422
05/24/2024 09,35.92,37.47,9581
05/24/2024 10,28.29,37.46,9661
05/24/2024 11,29.48,37.46,9858
05/24/2024 12,30.2,37.45,9834
05/24/2024 13,26.56,37.43,9827
05/24/2024 14,33.25,37.41,9861
05/24/2024 15,28.88,37.39,9822
05/24/2024 16,23.79,37.38,9778
05/24/2024 17,25.26,37.35,9778
05/24/2024 18,23.74,37.28,9747
05/24/2024 19,23.85,37.23,9623
05/24/2024 20,53.62,37.09,9494
05/24/2024 21,164.93,37.1,9378
05/24/2024 22,60.3,37.08,9254
05/24/2024 23,68.61,37.16,9273
05/24/2024 24,143.04,37.34,9052
05/25/2024 01,54.87,37.39,8846
05/25/2024 02,43.86,37.42,8694
05/25/2024 03,35.29,37.43,8632
05/25/2024 04,39.81,37.44,8643
05/25/2024 05,32.25,37.42,8653
05/25/2024 06,29.07,37.41,8621
05/25/2024 07,26.25,37.37,8663
05/25/2024 08,25.2,37.28,8848
05/25/2024 09,22.52,37.07,9083
05/25/2024 10,21.85,37.02,9263
05/25/2024 11,19.09,37.01,9395
05/25/2024 12,22.83,37,9449
05/25/2024 13,25.77,36.99,9501
05/25/2024 14,29.97,36.98,9513
05/25/2024 15,28.52,36.98,9474
05/25/2024 16,28.07,36.97,9409
05/25/2024 17,32.49,36.97,9385
05/25/2024 18,32.56,36.97,9381
05/25/2024 19,31.05,36.97,9429
05/25/2024 20,23.03,36.96,9331
05/25/2024 21,23.35,36.95,9246
05/25/2024 22,22.08,36.94,9251
05/25/2024 23,37.16,36.97,9235
05/25/2024 24,30.8,36.99,9020
05/26/2024 01,19.7,36.99,8838
05/26/2024 02,13.2,36.98,8761
05/26/2024 03,11.72,36.96,8686
05/26/2024 04,12.7,36.94,8658
05/26/2024 05,12.75,36.92,8685
05/26/2024 06,11.82,36.89,8618
05/26/2024 07,12.14,36.86,8616
05/26/2024 08,16.93,36.85,8804
05/26/2024 09,12.63,36.82,9064
05/26/2024 10,9.8,36.79,9295
05/26/2024 11,17.65,36.77,9413
05/26/2024 12,20.03,36.76,9476
05/26/2024 13,12.17,36.73,9599
05/26/2024 14,12.03,36.71,9579
05/26/2024 15,17.58,36.69,9490
05/26/2024 16,15.52,36.67,9523
05/26/2024 17,20.63,36.65,9590
05/26/2024 18,22.86,36.64,9696
05/26/2024 19,22.36,36.63,9592
05/26/2024 20,22.9,36.61,9502
05/26/2024 21,22.96,36.6,9439
05/26/2024 22,23.08,36.59,9408
05/26/2024 23,22.14,36.57,9327
05/26/2024 24,14.02,36.55,9027
05/27/2024 01,4.53,36.49,8830
05/27/2024 02,2.6,36.43,8718
05/27/2024 03,2.63,36.38,8653
05/27/2024 04,11.89,36.35,8600
05/27/2024 05,10.69,36.32,8606
05/27/2024 06,11.81,36.29,8683
05/27/2024 07,13.27,36.21,9043
05/27/2024 08,12.38,36.18,9466
05/27/2024 09,12.96,36.16,9638
05/27/2024 10,19.34,36.15,9743
05/27/2024 11,21.84,36.15,9840
05/27/2024 12,26.35,36.18,9923
05/27/2024 13,25.28,36.2,9976
05/27/2024 14,27.51,36.22,9968
05/27/2024 15,24.09,36.24,9936
05/27/2024 16,23.68,36.25,9950
05/27/2024 17,23.64,36.26,9988
05/27/2024 18,25.94,36.27,9970
05/27/2024 19,29.23,36.28,9879
05/27/2024 20,82.3,36.36,9772
05/27/2024 21,40.5,36.38,9629
05/27/2024 22,44.59,36.4,9528
05/27/2024 23,30.39,36.4,9337
05/27/2024 24,22.98,36.4,9010
05/28/2024 01,22.44,36.4,8776
05/28/2024 02,20.05,36.4,8591
05/28/2024 03,20.21,36.4,8524
05/28/2024 04,20.4,36.41,8467
05/28/2024 05,23.8,36.45,8476
05/28/2024 06,28.39,36.48,8542
05/28/2024 07,35.46,36.52,8884
05/28/2024 08,42.1,36.56,9265
05/28/2024 09,41.67,36.62,9487
05/28/2024 10,41.9,36.67,9602
05/28/2024 11,48.75,36.74,9722
05/28/2024 12,53.2,36.8,9771
05/28/2024 13,41.48,36.84,9800
05/28/2024 14,26.67,36.86,9856
05/28/2024 15,62.97,36.93,9825
05/28/2024 16,29.66,36.95,9848
05/28/2024 17,27.67,36.98,9906
05/28/2024 18,27.01,36.99,9901
05/28/2024 19,22.88,36.99,9677
05/28/2024 20,33.19,37.01,9599
05/28/2024 21,28.89,37.01,9548
05/28/2024 22,22.58,37.01,9565
05/28/2024 23,22.84,37,9439
05/28/2024 24,18.7,37,9080
05/29/2024 01,20.5,37,8845
05/29/2024 02,15.1,37,8719
05/29/2024 03,11.06,36.99,8625
05/29/2024 04,8.8,36.99,8579
05/29/2024 05,8.75,36.98,8644
05/29/2024 06,9.45,36.97,8706
05/29/2024 07,12.61,36.95,8996
05/29/2024 08,25.33,36.95,9454
05/29/2024 09,17.6,36.92,9662
05/29/2024 10,0.54,36.88,9766
05/29/2024 11,5.41,36.85,9786
05/29/2024 12,0,36.82,9925
05/29/2024 13,0.84,36.78,10012
05/29/2024 14,7.1,36.74,10056
05/29/2024 15,16.78,36.73,9993
05/29/2024 16,9.25,36.7,10021
05/29/2024 17,0.01,36.66,10090
05/29/2024 18,0,36.63,10006
05/29/2024 19,4.61,36.59,9835
05/29/2024 20,6.71,36.55,9754
05/29/2024 21,14.62,36.45,9664
05/29/2024 22,15.28,36.24,9641
05/29/2024 23,18.25,36.15,9556
05/29/2024 24,9.85,36.09,9264
05/30/2024 01,8.89,36.01,9015
05/30/2024 02,9.35,35.89,8852
05/30/2024 03,11.72,35.86,8741
05/30/2024 04,10.32,35.82,8716
05/30/2024 05,4.11,35.78,8757
05/30/2024 06,6.16,35.74,8857
05/30/2024 07,9.57,35.71,9146
05/30/2024 08,11.35,35.67,9572
05/30/2024 09,12.5,35.64,9820
05/30/2024 10,28.47,35.63,9884
05/30/2024 11,16.78,35.6,9912
05/30/2024 12,17.74,35.59,9905
05/30/2024 13,8.76,35.55,9932
05/30/2024 14,0.62,35.51,10032
05/30/2024 15,0.84,35.48,9931
05/30/2024 16,5.8,35.45,9840
05/30/2024 17,0.28,35.41,9895
05/30/2024 18,1.24,35.37,9860
05/30/2024 19,8.79,35.34,9748
05/30/2024 20,12.74,35.31,9642
05/30/2024 21,23.58,35.02,9644
05/30/2024 22,73.01,34.89,9487
05/30/2024 23,27.55,34.82,9358
05/30/2024 24,17.89,34.8,9105
05/31/2024 01,9.4,34.77,8904
05/31/2024 02,9.15,34.75,8778
05/31/2024 03,8.77,34.73,8746
05/31/2024 04,0.97,34.7,8695
05/31/2024 05,0,34.67,8728
05/31/2024 06,0,34.62,8842
05/31/2024 07,7.58,34.58,9062
05/31/2024 08,14.1,34.55,9441
05/31/2024 09,21.92,34.53,9662
05/31/2024 10,45.95,34.54,9745
05/31/2024 11,18.01,34.48,9785
05/31/2024 12,19.67,34.45,9869
05/31/2024 13,129.86,34.58,9812
05/31/2024 14,14.91,34.55,9850
05/31/2024 15,5.44,34.51,9760
05/31/2024 16,0,34.46,9754
05/31/2024 17,0,34.41,9753
05/31/2024 18,0,34.36,9766
05/31/2024 19,1.04,34.31,9668
05/31/2024 20,5.52,34.27,9491
05/31/2024 21,47.99,34.29,9404
05/31/2024 22,287.35,34.64,9209
05/31/2024 23,366.68,35.09,9036
05/31/2024 24,246.38,35.38,8838
06/01/2024 01,30.83,35.38,8703
06/01/2024 02,20.23,35.36,8724
06/01/2024 03,13.56,35.34,8657
06/01/2024 04,10.53,35.32,8634
06/01/2024 05,12.43,35.31,8606
06/01/2024 06,17.28,35.3,8556
06/01/2024 07,20.34,35.3,8643
06/01/2024 08,21.92,35.28,8883
06/01/2024 09,22.15,35.27,9092
06/01/2024 10,21.46,35.27,9268
06/01/2024 11,19.21,35.26,9365
06/01/2024 12,16.95,35.27,9411
06/01/2024 13,14.1,35.27,9450
06/01/2024 14,21.52,35.28,9474
06/01/2024 15,22.23,35.29,9397
06/01/2024 16,22.75,35.3,9404
06/01/2024 17,22.54,35.29,9456
06/01/2024 18,26,35.3,9516
06/01/2024 19,23.98,35.3,9497
06/01/2024 20,33.46,35.32,9419
06/01/2024 21,33.38,35.32,9379
06/01/2024 22,36.24,35.32,9349
06/01/2024 23,32.59,35.31,9346
06/01/2024 24,22.84,35.25,9090
06/02/2024 01,25.85,35.23,8841
06/02/2024 02,17.58,35.2,8664
06/02/2024 03,15.96,35.17,8591
06/02/2024 04,13.34,35.14,8579
06/02/2024 05,17.2,35.11,8559
06/02/2024 06,21.73,35.08,8499
06/02/2024 07,21.94,34.97,8479
06/02/2024 08,20.25,34.89,8614
06/02/2024 09,18.89,34.86,8828
06/02/2024 10,21.07,34.84,9005
06/02/2024 11,31.51,34.84,9134
06/02/2024 12,36.14,34.84,9205
06/02/2024 13,37.32,34.85,9341
06/02/2024 14,37.03,34.84,9421
06/02/2024 15,38.01,34.85,9403
06/02/2024 16,39,34.85,9500
06/02/2024 17,39.42,34.85,9581
06/02/2024 18,42.84,34.86,9709
06/02/2024 19,65.46,34.88,9659
06/02/2024 20,85.3,34.91,9585
06/02/2024 21,80.17,34.96,9461
06/02/2024 22,42.41,34.97,9481
06/02/2024 23,36.86,34.97,9430
06/02/2024 24,28.32,34.97,9222
06/03/2024 01,30.45,34.98,8928
06/03/2024 02,24.4,34.97,8737
06/03/2024 03,19.54,34.95,8641
06/03/2024 04,19.5,34.93,8650
06/03/2024 05,19.97,34.91,8693
06/03/2024 06,28.24,34.88,8784
06/03/2024 07,35.72,34.88,9139
06/03/2024 08,45.14,34.9,9612
06/03/2024 09,40.32,34.92,9772
06/03/2024 10,36.19,34.92,9965
06/03/2024 11,20.1,34.9,10097
06/03/2024 12,22.91,34.88,10214
06/03/2024 13,18.09,34.85,10222
06/03/2024 14,35.83,34.85,10296
06/03/2024 15,29.68,34.8,10305
06/03/2024 16,36.52,34.79,10307
06/03/2024 17,37.22,34.79,10255
06/03/2024 18,36.74,34.8,10154
06/03/2024 19,21.18,34.78,10023
06/03/2024 20,11.55,34.74,9894
06/03/2024 21,10.99,34.73,9778
06/03/2024 22,11.6,34.71,9612
06/03/2024 23,10.91,34.71,9414
06/03/2024 24,9.05,34.7,9075
06/04/2024 01,0,34.68,8863
06/04/2024 02,0,34.66,8764
06/04/2024 03,0,34.64,8692
06/04/2024 04,0,34.63,8722
06/04/2024 05,0,34.61,8834
06/04/2024 06,0,34.58,8915
06/04/2024 07,0,34.56,9254
06/04/2024 08,1.11,34.54,9646
06/04/2024 09,0.73,34.51,9724
06/04/2024 10,4.92,34.48,9883
06/04/2024 11,0,34.44,9996
06/04/2024 12,0.12,34.41,10043
06/04/2024 13,3.93,34.37,10068
06/04/2024 14,0,34.33,10104
06/04/2024 15,7.69,34.28,10076
06/04/2024 16,16,34.21,10100
06/04/2024 17,15.54,33.83,10082
06/04/2024 18,17.88,33.55,9965
06/04/2024 19,16.57,33.41,9887
06/04/2024 20,14.16,33.24,9809
06/04/2024 21,20.13,33.15,9618
06/04/2024 22,61.08,33.11,9415
06/04/2024 23,44.23,33.12,9228
06/04/2024 24,17.77,33.1,9019
06/05/2024 01,2.44,33.06,8856
06/05/2024 02,0,33.01,8736
06/05/2024 03,0,32.94,8644
06/05/2024 04,0,32.82,8617
06/05/2024 05,0,32.77,8689
06/05/2024 06,0,32.73,8782
06/05/2024 07,0,32.68,9094
06/05/2024 08,1.28,32.63,9512
06/05/2024 09,0,32.58,9677
06/05/2024 10,0,32.54,9789
06/05/2024 11,0,32.51,9880
06/05/2024 12,4.08,32.49,9930
06/05/2024 13,7.39,32.47,9940
06/05/2024 14,10.09,32.45,9995
06/05/2024 15,18.63,32.43,9995
06/05/2024 16,18.46,32.41,9950
06/05/2024 17,18.35,32.38,10055
06/05/2024 18,24.39,32.37,10090
06/05/2024 19,22.45,32.37,9913
06/05/2024 20,23.71,32.37,9788
06/05/2024 21,34.82,32.39,9704
06/05/2024 22,34.21,32.4,9597
06/05/2024 23,23.69,32.4,9475
06/05/2024 24,28.09,32.41,9174
06/06/2024 01,33.99,32.43,8893
06/06/2024 02,31.08,32.45,8747
06/06/2024 03,23.15,32.46,8669
06/06/2024 04,25.63,32.48,8672
06/06/2024 05,31.95,32.5,8675
06/06/2024 06,37.59,32.53,8725
06/06/2024 07,40.11,32.57,9004
06/06/2024 08,39.73,32.59,9362
06/06/2024 09,38.48,32.62,9600
06/06/2024 10,37.14,32.65,9693
06/06/2024 11,37.02,32.67,9693
06/06/2024 12,38.08,32.69,9746
06/06/2024 13,38.03,32.71,9746
06/06/2024 14,37.73,32.73,9802
06/06/2024 15,34.86,32.74,9788
06/06/2024 16,32.85,32.75,9883
06/06/2024 17,32.73,32.76,10003
06/06/2024 18,32.7,32.7,10053
06/06/2024 19,36.57,32.72,9920
06/06/2024 20,57.7,32.77,9891
06/06/2024 21,45.72,32.8,9795
06/06/2024 22,42.71,32.83,9630
06/06/2024 23,51.79,32.87,9501
06/06/2024 24,119.37,33.02,9199
06/07/2024 01,40.07,33.07,8969
06/07/2024 02,34.96,33.1,8879
06/07/2024 03,30.09,33.14,8782
06/07/2024 04,26.62,33.17,8744
06/07/2024 05,25.53,33.19,8731
06/07/2024 06,20.89,33.21,8819
06/07/2024 07,34.65,33.24,9164
06/07/2024 08,44.19,33.28,9533
06/07/2024 09,38.32,33.31,9749
06/07/2024 10,32.48,33.33,9825
06/07/2024 11,36.07,33.36,9932
06/07/2024 12,35.97,33.38,9976
06/07/2024 13,36.95,33.41,10042
06/07/2024 14,36.74,33.42,10097
06/07/2024 15,30.95,33.41,10110
06/07/2024 16,18.91,33.41,10065
06/07/2024 17,18.83,33.41,10049
06/07/2024 18,28.73,33.4,10021
06/07/2024 19,28.26,33.36,9916
06/07/2024 20,34.11,33.29,9841
06/07/2024 21,49.85,33.21,9755
06/07/2024 22,164.97,33.34,9620
06/07/2024 23,83.76,33.36,9548
06/07/2024 24,179.23,33.52,9330
06/08/2024 01,205.73,33.76,9012
06/08/2024 02,442.79,34.32,8807
06/08/2024 03,90.23,34.4,8703
06/08/2024 04,60.65,34.45,8734
06/08/2024 05,87.15,34.53,8805
06/08/2024 06,235.99,34.82,8715
06/08/2024 07,138.05,34.97,8742
06/08/2024 08,29.7,34.97,9035
06/08/2024 09,29.59,34.96,9291
06/08/2024 10,30.01,34.95,9509
06/08/2024 11,27.73,34.95,9664
06/08/2024 12,18.73,34.93,9702
06/08/2024 13,15.09,34.91,9759
06/08/2024 14,10.12,34.88,9655
06/08/2024 15,1.11,34.84,9661
06/08/2024 16,0.01,34.79,9628
06/08/2024 17,9.38,34.76,9701
06/08/2024 18,22.18,34.76,9721
06/08/2024 19,32.81,34.77,9621
06/08/2024 20,55.7,34.68,9492
06/08/2024 21,150.52,34.54,9398
06/08/2024 22,150.16,34.5,9351
06/08/2024 23,131.66,34.54,9293
06/08/2024 24,124.4,34.6,9093
06/09/2024 01,140.45,34.73,8922
06/09/2024 02,208.88,34.97,8793
06/09/2024 03,80.55,35.03,8671
06/09/2024 04,75.75,35.09,8681
06/09/2024 05,45.55,35.11,8706
06/09/2024 06,36.49,35.11,8663
06/09/2024 07,33.04,35.08,8658
06/09/2024 08,28.63,35.07,8807
06/09/2024 09,28.85,35.06,9033
06/09/2024 10,25.02,35.04,9219
06/09/2024 11,26.27,35.03,9373
06/09/2024 12,25.13,35.02,9460
06/09/2024 13,22.56,35,9474
06/09/2024 14,20.34,34.99,9440
06/09/2024 15,24,34.98,9438
06/09/2024 16,20.27,34.96,9459
06/09/2024 17,25.64,34.95,9501
06/09/2024 18,22.46,34.94,9603
06/09/2024 19,20.13,34.91,9597
06/09/2024 20,26.96,34.86,9497
06/09/2024 21,36.7,34.86,9507
06/09/2024 22,85.24,34.94,9488
06/09/2024 23,39.74,34.97,9415
06/09/2024 24,18.01,34.97,9139
06/10/2024 01,16.61,34.98,8917
06/10/2024 02,11.55,34.99,8773
06/10/2024 03,17.17,35.01,8702
06/10/2024 04,21.41,35.04,8689
06/10/2024 05,25.81,35.08,8709
06/10/2024 06,28,35.12,8794
06/10/2024 07,48.74,35.19,9069
06/10/2024 08,40.1,35.24,9474
06/10/2024 09,30.06,35.27,9696
06/10/2024 10,22.67,35.27,9832
06/10/2024 11,20.09,35.28,9934
06/10/2024 12,18.73,35.27,10013
06/10/2024 13,16.87,35.27,10089
06/10/2024 14,14.14,35.25,10115
06/10/2024 15,18.73,35.25,10121
06/10/2024 16,18.16,35.25,10095
06/10/2024 17,17.31,35.25,10177
06/10/2024 18,18.99,35.24,10164
06/10/2024 19,19.23,35.22,10035
06/10/2024 20,14.69,35.19,9937
06/10/2024 21,19.91,35.17,9830
06/10/2024 22,30.22,35.17,9692
06/10/2024 23,33.93,35.19,9599
06/10/2024 24,48.41,35.24,9289
06/11/2024 01,31.36,35.24,9048
06/11/2024 02,25.75,35.23,8840
06/11/2024 03,18.07,35.21,8740
06/11/2024 04,15.49,35.18,8720
06/11/2024 05,15.94,35.16,8762
06/11/2024 06,16.85,35.13,8816
06/11/2024 07,20,35.12,9093
06/11/2024 08,26.23,35.12,9537
06/11/2024 09,27.63,35.13,9699
06/11/2024 10,27.09,35.15,9899
06/11/2024 11,23.96,35.17,10052
06/11/2024 12,18.01,35.18,10096
06/11/2024 13,25.17,35.2,10126
06/11/2024 14,26.03,35.22,10221
06/11/2024 15,20.9,35.23,10255
06/11/2024 16,16.99,35.24,10285
06/11/2024 17,56.51,35.3,10340
06/11/2024 18,33.02,35.32,10232
06/11/2024 19,10.02,35.31,9977
06/11/2024 20,5.91,35.28,9798
06/11/2024 21,9.98,35.26,9739
06/11/2024 22,14.87,35.24,9655
06/11/2024 23,76.84,35.32,9511
06/11/2024 24,117.43,35.44,9174
06/12/2024 01,74.81,35.5,8944
06/12/2024 02,12.5,35.47,8822
06/12/2024 03,0.57,35.4,8783
06/12/2024 04,4.62,35.22,8778
06/12/2024 05,10.95,35.06,8766
06/12/2024 06,74.32,34.97,8782
06/12/2024 07,78.52,34.8,9064
06/12/2024 08,62.83,34.74,9400
06/12/2024 09,72.35,34.79,9651
06/12/2024 10,21.85,34.77,9888
06/12/2024 11,34.83,34.75,10003
06/12/2024 12,14.38,34.72,10101
06/12/2024 13,11.07,34.69,10092
06/12/2024 14,10.4,34.67,10146
06/12/2024 15,5.47,34.64,10108
06/12/2024 16,1.98,34.6,10138
06/12/2024 17,2.04,34.55,10191
06/12/2024 18,5.38,34.51,10166
06/12/2024 19,3.2,34.47,10051
06/12/2024 20,6.57,34.39,9963
06/12/2024 21,3.83,34.14,9914
06/12/2024 22,13.35,33.84,9751
06/12/2024 23,17.74,33.64,9660
06/12/2024 24,23.03,33.61,9368
06/13/2024 01,23.21,33.56,9107
06/13/2024 02,20.36,33.53,8944
06/13/2024 03,16.7,33.52,8825
06/13/2024 04,17.1,33.5,8795
06/13/2024 05,16.63,33.49,8814
06/13/2024 06,18.09,33.47,8873
06/13/2024 07,18.47,33.45,9154
06/13/2024 08,19.62,33.43,9590
06/13/2024 09,20.66,33.41,9812
06/13/2024 10,19.03,33.39,9920
06/13/2024 11,21.53,33.37,10004
06/13/2024 12,19.64,33.35,10076
06/13/2024 13,22.89,33.34,10135
06/13/2024 14,23.54,33.31,10206
06/13/2024 15,25.68,33.29,10240
06/13/2024 16,27.05,33.27,10292
06/13/2024 17,26.74,33.26,10348
06/13/2024 18,26.17,33.25,10346
06/13/2024 19,40.11,33.21,10177
06/13/2024 20,206.52,33.26,9990
06/13/2024 21,106.61,33.09,9917
06/13/2024 22,36.7,32.8,9772
06/13/2024 23,23.3,32.66,9700
06/13/2024 24,17.91,32.63,9477
06/14/2024 01,20.35,32.61,9227
06/14/2024 02,8.03,32.59,9100
06/14/2024 03,5.61,32.57,9070
06/14/2024 04,0,32.54,9007
06/14/2024 05,1.04,32.49,9034
06/14/2024 06,4.15,32.45,9041
06/14/2024 07,5.66,32.41,9327
06/14/2024 08,7.58,32.39,9739
06/14/2024 09,12.51,32.36,9872
06/14/2024 10,21.5,32.35,10072
06/14/2024 11,22.32,32.34,10187
06/14/2024 12,17.45,32.33,10241
06/14/2024 13,16.91,32.31,10270
06/14/2024 14,14.81,32.3,10400
06/14/2024 15,5.46,32.29,10409
06/14/2024 16,5.79,32.27,10409
06/14/2024 17,5.69,32.25,10404
06/14/2024 18,3.94,32.21,10365
06/14/2024 19,1.62,32.17,10253
06/14/2024 20,2.44,32.13,10147
06/14/2024 21,4.77,32.09,10032
06/14/2024 22,6.98,32.06,9890
06/14/2024 23,15.69,32.05,9800
06/14/2024 24,6.36,32.03,9537
06/15/2024 01,16.83,32.01,9225
06/15/2024 02,17.93,31.98,9053
06/15/2024 03,18.29,31.96,8907
06/15/2024 04,17.04,31.9,8819
06/15/2024 05,20.84,31.84,8810
06/15/2024 06,24.96,31.83,8716
06/15/2024 07,26.67,31.82,8806
06/15/2024 08,21.72,31.8,8976
06/15/2024 09,10.83,31.78,9155
06/15/2024 10,7.07,31.77,9323
06/15/2024 11,14.66,31.78,9491
06/15/2024 12,23.88,31.81,9628
06/15/2024 13,25.29,31.84,9688
06/15/2024 14,29.31,31.88,9686
06/15/2024 15,12.55,31.89,9642
06/15/2024 16,2.27,31.89,9649
06/15/2024 17,4.73,31.89,9699
06/15/2024 18,9.45,31.88,9758
06/15/2024 19,4.85,31.87,9759
06/15/2024 20,15.35,31.87,9671
06/15/2024 21,19.75,31.85,9638
06/15/2024 22,17.92,31.77,9586
06/15/2024 23,12.17,31.74,9476
06/15/2024 24,5.48,31.72,9281
06/16/2024 01,2.41,31.7,9019
06/16/2024 02,0,31.66,8822
06/16/2024 03,0,31.62,8752
06/16/2024 04,0,31.58,8751
06/16/2024 05,0,31.55,8755
06/16/2024 06,0,31.5,8787
06/16/2024 07,0,31.45,8798
06/16/2024 08,0,31.4,8875
06/16/2024 09,0,31.36,9115
06/16/2024 10,0,31.31,9334
06/16/2024 11,0,31.29,9428
06/16/2024 12,0,31.27,9449
06/16/2024 13,0.14,31.26,9455
06/16/2024 14,0,31.26,9447
06/16/2024 15,0,31.25,9372
06/16/2024 16,0,31.23,9377
06/16/2024 17,0,31.22,9424
06/16/2024 18,5.79,31.21,9484
06/16/2024 19,9.39,31.2,9445
06/16/2024 20,13.87,31.21,9414
06/16/2024 21,25.77,31.21,9418
06/16/2024 22,27.27,31.23,9392
06/16/2024 23,38.54,31.28,9331
06/16/2024 24,34.38,31.33,9089
06/17/2024 01,25.39,31.36,8872
06/17/2024 02,22.61,31.39,8801
06/17/2024 03,20.05,31.41,8764
06/17/2024 04,19.83,31.42,8756
06/17/2024 05,22.51,31.43,8786
06/17/2024 06,26.36,31.44,8891
06/17/2024 07,28.18,31.46,9166
06/17/2024 08,29.06,31.48,9589
06/17/2024 09,36.25,31.52,9785
06/17/2024 10,28.77,31.55,9874
06/17/2024 11,28.39,31.59,9972
06/17/2024 12,80.9,31.7,10037
06/17/2024 13,58.08,31.78,10022
06/17/2024 14,61.94,31.86,10032
06/17/2024 15,26.94,31.88,10018
06/17/2024 16,27.07,31.9,10034
06/17/2024 17,20.74,31.9,10041
06/17/2024 18,49.14,31.95,9971
06/17/2024 19,35.05,31.96,9904
06/17/2024 20,68.51,32,9831
06/17/2024 21,81.63,32.08,9758
06/17/2024 22,66.19,32.07,9641
06/17/2024 23,25.49,32,9498
06/17/2024 24,21.38,31.93,9215
06/18/2024 01,18.21,31.85,9095
06/18/2024 02,9.65,31.75,8971
06/18/2024 03,16.22,31.67,8864
06/18/2024 04,16.35,31.6,8832
06/18/2024 05,22.83,31.58,8871
06/18/2024 06,25.93,31.59,8935
06/18/2024 07,29.28,31.59,9238
06/18/2024 08,60.68,31.6,9586
06/18/2024 09,82.32,31.65,9727
06/18/2024 10,44.16,31.68,9776
06/18/2024 11,205.27,31.94,9794
06/18/2024 12,61.92,32,9906
06/18/2024 13,35.54,32.02,9999
06/18/2024 14,27.39,32.03,9999
06/18/2024 15,35.72,32.05,10007
06/18/2024 16,23.64,32.06,9951
06/18/2024 17,26.66,32.08,9974
06/18/2024 18,36.41,32.11,9983
06/18/2024 19,53.1,32.17,9849
06/18/2024 20,66.05,32.17,9781
06/18/2024 21,83.39,32.18,9653
06/18/2024 22,94.23,32.2,9556
06/18/2024 23,45.19,32.19,9465
06/18/2024 24,63.08,32.24,9214
06/19/2024 01,33.37,32.23,9041
06/19/2024 02,31.21,32.21,8916
06/19/2024 03,35.04,32.18,8874
06/19/2024 04,30.22,32.14,8859
06/19/2024 05,35.69,32.12,8872
06/19/2024 06,36.87,32.06,8916
06/19/2024 07,36.52,32.02,9203
06/19/2024 08,35.42,32.03,9561
06/19/2024 09,25.93,32.03,9726
06/19/2024 10,25.41,32.02,9795
06/19/2024 11,25.44,32.01,9857
06/19/2024 12,28.59,32.01,9937
06/19/2024 13,30.17,32.02,9971
06/19/2024 14,26.93,32.03,9991
06/19/2024 15,27.99,32.05,9998
06/19/2024 16,28.04,32.07,9960
06/19/2024 17,27.34,32.08,10008
06/19/2024 18,26.75,32.1,9905
06/19/2024 19,28.03,32.07,9811
06/19/2024 20,34.05,32.06,9780
06/19/2024 21,75,32.07,9675
06/19/2024 22,84.79,32.09,9532
06/19/2024 23,67.12,32.07,9420
06/19/2024 24,28.08,32.07,9165
06/20/2024 01,25.96,32.06,8930
06/20/2024 02,26.74,32.04,8821
06/20/2024 03,26.71,32.03,8743
06/20/2024 04,27.65,32.01,8725
06/20/2024 05,27.57,31.98,8747
06/20/2024 06,28.47,31.94,8800
06/20/2024 07,28.53,31.87,9078
06/20/2024 08,26.36,31.8,9454
06/20/2024 09,21.28,31.77,9695
06/20/2024 10,19.32,31.75,9868
06/20/2024 11,17.74,31.73,9981
06/20/2024 12,18.86,31.71,10033
06/20/2024 13,25.73,31.7,10090
06/20/2024 14,37.39,31.7,10120
06/20/2024 15,53.37,31.71,10187
06/20/2024 16,28.26,31.7,10177
06/20/2024 17,25.94,31.7,10110
06/20/2024 18,20.59,31.68,10105
06/20/2024 19,17.58,31.66,10038
06/20/2024 20,40.18,31.67,9977
06/20/2024 21,26.26,31.63,9889
06/20/2024 22,190.83,31.85,9779
06/20/2024 23,97.74,31.94,9614
06/20/2024 24,37.12,31.96,9393
06/21/2024 01,30.45,31.96,9143
06/21/2024 02,32.4,31.98,9025
06/21/2024 03,34.77,32,8997
06/21/2024 04,54.96,32.05,8948
06/21/2024 05,83.95,32.13,8925
06/21/2024 06,30.42,32.13,8943
06/21/2024 07,28.16,32.1,9213
06/21/2024 08,21.85,32.06,9617
06/21/2024 09,31.12,32.04,9900
06/21/2024 10,33.33,32.04,10084
06/21/2024 11,29.05,32.04,10202
06/21/2024 12,29.24,32.06,10312
06/21/2024 13,30,32.08,10369
06/21/2024 14,29.38,32.1,10418
06/21/2024 15,27.73,32.12,10360
06/21/2024 16,31.34,32.14,10346
06/21/2024 17,28.66,32.17,10284
06/21/2024 18,22.4,32.18,10254
06/21/2024 19,20.95,32.17,10101
06/21/2024 20,24.3,32.16,9999
06/21/2024 21,20,32.13,9896
06/21/2024 22,28.46,32.1,9747
06/21/2024 23,30.1,32.07,9614
06/21/2024 24,42.33,32.02,9454
06/22/2024 01,47.09,32.02,9209
06/22/2024 02,28.97,31.98,9069
06/22/2024 03,28.97,31.91,8979
06/22/2024 04,27.79,31.89,8886
06/22/2024 05,28.57,31.86,8856
06/22/2024 06,28.4,31.83,8769
06/22/2024 07,28.26,31.79,8836
06/22/2024 08,27.54,31.77,9020
06/22/2024 09,28.42,31.75,9342
06/22/2024 10,29.66,31.73,9555
06/22/2024 11,29.86,31.71,9748
06/22/2024 12,34.5,31.7,9956
06/22/2024 13,37.58,31.71,10016
06/22/2024 14,40.89,31.73,10067
06/22/2024 15,43.66,31.74,10159
06/22/2024 16,39.49,31.73,10184
06/22/2024 17,31.22,31.68,10239
06/22/2024 18,72.28,31.52,10311
06/22/2024 19,33.62,31.3,10264
06/22/2024 20,70.47,31.29,10222
06/22/2024 21,113.89,31.24,10054
06/22/2024 22,29.86,31.07,9974
06/22/2024 23,9.38,30.79,9939
06/22/2024 24,4.69,30.68,9714
06/23/2024 01,6.72,30.63,9437
06/23/2024 02,10.29,30.59,9229
06/23/2024 03,18.25,30.56,9113
06/23/2024 04,15.42,30.52,9019
06/23/2024 05,14.4,30.49,8923
06/23/2024 06,14.95,30.45,8858
06/23/2024 07,7.94,30.41,8925
06/23/2024 08,13.01,30.38,9116
06/23/2024 09,24.42,30.36,9380
06/23/2024 10,53.72,30.4,9650
06/23/2024 11,32.67,30.4,9769
06/23/2024 12,29.48,30.4,10064
06/23/2024 13,25.8,30.4,10338
06/23/2024 14,9.99,30.37,10518
06/23/2024 15,5.31,30.33,10490
06/23/2024 16,0,30.3,10567
06/23/2024 17,8.15,30.28,10614
06/23/2024 18,20.65,30.27,10589
06/23/2024 19,20.54,30.27,10539
06/23/2024 20,24.04,30.23,10357
06/23/2024 21,19.69,30.02,10146
06/23/2024 22,17.81,29.97,10021
06/23/2024 23,18.01,29.9,9940
06/23/2024 24,5.36,29.7,9669
06/24/2024 01,9.71,29.64,9399
06/24/2024 02,9.49,29.59,9194
06/24/2024 03,9.71,29.56,9065
06/24/2024 04,11.11,29.52,9068
06/24/2024 05,19.16,29.5,9107
06/24/2024 06,22.03,29.49,9136
06/24/2024 07,29.75,29.5,9473
06/24/2024 08,29.59,29.5,9929
06/24/2024 09,34.9,29.52,10194
06/24/2024 10,20.95,29.52,10324
06/24/2024 11,18.7,29.52,10434
06/24/2024 12,19.99,29.51,10498
06/24/2024 13,17.91,29.5,10552
06/24/2024 14,16.97,29.48,10624
06/24/2024 15,16.96,29.47,10592
06/24/2024 16,16.85,29.45,10635
06/24/2024 17,16.9,29.43,10621
06/24/2024 18,118.38,29.55,10682
06/24/2024 19,40.48,29.56,10548
06/24/2024 20,116.19,29.69,10419
06/24/2024 21,50.1,29.73,10254
06/24/2024 22,49.18,29.77,10213
06/24/2024 23,39.5,29.77,10100
06/24/2024 24,37.53,29.78,9786
06/25/2024 01,45.35,29.82,9468
06/25/2024 02,26.93,29.83,9243
06/25/2024 03,16.56,29.84,9185
06/25/2024 04,16.42,29.85,9195
06/25/2024 05,15.52,29.85,9136
06/25/2024 06,20.52,29.86,9144
06/25/2024 07,27.82,29.88,9410
06/25/2024 08,19.23,29.89,9823
06/25/2024 09,15.97,29.89,10055
06/25/2024 10,16.03,29.9,10186
06/25/2024 11,21.65,29.91,10330
06/25/2024 12,24.34,29.91,10442
06/25/2024 13,23.47,29.93,10464
06/25/2024 14,42.07,29.97,10517
06/25/2024 15,52,30.02,10513
06/25/2024 16,63.23,30.08,10511
06/25/2024 17,73.95,30.16,10532
06/25/2024 18,69.02,30.22,10534
06/25/2024 19,143.43,30.39,10426
06/25/2024 20,141.33,30.55,10342
06/25/2024 21,785.38,31.61,10222
06/25/2024 22,250.65,31.93,10021
06/25/2024 23,154.15,32.11,9900
06/25/2024 24,35.85,32.14,9598
06/26/2024 01,66.68,32.23,9338
06/26/2024 02,31.9,32.27,9251
06/26/2024 03,22.58,32.3,9152
06/26/2024 04,17.12,32.3,9125
06/26/2024 05,20.91,32.32,9101
06/26/2024 06,23.11,32.33,9145
06/26/2024 07,28,32.35,9425
06/26/2024 08,30.24,32.38,9869
06/26/2024 09,27.74,32.4,10129
06/26/2024 10,27.75,32.41,10291
06/26/2024 11,33.67,32.43,10442
06/26/2024 12,46.58,32.46,10560
06/26/2024 13,46.35,32.49,10604
06/26/2024 14,26.76,32.48,10664
06/26/2024 15,30.57,32.49,10651
06/26/2024 16,51.26,32.53,10651
06/26/2024 17,277.93,32.89,10600
06/26/2024 18,135.51,33.04,10543
06/26/2024 19,40.22,33.05,10407
06/26/2024 20,37.74,32.99,10256
06/26/2024 21,42.88,32.99,10201
06/26/2024 22,31.81,32.98,10183
06/26/2024 23,19.33,32.96,10052
06/26/2024 24,15.99,32.95,9785
06/27/2024 01,15.26,32.94,9558
06/27/2024 02,15.44,32.93,9370
06/27/2024 03,15.6,32.93,9251
06/27/2024 04,14.63,32.92,9163
06/27/2024 05,19.31,32.91,9165
06/27/2024 06,25.8,32.91,9248
06/27/2024 07,27.25,32.9,9485
06/27/2024 08,27.64,32.88,9912
06/27/2024 09,28.46,32.86,10184
06/27/2024 10,25.65,32.84,10329
06/27/2024 11,20.36,32.8,10442
06/27/2024 12,27.88,32.76,10459
06/27/2024 13,21.48,32.74,10474
06/27/2024 14,24.05,32.73,10416
06/27/2024 15,27.82,32.68,10415
06/27/2024 16,27.19,32.68,10398
06/27/2024 17,15.45,32.66,10384
06/27/2024 18,14.89,32.65,10390
06/27/2024 19,14.93,32.64,10297
06/27/2024 20,15.15,32.61,10184
06/27/2024 21,14.63,32.59,10099
06/27/2024 22,12.66,32.58,10016
06/27/2024 23,3.75,32.55,9899
06/27/2024 24,4.18,32.53,9646
06/28/2024 01,0,32.5,9400
06/28/2024 02,0,32.48,9256
06/28/2024 03,1.46,32.47,9142
06/28/2024 04,3.44,32.46,9101
06/28/2024 05,0.02,32.45,9065
06/28/2024 06,0,32.43,9108
06/28/2024 07,0,32.42,9335
06/28/2024 08,1.37,32.38,9702
06/28/2024 09,8.37,32.37,9963
06/28/2024 10,13.82,32.39,10114
06/28/2024 11,13.82,32.4,10173
06/28/2024 12,10.69,32.42,10255
06/28/2024 13,10.9,32.43,10303
06/28/2024 14,13.74,32.44,10305
06/28/2024 15,16.29,32.44,10276
06/28/2024 16,19.6,32.45,10268
06/28/2024 17,29,32.49,10282
06/28/2024 18,32.4,32.54,10239
06/28/2024 19,46.67,32.6,10145
06/28/2024 20,76.07,32.69,10083
06/28/2024 21,78,32.78,9944
06/28/2024 22,42.7,32.82,9798
06/28/2024 23,32.27,32.84,9738
06/28/2024 24,30.63,32.87,9531
06/29/2024 01,22.63,32.89,9222
06/29/2024 02,21.31,32.9,9056
06/29/2024 03,21.11,32.92,8983
06/29/2024 04,21.11,32.93,8921
06/29/2024 05,17.68,32.95,8902
06/29/2024 06,15.84,32.96,8859
06/29/2024 07,14.93,32.97,8903
06/29/2024 08,7.5,32.97,9053
06/29/2024 09,12.92,32.97,9263
06/29/2024 10,14.57,32.95,9484
06/29/2024 11,15.98,32.95,9672
06/29/2024 12,16.23,32.94,9797
06/29/2024 13,16.22,32.95,9873
06/29/2024 14,18.2,32.98,9893
06/29/2024 15,17.12,33,9876
06/29/2024 16,20.05,33.02,9991
06/29/2024 17,18.69,33.05,10056
06/29/2024 18,16.68,33.07,10152
06/29/2024 19,15.08,33.08,10150
06/29/2024 20,15.89,33.08,10059
06/29/2024 21,24.8,33.08,9972
06/29/2024 22,17.38,33,9848
06/29/2024 23,14.85,32.99,9801
06/29/2024 24,13.92,32.98,9674
06/30/2024 01,8.42,32.98,9453
06/30/2024 02,5.68,32.98,9283
06/30/2024 03,1.54,32.97,9129
06/30/2024 04,2.37,32.97,9081
06/30/2024 05,4.18,32.97,8994
06/30/2024 06,4.44,32.98,8854
06/30/2024 07,6.59,32.98,8854
06/30/2024 08,7.27,32.97,8915
06/30/2024 09,11.38,32.95,9181
06/30/2024 10,18.4,32.92,9531
06/30/2024 11,25.89,32.93,9760
06/30/2024 12,27.62,32.94,9874
06/30/2024 13,28.11,32.8,9967
06/30/2024 14,28.15,32.81,9944
06/30/2024 15,28.35,32.85,9926
06/30/2024 16,29.14,32.89,9883
06/30/2024 17,28.97,32.93,9909
06/30/2024 18,29.17,32.97,9987
06/30/2024 19,27.16,33,9864
06/30/2024 20,28.16,33.04,9827
06/30/2024 21,27.35,33.01,9750
06/30/2024 22,27.5,32.65,9720
06/30/2024 23,25.12,32.17,9684
06/30/2024 24,16.41,31.85,9442
07/01/2024 01,14.69,31.83,9257
07/01/2024 02,16.23,31.82,9048
07/01/2024 03,15.77,31.83,8985
07/01/2024 04,13.85,31.83,8919
07/01/2024 05,13.58,31.83,8889
07/01/2024 06,13.74,31.83,8807
07/01/2024 07,14.84,31.82,8787
07/01/2024 08,13.8,31.81,8944
07/01/2024 09,14.83,31.8,9159
07/01/2024 10,16.2,31.79,9364
07/01/2024 11,17.89,31.79,9579
07/01/2024 12,18.24,31.79,9722
07/01/2024 13,12.7,31.79,9843
07/01/2024 14,10.61,31.78,9860
07/01/2024 15,13.55,31.76,9887
07/01/2024 16,13.88,31.75,9841
07/01/2024 17,19.82,31.75,9980
07/01/2024 18,20.39,31.74,10093
07/01/2024 19,31.88,31.75,10014
07/01/2024 20,36.02,31.75,9899
07/01/2024 21,45.32,31.77,9805
07/01/2024 22,41.43,31.78,9760
07/01/2024 23,28.73,31.77,9682
07/01/2024 24,28.43,31.78,9415
07/02/2024 01,22.14,31.77,9193
07/02/2024 02,14.06,31.77,9008
07/02/2024 03,9.05,31.76,8927
07/02/2024 04,5.44,31.75,8881
07/02/2024 05,5.44,31.73,8881
07/02/2024 06,4.84,31.71,8897
07/02/2024 07,7.04,31.69,9175
07/02/2024 08,12.98,31.68,9572
07/02/2024 09,26.5,31.69,9834
07/02/2024 10,31.95,31.7,9994
07/02/2024 11,27.44,31.7,10145
07/02/2024 12,26.57,31.69,10310
07/02/2024 13,26.43,31.67,10417
07/02/2024 14,19.35,31.65,10494
07/02/2024 15,25.44,31.63,10569
07/02/2024 16,26.86,31.61,10563
07/02/2024 17,50.35,31.63,10536
07/02/2024 18,21.1,31.6,10504
07/02/2024 19,23.4,31.54,10354
07/02/2024 20,51.48,31.49,10162
07/02/2024 21,200.15,31.66,9982
07/02/2024 22,112.6,31.76,9820
07/02/2024 23,41.4,31.76,9768
07/02/2024 24,47.89,31.79,9471
07/03/2024 01,32.24,31.79,9255
07/03/2024 02,18.87,31.78,9090
07/03/2024 03,14.26,31.78,8984
07/03/2024 04,13.53,31.77,8963
07/03/2024 05,13.46,31.76,9004
07/03/2024 06,15.59,31.74,9083
07/03/2024 07,22.07,31.72,9294
07/03/2024 08,30.29,31.7,9639
07/03/2024 09,42.01,31.7,9798
07/03/2024 10,27.1,31.69,9933
07/03/2024 11,24.72,31.7,10120
07/03/2024 12,33.28,31.71,10214
07/03/2024 13,23.83,31.72,10224
07/03/2024 14,22.5,31.7,10341
07/03/2024 15,23.84,31.69,10324
07/03/2024 16,21.22,31.67,10315
07/03/2024 17,16.5,31.64,10317
07/03/2024 18,14.55,31.61,10245
07/03/2024 19,12.39,31.6,10143
07/03/2024 20,14.8,31.6,10043
07/03/2024 21,25.79,31.63,9951
07/03/2024 22,27.02,31.65,9852
07/03/2024 23,28.22,31.67,9761
07/03/2024 24,26.39,31.7,9445
07/04/2024 01,24.51,31.73,9181
07/04/2024 02,15.11,31.75,8976
07/04/2024 03,12.86,31.77,8873
07/04/2024 04,15.89,31.79,8836
07/04/2024 05,17.93,31.81,8891
07/04/2024 06,23.52,31.85,8930
07/04/2024 07,27.6,31.89,9178
07/04/2024 08,27.4,31.92,9609
07/04/2024 09,37.84,31.97,9861
07/04/2024 10,43.54,32.03,9995
07/04/2024 11,35.2,32.08,10130
07/04/2024 12,27.33,32.11,10278
07/04/2024 13,23.73,32.14,10341
07/04/2024 14,39.31,32.2,10430
07/04/2024 15,26.6,32.22,10431
07/04/2024 16,23.53,32.23,10449
07/04/2024 17,24.98,32.25,10494
07/04/2024 18,28.16,32.26,10562
07/04/2024 19,61.34,32.32,10442
07/04/2024 20,222.54,32.61,10294
07/04/2024 21,290.51,32.99,10104
07/04/2024 22,142.79,33.1,9936
07/04/2024 23,75.62,33.14,9812
07/04/2024 24,49.26,33.19,9580
07/05/2024 01,26.55,33.22,9282
07/05/2024 02,15.17,33.24,9173
07/05/2024 03,10.25,33.26,9048
07/05/2024 04,8.3,33.27,8975
07/05/2024 05,13.24,33.29,8965
07/05/2024 06,15.37,33.31,9005
07/05/2024 07,23.78,33.34,9254
07/05/2024 08,25.55,33.38,9604
07/05/2024 09,29.08,33.42,9866
07/05/2024 10,61.22,33.5,10051
07/05/2024 11,73.58,33.6,10251
07/05/2024 12,52.71,33.67,10381
07/05/2024 13,49.01,33.73,10427
07/05/2024 14,44.96,33.78,10478
07/05/2024 15,37.72,33.8,10498
07/05/2024 16,29.96,33.82,10551
07/05/2024 17,29.14,33.83,10623
07/05/2024 18,29.81,33.84,10629
07/05/2024 19,48.89,33.88,10494
07/05/2024 20,97.65,33.98,10363
07/05/2024 21,140.57,34.13,10210
07/05/2024 22,94.66,34.21,10026
07/05/2024 23,47.43,34.24,9956
07/05/2024 24,27.34,34.24,9725
07/06/2024 01,26.56,34.23,9442
07/06/2024 02,22.45,34.22,9206
07/06/2024 03,20,34.22,9051
07/06/2024 04,14.31,34.2,8854
07/06/2024 05,10.92,34.17,8822
07/06/2024 06,7.48,34.13,8728
07/06/2024 07,9.48,34.09,8796
07/06/2024 08,5.49,34.04,9010
07/06/2024 09,12.58,34,9300
07/06/2024 10,23.15,33.98,9637
07/06/2024 11,29.79,33.97,9912
07/06/2024 12,28.95,33.96,10125
07/06/2024 13,24.6,33.94,10178
07/06/2024 14,24.24,33.92,10261
07/06/2024 15,32.07,33.92,10296
07/06/2024 16,28.93,33.92,10348
07/06/2024 17,68.12,33.96,10404
07/06/2024 18,31.2,33.96,10417
07/06/2024 19,63.26,34,10413
07/06/2024 20,83.06,34.03,10309
07/06/2024 21,543.18,34.73,10177
07/06/2024 22,497.87,35.36,9890
07/06/2024 23,412.35,35.86,9760
07/06/2024 24,192.61,35.96,9545
07/07/2024 01,80,36.02,9336
07/07/2024 02,28.88,36.01,9226
07/07/2024 03,27.04,36,9064
07/07/2024 04,27.07,36,8991
07/07/2024 05,27.28,36.01,8971
07/07/2024 06,27.53,36.02,8863
07/07/2024 07,28.05,36.01,8879
07/07/2024 08,26.75,35.98,9080
07/07/2024 09,27.28,35.97,9360
07/07/2024 10,25.41,35.96,9692
07/07/2024 11,27.93,35.95,9969
07/07/2024 12,28.63,35.94,10150
07/07/2024 13,28.85,35.92,10278
07/07/2024 14,26.49,35.91,10336
07/07/2024 15,26.7,35.9,10403
07/07/2024 16,28.19,35.92,10537
07/07/2024 17,28.77,35.93,10647
07/07/2024 18,31.67,35.93,10741
07/07/2024 19,56.19,35.97,10752
07/07/2024 20,167.53,36.16,10774
07/07/2024 21,159.48,36.31,10635
07/07/2024 22,126.48,36.26,10464
07/07/2024 23,36.17,36.19,10342
07/07/2024 24,26.12,35.98,10001
07/08/2024 01,16.59,35.72,9659
07/08/2024 02,13.84,35.12,9426
07/08/2024 03,14.79,35.02,9259
07/08/2024 04,14.95,34.95,9160
07/08/2024 05,17.83,34.86,9159
07/08/2024 06,23.17,34.56,9215
07/08/2024 07,25.02,34.4,9482
07/08/2024 08,23.5,34.39,9909
07/08/2024 09,25.93,34.39,10305
07/08/2024 10,149.55,34.56,10623
07/08/2024 11,238.54,34.85,10831
07/08/2024 12,404.29,35.38,11051
07/08/2024 13,226.89,35.68,11241
07/08/2024 14,291.02,36.07,11388
07/08/2024 15,412.27,36.64,11477
07/08/2024 16,277.58,37.02,11490
07/08/2024 17,299.27,37.43,11578
07/08/2024 18,432.93,38,11599
07/08/2024 19,730.45,38.97,11436
07/08/2024 20,849.21,40.07,11292
07/08/2024 21,999.99,41.25,11101
07/08/2024 22,942.8,42.35,10842
07/08/2024 23,630.91,43.04,10590
07/08/2024 24,154.15,43.08,10158
07/09/2024 01,59.31,42.97,9861
07/09/2024 02,34.47,42.73,9643
07/09/2024 03,29.05,42.66,9486
07/09/2024 04,29.06,42.59,9406
07/09/2024 05,28.55,42.57,9395
07/09/2024 06,31.92,42.56,9416
07/09/2024 07,42.76,42.58,9686
07/09/2024 08,27.74,42.58,10123
07/09/2024 09,26.72,42.57,10513
07/09/2024 10,27.12,42.58,10881
07/09/2024 11,63.4,42.63,11208
07/09/2024 12,190.07,42.86,11529
07/09/2024 13,195.58,43.1,11629
07/09/2024 14,532.71,43.81,11622
07/09/2024 15,825.28,44.92,11673
07/09/2024 16,749.86,45.93,11722
07/09/2024 17,714.99,46.89,11782
07/09/2024 18,595.97,47.69,11820
07/09/2024 19,570.51,48.45,11794
07/09/2024 20,371.29,48.93,11747
07/09/2024 21,348.92,49.36,11644
07/09/2024 22,50.74,49.32,11541
07/09/2024 23,25.95,49.3,11338
07/09/2024 24,17.2,49.3,10965
07/10/2024 01,5.81,49.28,10495
07/10/2024 02,10.52,49.28,10187
07/10/2024 03,10.5,49.27,9999
07/10/2024 04,12.33,49.26,9874
07/10/2024 05,13.18,49.24,9828
07/10/2024 06,10.03,49.22,9825
07/10/2024 07,13.23,49.17,10080
07/10/2024 08,11.52,49.13,10432
07/10/2024 09,10.02,49.1,10831
07/10/2024 10,14.8,49.09,11201
07/10/2024 11,23.58,49.09,11545
07/10/2024 12,27.21,49.1,11837
07/10/2024 13,26.5,49.12,11794
07/10/2024 14,53.6,49.17,11903
07/10/2024 15,238.8,49.48,12043
07/10/2024 16,507.08,50.16,12043
07/10/2024 17,630.7,51.01,12122
07/10/2024 18,457.22,51.62,12076
07/10/2024 19,681.11,52.54,11932
07/10/2024 20,999.99,53.91,11805
07/10/2024 21,739.75,54.91,11603
07/10/2024 22,238.56,55.19,11333
07/10/2024 23,68.66,55.24,11141
07/10/2024 24,37.48,55.23,10828
07/11/2024 01,26.53,55.22,10453
07/11/2024 02,24.97,55.22,10195
07/11/2024 03,28.29,55.23,9943
07/11/2024 04,29.24,55.25,9815
07/11/2024 05,31.58,55.27,9810
07/11/2024 06,29.59,55.29,9769
07/11/2024 07,32.28,55.31,9982
07/11/2024 08,35.06,55.32,10386
07/11/2024 09,42.06,55.34,10720
07/11/2024 10,91.09,55.43,10975
07/11/2024 11,45.15,55.46,11212
07/11/2024 12,47.46,55.5,11468
07/11/2024 13,36.19,55.52,11590
07/11/2024 14,65.96,55.57,11707
07/11/2024 15,137.02,55.73,11785
07/11/2024 16,116.02,55.87,11874
07/11/2024 17,117.9,55.96,11975
07/11/2024 18,227.55,56.23,11924
07/11/2024 19,275.15,56.59,11727
07/11/2024 20,273.28,56.97,11562
07/11/2024 21,123.8,57.12,11339
07/11/2024 22,58.93,57.19,11083
07/11/2024 23,29.71,57.12,10892
07/11/2024 24,22.98,56.99,10551
07/12/2024 01,15.61,56.91,10201
07/12/2024 02,12.03,56.91,9932
07/12/2024 03,4.84,56.91,9715
07/12/2024 04,0,56.91,9555
07/12/2024 05,7.36,56.9,9518
07/12/2024 06,8.17,56.81,9539
07/12/2024 07,8.81,56.71,9702
07/12/2024 08,12,56.64,10022
07/12/2024 09,12.14,56.56,10379
07/12/2024 10,16.24,56.55,10570
07/12/2024 11,17.7,56.53,10783
07/12/2024 12,18.43,56.53,10885
07/12/2024 13,18.17,56.54,10951
07/12/2024 14,22.03,56.56,11038
07/12/2024 15,21.47,56.58,11053
07/12/2024 16,21.55,56.61,11113
07/12/2024 17,29.9,56.65,11222
07/12/2024 18,32.41,56.68,11287
07/12/2024 19,71.45,56.78,11150
07/12/2024 20,50.2,56.84,10958
07/12/2024 21,64.25,56.92,10775
07/12/2024 22,50.95,56.97,10512
07/12/2024 23,27.7,56.99,10370
07/12/2024 24,24.93,56.99,10061
07/13/2024 01,22.28,56.99,9735
07/13/2024 02,20.47,56.99,9530
07/13/2024 03,15.53,56.99,9387
07/13/2024 04,16.05,56.99,9281
07/13/2024 05,23.13,57,9262
07/13/2024 06,24.91,57.01,9234
07/13/2024 07,18.83,57.01,9259
07/13/2024 08,17.99,57,9451
07/13/2024 09,28.51,57.01,9718
07/13/2024 10,29.82,57.03,9977
07/13/2024 11,29.89,57.04,10221
07/13/2024 12,29.45,57.05,10401
07/13/2024 13,24.81,57.06,10565
07/13/2024 14,20.97,57.05,10660
07/13/2024 15,14.75,57.04,10681
07/13/2024 16,8.27,57.01,10762
07/13/2024 17,8.51,56.99,10893
07/13/2024 18,17.62,56.98,10916
07/13/2024 19,26.63,56.96,10846
07/13/2024 20,29.43,56.71,10754
07/13/2024 21,27.94,56.6,10608
07/13/2024 22,17.59,56.57,10370
07/13/2024 23,15.91,56.56,10246
07/13/2024 24,22.21,56.57,10035
07/14/2024 01,26.94,56.58,9798
07/14/2024 02,28.54,56.61,9586
07/14/2024 03,27.12,56.64,9439
07/14/2024 04,28.93,56.68,9384
07/14/2024 05,26.63,56.71,9310
07/14/2024 06,21.96,56.74,9257
07/14/2024 07,16.09,56.75,9241
07/14/2024 08,15.99,56.76,9367
07/14/2024 09,15.96,56.77,9590
07/14/2024 10,15.1,56.76,9816
07/14/2024 11,13.47,56.75,9965
07/14/2024 12,12.93,56.74,10141
07/14/2024 13,23.81,56.75,10328
07/14/2024 14,25.91,56.77,10452
07/14/2024 15,19.85,56.79,10518
07/14/2024 16,17.65,56.8,10559
07/14/2024 17,19.97,56.82,10643
07/14/2024 18,24.22,56.85,10728
07/14/2024 19,27.57,56.89,10673
07/14/2024 20,28.18,56.92,10658
07/14/2024 21,29.99,56.96,10547
07/14/2024 22,30.24,56.99,10400
07/14/2024 23,31.87,57.01,10235
07/14/2024 24,32.47,57.05,9898
07/15/2024 01,31.3,57.07,9583
07/15/2024 02,34.2,57.09,9432
07/15/2024 03,30.02,57.11,9335
07/15/2024 04,26.81,57.12,9227
07/15/2024 05,17.06,57.12,9183
07/15/2024 06,16.12,57.1,9240
07/15/2024 07,22.19,57.1,9522
07/15/2024 08,16.92,57.09,9983
07/15/2024 09,22.69,57.11,10318
07/15/2024 10,16.49,57.12,10584
07/15/2024 11,18.06,57.13,10839
07/15/2024 12,26.83,57.13,11060
07/15/2024 13,30.19,57.14,11321
07/15/2024 14,53,57.17,11433
07/15/2024 15,36.15,57.2,11510
07/15/2024 16,62.26,57.29,11648
07/15/2024 17,74.3,57.38,11781
07/15/2024 18,129.88,57.55,11782
07/15/2024 19,94.1,57.67,11650
07/15/2024 20,271.05,58.03,11448
07/15/2024 21,279.56,58.39,11224
07/15/2024 22,339.26,58.84,10989
07/15/2024 23,99,58.96,10844
07/15/2024 24,57.36,59.03,10531
07/16/2024 01,38.93,59.08,10267
07/16/2024 02,36.55,59.13,10040
07/16/2024 03,31.45,59.17,9863
07/16/2024 04,30.95,59.22,9738
07/16/2024 05,32.49,59.26,9719
07/16/2024 06,31.36,59.31,9737
07/16/2024 07,32.94,59.35,9937
07/16/2024 08,32.56,59.4,10259
07/16/2024 09,35.27,59.45,10615
07/16/2024 10,31.14,59.49,10826
07/16/2024 11,41.73,59.55,11100
07/16/2024 12,45.52,59.61,11384
07/16/2024 13,106.17,59.76,11628
07/16/2024 14,160.11,59.98,11794
07/16/2024 15,165.23,60.21,11870
07/16/2024 16,182.74,60.46,11942
07/16/2024 17,620.97,61.32,11858
07/16/2024 18,666.85,62.24,11755
07/16/2024 19,721.54,63.23,11608
07/16/2024 20,869.39,64.42,11545
07/16/2024 21,792.28,65.48,11336
07/16/2024 22,330.92,65.91,11079
07/16/2024 23,48.14,65.92,10968
07/16/2024 24,29.2,65.91,10672
07/17/2024 01,22.08,65.91,10341
07/17/2024 02,21.57,65.91,10065
07/17/2024 03,18.35,65.9,9865
07/17/2024 04,20.51,65.91,9789
07/17/2024 05,21.99,65.9,9762
07/17/2024 06,22.23,65.9,9742
07/17/2024 07,29.08,65.9,9978
07/17/2024 08,29.95,65.9,10430
07/17/2024 09,39.82,65.91,10807
07/17/2024 10,50.96,65.94,11092
07/17/2024 11,126.81,66.07,11418
07/17/2024 12,144.86,66.16,11646
07/17/2024 13,361.23,66.58,11735
07/17/2024 14,497.61,67.19,11853
07/17/2024 15,674.71,68.09,11994
07/17/2024 16,767.44,69.12,12131
07/17/2024 17,744.45,70.12,12209
07/17/2024 18,956.37,71.38,12219
07/17/2024 19,713.44,72.32,11958
07/17/2024 20,399.53,72.78,11743
07/17/2024 21,79.92,72.78,11589
07/17/2024 22,30.27,72.73,11459
07/17/2024 23,25.75,72.73,11201
07/17/2024 24,22.16,72.73,10786
07/18/2024 01,17.83,72.73,10456
07/18/2024 02,13.85,72.74,10208
07/18/2024 03,20.24,72.74,9975
07/18/2024 04,28.66,72.76,9861
07/18/2024 05,29.69,72.77,9824
07/18/2024 06,29.99,72.78,9847
07/18/2024 07,31.76,72.78,10052
07/18/2024 08,36,72.75,10442
07/18/2024 09,37.5,72.68,10845
07/18/2024 10,90.63,72.75,11152
07/18/2024 11,88.41,72.59,11410
07/18/2024 12,61.05,72.58,11566
07/18/2024 13,40.47,72.59,11804
07/18/2024 14,104.04,72.7,11924
07/18/2024 15,485.26,73.32,11991
07/18/2024 16,752.7,74.33,12058
07/18/2024 17,868.4,75.5,12161
07/18/2024 18,904.55,76.71,12128
07/18/2024 19,775.83,77.71,11931
07/18/2024 20,617.76,78.48,11723
07/18/2024 21,533.96,79.11,11406
07/18/2024 22,379.79,79.5,11168
07/18/2024 23,161.43,79.66,10945
07/18/2024 24,42.56,79.63,10610
07/19/2024 01,54.67,79.66,10261
07/19/2024 02,38.1,79.67,10087
07/19/2024 03,36.83,79.68,9917
07/19/2024 04,31.44,79.68,9794
07/19/2024 05,32.49,79.67,9740
07/19/2024 06,32.6,79.67,9764
07/19/2024 07,36.61,79.67,9930
07/19/2024 08,30.26,79.66,10274
07/19/2024 09,30.5,79.67,10609
07/19/2024 10,32.93,79.68,10933
07/19/2024 11,72.6,79.74,11269
07/19/2024 12,78.76,79.81,11571
07/19/2024 13,69.98,79.87,11801
07/19/2024 14,258.16,80.19,11937
07/19/2024 15,369.87,80.66,11906
07/19/2024 16,380.57,81.15,11947
07/19/2024 17,462.3,81.76,11948
07/19/2024 18,421.64,82.31,11831
07/19/2024 19,303.2,82.69,11588
07/19/2024 20,341.69,83.12,11436
07/19/2024 21,362,83.51,11127
07/19/2024 22,250.25,83.74,10964
07/19/2024 23,155.69,83.87,10732
07/19/2024 24,101.53,83.97,10452
07/20/2024 01,49.75,84,10164
07/20/2024 02,43.01,84.02,9900
07/20/2024 03,35.56,84.04,9762
07/20/2024 04,38.64,84.05,9630
07/20/2024 05,34.55,84.06,9578
07/20/2024 06,32.56,84.07,9514
07/20/2024 07,32.07,84.07,9522
07/20/2024 08,30.1,84.08,9643
07/20/2024 09,29.6,84.09,9945
07/20/2024 10,29.7,84.1,10290
07/20/2024 11,30.71,84.12,10649
07/20/2024 12,37.65,84.15,10902
07/20/2024 13,43.62,84.17,11114
07/20/2024 14,51.54,84.19,11269
07/20/2024 15,86.64,84.24,11352
07/20/2024 16,167.94,84.43,11451
07/20/2024 17,198.5,84.67,11576
07/20/2024 18,309.54,85.07,11611
07/20/2024 19,366.63,85.56,11512
07/20/2024 20,252.37,85.85,11398
07/20/2024 21,229.41,86.14,11221
07/20/2024 22,205.42,86.16,11006
07/20/2024 23,82.9,86.13,10841
07/20/2024 24,83.84,86.2,10541
07/21/2024 01,43.15,86.22,10233
07/21/2024 02,43.07,86.23,9983
07/21/2024 03,43.17,86.24,9817
07/21/2024 04,43.17,86.23,9706
07/21/2024 05,42.29,86.17,9652
07/21/2024 06,41.43,86.18,9576
07/21/2024 07,41.47,86.2,9530
07/21/2024 08,39.34,86.23,9722
07/21/2024 09,42.02,86.24,10007
07/21/2024 10,39.84,86.25,10431
07/21/2024 11,55.94,86.29,10853
07/21/2024 12,115.23,86.41,11178
07/21/2024 13,195,86.64,11377
07/21/2024 14,132.56,86.78,11474
07/21/2024 15,132.47,86.93,11545
07/21/2024 16,196.31,87.16,11625
07/21/2024 17,111.29,87.27,11805
07/21/2024 18,278.43,87.63,11837
07/21/2024 19,242.53,87.93,11765
07/21/2024 20,137.51,88.09,11722
07/21/2024 21,173.47,88.3,11544
07/21/2024 22,140.54,88.46,11379
07/21/2024 23,72.18,88.52,11223
07/21/2024 24,33.81,88.51,10832
07/22/2024 01,30.08,88.48,10435
07/22/2024 02,30.15,88.48,10130
07/22/2024 03,30.07,88.49,9995
07/22/2024 04,31.79,88.49,9936
07/22/2024 05,40.24,88.51,9911
07/22/2024 06,42.85,88.53,9926
07/22/2024 07,43.14,88.55,10048
07/22/2024 08,43.72,88.57,10466
07/22/2024 09,43.15,88.59,10840
07/22/2024 10,43.05,88.61,11133
07/22/2024 11,43.88,88.63,11520
07/22/2024 12,53.4,88.66,11786
07/22/2024 13,53.41,88.68,11955
07/22/2024 14,106.68,88.77,12144
07/22/2024 15,176.6,88.95,12145
07/22/2024 16,185.05,89.16,12204
07/22/2024 17,333.08,89.58,12221
07/22/2024 18,138.99,89.67,12149
07/22/2024 19,51.28,89.69,11989
07/22/2024 20,33.39,89.64,11825
07/22/2024 21,58.91,89.56,11676
07/22/2024 22,35.22,89.57,11500
07/22/2024 23,23.22,89.59,11227
07/22/2024 24,18.3,89.61,10863
07/23/2024 01,14.65,89.62,10486
07/23/2024 02,11.76,89.62,10251
07/23/2024 03,12.6,89.62,10068
07/23/2024 04,12.11,89.61,9942
07/23/2024 05,11.21,89.61,9889
07/23/2024 06,13.42,89.6,9974
07/23/2024 07,14.34,89.61,10144
07/23/2024 08,12.33,89.61,10540
07/23/2024 09,14.07,89.6,10896
07/23/2024 10,18.64,89.55,11168
07/23/2024 11,20.76,89.53,11486
07/23/2024 12,29.1,89.53,11633
07/23/2024 13,31.51,89.54,11768
07/23/2024 14,62.34,89.61,11932
07/23/2024 15,45.56,89.67,11967
07/23/2024 16,47.56,89.73,12082
07/23/2024 17,30.95,89.77,12126
07/23/2024 18,99.04,89.87,12159
07/23/2024 19,119.83,90.01,12008
07/23/2024 20,526.89,90.71,11713
07/23/2024 21,843.15,91.86,11318
07/23/2024 22,114.16,91.99,11111
07/23/2024 23,53.73,92.04,10939
07/23/2024 24,31.91,92.08,10619
07/24/2024 01,44.11,92.12,10270
07/24/2024 02,43.82,92.17,9965
07/24/2024 03,38.48,92.21,9797
07/24/2024 04,36.3,92.25,9729
07/24/2024 05,36.26,92.27,9768
07/24/2024 06,36.96,92.29,9837
07/24/2024 07,70.69,92.35,10036
07/24/2024 08,117.63,92.47,10345
07/24/2024 09,95.14,92.55,10660
07/24/2024 10,51.75,92.6,10928
07/24/2024 11,41.86,92.63,11167
07/24/2024 12,38.69,92.65,11327
07/24/2024 13,38.08,92.68,11466
07/24/2024 14,43.1,92.72,11553
07/24/2024 15,57.75,92.77,11677
07/24/2024 16,57.75,92.83,11716
07/24/2024 17,40.82,92.86,11804
07/24/2024 18,41.01,92.76,11789
07/24/2024 19,41.03,92.76,11642
07/24/2024 20,73.11,92.7,11453
07/24/2024 21,96.51,92.76,11270
07/24/2024 22,48.22,92.76,11201
07/24/2024 23,43.37,92.77,10931
07/24/2024 24,36.75,92.77,10473
07/25/2024 01,29.58,92.74,10072
07/25/2024 02,21.16,92.74,9876
07/25/2024 03,14.05,92.73,9704
07/25/2024 04,14.97,92.73,9579
07/25/2024 05,11.29,92.72,9534
07/25/2024 06,11.36,92.71,9600
07/25/2024 07,13.9,92.69,9774
07/25/2024 08,21.2,92.7,10133
07/25/2024 09,34.41,92.72,10396
07/25/2024 10,21.71,92.73,10498
07/25/2024 11,12.37,92.72,10581
07/25/2024 12,14.73,92.7,10672
07/25/2024 13,9.07,92.68,10739
07/25/2024 14,5.82,92.63,10765
07/25/2024 15,6.15,92.57,10817
07/25/2024 16,0,92.48,10778
07/25/2024 17,0,92.38,10752
07/25/2024 18,6.4,92.29,10771
07/25/2024 19,1.89,92.09,10669
07/25/2024 20,3.52,91.9,10481
07/25/2024 21,14.45,90.83,10284
07/25/2024 22,25.5,90.52,10231
07/25/2024 23,22.98,90.34,10064
07/25/2024 24,9.13,90.3,9641
07/26/2024 01,3.28,90.21,9361
07/26/2024 02,0,90.17,9223
07/26/2024 03,0,90.14,9131
07/26/2024 04,0.55,90.11,9138
07/26/2024 05,5.52,90.09,9153
07/26/2024 06,0,90.06,9290
07/26/2024 07,0,90.02,9495
07/26/2024 08,0,89.98,9842
07/26/2024 09,0,89.94,10129
07/26/2024 10,2.57,89.91,10296
07/26/2024 11,6.18,89.87,10436
07/26/2024 12,8.07,89.81,10569
07/26/2024 13,17.72,89.77,10623
07/26/2024 14,12.17,89.75,10662
07/26/2024 15,10.23,89.73,10687
07/26/2024 16,8.42,89.67,10731
07/26/2024 17,7.3,89.29,10735
07/26/2024 18,7.56,89.11,10675
07/26/2024 19,8.78,89.07,10429
07/26/2024 20,13.57,89.04,10266
07/26/2024 21,18.57,89,10093
07/26/2024 22,19.75,88.98,9983
07/26/2024 23,19.19,88.98,9869
07/26/2024 24,19.41,88.99,9574
07/27/2024 01,17.29,88.99,9305
07/27/2024 02,14.35,88.99,9136
07/27/2024 03,12.48,88.99,8993
07/27/2024 04,9.57,88.98,8920
07/27/2024 05,11.56,88.97,8905
07/27/2024 06,9.42,88.95,8964
07/27/2024 07,8.57,88.92,8993
07/27/2024 08,10.18,88.9,9176
07/27/2024 09,14.1,88.88,9407
07/27/2024 10,15.96,88.86,9658
07/27/2024 11,12.58,88.85,9799
07/27/2024 12,14.71,88.83,9846
07/27/2024 13,15.06,88.82,9859
07/27/2024 14,14.63,88.81,9857
07/27/2024 15,17.05,88.8,9862
07/27/2024 16,15.2,88.78,9950
07/27/2024 17,17.74,88.78,10052
07/27/2024 18,26.08,88.8,10128
07/27/2024 19,44.16,88.84,10103
07/27/2024 20,54.31,88.89,10045
07/27/2024 21,50.63,88.94,9932
07/27/2024 22,57.3,89.01,9900
07/27/2024 23,36.62,89.05,9864
07/27/2024 24,23,89.08,9587
07/28/2024 01,16.93,89.1,9341
07/28/2024 02,13.92,89.12,9203
07/28/2024 03,9.44,89.13,9080
07/28/2024 04,10.28,89.14,8990
07/28/2024 05,9.16,89.15,8906
07/28/2024 06,12.05,89.17,8910
07/28/2024 07,9.43,89.18,8841
07/28/2024 08,7.83,89.19,8984
07/28/2024 09,7.62,89.19,9196
07/28/2024 10,16.55,89.19,9487
07/28/2024 11,16.99,89.2,9774
07/28/2024 12,16.31,89.21,9992
07/28/2024 13,16.99,89.22,10128
07/28/2024 14,17,89.22,10221
07/28/2024 15,18.15,89.22,10349
07/28/2024 16,21.65,89.23,10473
07/28/2024 17,32.22,89.23,10656
07/28/2024 18,32.52,89.23,10808
07/28/2024 19,50.72,89.24,10815
07/28/2024 20,47.17,89.2,10739
07/28/2024 21,90.36,89.21,10511
07/28/2024 22,45.05,89.22,10355
07/28/2024 23,25.41,89.21,10192
07/28/2024 24,17.53,89.19,9809
07/29/2024 01,18.3,89.18,9433
07/29/2024 02,17.67,89.18,9188
07/29/2024 03,14.6,89.17,9026
07/29/2024 04,14.8,89.16,8987
07/29/2024 05,13.42,89.15,9029
07/29/2024 06,17.06,89.16,9123
07/29/2024 07,17.18,89.16,9348
07/29/2024 08,22.76,89.18,9725
07/29/2024 09,41.13,89.22,10077
07/29/2024 10,35.56,89.25,10428
07/29/2024 11,30.53,89.27,10783
07/29/2024 12,28.61,89.29,11019
07/29/2024 13,34.2,89.31,11225
07/29/2024 14,34.91,89.33,11392
07/29/2024 15,37.94,89.36,11456
07/29/2024 16,30.65,89.38,11493
07/29/2024 17,25.18,89.39,11487
07/29/2024 18,36.12,89.41,11458
07/29/2024 19,39.68,89.45,11288
07/29/2024 20,34.83,89.47,11032
07/29/2024 21,22.3,89.47,10749
07/29/2024 22,16.29,89.47,10614
07/29/2024 23,10.47,89.46,10381
07/29/2024 24,17.33,89.47,10058
07/30/2024 01,17.36,89.48,9735
07/30/2024 02,15.74,89.49,9528
07/30/2024 03,13.93,89.51,9378
07/30/2024 04,16.37,89.53,9290
07/30/2024 05,17.08,89.55,9264
07/30/2024 06,26.34,89.58,9393
07/30/2024 07,35.44,89.62,9611
07/30/2024 08,50.13,89.68,9940
07/30/2024 09,57.12,89.74,10207
07/30/2024 10,39.92,89.77,10411
07/30/2024 11,38.98,89.79,10533
07/30/2024 12,45.01,89.81,10687
07/30/2024 13,52.79,89.85,10924
07/30/2024 14,74.02,89.91,11166
07/30/2024 15,104.65,90.02,11242
07/30/2024 16,94.32,90.11,11255
07/30/2024 17,95.41,90.2,11240
07/30/2024 18,39.54,90.21,11307
07/30/2024 19,50.29,90.25,11293
07/30/2024 20,103.79,90.35,11217
07/30/2024 21,108.57,90.46,10984
07/30/2024 22,65.45,90.52,10760
07/30/2024 23,34.65,90.53,10566
07/30/2024 24,28.71,90.55,10190
07/31/2024 01,30.53,90.57,9869
07/31/2024 02,29.35,90.59,9637
07/31/2024 03,27.11,90.6,9518
07/31/2024 04,18.53,90.61,9483
07/31/2024 05,15.24,90.61,9471
07/31/2024 06,15.74,90.62,9539
07/31/2024 07,19.34,90.62,9707
07/31/2024 08,26.99,90.64,10121
07/31/2024 09,30.75,90.66,10499
07/31/2024 10,42.22,90.7,10761
07/31/2024 11,47.97,90.74,10981
07/31/2024 12,45.41,90.78,11181
07/31/2024 13,30.44,90.8,11344
07/31/2024 14,32.39,90.83,11511
07/31/2024 15,38.61,90.87,11652
07/31/2024 16,37.93,90.9,11819
07/31/2024 17,40.26,90.93,11949
07/31/2024 18,36.11,90.95,11901
07/31/2024 19,35.61,90.96,11582
07/31/2024 20,29.44,90.95,11306
07/31/2024 21,31.36,90.93,11062
07/31/2024 22,35.81,90.92,10847
07/31/2024 23,23.67,90.91,10500
07/31/2024 24,15.59,90.9,10105
08/01/2024 01,12.66,90.88,9813
08/01/2024 02,9.49,90.88,9661
08/01/2024 03,10.1,90.88,9508
08/01/2024 04,13.32,90.89,9378
08/01/2024 05,31.37,90.92,9344
08/01/2024 06,38.93,90.97,9438
08/01/2024 07,39.51,91.02,9636
08/01/2024 08,40,91.05,10002
08/01/2024 09,34.08,91.06,10282
08/01/2024 10,32.11,91.06,10529
08/01/2024 11,31.73,91.07,10787
08/01/2024 12,31.5,91.08,11000
08/01/2024 13,32.18,91.09,11145
08/01/2024 14,37.23,91.11,11276
08/01/2024 15,33.15,91.12,11303
08/01/2024 16,34.88,91.13,11406
08/01/2024 17,37.72,91.11,11521
08/01/2024 18,57.78,91.17,11551
08/01/2024 19,51.91,91.21,11467
08/01/2024 20,507.83,91.84,11337
08/01/2024 21,821.27,92.7,11099
08/01/2024 22,284.86,92.94,10797
08/01/2024 23,31.37,92.93,10594
08/01/2024 24,17.13,92.88,10321
08/02/2024 01,15.69,92.86,9966
08/02/2024 02,16.89,92.86,9728
08/02/2024 03,18.23,92.86,9584
08/02/2024 04,23.72,92.88,9466
08/02/2024 05,28.45,92.9,9419
08/02/2024 06,36.66,92.93,9523
08/02/2024 07,24.16,92.93,9675
08/02/2024 08,21.18,92.92,10041
08/02/2024 09,16.15,92.88,10381
08/02/2024 10,14.91,92.87,10649
08/02/2024 11,15.01,92.85,10850
08/02/2024 12,19.41,92.83,11030
08/02/2024 13,21.34,92.83,11097
08/02/2024 14,30.93,92.84,11230
08/02/2024 15,30.14,92.85,11277
08/02/2024 16,39.82,92.88,11300
08/02/2024 17,45.82,92.92,11345
08/02/2024 18,124.66,93.07,11325
08/02/2024 19,175.32,93.3,11193
08/02/2024 20,158.49,93.5,11025
08/02/2024 21,40.77,93.52,10817
08/02/2024 22,21.91,93.51,10645
08/02/2024 23,18.83,93.5,10494
08/02/2024 24,26.45,93.5,10153
08/03/2024 01,109.46,93.61,9803
08/03/2024 02,18.57,93.62,9638
08/03/2024 03,15.66,93.62,9504
08/03/2024 04,18.6,93.63,9421
08/03/2024 05,19.35,93.63,9331
08/03/2024 06,17.38,93.62,9323
08/03/2024 07,14.38,93.6,9286
08/03/2024 08,14.63,93.58,9407
08/03/2024 09,20.97,93.56,9613
08/03/2024 10,26.06,93.54,9863
08/03/2024 11,31.59,93.53,10117
08/03/2024 12,39.15,93.55,10362
08/03/2024 13,28.66,93.55,10538
08/03/2024 14,38.55,93.55,10719
08/03/2024 15,28.62,93.56,10836
08/03/2024 16,30.54,93.57,10969
08/03/2024 17,19.85,93.56,11038
08/03/2024 18,16.26,93.54,10880
08/03/2024 19,8.35,93.47,10690
08/03/2024 20,7.39,93.17,10558
08/03/2024 21,9.14,92.78,10353
08/03/2024 22,24.78,92.62,10175
08/03/2024 23,92.98,92.64,10012
08/03/2024 24,166.32,92.8,9707
08/04/2024 01,145.97,92.97,9487
08/04/2024 02,31.73,92.99,9333
08/04/2024 03,44.44,93.04,9263
08/04/2024 04,34.18,93.07,9237
08/04/2024 05,225.41,93.37,9147
08/04/2024 06,57.1,93.43,9091
08/04/2024 07,40.52,93.45,9121
08/04/2024 08,27.39,93.45,9200
08/04/2024 09,29.12,93.45,9417
08/04/2024 10,30.14,93.41,9681
08/04/2024 11,30.02,93.35,9932
08/04/2024 12,30.31,93.32,10047
08/04/2024 13,30.37,93.29,10191
08/04/2024 14,30.73,93.27,10302
08/04/2024 15,35.54,93.27,10413
08/04/2024 16,39.13,93.28,10461
08/04/2024 17,51.16,93.31,10496
08/04/2024 18,49.54,93.34,10505
08/04/2024 19,34.12,93.32,10423
08/04/2024 20,24.14,93.22,10191
08/04/2024 21,9.82,93.04,10091
08/04/2024 22,7.69,92.91,10186
08/04/2024 23,13.7,92.87,10042
08/04/2024 24,17.21,92.85,9758
08/05/2024 01,22.81,92.85,9497
08/05/2024 02,29.24,92.86,9367
08/05/2024 03,29.83,92.87,9212
08/05/2024 04,30.05,92.89,9108
08/05/2024 05,30.47,92.92,9085
08/05/2024 06,30.9,92.95,9128
08/05/2024 07,34.31,92.99,9221
08/05/2024 08,30.93,93.02,9312
08/05/2024 09,30.12,93.05,9468
08/05/2024 10,28.06,93.05,9625
08/05/2024 11,27.83,93.05,9834
08/05/2024 12,25.38,93.05,9980
08/05/2024 13,29.8,93.05,10092
08/05/2024 14,31.5,93.06,10193
08/05/2024 15,31.46,93.06,10260
08/05/2024 16,31.44,93.07,10345
08/05/2024 17,31,93.02,10485
08/05/2024 18,31.09,93.01,10546
08/05/2024 19,30.85,92.97,10454
08/05/2024 20,31.07,92.9,10294
08/05/2024 21,31.39,92.19,10196
08/05/2024 22,30.8,91.54,10130
08/05/2024 23,24.22,91,9884
08/05/2024 24,11.55,90.75,9564
08/06/2024 01,7.72,90.65,9291
08/06/2024 02,16.9,90.63,9051
08/06/2024 03,27.48,90.63,9016
08/06/2024 04,29.76,90.63,8998
08/06/2024 05,30.93,90.64,9029
08/06/2024 06,30.83,90.64,9165
08/06/2024 07,29.85,90.65,9378
08/06/2024 08,32.17,90.65,9687
08/06/2024 09,31.33,90.66,9912
08/06/2024 10,31.29,90.67,10109
08/06/2024 11,30.74,90.67,10237
08/06/2024 12,31.91,90.68,10346
08/06/2024 13,31.94,90.68,10420
08/06/2024 14,30.53,90.69,10440
08/06/2024 15,30.28,90.69,10458
08/06/2024 16,29.23,90.69,10473
08/06/2024 17,29.08,90.69,10489
08/06/2024 18,28.4,90.69,10523
08/06/2024 19,30.09,90.65,10393
08/06/2024 20,30.32,90.46,10166
08/06/2024 21,101.37,90.38,10104
08/06/2024 22,39.73,90.26,10044
08/06/2024 23,51.31,90.28,9888
08/06/2024 24,36.05,90.3,9588
08/07/2024 01,36.51,90.32,9365
08/07/2024 02,31.91,90.35,9223
08/07/2024 03,30.46,90.37,9135
08/07/2024 04,30.32,90.39,9138
08/07/2024 05,31.42,90.41,9179
08/07/2024 06,30.22,90.42,9308
08/07/2024 07,30.25,90.43,9513
08/07/2024 08,32.87,90.44,9810
08/07/2024 09,32.83,90.45,10010
08/07/2024 10,32.46,90.29,10124
08/07/2024 11,32.92,90,10215
08/07/2024 12,33.38,89.49,10265
08/07/2024 13,31.67,89.22,10335
08/07/2024 14,29.98,88.85,10340
08/07/2024 15,29.32,88.32,10319
08/07/2024 16,27.54,87.97,10318
08/07/2024 17,27.71,87.6,10418
08/07/2024 18,29.08,87.04,10489
08/07/2024 19,30.58,86.06,10365
08/07/2024 20,29.39,84.93,10224
08/07/2024 21,29.7,83.58,10083
08/07/2024 22,31.14,82.31,10039
08/07/2024 23,31.08,81.48,9848
08/07/2024 24,30.87,81.31,9571
08/08/2024 01,35.1,81.27,9342
08/08/2024 02,43.66,81.29,9258
08/08/2024 03,40.59,81.3,9160
08/08/2024 04,35.6,81.31,9095
08/08/2024 05,32.81,81.32,9105
08/08/2024 06,36.61,81.32,9203
08/08/2024 07,32.64,81.31,9351
08/08/2024 08,29.46,81.31,9607
08/08/2024 09,28.49,81.31,9818
08/08/2024 10,28.45,81.32,10031
08/08/2024 11,28.47,81.27,10181
08/08/2024 12,31.3,81.05,10325
08/08/2024 13,33.36,80.82,10409
08/08/2024 14,41.49,80.14,10487
08/08/2024 15,51.19,79.06,10448
08/08/2024 16,62.29,78.11,10479
08/08/2024 17,34.73,77.17,10560
08/08/2024 18,34.89,76.39,10622
08/08/2024 19,34.01,75.64,10500
08/08/2024 20,43.06,75.18,10412
08/08/2024 21,40.45,74.76,10234
08/08/2024 22,32.86,74.73,10170
08/08/2024 23,28.17,74.73,9983
08/08/2024 24,20.14,74.74,9637
08/09/2024 01,18.44,74.76,9378
08/09/2024 02,13,74.76,9154
08/09/2024 03,18.47,74.77,9131
08/09/2024 04,19.77,74.78,9117
08/09/2024 05,19.99,74.79,9120
08/09/2024 06,26.89,74.81,9220
08/09/2024 07,31.45,74.84,9360
08/09/2024 08,31.24,74.87,9690
08/09/2024 09,30.83,74.9,9921
08/09/2024 10,32.38,74.92,10134
08/09/2024 11,31.95,74.93,10302
08/09/2024 12,32.17,74.94,10424
08/09/2024 13,32.85,74.95,10445
08/09/2024 14,34.32,74.92,10532
08/09/2024 15,37.1,74.64,10561
08/09/2024 16,36.49,73.99,10627
08/09/2024 17,34.99,73.16,10722
08/09/2024 18,35.19,72.57,10738
08/09/2024 19,39.48,71.68,10610
08/09/2024 20,61.57,70.38,10456
08/09/2024 21,38.45,69.4,10238
08/09/2024 22,30.83,69.12,10107
08/09/2024 23,23,69.05,9920
08/09/2024 24,20.92,69.03,9619
08/10/2024 01,14.3,69.01,9387
08/10/2024 02,8.64,68.99,9220
08/10/2024 03,9.51,68.96,9106
08/10/2024 04,8.04,68.93,8991
08/10/2024 05,8.3,68.9,8900
08/10/2024 06,14.15,68.88,8928
08/10/2024 07,17.64,68.86,8897
08/10/2024 08,16.84,68.84,9060
08/10/2024 09,21.81,68.81,9359
08/10/2024 10,30.77,68.72,9598
08/10/2024 11,30.91,68.7,9814
08/10/2024 12,31.96,68.68,9963
08/10/2024 13,31.93,68.68,10133
08/10/2024 14,32.93,68.63,10192
08/10/2024 15,35.12,68.49,10275
08/10/2024 16,49.43,68.4,10363
08/10/2024 17,55.38,68.31,10459
08/10/2024 18,79.5,68.1,10584
08/10/2024 19,49.93,67.79,10494
08/10/2024 20,35.89,67.46,10303
08/10/2024 21,24.62,67.32,10103
08/10/2024 22,20.28,67.27,10052
08/10/2024 23,17.63,67.25,9901
08/10/2024 24,16.71,67.24,9653
08/11/2024 01,10.29,67.24,9409
08/11/2024 02,16.77,67.24,9128
08/11/2024 03,15.97,67.26,8969
08/11/2024 04,14.07,67.28,8929
08/11/2024 05,18.68,67.29,8850
08/11/2024 06,19.87,67.31,8864
08/11/2024 07,19.91,67.33,8833
08/11/2024 08,19.94,67.34,8952
08/11/2024 09,30.07,67.36,9154
08/11/2024 10,31.88,67.38,9417
08/11/2024 11,30.4,67.4,9707
08/11/2024 12,21.91,67.41,9921
08/11/2024 13,24.3,67.41,10149
08/11/2024 14,32.66,67.43,10292
08/11/2024 15,33.11,67.45,10354
08/11/2024 16,33.66,67.46,10503
08/11/2024 17,86.48,67.54,10645
08/11/2024 18,48.93,67.56,10780
08/11/2024 19,576.84,68.27,10641
08/11/2024 20,158.8,68.42,10479
08/11/2024 21,56.41,68.41,10364
08/11/2024 22,28.16,68.37,10332
08/11/2024 23,20.12,68.36,10062
08/11/2024 24,15.48,68.35,9671
08/12/2024 01,28.67,68.36,9411
08/12/2024 02,27.53,68.37,9215
08/12/2024 03,28.06,68.39,9104
08/12/2024 04,30.18,68.41,9025
08/12/2024 05,30.51,68.42,9030
08/12/2024 06,31.71,68.43,9140
08/12/2024 07,32.09,68.44,9365
08/12/2024 08,26.77,68.46,9666
08/12/2024 09,25.63,68.45,9918
08/12/2024 10,26.17,68.45,10177
08/12/2024 11,20.07,68.43,10476
08/12/2024 12,22.67,68.42,10762
08/12/2024 13,25.86,68.43,10921
08/12/2024 14,32.14,68.44,11029
08/12/2024 15,32.87,68.47,11154
08/12/2024 16,31.82,68.5,11262
08/12/2024 17,30.72,68.53,11192
08/12/2024 18,31.94,68.55,11112
08/12/2024 19,30,68.55,10883
08/12/2024 20,28.75,68.55,10701
08/12/2024 21,30,68.56,10516
08/12/2024 22,30.3,68.57,10479
08/12/2024 23,30.74,68.59,10217
08/12/2024 24,33.2,68.61,9807
08/13/2024 01,34.51,68.62,9490
08/13/2024 02,31.67,68.62,9275
08/13/2024 03,25.43,68.62,9070
08/13/2024 04,25.61,68.62,9002
08/13/2024 05,22.28,68.61,9040
08/13/2024 06,20.1,68.61,9143
08/13/2024 07,29.96,68.63,9277
08/13/2024 08,30.56,68.65,9579
08/13/2024 09,31.11,68.67,9828
08/13/2024 10,31.63,68.69,10024
08/13/2024 11,30.2,68.72,10250
08/13/2024 12,32.4,68.74,10488
08/13/2024 13,31.83,68.75,10636
08/13/2024 14,32.73,68.76,10837
08/13/2024 15,34.83,68.78,10971
08/13/2024 16,146.99,68.96,11048
08/13/2024 17,49.15,69,11165
08/13/2024 18,49.38,69.04,11203
08/13/2024 19,117.68,69.16,11013
08/13/2024 20,283.04,69.52,10805
08/13/2024 21,160.15,69.7,10536
08/13/2024 22,170.6,69.89,10446
08/13/2024 23,100.41,69.99,10130
08/13/2024 24,32.29,69.99,9754
08/14/2024 01,31.87,69.99,9458
08/14/2024 02,31.85,69.99,9322
08/14/2024 03,32.43,69.99,9251
08/14/2024 04,31.24,70,9154
08/14/2024 05,24.51,70.01,9073
08/14/2024 06,20.89,70.01,9146
08/14/2024 07,21.01,70.01,9344
08/14/2024 08,25,70.02,9605
08/14/2024 09,27.04,70.03,9807
08/14/2024 10,31.4,70.05,9982
08/14/2024 11,31.94,70.07,10173
08/14/2024 12,31.94,70.08,10324
08/14/2024 13,32.57,70.08,10444
08/14/2024 14,32.66,70.05,10537
08/14/2024 15,32,70.05,10667
08/14/2024 16,30.75,70,10776
08/14/2024 17,27.74,69.94,10898
08/14/2024 18,31.97,69.8,10956
08/14/2024 19,32.12,69.71,10777
08/14/2024 20,59.3,69.42,10636
08/14/2024 21,42.19,69.09,10466
08/14/2024 22,102.44,68.76,10404
08/14/2024 23,75.86,68.73,10104
08/14/2024 24,36.03,68.7,9716
08/15/2024 01,32.85,68.69,9469
08/15/2024 02,33.48,68.69,9328
08/15/2024 03,34.28,68.69,9246
08/15/2024 04,33.48,68.7,9153
08/15/2024 05,33.44,68.7,9158
08/15/2024 06,32.13,68.7,9231
08/15/2024 07,32.78,68.7,9381
08/15/2024 08,32.83,68.7,9695
08/15/2024 09,32.82,68.69,9937
08/15/2024 10,32.82,68.7,10114
08/15/2024 11,33.1,68.68,10291
08/15/2024 12,32.64,68.67,10459
08/15/2024 13,33.54,68.57,10661
08/15/2024 14,35.43,68.39,10808
08/15/2024 15,63.23,68.25,10888
08/15/2024 16,51.17,68.07,10989
08/15/2024 17,35.48,67.26,11103
08/15/2024 18,31.38,66.37,11058
08/15/2024 19,31.97,65.41,10847
08/15/2024 20,31.73,64.25,10657
08/15/2024 21,30.73,63.19,10531
08/15/2024 22,22.39,62.77,10408
08/15/2024 23,12.44,62.72,10094
08/15/2024 24,9.52,62.69,9806
08/16/2024 01,20.77,62.69,9595
08/16/2024 02,15.9,62.68,9417
08/16/2024 03,14.39,62.67,9252
08/16/2024 04,22.88,62.68,9184
08/16/2024 05,32.14,62.69,9188
08/16/2024 06,31.17,62.7,9252
08/16/2024 07,20.09,62.69,9408
08/16/2024 08,19.1,62.68,9672
08/16/2024 09,26.78,62.66,9955
08/16/2024 10,28.98,62.63,10128
08/16/2024 11,26.62,62.49,10276
08/16/2024 12,23.11,62.32,10372
08/16/2024 13,26.63,61.85,10392
08/16/2024 14,29.85,61.2,10381
08/16/2024 15,27.97,60.31,10351
08/16/2024 16,28.75,59.28,10384
08/16/2024 17,29.46,58.29,10366
08/16/2024 18,83.37,57.07,10243
08/16/2024 19,30.37,56.13,10067
08/16/2024 20,127.41,55.75,9938
08/16/2024 21,25.5,55.67,9888
08/16/2024 22,28.83,55.67,9878
08/16/2024 23,29.04,55.67,9674
08/16/2024 24,29.65,55.68,9434
08/17/2024 01,32.44,55.71,9179
08/17/2024 02,30.35,55.73,9016
08/17/2024 03,40.36,55.76,8941
08/17/2024 04,40.47,55.77,8891
08/17/2024 05,40.26,55.79,8853
08/17/2024 06,33.21,55.79,8857
08/17/2024 07,30.96,55.79,8899
08/17/2024 08,18.85,55.77,9048
08/17/2024 09,17.57,55.74,9315
08/17/2024 10,17.72,55.64,9517
08/17/2024 11,21.85,55.55,9707
08/17/2024 12,24.68,55.49,9843
08/17/2024 13,25.51,55.47,9930
08/17/2024 14,25.85,55.37,9965
08/17/2024 15,32.6,54.74,9999
08/17/2024 16,40.8,53.75,10072
08/17/2024 17,38.17,52.59,10125
08/17/2024 18,26.19,51.37,10096
08/17/2024 19,36.07,50.35,10065
08/17/2024 20,42.14,49.55,10025
08/17/2024 21,42.23,48.87,9900
08/17/2024 22,42.69,48.4,9874
08/17/2024 23,42.1,48.23,9674
08/17/2024 24,39.95,48.23,9376
08/18/2024 01,29.39,48.19,9060
08/18/2024 02,36.87,48.19,8875
08/18/2024 03,32.82,48.19,8743
08/18/2024 04,32.82,48.19,8696
08/18/2024 05,32.82,48.19,8705
08/18/2024 06,32.63,48.19,8765
08/18/2024 07,40.48,48.19,8805
08/18/2024 08,36.92,48.2,8870
08/18/2024 09,16.82,48.18,9053
08/18/2024 10,16.66,48.16,9277
08/18/2024 11,26.73,48.1,9521
08/18/2024 12,38.66,48.04,9746
08/18/2024 13,41.2,48,9896
08/18/2024 14,41.39,47.7,10012
08/18/2024 15,39.38,47.24,10145
08/18/2024 16,33.65,46.76,10265
08/18/2024 17,36.14,46.17,10486
08/18/2024 18,41.29,45.64,10594
08/18/2024 19,40.88,45.27,10525
08/18/2024 20,41.83,44.86,10433
08/18/2024 21,38.56,44.41,10331
08/18/2024 22,27.02,44.1,10305
08/18/2024 23,19.42,43.91,9995
08/18/2024 24,18.66,43.79,9633
08/19/2024 01,6.78,43.74,9385
08/19/2024 02,5.67,43.68,9202
08/19/2024 03,7,43.64,9095
08/19/2024 04,5.11,43.6,9001
08/19/2024 05,8.46,43.56,8946
08/19/2024 06,20.48,43.54,9090
08/19/2024 07,30.92,43.54,9384
08/19/2024 08,14.55,43.52,9666
08/19/2024 09,20.21,43.51,10050
08/19/2024 10,19.07,43.49,10266
08/19/2024 11,23.77,43.48,10465
08/19/2024 12,31.24,43.47,10669
08/19/2024 13,40.73,43.47,10846
08/19/2024 14,41.96,43.46,11067
08/19/2024 15,69.03,43.43,11173
08/19/2024 16,172.23,43.44,11216
08/19/2024 17,230.89,43.48,11312
08/19/2024 18,159.3,43.27,11386
08/19/2024 19,171.45,43,11215
08/19/2024 20,128.58,42.83,11011
08/19/2024 21,129.18,42.69,10818
08/19/2024 22,16.61,42.43,10742
08/19/2024 23,6.31,42.32,10414
08/19/2024 24,5.99,42.22,10058
08/20/2024 01,7.73,42.17,9739
08/20/2024 02,0.03,42.11,9511
08/20/2024 03,29.74,42.09,9275
08/20/2024 04,0,42.03,9242
08/20/2024 05,0,41.97,9255
08/20/2024 06,0,41.91,9304
08/20/2024 07,2.52,41.86,9576
08/20/2024 08,9.41,41.82,9867
08/20/2024 09,22.25,41.79,10088
08/20/2024 10,22.28,41.76,10333
08/20/2024 11,28.06,41.73,10549
08/20/2024 12,118.68,41.73,10700
08/20/2024 13,46.27,41.52,10792
08/20/2024 14,26.93,41.38,10981
08/20/2024 15,22.54,41.22,11156
08/20/2024 16,16.43,40.97,11204
08/20/2024 17,21.7,40.85,11232
08/20/2024 18,21.99,40.49,11261
08/20/2024 19,22.7,40.19,11129
08/20/2024 20,121.56,40.17,10932
08/20/2024 21,154.51,40.14,10654
08/20/2024 22,93,40.07,10530
08/20/2024 23,70.59,40.07,10189
08/20/2024 24,89.26,40.15,9831
08/21/2024 01,77.82,40.22,9439
08/21/2024 02,29.56,40.21,9263
08/21/2024 03,27.48,40.21,9134
08/21/2024 04,27.09,40.2,9080
08/21/2024 05,24.59,40.18,8997
08/21/2024 06,17.49,40.15,9090
08/21/2024 07,25.07,40.12,9196
08/21/2024 08,22.65,40.09,9532
08/21/2024 09,24.76,40.07,9815
08/21/2024 10,24.47,40.04,10015
08/21/2024 11,20.32,40.01,10167
08/21/2024 12,14.93,39.96,10391
08/21/2024 13,15.51,39.9,10460
08/21/2024 14,12.83,39.77,10558
08/21/2024 15,16.33,39.55,10635
08/21/2024 16,0.8,39.29,10644
08/21/2024 17,2.94,38.84,10651
08/21/2024 18,8.05,38.65,10682
08/21/2024 19,0,38.58,10596
08/21/2024 20,7.64,38.55,10349
08/21/2024 21,25.45,38.5,10181
08/21/2024 22,134.22,38.64,10106
08/21/2024 23,71.93,38.71,9821
08/21/2024 24,26.33,38.72,9541
08/22/2024 01,21.32,38.73,9304
08/22/2024 02,18.41,38.74,9097
08/22/2024 03,23.14,38.75,9013
08/22/2024 04,23.18,38.77,9010
08/22/2024 05,23.03,38.78,8998
08/22/2024 06,23.19,38.8,9117
08/22/2024 07,24.24,38.81,9355
08/22/2024 08,22.54,38.82,9540
08/22/2024 09,22.04,38.83,9756
08/22/2024 10,21.32,38.84,9900
08/22/2024 11,21.32,38.84,10007
08/22/2024 12,22.37,38.83,10113
08/22/2024 13,23.73,38.82,10265
08/22/2024 14,25.45,38.77,10261
08/22/2024 15,25.3,38.74,10297
08/22/2024 16,22.96,38.7,10457
08/22/2024 17,26.57,38.7,10553
08/22/2024 18,55.99,38.64,10587
08/22/2024 19,37.1,38.52,10487
08/22/2024 20,199.56,38.07,10332
08/22/2024 21,82.52,37.01,10212
08/22/2024 22,34.29,36.9,10179
08/22/2024 23,16.97,36.85,9908
08/22/2024 24,8.98,36.82,9560
08/23/2024 01,5.62,36.77,9334
08/23/2024 02,2.7,36.71,9211
08/23/2024 03,0,36.66,9111
08/23/2024 04,0,36.6,9008
08/23/2024 05,0,36.55,8999
08/23/2024 06,0,36.5,9090
08/23/2024 07,0,36.41,9345
08/23/2024 08,7.61,36.25,9620
08/23/2024 09,17.74,36.14,9827
08/23/2024 10,22.53,36.1,9967
08/23/2024 11,23.04,36.08,10115
08/23/2024 12,22.23,36.06,10287
08/23/2024 13,20.67,36.03,10435
08/23/2024 14,19.99,36,10616
08/23/2024 15,20.11,35.95,10715
08/23/2024 16,22.42,35.9,10880
08/23/2024 17,22.45,35.87,10982
08/23/2024 18,31.59,35.86,10991
08/23/2024 19,35.25,35.85,10851
08/23/2024 20,22.68,35.78,10656
08/23/2024 21,21.26,35.68,10491
08/23/2024 22,10.97,35.62,10411
08/23/2024 23,69.57,35.66,10133
08/23/2024 24,1.25,35.61,9812
08/24/2024 01,2.68,35.57,9494
08/24/2024 02,8.41,35.56,9225
08/24/2024 03,1.46,35.54,9111
08/24/2024 04,0,35.52,9030
08/24/2024 05,0,35.5,8954
08/24/2024 06,0,35.49,9021
08/24/2024 07,0,35.47,9043
08/24/2024 08,0,35.44,9140
08/24/2024 09,0,35.39,9373
08/24/2024 10,0,35.36,9598
08/24/2024 11,0,35.34,9795
08/24/2024 12,0,35.32,9911
08/24/2024 13,0,35.31,10044
08/24/2024 14,0,35.3,10108
08/24/2024 15,0,35.29,10135
08/24/2024 16,0,35.29,10182
08/24/2024 17,0,35.29,10246
08/24/2024 18,0,35.28,10211
08/24/2024 19,0,35.28,10134
08/24/2024 20,0.22,35.28,10021
08/24/2024 21,2.91,35.26,9953
08/24/2024 22,3.21,35.23,9911
08/24/2024 23,0,35.2,9650
08/24/2024 24,0,35.19,9335
08/25/2024 01,0,35.18,9070
08/25/2024 02,0,35.18,9014
08/25/2024 03,0,35.18,8944
08/25/2024 04,0,35.18,8916
08/25/2024 05,0,35.17,8897
08/25/2024 06,0,35.17,8913
08/25/2024 07,10.88,35.19,8875
08/25/2024 08,12.65,35.21,8913
08/25/2024 09,11.82,35.22,9109
08/25/2024 10,0,35.22,9330
08/25/2024 11,4.67,35.22,9508
08/25/2024 12,14.36,35.22,9645
08/25/2024 13,19.52,35.23,9736
08/25/2024 14,21.19,35.24,9824
08/25/2024 15,21.55,35.26,9893
08/25/2024 16,20.12,35.27,10003
08/25/2024 17,21.58,35.29,10150
08/25/2024 18,20.88,35.31,10303
08/25/2024 19,23.2,35.33,10297
08/25/2024 20,29.5,35.35,10187
08/25/2024 21,45.51,35.39,10069
08/25/2024 22,36.35,35.41,9997
08/25/2024 23,23.54,35.42,9639
08/25/2024 24,20.97,35.42,9279
08/26/2024 01,20.37,35.43,9052
08/26/2024 02,21.04,35.43,8916
08/26/2024 03,18.68,35.44,8820
08/26/2024 04,17.04,35.45,8757
08/26/2024 05,14.64,35.46,8745
08/26/2024 06,10.18,35.46,8889
08/26/2024 07,13.77,35.47,9130
08/26/2024 08,16.87,35.48,9462
08/26/2024 09,13.65,35.47,9743
08/26/2024 10,18.72,35.48,9965
08/26/2024 11,19.28,35.49,10156
08/26/2024 12,19.72,35.49,10330
08/26/2024 13,21.58,35.5,10416
08/26/2024 14,19.45,35.51,10569
08/26/2024 15,20.75,35.52,10734
08/26/2024 16,22.95,35.53,10855
08/26/2024 17,23.23,35.53,10928
08/26/2024 18,21.83,35.53,11057
08/26/2024 19,28.72,35.51,10940
08/26/2024 20,42.38,35.49,10712
08/26/2024 21,22.3,35.45,10523
08/26/2024 22,25.57,35.41,10381
08/26/2024 23,16.86,35.38,10071
08/26/2024 24,14.78,35.37,9734
08/27/2024 01,6.6,35.35,9476
08/27/2024 02,7.95,35.35,9229
08/27/2024 03,4.67,35.34,9072
08/27/2024 04,4.64,35.33,9016
08/27/2024 05,3.11,35.32,9040
08/27/2024 06,1.25,35.31,9192
08/27/2024 07,5.59,35.3,9480
08/27/2024 08,3.29,35.3,9817
08/27/2024 09,4.49,35.29,10041
08/27/2024 10,6.95,35.28,10171
08/27/2024 11,10.65,35.27,10298
08/27/2024 12,6.74,35.26,10386
08/27/2024 13,6.63,35.24,10410
08/27/2024 14,11.9,35.23,10534
08/27/2024 15,2.43,35.21,10648
08/27/2024 16,2.59,35.19,10661
08/27/2024 17,8.91,35.15,10679
08/27/2024 18,17.49,35.13,10649
08/27/2024 19,23.87,35.1,10446
08/27/2024 20,20.75,35.06,10321
08/27/2024 21,17.96,34.96,10292
08/27/2024 22,10.83,34.91,10197
08/27/2024 23,4.2,34.88,9866
08/27/2024 24,11.43,34.87,9550
08/28/2024 01,19.8,34.88,9293
08/28/2024 02,31.42,34.89,9107
08/28/2024 03,180.41,35.12,9007
08/28/2024 04,129.72,35.28,8956
08/28/2024 05,24.64,35.3,8997
08/28/2024 06,19.78,35.3,9133
08/28/2024 07,17.33,35.3,9468
08/28/2024 08,21.07,35.3,9781
08/28/2024 09,76.28,35.35,10009
08/28/2024 10,74.18,35.4,10166
08/28/2024 11,24.33,35.4,10292
08/28/2024 12,14.08,35.37,10362
08/28/2024 13,21.47,35.36,10342
08/28/2024 14,24.47,35.34,10299
08/28/2024 15,26.52,35.33,10326
08/28/2024 16,26.12,35.32,10339
08/28/2024 17,54.46,35.36,10381
08/28/2024 18,198.84,35.59,10308
08/28/2024 19,25.09,35.57,10170
08/28/2024 20,17.57,35.54,10052
08/28/2024 21,20.54,35.54,10015
08/28/2024 22,23.21,35.55,9975
08/28/2024 23,21.38,35.57,9644
08/28/2024 24,11.91,35.56,9313
08/29/2024 01,12.88,35.55,9135
08/29/2024 02,7.35,35.54,9039
08/29/2024 03,6.52,35.53,8998
08/29/2024 04,4.52,35.51,8923
08/29/2024 05,3.28,35.49,8978
08/29/2024 06,0,35.46,9169
08/29/2024 07,3.77,35.41,9473
08/29/2024 08,6.39,35.35,9751
08/29/2024 09,0,35.27,9929
08/29/2024 10,6.31,35.23,10015
08/29/2024 11,12.81,35.19,10130
08/29/2024 12,14.81,35.15,10252
08/29/2024 13,12.48,35.09,10317
08/29/2024 14,11.52,35.01,10450
08/29/2024 15,4.83,34.87,10513
08/29/2024 16,4.56,34.74,10559
08/29/2024 17,4.5,34.62,10692
08/29/2024 18,4.68,34.57,10765
08/29/2024 19,17.18,34.52,10666
08/29/2024 20,332.32,34.84,10523
08/29/2024 21,135.07,34.88,10342
08/29/2024 22,97.6,34.92,10216
08/29/2024 23,18.37,34.9,9869
08/29/2024 24,20.09,34.89,9553
08/30/2024 01,16.86,34.87,9317
08/30/2024 02,14.56,34.85,9159
08/30/2024 03,16.7,34.83,9049
08/30/2024 04,20.68,34.83,9005
08/30/2024 05,24.84,34.85,9055
08/30/2024 06,30.57,34.87,9198
08/30/2024 07,60.4,34.93,9469
08/30/2024 08,24.63,34.92,9745
08/30/2024 09,23,34.91,9910
08/30/2024 10,23.82,34.89,10041
08/30/2024 11,23.04,34.85,10244
08/30/2024 12,18.03,34.81,10375
08/30/2024 13,17.79,34.8,10411
08/30/2024 14,13.56,34.77,10449
08/30/2024 15,8.98,34.73,10471
08/30/2024 16,9.72,34.69,10549
08/30/2024 17,7.75,34.64,10639
08/30/2024 18,7.25,34.6,10560
08/30/2024 19,13.8,34.57,10394
08/30/2024 20,43.49,34.59,10291
08/30/2024 21,32.38,34.6,10189
08/30/2024 22,21.82,34.58,10089
08/30/2024 23,24.23,34.58,9851
08/30/2024 24,19.93,34.58,9530
08/31/2024 01,14.97,34.59,9262
08/31/2024 02,9.42,34.59,9117
08/31/2024 03,8.7,34.58,9008
08/31/2024 04,14.77,34.59,8889
08/31/2024 05,19.46,34.57,8932
08/31/2024 06,22.61,34.55,8974
08/31/2024 07,22.99,34.52,9044
08/31/2024 08,23.16,34.5,9151
08/31/2024 09,22.33,34.48,9352
08/31/2024 10,21.51,34.47,9503
08/31/2024 11,19.13,34.45,9631
08/31/2024 12,17.6,34.43,9701
08/31/2024 13,11.99,34.4,9794
08/31/2024 14,14.21,34.37,9891
08/31/2024 15,17,34.35,9950
08/31/2024 16,21.13,34.33,10119
08/31/2024 17,25.96,34.31,10266
08/31/2024 18,23.07,34.27,10327
08/31/2024 19,49.55,34.26,10374
08/31/2024 20,110.22,33.71,10279
08/31/2024 21,59.58,32.65,10162
08/31/2024 22,18.03,32.28,10055
08/31/2024 23,14.42,32.26,9798
08/31/2024 24,9.79,32.25,9513
09/01/2024 01,2.41,32.23,9328
09/01/2024 02,0.01,32.21,9255
09/01/2024 03,2.72,32.18,9136
09/01/2024 04,0.02,32.15,9034
09/01/2024 05,0.02,32.11,9025
09/01/2024 06,0.02,32.06,9002
09/01/2024 07,0,32.03,8999
09/01/2024 08,0,32,9018
09/01/2024 09,1.23,31.98,9167
09/01/2024 10,12.23,31.97,9407
09/01/2024 11,15.04,31.97,9682
09/01/2024 12,16.22,31.97,9870
09/01/2024 13,18.49,31.97,10053
09/01/2024 14,24.2,31.96,10209
09/01/2024 15,41.17,31.97,10353
09/01/2024 16,67.51,32.01,10443
09/01/2024 17,456.4,32.58,10577
09/01/2024 18,376.64,32.93,10694
09/01/2024 19,966.38,34.03,10633
09/01/2024 20,964.47,35.15,10445
09/01/2024 21,960,36.43,10247
09/01/2024 22,803.53,37.51,10064
09/01/2024 23,42.35,37.54,9813
09/01/2024 24,49.23,37.58,9555
09/02/2024 01,27.3,37.46,9330
09/02/2024 02,26.55,37.47,9137
09/02/2024 03,26.69,37.49,8986
09/02/2024 04,20.75,37.49,8920
09/02/2024 05,18.85,37.49,8897
09/02/2024 06,16.39,37.49,8902
09/02/2024 07,14.21,37.49,8945
09/02/2024 08,17.84,37.49,8978
09/02/2024 09,14.65,37.48,9196
09/02/2024 10,15.31,37.47,9515
09/02/2024 11,21.09,37.45,9864
09/02/2024 12,23.12,37.43,10187
09/02/2024 13,26.49,37.43,10474
09/02/2024 14,27.61,37.41,10648
09/02/2024 15,46.06,37.44,10787
09/02/2024 16,160.28,37.62,10832
09/02/2024 17,268.09,37.96,10954
09/02/2024 18,899.96,39.19,10889
09/02/2024 19,888.96,40.41,10682
09/02/2024 20,774.65,41.48,10466
09/02/2024 21,543.75,42.22,10394
09/02/2024 22,47.17,42.25,10226
09/02/2024 23,31.84,42.17,9938
09/02/2024 24,19.7,41.96,9547
09/03/2024 01,20.2,41.79,9267
09/03/2024 02,20.35,41.77,9133
09/03/2024 03,4.95,41.72,9025
09/03/2024 04,0,41.67,8979
09/03/2024 05,0,41.36,8967
09/03/2024 06,3.84,41.28,9134
09/03/2024 07,22.76,41.26,9535
09/03/2024 08,27.09,41.26,9894
09/03/2024 09,23.35,41.25,10020
09/03/2024 10,21.38,41.24,10178
09/03/2024 11,18.93,41.22,10438
09/03/2024 12,20.76,41.21,10588
09/03/2024 13,27.14,41.21,10638
09/03/2024 14,59.43,41.25,10804
09/03/2024 15,35.49,41.25,10895
09/03/2024 16,28.65,41.23,10909
09/03/2024 17,28.47,41.2,10993
09/03/2024 18,25.24,41.17,10978
09/03/2024 19,194.83,41.39,10761
09/03/2024 20,187.45,41.62,10565
09/03/2024 21,396.01,42.15,10386
09/03/2024 22,54.18,42.22,10252
09/03/2024 23,53.49,42.27,9955
09/03/2024 24,19.95,42.28,9561
09/04/2024 01,23.48,42.28,9299
09/04/2024 02,18.06,42.26,9124
09/04/2024 03,8,42.23,8996
09/04/2024 04,2.29,42.19,8870
09/04/2024 05,0.73,42.15,8899
09/04/2024 06,3.82,42.11,9014
09/04/2024 07,3.78,42.07,9365
09/04/2024 08,6.86,42.04,9682
09/04/2024 09,22.29,42.03,9784
09/04/2024 10,39.6,42.04,9956
09/04/2024 11,28.78,42.04,9989
09/04/2024 12,29.01,42.05,10066
09/04/2024 13,18.98,42.03,10169
09/04/2024 14,15.93,42.01,10183
09/04/2024 15,17.03,41.99,10206
09/04/2024 16,13.85,41.97,10080
09/04/2024 17,17,41.95,10233
09/04/2024 18,19.97,41.93,10463
09/04/2024 19,67.56,41.98,10272
09/04/2024 20,42,42,10161
09/04/2024 21,40.86,42.01,10065
09/04/2024 22,31.72,42.01,9977
09/04/2024 23,30.61,42.02,9617
09/04/2024 24,28.77,42.05,9229
09/05/2024 01,26.04,42.07,9020
09/05/2024 02,27.01,42.09,8903
09/05/2024 03,22.85,42.08,8801
09/05/2024 04,23.42,42.07,8782
09/05/2024 05,21.72,42.06,8810
09/05/2024 06,18.53,42.04,8998
09/05/2024 07,11.47,42.02,9375
09/05/2024 08,18.12,42,9721
09/05/2024 09,16.55,41.98,9780
09/05/2024 10,21.42,41.96,9855
09/05/2024 11,24.12,41.95,10007
09/05/2024 12,25.05,41.94,10153
09/05/2024 13,26.53,41.94,10291
09/05/2024 14,28.71,41.93,10408
09/05/2024 15,29.09,41.93,10521
09/05/2024 16,61.92,41.98,10655
09/05/2024 17,70.47,42.03,10786
09/05/2024 18,115.15,42.15,10773
09/05/2024 19,762.27,43.17,10555
09/05/2024 20,952.06,44.45,10348
09/05/2024 21,829.97,45.46,10218
09/05/2024 22,279.15,45.8,10003
09/05/2024 23,44.71,45.79,9635
09/05/2024 24,26.1,45.77,9276
09/06/2024 01,21.99,45.75,8993
09/06/2024 02,13.54,45.73,8901
09/06/2024 03,11.95,45.7,8818
09/06/2024 04,12.07,45.68,8802
09/06/2024 05,21.62,45.66,8839
09/06/2024 06,24.07,45.65,8990
09/06/2024 07,29.8,45.65,9287
09/06/2024 08,25.03,45.64,9583
09/06/2024 09,15.27,45.62,9833
09/06/2024 10,15.28,45.59,10004
09/06/2024 11,20.81,45.58,10159
09/06/2024 12,23.25,45.56,10363
09/06/2024 13,24.08,45.55,10508
09/06/2024 14,29.48,45.55,10704
09/06/2024 15,32.44,45.56,10860
09/06/2024 16,82.38,45.63,10923
09/06/2024 17,238.87,45.93,11059
09/06/2024 18,378.5,46.41,11059
09/06/2024 19,383.75,46.9,10920
09/06/2024 20,127.03,47.04,10623
09/06/2024 21,66.52,47.09,10498
09/06/2024 22,38.65,47.1,10387
09/06/2024 23,13.52,47.07,10022
09/06/2024 24,9.82,47.05,9665
09/07/2024 01,7.29,47.01,9339
09/07/2024 02,0,46.95,9115
09/07/2024 03,1.42,46.89,8908
09/07/2024 04,5.93,46.85,8846
09/07/2024 05,5.68,46.81,8821
09/07/2024 06,5.27,46.77,8840
09/07/2024 07,14,46.74,8892
09/07/2024 08,13.58,46.72,8988
09/07/2024 09,0,46.68,9183
09/07/2024 10,5.18,46.65,9514
09/07/2024 11,17.88,46.64,9798
09/07/2024 12,23.14,46.62,10052
09/07/2024 13,28.85,46.62,10275
09/07/2024 14,31.29,46.6,10423
09/07/2024 15,34.1,46.58,10612
09/07/2024 16,79.18,46.6,10702
09/07/2024 17,44.3,46.62,10815
09/07/2024 18,70.83,46.67,10842
09/07/2024 19,600,47.45,10648
09/07/2024 20,615.46,48.25,10352
09/07/2024 21,611.6,49.04,10163
09/07/2024 22,453.33,49.62,9917
09/07/2024 23,110.9,49.74,9583
09/07/2024 24,42.1,49.77,9342
09/08/2024 01,37.95,49.8,9130
09/08/2024 02,26.16,49.82,8902
09/08/2024 03,24.71,49.82,8709
09/08/2024 04,24.14,49.83,8606
09/08/2024 05,24.85,49.84,8620
09/08/2024 06,24.69,49.83,8631
09/08/2024 07,25.83,49.83,8691
09/08/2024 08,27.29,49.82,8764
09/08/2024 09,23.88,49.81,8974
09/08/2024 10,23.47,49.8,9224
09/08/2024 11,26,49.79,9528
09/08/2024 12,28.82,49.79,9795
09/08/2024 13,30.8,49.78,9993
09/08/2024 14,31.71,49.78,10171
09/08/2024 15,31.74,49.77,10353
09/08/2024 16,68.83,49.82,10504
09/08/2024 17,66.26,49.86,10649
09/08/2024 18,133.47,50,10693
09/08/2024 19,134.12,50.13,10556
09/08/2024 20,182.16,50.3,10351
09/08/2024 21,122.15,50.41,10230
09/08/2024 22,91.49,50.5,9950
09/08/2024 23,37.96,50.52,9546
09/08/2024 24,20.36,50.52,9141
09/09/2024 01,19.77,50.52,8916
09/09/2024 02,13.67,50.53,8768
09/09/2024 03,2.15,50.52,8639
09/09/2024 04,0,50.51,8566
09/09/2024 05,1,50.5,8576
09/09/2024 06,0,50.48,8729
09/09/2024 07,7.14,50.46,9159
09/09/2024 08,2.93,50.45,9527
09/09/2024 09,0,50.42,9664
09/09/2024 10,2.96,50.38,9808
09/09/2024 11,14.22,50.35,9962
09/09/2024 12,0.33,50.31,10153
09/09/2024 13,0,50.27,10239
09/09/2024 14,0,50.22,10207
09/09/2024 15,0,50.17,10086
09/09/2024 16,0,50.1,10113
09/09/2024 17,0,50.02,10179
09/09/2024 18,0,49.91,10209
09/09/2024 19,0,49.85,10024
09/09/2024 20,2.6,49.8,9893
09/09/2024 21,11.69,49.78,9858
09/09/2024 22,24.55,49.79,9651
09/09/2024 23,23.77,49.8,9263
09/09/2024 24,21.64,49.8,8958
09/10/2024 01,13.65,49.81,8688
09/10/2024 02,13.67,49.8,8575
09/10/2024 03,4.92,49.79,8488
09/10/2024 04,4.92,49.77,8372
09/10/2024 05,6.75,49.76,8376
09/10/2024 06,19.47,49.76,8523
09/10/2024 07,57.76,49.81,8865
09/10/2024 08,82.63,49.9,9200
09/10/2024 09,65.78,49.95,9293
09/10/2024 10,54.19,49.98,9333
09/10/2024 11,16.18,49.96,9350
09/10/2024 12,14.69,49.95,9382
09/10/2024 13,20.95,49.94,9389
09/10/2024 14,23.61,49.93,9444
09/10/2024 15,22.13,49.92,9485
09/10/2024 16,22.5,49.9,9574
09/10/2024 17,24.73,49.81,9671
09/10/2024 18,25.37,49.78,9729
09/10/2024 19,24.66,49.01,9587
09/10/2024 20,25.8,48.83,9530
09/10/2024 21,23.42,48.78,9551
09/10/2024 22,13.93,48.76,9365
09/10/2024 23,12.49,48.75,9037
09/10/2024 24,0,48.73,8722
09/11/2024 01,0,48.69,8505
09/11/2024 02,0,48.65,8364
09/11/2024 03,1.64,48.62,8306
09/11/2024 04,16.95,48.6,8309
09/11/2024 05,20.1,48.58,8410
09/11/2024 06,21.45,48.57,8574
09/11/2024 07,20.68,48.55,8948
09/11/2024 08,21.28,48.55,9201
09/11/2024 09,22.3,48.54,9307
09/11/2024 10,28.24,48.55,9401
09/11/2024 11,31.01,48.56,9449
09/11/2024 12,25.82,48.56,9488
09/11/2024 13,27.63,48.57,9549
09/11/2024 14,23.55,48.56,9581
09/11/2024 15,19,48.54,9555
09/11/2024 16,20.35,48.52,9608
09/11/2024 17,19.98,48.51,9675
09/11/2024 18,5.54,48.47,9686
09/11/2024 19,5.77,48.43,9518
09/11/2024 20,19.71,48.42,9498
09/11/2024 21,31.49,48.42,9525
09/11/2024 22,24.1,48.42,9289
09/11/2024 23,16.17,48.4,8966
09/11/2024 24,17.94,48.37,8629
09/12/2024 01,18.16,48.35,8407
09/12/2024 02,8.28,48.32,8324
09/12/2024 03,18.08,48.31,8275
09/12/2024 04,21.74,48.3,8278
09/12/2024 05,22.99,48.3,8324
09/12/2024 06,21.84,48.31,8472
09/12/2024 07,29.82,48.31,8837
09/12/2024 08,64.28,48.35,9261
09/12/2024 09,31.81,48.35,9353
09/12/2024 10,26.63,48.35,9428
09/12/2024 11,23.35,48.34,9482
09/12/2024 12,23.3,48.33,9486
09/12/2024 13,22.32,48.31,9524
09/12/2024 14,17.38,48.29,9626
09/12/2024 15,13.04,48.26,9609
09/12/2024 16,0.66,48.06,9688
09/12/2024 17,13.53,48.01,9828
09/12/2024 18,16.41,47.96,9871
09/12/2024 19,8.02,47.81,9727
09/12/2024 20,4.87,47.42,9668
09/12/2024 21,16.78,47.22,9634
09/12/2024 22,7.34,47,9448
09/12/2024 23,0.3,46.86,9106
09/12/2024 24,0,46.81,8757
09/13/2024 01,0,46.77,8600
09/13/2024 02,0,46.73,8501
09/13/2024 03,0,46.68,8401
09/13/2024 04,0,46.64,8285
09/13/2024 05,0,46.6,8369
09/13/2024 06,0,46.57,8482
09/13/2024 07,0,46.54,8858
09/13/2024 08,0,46.51,9318
09/13/2024 09,0,46.47,9490
09/13/2024 10,0,46.43,9630
09/13/2024 11,0,46.38,9682
09/13/2024 12,0,46.34,9746
09/13/2024 13,0,46.29,9816
09/13/2024 14,0,46.25,9719
09/13/2024 15,0.79,46.21,9654
09/13/2024 16,1.1,46.16,9615
09/13/2024 17,8.37,46.14,9680
09/13/2024 18,8.27,46.1,9698
09/13/2024 19,43,46.12,9569
09/13/2024 20,94.44,46.17,9413
09/13/2024 21,194,46.38,9394
09/13/2024 22,39.12,46.29,9224
09/13/2024 23,20.4,46.21,9042
09/13/2024 24,12.52,46.18,8740
09/14/2024 01,13.9,46.16,8570
09/14/2024 02,17.3,46.13,8473
09/14/2024 03,14.3,46.11,8379
09/14/2024 04,20.15,46.09,8333
09/14/2024 05,24.82,46.08,8287
09/14/2024 06,20.43,46.06,8322
09/14/2024 07,19.65,46.04,8488
09/14/2024 08,10.97,46.01,8629
09/14/2024 09,12.27,45.98,8831
09/14/2024 10,17.84,45.96,8950
09/14/2024 11,14.17,45.93,9077
09/14/2024 12,32.32,45.93,9175
09/14/2024 13,18.26,45.91,9263
09/14/2024 14,10.98,45.88,9312
09/14/2024 15,10.09,45.81,9357
09/14/2024 16,12.53,45.75,9375
09/14/2024 17,11.72,45.72,9464
09/14/2024 18,6.31,45.68,9521
09/14/2024 19,11.04,45.65,9387
09/14/2024 20,13.85,45.63,9241
09/14/2024 21,13.73,45.61,9311
09/14/2024 22,17.17,45.6,9216
09/14/2024 23,23.32,45.61,8967
09/14/2024 24,18.31,45.63,8759
09/15/2024 01,18.99,45.62,8539
09/15/2024 02,20.31,45.63,8415
09/15/2024 03,30.71,45.65,8335
09/15/2024 04,39.57,45.68,8266
09/15/2024 05,32.34,45.68,8276
09/15/2024 06,29.55,45.67,8326
09/15/2024 07,30.84,45.69,8435
09/15/2024 08,49.51,45.73,8514
09/15/2024 09,19.62,45.72,8662
09/15/2024 10,14.34,45.7,8847
09/15/2024 11,12.63,45.68,8968
09/15/2024 12,14.02,45.67,9054
09/15/2024 13,13.76,45.65,9110
09/15/2024 14,15.74,45.63,9181
09/15/2024 15,15.74,45.61,9230
09/15/2024 16,19.8,45.6,9316
09/15/2024 17,23.07,45.59,9458
09/15/2024 18,23.07,45.51,9567
09/15/2024 19,29.03,45.51,9540
09/15/2024 20,61.61,45.42,9472
09/15/2024 21,36.84,45.43,9508
09/15/2024 22,26.24,45.43,9309
09/15/2024 23,27.31,45.43,8976
09/15/2024 24,26.44,45.42,8637
09/16/2024 01,26.17,45.41,8416
09/16/2024 02,24.2,45.4,8290
09/16/2024 03,23.46,45.38,8239
09/16/2024 04,23.41,45.36,8252
09/16/2024 05,23.5,45.33,8358
09/16/2024 06,24.19,45.32,8537
09/16/2024 07,26.97,45.32,8884
09/16/2024 08,28.65,45.33,9183
09/16/2024 09,18.17,45.33,9253
09/16/2024 10,12.71,45.32,9351
09/16/2024 11,12.38,45.31,9399
09/16/2024 12,12.27,45.29,9511
09/16/2024 13,13.67,45.28,9634
09/16/2024 14,14.97,45.26,9700
09/16/2024 15,14.97,45.24,9739
09/16/2024 16,14.97,45.2,9868
09/16/2024 17,18.35,45.17,9980
09/16/2024 18,96.79,45.27,10076
09/16/2024 19,273.8,45.6,9806
09/16/2024 20,114.53,45.7,9668
09/16/2024 21,85.89,45.76,9639
09/16/2024 22,22.88,45.73,9392
09/16/2024 23,24.13,45.71,9067
09/16/2024 24,25.16,45.69,8758
09/17/2024 01,27.08,45.69,8533
09/17/2024 02,29.15,45.68,8430
09/17/2024 03,24.92,45.66,8338
09/17/2024 04,24.32,45.65,8326
09/17/2024 05,24.79,45.64,8380
09/17/2024 06,24.76,45.63,8576
09/17/2024 07,27.34,45.61,8989
09/17/2024 08,28.53,45.6,9270
09/17/2024 09,28.27,45.62,9302
09/17/2024 10,37.68,45.65,9285
09/17/2024 11,28.64,45.65,9324
09/17/2024 12,29.86,45.64,9457
09/17/2024 13,25.27,45.61,9519
09/17/2024 14,28.68,45.6,9573
09/17/2024 15,27.88,45.58,9645
09/17/2024 16,21.21,45.56,9659
09/17/2024 17,27.17,45.55,9776
09/17/2024 18,37.55,45.55,9794
09/17/2024 19,39.24,45.54,9634
09/17/2024 20,28.01,45.52,9554
09/17/2024 21,26.77,45.51,9530
09/17/2024 22,26.05,45.51,9312
09/17/2024 23,29.28,45.52,8966
09/17/2024 24,58.44,45.58,8660
09/18/2024 01,80.85,45.68,8439
09/18/2024 02,464.73,46.32,8269
09/18/2024 03,95.25,46.44,8166
09/18/2024 04,24.29,46.46,8207
09/18/2024 05,12.14,46.47,8265
09/18/2024 06,22.88,46.47,8455
09/18/2024 07,18.13,46.46,8909
09/18/2024 08,5.94,46.44,9295
09/18/2024 09,1.92,46.42,9370
09/18/2024 10,11.33,46.41,9466
09/18/2024 11,20.18,46.4,9523
09/18/2024 12,25.92,46.4,9625
09/18/2024 13,22.59,46.37,9725
09/18/2024 14,12.86,46.33,9792
09/18/2024 15,7.29,46.24,9863
09/18/2024 16,0,46,9928
09/18/2024 17,0,45.68,9995
09/18/2024 18,1.26,45.46,10006
09/18/2024 19,2.14,45.23,9800
09/18/2024 20,11.92,45.07,9725
09/18/2024 21,12.64,44.91,9769
09/18/2024 22,8.63,44.89,9570
09/18/2024 23,6.22,44.89,9234
09/18/2024 24,6.26,44.89,8907
09/19/2024 01,8.5,44.9,8681
09/19/2024 02,8.19,44.91,8563
09/19/2024 03,9.56,44.88,8463
09/19/2024 04,12.09,44.9,8396
09/19/2024 05,14.99,44.92,8437
09/19/2024 06,15.82,44.94,8612
09/19/2024 07,18.81,44.96,9026
09/19/2024 08,13.56,44.97,9321
09/19/2024 09,4.8,44.94,9383
09/19/2024 10,4.75,44.92,9334
09/19/2024 11,2.08,44.88,9393
09/19/2024 12,1.39,44.72,9462
09/19/2024 13,4.83,44.66,9490
09/19/2024 14,4.9,44.63,9500
09/19/2024 15,11.6,44.62,9547
09/19/2024 16,8.86,44.61,9640
09/19/2024 17,13.73,44.59,9718
09/19/2024 18,21.67,44.59,9755
09/19/2024 19,43.13,44.62,9650
09/19/2024 20,68.11,44.55,9651
09/19/2024 21,68.13,44.43,9679
09/19/2024 22,22.38,44.33,9443
09/19/2024 23,11.62,44.25,9169
09/19/2024 24,1.18,44.13,8894
09/20/2024 01,8.88,44.03,8731
09/20/2024 02,10.03,44,8653
09/20/2024 03,13.29,43.98,8522
09/20/2024 04,8.86,43.96,8542
09/20/2024 05,9.36,43.94,8603
09/20/2024 06,13.51,43.93,8680
09/20/2024 07,57.68,43.98,9026
09/20/2024 08,84.84,44.06,9417
09/20/2024 09,55.96,44.11,9588
09/20/2024 10,137.17,44.26,9683
09/20/2024 11,41.25,44.29,9677
09/20/2024 12,14.01,44.29,9723
09/20/2024 13,23.59,44.3,9810
09/20/2024 14,52.22,44.36,9806
09/20/2024 15,20.48,44.36,9782
09/20/2024 16,0.48,44.36,9736
09/20/2024 17,1.96,44.36,9748
09/20/2024 18,25.86,44.39,9691
09/20/2024 19,7.16,44.4,9575
09/20/2024 20,18.82,44.41,9601
09/20/2024 21,21.76,44.41,9629
09/20/2024 22,18.43,44.24,9516
09/20/2024 23,11.92,44.16,9317
09/20/2024 24,12.28,44.14,9063
09/21/2024 01,12.8,44.13,8864
09/21/2024 02,15.87,44.13,8716
09/21/2024 03,16.26,44.12,8618
09/21/2024 04,19.12,44.11,8576
09/21/2024 05,20.14,44.11,8586
09/21/2024 06,18.08,44.1,8605
09/21/2024 07,19.46,44.09,8755
09/21/2024 08,17.34,44.09,8886
09/21/2024 09,19.04,44.08,9022
09/21/2024 10,15.71,44.07,9179
09/21/2024 11,9.2,44.06,9219
09/21/2024 12,11.89,44.04,9208
09/21/2024 13,17.94,44.03,9148
09/21/2024 14,19.49,44.03,9113
09/21/2024 15,19.76,44.02,9087
09/21/2024 16,20.37,44.02,9113
09/21/2024 17,7.49,43.99,9235
09/21/2024 18,6.85,43.92,9268
09/21/2024 19,17.25,43.89,9224
09/21/2024 20,16.46,43.64,9303
09/21/2024 21,8.15,43.54,9404
09/21/2024 22,0.96,43.49,9272
09/21/2024 23,0,43.47,8999
09/21/2024 24,0,43.45,8745
09/22/2024 01,0,43.45,8533
09/22/2024 02,0,43.44,8408
09/22/2024 03,0,43.44,8348
09/22/2024 04,0,43.44,8350
09/22/2024 05,0,43.44,8367
09/22/2024 06,0.37,43.44,8382
09/22/2024 07,1.99,43.44,8493
09/22/2024 08,8.29,43.45,8643
09/22/2024 09,4.92,43.43,8837
09/22/2024 10,11.14,43.41,9000
09/22/2024 11,5.59,43.39,9102
09/22/2024 12,8.69,43.37,9201
09/22/2024 13,10.2,43.35,9281
09/22/2024 14,4.44,43.33,9333
09/22/2024 15,7.98,43.32,9373
09/22/2024 16,13.71,43.3,9459
09/22/2024 17,19.17,43.3,9622
09/22/2024 18,31.21,43.3,9773
09/22/2024 19,213.93,43.55,9673
09/22/2024 20,93.21,43.64,9675
09/22/2024 21,21.69,43.65,9646
09/22/2024 22,9.5,43.64,9409
09/22/2024 23,0.89,43.55,9077
09/22/2024 24,4.68,43.55,8803
09/23/2024 01,0.9,43.55,8622
09/23/2024 02,2.44,43.54,8566
09/23/2024 03,9.77,43.55,8448
09/23/2024 04,11.21,43.57,8428
09/23/2024 05,12.79,43.59,8448
09/23/2024 06,21.09,43.62,8636
09/23/2024 07,51.17,43.69,9056
09/23/2024 08,19.6,43.71,9454
09/23/2024 09,3.71,43.72,9581
09/23/2024 10,3.68,43.72,9658
09/23/2024 11,4.6,43.73,9740
09/23/2024 12,0.28,43.73,9805
09/23/2024 13,3.4,43.74,9827
09/23/2024 14,1.46,43.74,9910
09/23/2024 15,4.43,43.74,9961
09/23/2024 16,3.94,43.75,10016
09/23/2024 17,12.73,43.77,10115
09/23/2024 18,16.3,43.79,10097
09/23/2024 19,83.78,43.91,9971
09/23/2024 20,133.73,44.09,9923
09/23/2024 21,25.71,44.12,9919
09/23/2024 22,16.45,44.14,9586
09/23/2024 23,5.35,44.15,9167
09/23/2024 24,0.73,44.15,8814
09/24/2024 01,0,44.15,8615
09/24/2024 02,0,44.15,8573
09/24/2024 03,0,44.15,8487
09/24/2024 04,0,44.15,8450
09/24/2024 05,0,44.15,8525
09/24/2024 06,0,44.15,8692
09/24/2024 07,3.79,44.14,9082
09/24/2024 08,10.15,44.14,9449
09/24/2024 09,10.78,44.14,9590
09/24/2024 10,11.07,44.15,9742
09/24/2024 11,6.71,44.15,9841
09/24/2024 12,5.29,44.14,9896
09/24/2024 13,10.94,44.13,9915
09/24/2024 14,12.41,44.12,10033
09/24/2024 15,11.71,44.1,10138
09/24/2024 16,16.65,44.1,10252
09/24/2024 17,262.87,44.43,10417
09/24/2024 18,595.52,45.23,10338
09/24/2024 19,500.46,45.89,10103
09/24/2024 20,366.34,46.36,9981
09/24/2024 21,29.5,46.34,10006
09/24/2024 22,11.32,46.31,9888
09/24/2024 23,6.41,46.28,9585
09/24/2024 24,6.82,46.26,9336
09/25/2024 01,4.57,46.24,9118
09/25/2024 02,5.38,46.22,8973
09/25/2024 03,3.54,46.2,8855
09/25/2024 04,1.3,46.18,8839
09/25/2024 05,0,46.16,8877
09/25/2024 06,0.33,46.14,9014
09/25/2024 07,10.43,46.14,9431
09/25/2024 08,12.95,46.13,9841
09/25/2024 09,5.84,46.12,10032
09/25/2024 10,0.97,46.1,10065
09/25/2024 11,0,46.07,10291
09/25/2024 12,0,46.04,10477
09/25/2024 13,0,46.01,10547
09/25/2024 14,0,45.99,10604
09/25/2024 15,0,45.96,10615
09/25/2024 16,0,45.92,10720
09/25/2024 17,0,45.89,10777
09/25/2024 18,6.16,45.87,10702
09/25/2024 19,6.14,45.84,10490
09/25/2024 20,10.16,45.79,10406
09/25/2024 21,9.89,45.78,10286
09/25/2024 22,1.11,45.74,10005
09/25/2024 23,0,45.72,9646
09/25/2024 24,0,45.7,9355
09/26/2024 01,0,45.69,9058
09/26/2024 02,0,45.68,8911
09/26/2024 03,0,45.67,8849
09/26/2024 04,0,45.67,8819
09/26/2024 05,0,45.66,8857
09/26/2024 06,0,45.66,8994
09/26/2024 07,0,45.65,9349
09/26/2024 08,0,45.65,9727
09/26/2024 09,0.01,45.64,9758
09/26/2024 10,0,45.63,9806
09/26/2024 11,1.12,45.62,9827
09/26/2024 12,0,45.61,9841
09/26/2024 13,0,45.6,9849
09/26/2024 14,0.94,45.58,9898
09/26/2024 15,0,45.58,9924
09/26/2024 16,8.49,45.59,9998
09/26/2024 17,10.65,45.59,10055
09/26/2024 18,22.15,45.6,10024
09/26/2024 19,27.8,45.6,9929
09/26/2024 20,30.16,45.62,9946
09/26/2024 21,16.91,45.62,9957
09/26/2024 22,10.17,45.61,9723
09/26/2024 23,0,45.61,9456
09/26/2024 24,0,45.59,9209
09/27/2024 01,0,45.57,9024
09/27/2024 02,0,45.52,8913
09/27/2024 03,0,45.27,8837
09/27/2024 04,0,45.09,8838
09/27/2024 05,0,45.06,8872
09/27/2024 06,0,45.03,9010
09/27/2024 07,0,45.01,9424
09/27/2024 08,0,44.98,9784
09/27/2024 09,0,44.87,9845
09/27/2024 10,0,44.77,9897
09/27/2024 11,0,44.73,9962
09/27/2024 12,0,44.71,10080
09/27/2024 13,0,44.68,10068
09/27/2024 14,0,44.65,10056
09/27/2024 15,0,44.61,10055
09/27/2024 16,0,44.58,10076
09/27/2024 17,0,44.5,10107
09/27/2024 18,0,44.22,10067
09/27/2024 19,3.13,44.19,9929
09/27/2024 20,6.87,44.18,9960
09/27/2024 21,7.41,44.16,9924
09/27/2024 22,11.72,44.15,9731
09/27/2024 23,15.08,44.14,9493
09/27/2024 24,16.55,44.14,9217
09/28/2024 01,123.31,44.3,9004
09/28/2024 02,56.98,44.37,8879
09/28/2024 03,14.78,44.38,8802
09/28/2024 04,13.58,44.39,8766
09/28/2024 05,16.53,44.41,8774
09/28/2024 06,15.24,44.43,8846
09/28/2024 07,14.28,44.44,8995
09/28/2024 08,13.99,44.45,9135
09/28/2024 09,11.02,44.47,9280
09/28/2024 10,4.96,44.47,9420
09/28/2024 11,9.68,44.46,9491
09/28/2024 12,12.76,44.46,9560
09/28/2024 13,11.94,44.46,9553
09/28/2024 14,12.42,44.46,9532
09/28/2024 15,11.03,44.47,9545
09/28/2024 16,11.11,44.48,9552
09/28/2024 17,10.26,44.49,9582
09/28/2024 18,19.88,44.51,9610
09/28/2024 19,32.9,44.53,9635
09/28/2024 20,47.37,44.13,9643
09/28/2024 21,23.16,43.98,9452
09/28/2024 22,14.68,43.86,9416
09/28/2024 23,13.73,43.86,9249
09/28/2024 24,5.67,43.84,9069
09/29/2024 01,0,43.81,8894
09/29/2024 02,0,43.79,8734
09/29/2024 03,0,43.77,8658
09/29/2024 04,0,43.74,8640
09/29/2024 05,0,43.71,8625
09/29/2024 06,0.15,43.66,8720
09/29/2024 07,0.86,43.58,8844
09/29/2024 08,0.15,43.55,8879
09/29/2024 09,2.09,43.52,8991
09/29/2024 10,3.33,43.49,9191
09/29/2024 11,0.73,43.46,9300
09/29/2024 12,0,43.43,9382
09/29/2024 13,0,43.41,9494
09/29/2024 14,0,43.39,9540
09/29/2024 15,0,43.38,9555
09/29/2024 16,0,43.36,9575
09/29/2024 17,0,43.35,9657
09/29/2024 18,0.32,43.34,9825
09/29/2024 19,1.04,43.33,9870
09/29/2024 20,8.77,43.28,9985
09/29/2024 21,8.02,43.24,9909
09/29/2024 22,6.14,43.22,9760
09/29/2024 23,0.34,43.19,9540
09/29/2024 24,0,43.16,9227
09/30/2024 01,0,43.14,8987
09/30/2024 02,0,43.13,8898
09/30/2024 03,0,43.12,8906
09/30/2024 04,0,43.1,8925
09/30/2024 05,0,43.07,8975
09/30/2024 06,0.05,43.04,9109
09/30/2024 07,4.57,43.01,9407
09/30/2024 08,9.27,42.99,9669
09/30/2024 09,9.63,42.97,9798
09/30/2024 10,10.92,42.96,9833
09/30/2024 11,7.36,42.94,9879
09/30/2024 12,7.87,42.93,9908
09/30/2024 13,2.43,42.92,9926
09/30/2024 14,0,42.9,9937
09/30/2024 15,0,42.87,9849
09/30/2024 16,0,42.84,9817
09/30/2024 17,0,42.81,9916
09/30/2024 18,4.38,42.78,9940
09/30/2024 19,22.58,42.74,9919
09/30/2024 20,190.78,42.86,9985
09/30/2024 21,58.19,42.85,9986
09/30/2024 22,4.74,42.84,9762
09/30/2024 23,0,42.82,9424
09/30/2024 24,0,42.8,9035
10/01/2024 01,0.01,42.8,8859
10/01/2024 02,0.01,42.8,8793
10/01/2024 03,0.01,42.8,8736
10/01/2024 04,0.02,42.8,8717
10/01/2024 05,0.75,42.8,8722
10/01/2024 06,0.03,42.8,8864
10/01/2024 07,8.37,42.81,9200
10/01/2024 08,13.05,42.83,9661
10/01/2024 09,13.75,42.84,9836
10/01/2024 10,12.73,42.84,9904
10/01/2024 11,14.13,42.84,9932
10/01/2024 12,13.04,42.84,9926
10/01/2024 13,12.44,42.83,9924
10/01/2024 14,5.52,42.8,9977
10/01/2024 15,2.5,42.75,10015
10/01/2024 16,3.96,42.66,9983
10/01/2024 17,12.64,42.05,9978
10/01/2024 18,13.33,41.54,9939
10/01/2024 19,16.36,40.22,9850
10/01/2024 20,19.16,38.91,9939
10/01/2024 21,14.91,37.6,9888
10/01/2024 22,13.13,36.5,9588
10/01/2024 23,5.67,36.45,9315
10/01/2024 24,0,36.38,9127
10/02/2024 01,0,36.34,8916
10/02/2024 02,0,36.3,8888
10/02/2024 03,0,36.27,8859
10/02/2024 04,0,36.24,8814
10/02/2024 05,0,36.21,8915
10/02/2024 06,1.22,36.19,9048
10/02/2024 07,23.81,36.2,9395
10/02/2024 08,51.02,36.25,9779
10/02/2024 09,32.84,36.28,9878
10/02/2024 10,26.04,36.29,9909
10/02/2024 11,27.6,36.3,9932
10/02/2024 12,103.69,36.41,9954
10/02/2024 13,375.47,36.9,9830
10/02/2024 14,226.96,37.17,9797
10/02/2024 15,182.43,37.36,9816
10/02/2024 16,17.38,37.16,9837
10/02/2024 17,18.59,36.82,9914
10/02/2024 18,365.69,36.08,9910
10/02/2024 19,752.93,35.89,9773
10/02/2024 20,596.05,35.64,9845
10/02/2024 21,127.76,35.06,9842
10/02/2024 22,17,35.02,9758
10/02/2024 23,19.85,35,9517
10/02/2024 24,8.94,34.99,9262
10/03/2024 01,7.6,34.97,9024
10/03/2024 02,7.52,34.95,8943
10/03/2024 03,6.02,34.95,8842
10/03/2024 04,4.92,34.96,8829
10/03/2024 05,5.08,34.97,8907
10/03/2024 06,8.95,34.97,9011
10/03/2024 07,12.87,34.96,9417
10/03/2024 08,19.55,34.95,9865
10/03/2024 09,20.85,34.95,9996
10/03/2024 10,12.98,34.94,10076
10/03/2024 11,12.27,34.93,10071
10/03/2024 12,10.28,34.91,9983
10/03/2024 13,9.78,34.89,9946
10/03/2024 14,11.08,34.82,9942
10/03/2024 15,10.23,34.78,9932
10/03/2024 16,7.78,34.76,9952
10/03/2024 17,12.77,34.73,10016
10/03/2024 18,67.96,34.79,10003
10/03/2024 19,103.12,34.67,9898
10/03/2024 20,93.16,34.54,10014
10/03/2024 21,31.96,34.03,10014
10/03/2024 22,23.08,33.99,9834
10/03/2024 23,18.73,33.94,9607
10/03/2024 24,16.34,33.93,9381
10/04/2024 01,18.92,33.93,9207
10/04/2024 02,13.6,33.92,9155
10/04/2024 03,11.84,33.93,9117
10/04/2024 04,13.47,33.94,9087
10/04/2024 05,16.88,33.96,9108
10/04/2024 06,17.36,33.98,9225
10/04/2024 07,21.96,34.01,9632
10/04/2024 08,23.38,34.03,10073
10/04/2024 09,15.3,34.02,10092
10/04/2024 10,0.88,33.97,10156
10/04/2024 11,0,33.93,10119
10/04/2024 12,7.18,33.9,10112
10/04/2024 13,5.17,33.88,10188
10/04/2024 14,0,33.86,10308
10/04/2024 15,0.01,33.83,10246
10/04/2024 16,0.02,33.81,10270
10/04/2024 17,11.21,33.8,10245
10/04/2024 18,24.63,33.81,10188
10/04/2024 19,19.86,33.75,10165
10/04/2024 20,15.51,33.71,10220
10/04/2024 21,2.75,33.66,10129
10/04/2024 22,0,33.61,9982
10/04/2024 23,3.44,33.57,9790
10/04/2024 24,4.71,33.54,9506
10/05/2024 01,4.59,33.51,9279
10/05/2024 02,0,33.47,9213
10/05/2024 03,0,33.44,9147
10/05/2024 04,0,33.41,9075
10/05/2024 05,0,33.38,9090
10/05/2024 06,0,33.35,9166
10/05/2024 07,0,33.34,9344
10/05/2024 08,0,33.31,9556
10/05/2024 09,7.62,33.3,9697
10/05/2024 10,9.82,33.28,9816
10/05/2024 11,7.85,33.26,9883
10/05/2024 12,4.59,33.23,9910
10/05/2024 13,2.44,33.2,9807
10/05/2024 14,0,33.16,9816
10/05/2024 15,0,33.12,9770
10/05/2024 16,0,33.03,9776
10/05/2024 17,6.97,32.94,9826
10/05/2024 18,17.09,32.81,9819
10/05/2024 19,25.53,31.78,9810
10/05/2024 20,28.11,30.5,9900
10/05/2024 21,23.27,29.38,9838
10/05/2024 22,21.04,29.02,9670
10/05/2024 23,5.21,28.97,9508
10/05/2024 24,0,28.93,9320
10/06/2024 01,5.86,28.91,9072
10/06/2024 02,10.96,28.91,8957
10/06/2024 03,16.57,28.91,8891
10/06/2024 04,18.64,28.92,8863
10/06/2024 05,23.76,28.92,8874
10/06/2024 06,25.07,28.93,8914
10/06/2024 07,27.69,28.92,9044
10/06/2024 08,22.55,28.92,9177
10/06/2024 09,22.53,28.93,9308
10/06/2024 10,20.85,28.94,9433
10/06/2024 11,16.36,28.93,9499
10/06/2024 12,18.39,28.92,9552
10/06/2024 13,18.98,28.92,9608
10/06/2024 14,24.32,28.91,9644
10/06/2024 15,25.92,28.9,9664
10/06/2024 16,29.23,28.83,9699
10/06/2024 17,28.41,28.53,9767
10/06/2024 18,184.27,28.26,9834
10/06/2024 19,331.84,28.19,9722
10/06/2024 20,200.51,28.29,9839
10/06/2024 21,35.23,28.25,9847
10/06/2024 22,25.58,28.23,9745
10/06/2024 23,24.88,28.25,9505
10/06/2024 24,24.04,28.27,9268
10/07/2024 01,23.28,28.29,9064
10/07/2024 02,24.77,28.33,8946
10/07/2024 03,24.93,28.36,8901
10/07/2024 04,25.05,28.38,8952
10/07/2024 05,25.03,28.41,9009
10/07/2024 06,30.98,28.45,9184
10/07/2024 07,37.55,28.48,9530
10/07/2024 08,34.28,28.51,9969
10/07/2024 09,27.46,28.55,10049
10/07/2024 10,21.72,28.57,10053
10/07/2024 11,19.19,28.57,10079
10/07/2024 12,23.42,28.57,10107
10/07/2024 13,22.3,28.56,10128
10/07/2024 14,21.3,28.55,10174
10/07/2024 15,19.75,28.53,10247
10/07/2024 16,19.43,28.45,10314
10/07/2024 17,22.45,28.42,10294
10/07/2024 18,178.11,28.56,10253
10/07/2024 19,205.49,28.02,10100
10/07/2024 20,73.19,27.26,10118
10/07/2024 21,27.89,26.45,10092
10/07/2024 22,25.05,25.86,9859
10/07/2024 23,23.19,25.74,9589
10/07/2024 24,23.37,25.71,9271
10/08/2024 01,26,25.69,9082
10/08/2024 02,25.89,25.69,9049
10/08/2024 03,26.15,25.69,8971
10/08/2024 04,23.76,25.69,8965
10/08/2024 05,25.13,25.69,8975
10/08/2024 06,20.61,25.69,9068
10/08/2024 07,23.94,25.69,9476
10/08/2024 08,29.08,25.69,9863
10/08/2024 09,27.7,25.69,9912
10/08/2024 10,23.24,25.69,10023
10/08/2024 11,22.22,25.69,9977
10/08/2024 12,26.66,25.69,10081
10/08/2024 13,27.09,25.68,10195
10/08/2024 14,20.46,25.66,10194
10/08/2024 15,10.44,25.64,10125
10/08/2024 16,3.79,25.55,10118
10/08/2024 17,4.38,25.46,10158
10/08/2024 18,14.9,25.29,10161
10/08/2024 19,14.24,25.13,10099
10/08/2024 20,14.57,24.9,10159
10/08/2024 21,7.68,24.74,10111
10/08/2024 22,3.09,24.61,9989
10/08/2024 23,5.44,24.57,9685
10/08/2024 24,11.1,24.56,9385
10/09/2024 01,10.83,24.54,9197
10/09/2024 02,24.52,24.56,9043
10/09/2024 03,36.64,24.61,8949
10/09/2024 04,32.54,24.65,8953
10/09/2024 05,28.51,24.69,8947
10/09/2024 06,29.91,24.73,9113
10/09/2024 07,231.55,25.04,9517
10/09/2024 08,337.22,25.51,9831
10/09/2024 09,487.23,26.18,9842
10/09/2024 10,172.22,26.42,9871
10/09/2024 11,76.47,26.51,9940
10/09/2024 12,43.91,26.57,9948
10/09/2024 13,38.03,26.62,9935
10/09/2024 14,65.1,26.71,9946
10/09/2024 15,27.66,26.75,9978
10/09/2024 16,36.89,26.8,9999
10/09/2024 17,33.3,26.84,10056
10/09/2024 18,347.09,27.33,9987
10/09/2024 19,144.39,27.53,9938
10/09/2024 20,236.32,27.85,10010
10/09/2024 21,39.93,27.89,10028
10/09/2024 22,35.86,27.91,9921
10/09/2024 23,33.94,27.92,9711
10/09/2024 24,28.63,27.93,9434
10/10/2024 01,33.61,27.96,9214
10/10/2024 02,24.23,27.97,9089
10/10/2024 03,27.41,28,9051
10/10/2024 04,25.51,28.03,9056
10/10/2024 05,25.15,28.06,9119
10/10/2024 06,21.87,28.06,9311
10/10/2024 07,23.29,28.01,9687
10/10/2024 08,44.47,27.96,10128
10/10/2024 09,120.94,28.04,10147
10/10/2024 10,65.11,28.05,10132
10/10/2024 11,65.55,28.12,10173
10/10/2024 12,107.33,28.25,10151
10/10/2024 13,43.25,28.28,10083
10/10/2024 14,27.96,28.29,10116
10/10/2024 15,26.8,28.29,10124
10/10/2024 16,26.24,28.3,10107
10/10/2024 17,66.44,28.36,10129
10/10/2024 18,299.2,28.74,10053
10/10/2024 19,391.19,29.25,9882
10/10/2024 20,149.38,29.42,9999
10/10/2024 21,145.25,29.59,9936
10/10/2024 22,74.59,29.67,9762
10/10/2024 23,83.4,29.77,9522
10/10/2024 24,112.4,29.93,9267
10/11/2024 01,43.32,29.99,9101
10/11/2024 02,41.85,30.04,9066
10/11/2024 03,37.91,30.09,8990
10/11/2024 04,35.78,30.12,9052
10/11/2024 05,27.82,30.13,9075
10/11/2024 06,25.64,30.14,9258
10/11/2024 07,21.32,30.14,9651
10/11/2024 08,23.68,30.14,10052
10/11/2024 09,18.82,30.14,10224
10/11/2024 10,22.78,30.13,10255
10/11/2024 11,21.3,30.12,10297
10/11/2024 12,23.17,30.11,10284
10/11/2024 13,21.35,30.1,10246
10/11/2024 14,24.41,30.1,10144
10/11/2024 15,26.11,30.11,10055
10/11/2024 16,39.83,30.14,10011
10/11/2024 17,107.45,30.26,9958
10/11/2024 18,48.99,30.32,9947
10/11/2024 19,38.12,30.37,9988
10/11/2024 20,38.72,30.39,10080
10/11/2024 21,42.85,30.41,10042
10/11/2024 22,73.45,30.48,9925
10/11/2024 23,82.69,30.57,9755
10/11/2024 24,88.63,30.67,9540
10/12/2024 01,162.58,30.87,9288
10/12/2024 02,103.56,31,9181
10/12/2024 03,43.82,31.04,9106
10/12/2024 04,74.21,31.11,9112
10/12/2024 05,165.25,31.31,9094
10/12/2024 06,171.16,31.52,9079
10/12/2024 07,87.9,31.6,9252
10/12/2024 08,112.21,31.66,9526
10/12/2024 09,165.84,31.85,9600
10/12/2024 10,69.1,31.91,9745
10/12/2024 11,59.67,31.96,9833
10/12/2024 12,76.47,32.03,9765
10/12/2024 13,69.64,32.1,9703
10/12/2024 14,42.94,32.13,9758
10/12/2024 15,38.06,32.17,9740
10/12/2024 16,39.07,32.22,9752
10/12/2024 17,80.79,32.32,9779
10/12/2024 18,115.18,32.45,9789
10/12/2024 19,148.18,32.65,9717
10/12/2024 20,90.08,32.77,9887
10/12/2024 21,138.85,32.93,9854
10/12/2024 22,40.32,32.98,9775
10/12/2024 23,32.45,33.03,9620
10/12/2024 24,34.23,33.07,9456
10/13/2024 01,29.14,33.11,9280
10/13/2024 02,22.44,33.14,9186
10/13/2024 03,21.79,33.17,9153
10/13/2024 04,20.64,33.2,9172
10/13/2024 05,16.51,33.23,9179
10/13/2024 06,12.45,33.24,9232
10/13/2024 07,1.04,33.25,9334
10/13/2024 08,7.7,33.26,9530
10/13/2024 09,11.31,33.27,9612
10/13/2024 10,3.73,33.28,9846
10/13/2024 11,0,33.28,9905
10/13/2024 12,0,33.28,9904
10/13/2024 13,0,33.28,9873
10/13/2024 14,0,33.28,9871
10/13/2024 15,6.18,33.28,9861
10/13/2024 16,19.37,33.31,9894
10/13/2024 17,20.1,33.33,9949
10/13/2024 18,19.55,33.34,9828
10/13/2024 19,19.66,33.31,9785
10/13/2024 20,19.3,33.2,9896
10/13/2024 21,19.47,32.96,9883
10/13/2024 22,19.68,32.94,9751
10/13/2024 23,19.66,32.93,9545
10/13/2024 24,19.43,32.94,9324
10/14/2024 01,19.26,32.95,9147
10/14/2024 02,19.26,32.95,8992
10/14/2024 03,20.55,32.96,8911
10/14/2024 04,22.85,32.97,8886
10/14/2024 05,23.79,32.97,8891
10/14/2024 06,24.24,32.97,8942
10/14/2024 07,24.62,32.98,9081
10/14/2024 08,25.77,33,9217
10/14/2024 09,26.9,33.02,9352
10/14/2024 10,25.65,33.03,9575
10/14/2024 11,25.65,33.04,9736
10/14/2024 12,22.46,33.03,9933
10/14/2024 13,23.41,33.04,10027
10/14/2024 14,24.8,33.06,10001
10/14/2024 15,24.27,33.08,10025
10/14/2024 16,27.42,33.1,10050
10/14/2024 17,26.98,33.12,10127
10/14/2024 18,32.63,33.16,10090
10/14/2024 19,22.36,33.17,9995
10/14/2024 20,22.72,33.18,10056
10/14/2024 21,24.43,33.2,9956
10/14/2024 22,24.07,33.21,9738
10/14/2024 23,22.85,33.21,9384
10/14/2024 24,18.76,33.21,9133
10/15/2024 01,17.88,33.21,9044
10/15/2024 02,13.47,33.2,8973
10/15/2024 03,13.49,33.17,8835
10/15/2024 04,20.41,33.15,8812
10/15/2024 05,25.16,33.14,8914
10/15/2024 06,26.64,33.13,9111
10/15/2024 07,29.24,33.13,9552
10/15/2024 08,31.49,33.11,10056
10/15/2024 09,28.57,33.12,10159
10/15/2024 10,158.72,33.32,10160
10/15/2024 11,135.52,33.49,10101
10/15/2024 12,187.83,33.73,10126
10/15/2024 13,331.81,34.17,10061
10/15/2024 14,978.55,35.51,10003
10/15/2024 15,961.09,36.82,9959
10/15/2024 16,932.15,38.09,9961
10/15/2024 17,918.51,39.33,10048
10/15/2024 18,998.4,40.69,10053
10/15/2024 19,999.99,42.04,9989
10/15/2024 20,914.52,43.22,10001
10/15/2024 21,591.96,43.99,9874
10/15/2024 22,52.92,44.03,9739
10/15/2024 23,42.13,44.05,9559
10/15/2024 24,43.94,44.07,9305
10/16/2024 01,49.71,44.11,9134
10/16/2024 02,35.16,44.12,9022
10/16/2024 03,37.88,44.14,8942
10/16/2024 04,28.78,44.15,8932
10/16/2024 05,38.49,44.17,9010
10/16/2024 06,130.81,44.32,9155
10/16/2024 07,102.71,44.42,9545
10/16/2024 08,158.71,44.6,9997
10/16/2024 09,128.02,44.76,10123
10/16/2024 10,28.79,44.78,10124
10/16/2024 11,24.45,44.8,10144
10/16/2024 12,26.58,44.82,10191
10/16/2024 13,27.6,44.83,10140
10/16/2024 14,28.75,44.85,10099
10/16/2024 15,28.04,44.87,10104
10/16/2024 16,24.39,44.89,10203
10/16/2024 17,19.67,44.89,10224
10/16/2024 18,19.76,44.78,10184
10/16/2024 19,20.68,44.43,10093
10/16/2024 20,24.56,44.3,10123
10/16/2024 21,24.3,44.22,9974
10/16/2024 22,21.95,44.22,9803
10/16/2024 23,21.89,44.21,9566
10/16/2024 24,14.13,44.2,9342
10/17/2024 01,2.58,44.16,9187
10/17/2024 02,0,44.12,9124
10/17/2024 03,0,44.09,9060
10/17/2024 04,0,44.06,9042
10/17/2024 05,17.75,44.05,9050
10/17/2024 06,20.03,44.04,9175
10/17/2024 07,51.67,44.07,9556
10/17/2024 08,73.08,44.13,10056
10/17/2024 09,58.08,44.18,10097
10/17/2024 10,29.74,44.17,10116
10/17/2024 11,36.58,44.18,10117
10/17/2024 12,60.84,44.22,10113
10/17/2024 13,25.88,44.22,10095
10/17/2024 14,25.12,44.22,10096
10/17/2024 15,27.26,44.21,10220
10/17/2024 16,26.45,44.22,10249
10/17/2024 17,25.21,44.22,10232
10/17/2024 18,26.14,44.2,10190
10/17/2024 19,50.66,44.22,10169
10/17/2024 20,55.79,44.26,10261
10/17/2024 21,103.19,44.36,10168
10/17/2024 22,76.1,44.43,9993
10/17/2024 23,29.45,44.43,9789
10/17/2024 24,46.6,44.42,9539
10/18/2024 01,32.17,44.35,9353
10/18/2024 02,33.2,43.75,9238
10/18/2024 03,27.76,43.66,9172
10/18/2024 04,25.77,43.66,9139
10/18/2024 05,25.54,43.68,9176
10/18/2024 06,22.9,43.68,9371
10/18/2024 07,26.14,43.69,9785
10/18/2024 08,46.77,43.74,10222
10/18/2024 09,72.22,43.84,10275
10/18/2024 10,34.58,43.87,10252
10/18/2024 11,24.59,43.88,10223
10/18/2024 12,24.27,43.88,10221
10/18/2024 13,20.05,43.87,10172
10/18/2024 14,8.15,43.87,10228
10/18/2024 15,2.98,43.86,10246
10/18/2024 16,0,43.86,10279
10/18/2024 17,17.36,43.89,10296
10/18/2024 18,24.73,43.92,10219
10/18/2024 19,0.6,43.92,10283
10/18/2024 20,0,43.9,10331
10/18/2024 21,0,43.88,10270
10/18/2024 22,10.55,43.89,10181
10/18/2024 23,0,43.88,9959
10/18/2024 24,0,43.87,9752
10/19/2024 01,0,43.86,9550
10/19/2024 02,0,43.84,9417
10/19/2024 03,0,43.83,9328
10/19/2024 04,0,43.81,9274
10/19/2024 05,0,43.79,9254
10/19/2024 06,0,43.77,9334
10/19/2024 07,0,43.75,9494
10/19/2024 08,3.53,43.73,9777
10/19/2024 09,11.23,43.74,9931
10/19/2024 10,12.72,43.75,10121
10/19/2024 11,14.34,43.77,10163
10/19/2024 12,4.38,43.77,10152
10/19/2024 13,15.57,43.79,10204
10/19/2024 14,9.53,43.79,10207
10/19/2024 15,3.56,43.78,10179
10/19/2024 16,2.3,43.77,10198
10/19/2024 17,12.63,43.77,10233
10/19/2024 18,2.93,43.75,10230
10/19/2024 19,1.04,43.69,10225
10/19/2024 20,7.64,43.6,10265
10/19/2024 21,0.86,43.51,10182
10/19/2024 22,0,43.48,10040
10/19/2024 23,0,43.46,9822
10/19/2024 24,0,43.46,9626
10/20/2024 01,0,43.45,9411
10/20/2024 02,0,43.44,9268
10/20/2024 03,0,43.42,9189
10/20/2024 04,0,43.4,9186
10/20/2024 05,3.27,43.4,9208
10/20/2024 06,12.37,43.39,9227
10/20/2024 07,24.82,43.35,9320
10/20/2024 08,272.04,43.61,9501
10/20/2024 09,163.37,43.76,9522
10/20/2024 10,213.08,43.86,9640
10/20/2024 11,49.04,43.87,9779
10/20/2024 12,20.33,43.88,9951
10/20/2024 13,16.99,43.87,10055
10/20/2024 14,10.78,43.82,10115
10/20/2024 15,3.36,43.79,10199
10/20/2024 16,3.54,43.8,10319
10/20/2024 17,2.66,43.8,10381
10/20/2024 18,7.53,43.77,10374
10/20/2024 19,8,43.77,10376
10/20/2024 20,4.92,43.75,10396
10/20/2024 21,0.9,43.73,10291
10/20/2024 22,0,43.7,10169
10/20/2024 23,0,43.68,9888
10/20/2024 24,0,43.67,9610
10/21/2024 01,3.12,43.65,9464
10/21/2024 02,6.16,43.64,9377
10/21/2024 03,0.14,43.62,9308
10/21/2024 04,0,43.59,9319
10/21/2024 05,0,43.56,9390
10/21/2024 06,0,43.54,9573
10/21/2024 07,0,43.51,9932
10/21/2024 08,2.19,43.49,10385
10/21/2024 09,9.93,43.48,10430
10/21/2024 10,18.61,43.48,10472
10/21/2024 11,21.94,43.5,10554
10/21/2024 12,17.58,43.51,10597
10/21/2024 13,16.65,43.5,10656
10/21/2024 14,16.67,43.5,10616
10/21/2024 15,17.17,43.5,10564
10/21/2024 16,21.67,43.5,10590
10/21/2024 17,62.67,43.58,10662
10/21/2024 18,84.08,43.68,10630
10/21/2024 19,53.08,43.73,10621
10/21/2024 20,84.96,43.83,10532
10/21/2024 21,76.56,43.92,10393
10/21/2024 22,100,44.06,10217
10/21/2024 23,58.53,44.14,9961
10/21/2024 24,74.76,44.25,9765
10/22/2024 01,87.58,44.37,9550
10/22/2024 02,59.03,44.45,9498
10/22/2024 03,78.96,44.56,9486
10/22/2024 04,80.83,44.67,9484
10/22/2024 05,81.33,44.78,9529
10/22/2024 06,452.91,45.41,9609
10/22/2024 07,559.19,46.19,9950
10/22/2024 08,999.96,47.56,10388
10/22/2024 09,784.62,48.65,10363
10/22/2024 10,479.08,49.3,10302
10/22/2024 11,46.33,49.35,10264
10/22/2024 12,27.04,49.38,10257
10/22/2024 13,26.16,49.4,10292
10/22/2024 14,24.58,49.43,10297
10/22/2024 15,22.1,49.45,10274
10/22/2024 16,17.84,49.45,10356
10/22/2024 17,18.47,49.45,10488
10/22/2024 18,34.78,49.46,10536
10/22/2024 19,38.1,49.21,10553
10/22/2024 20,30.88,49.13,10544
10/22/2024 21,22.96,49.13,10423
10/22/2024 22,21.81,49.15,10294
10/22/2024 23,22.8,49.18,10019
10/22/2024 24,23.29,49.2,9805
10/23/2024 01,22.21,49.23,9627
10/23/2024 02,22.33,49.26,9516
10/23/2024 03,21.17,49.28,9468
10/23/2024 04,9.66,49.27,9496
10/23/2024 05,0,49.26,9559
10/23/2024 06,0.97,49.23,9700
10/23/2024 07,19.89,49.18,10142
10/23/2024 08,36.04,49.21,10546
10/23/2024 09,28.03,49.24,10468
10/23/2024 10,22.19,49.27,10553
10/23/2024 11,23.78,49.29,10611
10/23/2024 12,25.6,49.33,10581
10/23/2024 13,37.22,49.38,10524
10/23/2024 14,42,49.43,10521
10/23/2024 15,37.15,49.48,10507
10/23/2024 16,27.45,49.51,10484
10/23/2024 17,25.54,49.53,10546
10/23/2024 18,47.07,49.57,10560
10/23/2024 19,46.91,49.52,10544
10/23/2024 20,30.37,49.38,10518
10/23/2024 21,38.76,49.39,10424
10/23/2024 22,91.07,49.5,10300
10/23/2024 23,28.92,49.53,10100
10/23/2024 24,25.8,49.56,9863
10/24/2024 01,27.48,49.6,9639
10/24/2024 02,31.01,49.65,9540
10/24/2024 03,33.3,49.69,9519
10/24/2024 04,30.42,49.73,9471
10/24/2024 05,29.9,49.78,9535
10/24/2024 06,41.27,49.83,9714
10/24/2024 07,67.71,49.92,10087
10/24/2024 08,93.4,50.04,10511
10/24/2024 09,63.12,50.11,10495
10/24/2024 10,26.24,50.13,10465
10/24/2024 11,23.21,50.15,10532
10/24/2024 12,25.23,50.18,10460
10/24/2024 13,22.78,50.2,10436
10/24/2024 14,21.18,50.21,10448
10/24/2024 15,23.91,50.23,10529
10/24/2024 16,24.33,50.24,10478
10/24/2024 17,31.26,49.92,10505
10/24/2024 18,79.52,49.2,10561
10/24/2024 19,68.56,48.6,10610
10/24/2024 20,27.51,48.13,10625
10/24/2024 21,25.01,48.12,10542
10/24/2024 22,24.25,48.14,10395
10/24/2024 23,25.11,48.17,10155
10/24/2024 24,26.74,48.19,9840
10/25/2024 01,24.38,48.22,9621
10/25/2024 02,24.61,48.25,9518
10/25/2024 03,24.97,48.28,9496
10/25/2024 04,23.55,48.31,9497
10/25/2024 05,25.91,48.35,9579
10/25/2024 06,29.77,48.39,9793
10/25/2024 07,57.53,48.45,10166
10/25/2024 08,195.07,48.7,10519
10/25/2024 09,313.07,49.13,10541
10/25/2024 10,37.27,49.18,10531
10/25/2024 11,27.16,49.22,10604
10/25/2024 12,26.28,49.26,10569
10/25/2024 13,30.69,49.3,10518
10/25/2024 14,30.85,49.34,10511
10/25/2024 15,25.86,49.38,10452
10/25/2024 16,49.05,49.45,10448
10/25/2024 17,106.49,49.59,10442
10/25/2024 18,232.68,49.91,10397
10/25/2024 19,59.19,49.98,10489
10/25/2024 20,24.96,50,10584
10/25/2024 21,21.63,50.02,10552
10/25/2024 22,22.5,50.05,10456
10/25/2024 23,19.13,50.08,10248
10/25/2024 24,19.4,50.1,10010
10/26/2024 01,21.05,50.13,9765
10/26/2024 02,18.61,50.16,9586
10/26/2024 03,18.91,50.18,9452
10/26/2024 04,9.9,50.2,9417
10/26/2024 05,6.1,50.21,9461
10/26/2024 06,11.3,50.22,9498
10/26/2024 07,7.63,50.23,9659
10/26/2024 08,7.46,50.24,9892
10/26/2024 09,12.09,50.26,10074
10/26/2024 10,7.16,50.27,10235
10/26/2024 11,29,50.31,10264
10/26/2024 12,19.22,50.33,10255
10/26/2024 13,13.23,50.35,10233
10/26/2024 14,6.48,50.36,10139
10/26/2024 15,8.94,50.37,10137
10/26/2024 16,17.9,50.39,10184
10/26/2024 17,25.38,50.41,10259
10/26/2024 18,29.04,50.42,10305
10/26/2024 19,33.52,50.42,10419
10/26/2024 20,71.41,50.48,10353
10/26/2024 21,65.82,50.55,10222
10/26/2024 22,36.35,50.59,10076
10/26/2024 23,29.62,50.63,9946
10/26/2024 24,30.47,50.67,9762
10/27/2024 01,30.88,50.71,9605
10/27/2024 02,30.22,50.75,9426
10/27/2024 03,28.12,50.79,9355
10/27/2024 04,24.87,50.83,9399
10/27/2024 05,22.49,50.86,9361
10/27/2024 06,6.12,50.87,9438
10/27/2024 07,1.2,50.87,9629
10/27/2024 08,4.04,50.87,9831
10/27/2024 09,13.75,50.89,9970
10/27/2024 10,18.67,50.92,10058
10/27/2024 11,2.02,50.92,10215
10/27/2024 12,0,50.92,10327
10/27/2024 13,0,50.92,10312
10/27/2024 14,0,50.92,10275
10/27/2024 15,0,50.92,10315
10/27/2024 16,0,50.92,10294
10/27/2024 17,0,50.92,10423
10/27/2024 18,10.76,50.94,10524
10/27/2024 19,18.65,50.96,10571
10/27/2024 20,18.99,50.98,10545
10/27/2024 21,20.09,50.99,10414
10/27/2024 22,21.95,51.01,10204
10/27/2024 23,14.25,51.01,9891
10/27/2024 24,0.69,50.98,9596
10/28/2024 01,12.87,50.83,9476
10/28/2024 02,10.98,50.77,9373
10/28/2024 03,1.03,50.75,9318
10/28/2024 04,5.15,50.74,9309
10/28/2024 05,7.2,50.72,9397
10/28/2024 06,22.84,50.73,9632
10/28/2024 07,28.6,50.75,10023
10/28/2024 08,29.27,50.77,10426
10/28/2024 09,25.29,50.79,10532
10/28/2024 10,11.14,50.8,10530
10/28/2024 11,8.43,50.8,10589
10/28/2024 12,14.51,50.8,10641
10/28/2024 13,17.78,50.81,10591
10/28/2024 14,13.97,50.81,10537
10/28/2024 15,41.94,50.86,10472
10/28/2024 16,89.11,50.97,10543
10/28/2024 17,395.76,51.5,10580
10/28/2024 18,76.8,51.58,10554
10/28/2024 19,66.78,51.63,10629
10/28/2024 20,85.49,51.68,10665
10/28/2024 21,100,51.79,10527
10/28/2024 22,245.32,52.11,10281
10/28/2024 23,41.25,52.15,10045
10/28/2024 24,30.3,52.18,9841
10/29/2024 01,31.92,52.22,9656
10/29/2024 02,36.72,52.27,9574
10/29/2024 03,55.23,52.35,9517
10/29/2024 04,38.39,52.4,9502
10/29/2024 05,43.88,52.47,9549
10/29/2024 06,86.39,52.59,9726
10/29/2024 07,102.78,52.73,10050
10/29/2024 08,428.96,53.32,10447
10/29/2024 09,999.99,54.71,10445
10/29/2024 10,810.82,55.83,10436
10/29/2024 11,755.67,56.88,10468
10/29/2024 12,286.76,57.28,10404
10/29/2024 13,94.83,57.41,10355
10/29/2024 14,93.64,57.54,10366
10/29/2024 15,32.99,57.58,10292
10/29/2024 16,28.71,57.62,10376
10/29/2024 17,28.07,57.66,10481
10/29/2024 18,51,57.73,10499
10/29/2024 19,38.07,57.79,10570
10/29/2024 20,22.5,57.8,10564
10/29/2024 21,17.79,57.82,10517
10/29/2024 22,20.91,57.84,10388
10/29/2024 23,13.74,57.86,10108
10/29/2024 24,10.45,57.87,9867
10/30/2024 01,7.9,57.88,9695
10/30/2024 02,5.49,57.89,9592
10/30/2024 03,0,57.89,9550
10/30/2024 04,6.75,57.9,9559
10/30/2024 05,7.76,57.91,9616
10/30/2024 06,17.35,57.93,9788
10/30/2024 07,25.33,57.96,10224
10/30/2024 08,27.54,57.99,10652
10/30/2024 09,26.52,58.01,10673
10/30/2024 10,25.78,58.03,10614
10/30/2024 11,23.98,58.06,10617
10/30/2024 12,26.85,58.08,10578
10/30/2024 13,27.28,58.12,10479
10/30/2024 14,25.92,58.15,10465
10/30/2024 15,20.26,58.18,10448
10/30/2024 16,20.36,58.21,10402
10/30/2024 17,17.32,58.23,10464
10/30/2024 18,27.88,58.27,10460
10/30/2024 19,28.68,58.27,10530
10/30/2024 20,26.77,58.05,10560
10/30/2024 21,25.58,58,10487
10/30/2024 22,26.86,58.03,10441
10/30/2024 23,26.76,58.07,10191
10/30/2024 24,27.86,58.11,9920
10/31/2024 01,26.71,58.14,9713
10/31/2024 02,28.05,58.18,9625
10/31/2024 03,28.56,58.22,9545
10/31/2024 04,28.47,58.26,9538
10/31/2024 05,27.62,58.3,9495
10/31/2024 06,26.28,58.34,9641
10/31/2024 07,28.34,58.36,10084
10/31/2024 08,58.85,58.43,10536
10/31/2024 09,77.22,58.52,10619
10/31/2024 10,89.92,58.62,10643
10/31/2024 11,31.99,58.65,10646
10/31/2024 12,27.13,58.67,10667
10/31/2024 13,27,58.69,10596
10/31/2024 14,31.93,58.72,10621
10/31/2024 15,32.86,58.77,10615
10/31/2024 16,43.48,58.82,10643
10/31/2024 17,33.45,58.85,10689
10/31/2024 18,47.71,58.9,10573
10/31/2024 19,48.32,58.94,10496
10/31/2024 20,40.54,58.97,10453
10/31/2024 21,39.22,59.01,10455
10/31/2024 22,64.24,59.08,10348
10/31/2024 23,80.58,59.18,10098
10/31/2024 24,65.9,59.27,9884
11/01/2024 01,29.95,59.31,9725
11/01/2024 02,24.33,59.35,9625
11/01/2024 03,19.89,59.38,9562
11/01/2024 04,19.89,59.4,9492
11/01/2024 05,19.67,59.43,9520
11/01/2024 06,19.65,59.46,9642
11/01/2024 07,24.22,59.46,10012
11/01/2024 08,31.48,59.43,10399
11/01/2024 09,99.61,59.52,10538
11/01/2024 10,96.18,59.62,10507
11/01/2024 11,90.21,59.71,10619
11/01/2024 12,107.72,59.71,10551
11/01/2024 13,103.19,59.33,10561
11/01/2024 14,36.98,59.07,10594
11/01/2024 15,35.36,58.87,10615
11/01/2024 16,37.09,58.89,10558
11/01/2024 17,65.03,58.96,10573
11/01/2024 18,192.67,58.72,10502
11/01/2024 19,150.89,57.88,10533
11/01/2024 20,54.7,57.13,10509
11/01/2024 21,27.23,56.99,10477
11/01/2024 22,30.29,57.01,10355
11/01/2024 23,30.64,57.02,10157
11/01/2024 24,30.33,57.05,9938
11/02/2024 01,55.8,57.12,9735
11/02/2024 02,60.43,57.19,9579
11/02/2024 03,38.15,57.24,9498
11/02/2024 04,32.19,57.28,9454
11/02/2024 05,22.38,57.3,9477
11/02/2024 06,26.36,57.32,9576
11/02/2024 07,32.61,57.35,9770
11/02/2024 08,32.68,57.37,10018
11/02/2024 09,62.9,57.43,10253
11/02/2024 10,34.65,57.46,10366
11/02/2024 11,103.24,57.58,10466
11/02/2024 12,301.02,57.99,10403
11/02/2024 13,586.13,58.79,10240
11/02/2024 14,61.9,58.86,10204
11/02/2024 15,55.45,58.92,10241
11/02/2024 16,40.92,58.97,10299
11/02/2024 17,88.92,59.07,10362
11/02/2024 18,484.08,59.65,10357
11/02/2024 19,544.39,60.27,10386
11/02/2024 20,36.81,60.19,10343
11/02/2024 21,18.44,60.17,10340
11/02/2024 22,17,60.16,10252
11/02/2024 23,19.42,60.16,10049
11/02/2024 24,61.86,60.22,9779
11/03/2024 01,49.35,60.27,9600
11/03/2024 02,37.35,60.3,9525
11/03/2024 02*,21.47,60.31,9540
11/03/2024 03,21.96,60.32,9500
11/03/2024 04,19.76,60.33,9446
11/03/2024 05,18.58,60.33,9430
11/03/2024 06,19.51,60.33,9389
11/03/2024 07,35.77,60.34,9518
11/03/2024 08,99.5,60.46,9697
11/03/2024 09,279.39,60.85,9795
11/03/2024 10,231.08,61.17,9919
11/03/2024 11,80.77,61.27,9993
11/03/2024 12,18.84,61.29,10073
11/03/2024 13,18.34,61.32,10046
11/03/2024 14,16.45,61.34,9966
11/03/2024 15,15.35,61.36,10011
11/03/2024 16,11.52,61.36,10148
11/03/2024 17,42.24,61.38,10399
11/03/2024 18,132.5,61.54,10662
11/03/2024 19,80.86,61.63,10588
11/03/2024 20,58.03,61.71,10501
11/03/2024 21,27.46,61.75,10322
11/03/2024 22,19.72,61.77,10097
11/03/2024 23,17.4,61.79,9853
11/03/2024 24,16.67,61.8,9684
11/04/2024 01,18.14,61.83,9557
11/04/2024 02,19.75,61.86,9532
11/04/2024 03,18.36,61.88,9483
11/04/2024 04,16.19,61.9,9442
11/04/2024 05,17,61.93,9538
11/04/2024 06,18.07,61.95,9769
11/04/2024 07,28.03,61.99,10241
11/04/2024 08,75,62.09,10638
11/04/2024 09,29.77,62.11,10656
11/04/2024 10,20.48,62.13,10681
11/04/2024 11,49.73,62.19,10691
11/04/2024 12,25.36,62.22,10722
11/04/2024 13,20.01,62.25,10689
11/04/2024 14,19.13,62.28,10614
11/04/2024 15,18.29,62.3,10608
11/04/2024 16,18.66,62.32,10646
11/04/2024 17,25.66,62.33,10804
11/04/2024 18,21.36,62.33,11016
11/04/2024 19,20.42,62.32,10890
11/04/2024 20,20.01,62.31,10825
11/04/2024 21,27.87,62.32,10710
11/04/2024 22,25.46,62.35,10422
11/04/2024 23,19.67,62.38,10100
11/04/2024 24,16.14,62.39,9821
11/05/2024 01,18.74,62.4,9630
11/05/2024 02,25,62.41,9542
11/05/2024 03,25.5,62.42,9507
11/05/2024 04,24.21,62.42,9535
11/05/2024 05,21.7,62.42,9586
11/05/2024 06,20.78,62.41,9749
11/05/2024 07,14.22,62.4,10273
11/05/2024 08,17.14,62.39,10743
11/05/2024 09,6.22,62.37,10831
11/05/2024 10,11.13,62.36,10875
11/05/2024 11,7.24,62.35,10903
11/05/2024 12,19.87,62.35,10891
11/05/2024 13,20.35,62.34,10829
11/05/2024 14,12.3,62.32,10737
11/05/2024 15,7.31,62.29,10729
11/05/2024 16,12.61,62.27,10765
11/05/2024 17,22.84,62.05,10852
11/05/2024 18,24.67,61.62,11025
11/05/2024 19,22.06,61.37,10935
11/05/2024 20,19.87,61.35,10837
11/05/2024 21,23.82,61.35,10712
11/05/2024 22,46.36,61.38,10514
11/05/2024 23,67.24,61.44,10189
11/05/2024 24,82.4,61.52,9877
11/06/2024 01,78.67,61.6,9704
11/06/2024 02,93.13,61.69,9645
11/06/2024 03,111.54,61.81,9554
11/06/2024 04,52.35,61.85,9510
11/06/2024 05,25.44,61.84,9575
11/06/2024 06,11.76,61.81,9769
11/06/2024 07,4.19,61.76,10215
11/06/2024 08,11.22,61.74,10623
11/06/2024 09,10.53,61.73,10671
11/06/2024 10,9.01,61.71,10581
11/06/2024 11,11.41,61.69,10559
11/06/2024 12,12.55,61.68,10464
11/06/2024 13,14.99,61.67,10369
11/06/2024 14,11.82,61.66,10366
11/06/2024 15,9.28,61.65,10338
11/06/2024 16,16.02,61.64,10353
11/06/2024 17,24.51,61.42,10575
11/06/2024 18,25.9,61.18,10821
11/06/2024 19,21.01,61.1,10785
11/06/2024 20,18.32,61.09,10706
11/06/2024 21,17.5,61.08,10542
11/06/2024 22,15.26,61.07,10294
11/06/2024 23,10.61,61.05,9996
11/06/2024 24,5.8,61.02,9815
11/07/2024 01,2.59,60.99,9614
11/07/2024 02,0,60.95,9511
11/07/2024 03,0,60.92,9450
11/07/2024 04,0,60.89,9387
11/07/2024 05,0,60.86,9430
11/07/2024 06,1.3,60.83,9596
11/07/2024 07,16.06,60.81,9988
11/07/2024 08,4.81,60.78,10329
11/07/2024 09,25.79,60.78,10406
11/07/2024 10,27.11,60.79,10434
11/07/2024 11,94.06,60.88,10420
11/07/2024 12,125.41,61.02,10361
11/07/2024 13,76.47,61.09,10283
11/07/2024 14,37.97,61.13,10271
11/07/2024 15,53.11,61.2,10319
11/07/2024 16,97.88,61.33,10344
11/07/2024 17,323.61,61.76,10372
11/07/2024 18,40.29,61.8,10539
11/07/2024 19,6.81,61.78,10504
11/07/2024 20,0.49,61.78,10465
11/07/2024 21,6.97,61.78,10334
11/07/2024 22,15.22,61.79,10142
11/07/2024 23,22.53,61.81,9954
11/07/2024 24,20.14,61.82,9748
11/08/2024 01,19.27,61.82,9549
11/08/2024 02,16.54,61.79,9396
11/08/2024 03,13.62,61.76,9373
11/08/2024 04,12.82,61.74,9328
11/08/2024 05,8.73,61.71,9419
11/08/2024 06,11.47,61.4,9602
11/08/2024 07,11.8,60.95,9993
11/08/2024 08,12.47,60.29,10337
11/08/2024 09,11.03,60.07,10470
11/08/2024 10,10.86,59.98,10483
11/08/2024 11,13.9,59.94,10478
11/08/2024 12,25.52,59.92,10487
11/08/2024 13,26.72,59.87,10481
11/08/2024 14,27.07,59.86,10413
11/08/2024 15,24.93,59.85,10353
11/08/2024 16,23.67,59.83,10376
11/08/2024 17,26.26,59.39,10452
11/08/2024 18,29.56,59.23,10619
11/08/2024 19,25.46,58.94,10516
11/08/2024 20,16.78,58.9,10387
11/08/2024 21,16.18,58.88,10252
11/08/2024 22,24.29,58.86,10092
11/08/2024 23,15.09,58.85,9870
11/08/2024 24,3.13,58.8,9666
11/09/2024 01,0.95,58.77,9472
11/09/2024 02,0,58.73,9386
11/09/2024 03,3.98,58.7,9354
11/09/2024 04,0,58.67,9268
11/09/2024 05,6.85,58.65,9254
11/09/2024 06,9.36,58.63,9342
11/09/2024 07,8.11,58.58,9501
11/09/2024 08,14.31,58.43,9746
11/09/2024 09,41.36,58.4,9910
11/09/2024 10,107.67,58.45,10086
11/09/2024 11,126.88,58.48,10246
11/09/2024 12,196.52,58.69,10228
11/09/2024 13,293.16,59.06,10204
11/09/2024 14,70.8,59.12,10188
11/09/2024 15,48.44,59.15,10192
11/09/2024 16,78.2,59.17,10326
11/09/2024 17,187.88,59.02,10496
11/09/2024 18,123.93,58.65,10532
11/09/2024 19,66.13,58.53,10436
11/09/2024 20,55.23,58.4,10390
11/09/2024 21,87.12,58.42,10322
11/09/2024 22,88.66,58.43,10161
11/09/2024 23,86.53,58.39,9911
11/09/2024 24,102.56,58.48,9687
11/10/2024 01,61.79,58.5,9482
11/10/2024 02,30.35,58.49,9447
11/10/2024 03,28.95,58.48,9412
11/10/2024 04,28.46,58.48,9355
11/10/2024 05,29.18,58.49,9381
11/10/2024 06,38.24,58.51,9427
11/10/2024 07,34.93,58.53,9556
11/10/2024 08,39.92,58.56,9793
11/10/2024 09,59.64,58.61,9891
11/10/2024 10,59.25,58.66,10038
11/10/2024 11,74.94,58.73,10112
11/10/2024 12,59.71,58.79,10169
11/10/2024 13,40.85,58.81,10154
11/10/2024 14,57.57,58.85,10142
11/10/2024 15,55,58.87,10129
11/10/2024 16,41.29,58.78,10134
11/10/2024 17,77.97,58.82,10337
11/10/2024 18,43.74,58.83,10651
11/10/2024 19,20.21,58.8,10597
11/10/2024 20,12.68,58.76,10469
11/10/2024 21,6.42,58.67,10422
11/10/2024 22,4.21,58.56,10302
11/10/2024 23,0,58.44,10110
11/10/2024 24,0,58.21,9895
11/11/2024 01,0,58.07,9769
11/11/2024 02,0,58.01,9647
11/11/2024 03,0,57.9,9545
11/11/2024 04,0,57.67,9489
11/11/2024 05,0,57.44,9510
11/11/2024 06,0,57.31,9569
11/11/2024 07,4.46,57.17,9750
11/11/2024 08,8.09,56.95,9936
11/11/2024 09,13.94,56.87,10103
11/11/2024 10,10.94,56.8,10284
11/11/2024 11,16.17,56.72,10381
11/11/2024 12,22.26,56.65,10451
11/11/2024 13,16.16,56.61,10455
11/11/2024 14,8.09,56.57,10465
11/11/2024 15,5.41,56.53,10503
11/11/2024 16,9.31,56.43,10614
11/11/2024 17,15.2,56.29,10829
11/11/2024 18,8.03,56.09,10973
11/11/2024 19,5.69,55.98,10800
11/11/2024 20,0.28,55.78,10646
11/11/2024 21,0,55.73,10503
11/11/2024 22,0,55.68,10288
11/11/2024 23,0,55.64,10047
11/11/2024 24,0,55.6,9756
11/12/2024 01,0,55.56,9572
11/12/2024 02,0,55.53,9479
11/12/2024 03,0,55.5,9414
11/12/2024 04,0,55.48,9392
11/12/2024 05,0,55.46,9470
11/12/2024 06,10.89,55.48,9641
11/12/2024 07,12.99,55.49,10036
11/12/2024 08,18.13,55.5,10484
11/12/2024 09,23.23,55.52,10575
11/12/2024 10,16.08,55.54,10618
11/12/2024 11,14.62,55.56,10708
11/12/2024 12,10.17,55.58,10587
11/12/2024 13,9.33,55.59,10584
11/12/2024 14,10.22,55.6,10606
11/12/2024 15,9.13,55.58,10574
11/12/2024 16,16.92,55.58,10581
11/12/2024 17,25.1,55.59,10789
11/12/2024 18,25.2,55.59,10990
11/12/2024 19,16.5,55.59,10896
11/12/2024 20,7.02,55.57,10806
11/12/2024 21,6.17,55.55,10672
11/12/2024 22,3.29,55.53,10450
11/12/2024 23,1.89,55.51,10208
11/12/2024 24,3,55.48,9965
11/13/2024 01,2.06,55.46,9718
11/13/2024 02,7.68,55.44,9625
11/13/2024 03,15.41,55.43,9509
11/13/2024 04,18.71,55.43,9474
11/13/2024 05,19.72,55.42,9519
11/13/2024 06,21.74,55.42,9677
11/13/2024 07,18.08,55.4,10077
11/13/2024 08,19.2,55.39,10518
11/13/2024 09,12.08,55.38,10626
11/13/2024 10,14.53,55.36,10611
11/13/2024 11,17.25,55.35,10663
11/13/2024 12,18.3,55.35,10675
11/13/2024 13,21.3,55.34,10644
11/13/2024 14,24.59,55.34,10650
11/13/2024 15,23.01,55.33,10623
11/13/2024 16,17.94,55.32,10676
11/13/2024 17,16.13,55.3,10878
11/13/2024 18,10.41,55.28,10996
11/13/2024 19,7.91,55.26,10820
11/13/2024 20,6.88,55.24,10693
11/13/2024 21,14.07,55.22,10547
11/13/2024 22,16.9,55.22,10344
11/13/2024 23,14.93,55.21,10104
11/13/2024 24,8.47,55.2,9842
11/14/2024 01,5.83,55.19,9628
11/14/2024 02,3.65,55.17,9503
11/14/2024 03,7.5,55.16,9453
11/14/2024 04,7.9,55.13,9412
11/14/2024 05,8.09,55.11,9441
11/14/2024 06,10.58,55.08,9645
11/14/2024 07,14.22,55.06,10073
11/14/2024 08,13.21,55.03,10531
11/14/2024 09,16.37,54.84,10668
11/14/2024 10,16.38,54.67,10671
11/14/2024 11,61.25,54.5,10729
11/14/2024 12,48.98,54.1,10766
11/14/2024 13,33.89,52.79,10789
11/14/2024 14,25.28,51.49,10774
11/14/2024 15,72.53,50.3,10768
11/14/2024 16,69.62,49.12,10838
11/14/2024 17,53.71,47.81,10927
11/14/2024 18,51.14,46.49,10990
11/14/2024 19,20.46,45.25,10868
11/14/2024 20,20.53,44.45,10795
11/14/2024 21,18.79,44.4,10644
11/14/2024 22,17.73,44.37,10429
11/14/2024 23,15.76,44.33,10171
11/14/2024 24,14.07,44.28,9932
11/15/2024 01,14.68,44.25,9772
11/15/2024 02,11.5,44.22,9645
11/15/2024 03,10.68,44.19,9598
11/15/2024 04,10.68,44.15,9604
11/15/2024 05,12.57,43.99,9649
11/15/2024 06,16.1,43.87,9812
11/15/2024 07,18.46,43.67,10182
11/15/2024 08,26.04,43.53,10649
11/15/2024 09,45.61,43.56,10801
11/15/2024 10,58.59,43.6,10841
11/15/2024 11,82.58,43.68,10917
11/15/2024 12,86.16,43.76,10908
11/15/2024 13,74.31,43.83,10928
11/15/2024 14,97.18,43.92,10904
11/15/2024 15,79,44,10820
11/15/2024 16,80.11,44.08,10862
11/15/2024 17,154.04,44.27,10917
11/15/2024 18,166.04,44.47,10980
11/15/2024 19,111.86,44.59,10847
11/15/2024 20,105.03,44.7,10757
11/15/2024 21,80.6,44.78,10600
11/15/2024 22,66.25,44.85,10430
11/15/2024 23,54.43,44.9,10288
11/15/2024 24,59.58,44.98,10097
11/16/2024 01,48.2,45.05,9899
11/16/2024 02,37.55,45.1,9734
11/16/2024 03,32.93,45.15,9719
11/16/2024 04,27.3,45.16,9688
11/16/2024 05,23.92,45.16,9689
11/16/2024 06,22.66,45.12,9723
11/16/2024 07,24.77,45.06,9818
11/16/2024 08,23.12,45.01,10040
11/16/2024 09,31.7,45.01,10199
11/16/2024 10,31.17,45,10298
11/16/2024 11,30.33,44.96,10381
11/16/2024 12,23.55,44.96,10403
11/16/2024 13,20.09,44.95,10367
11/16/2024 14,19.81,44.94,10299
11/16/2024 15,19.17,44.93,10343
11/16/2024 16,14.18,44.92,10324
11/16/2024 17,20.76,44.91,10499
11/16/2024 18,18.37,44.86,10728
11/16/2024 19,7.7,44.8,10629
11/16/2024 20,21.31,44.68,10484
11/16/2024 21,5.1,44.58,10369
11/16/2024 22,6.63,44.55,10262
11/16/2024 23,11.22,44.5,10143
11/16/2024 24,6.06,44.47,9944
11/17/2024 01,3.9,44.43,9751
11/17/2024 02,2.48,44.39,9615
11/17/2024 03,5.38,44.36,9515
11/17/2024 04,4.99,44.33,9474
11/17/2024 05,1.58,44.31,9446
11/17/2024 06,0,44.27,9413
11/17/2024 07,5.45,44.21,9544
11/17/2024 08,9.45,44.12,9794
11/17/2024 09,11.45,44.09,9970
11/17/2024 10,11.69,44.07,10139
11/17/2024 11,7.5,44.05,10255
11/17/2024 12,0,44.02,10314
11/17/2024 13,11,44.03,10411
11/17/2024 14,12.14,44.04,10412
11/17/2024 15,14.24,44.06,10402
11/17/2024 16,16.23,44.06,10503
11/17/2024 17,15.72,44.05,10783
11/17/2024 18,9.44,44.06,10892
11/17/2024 19,2.59,44.06,10771
11/17/2024 20,1.56,44.06,10653
11/17/2024 21,16.21,44.07,10534
11/17/2024 22,25.06,44.11,10356
11/17/2024 23,85.37,44.22,10097
11/17/2024 24,79.78,44.34,9844
11/18/2024 01,37.98,44.39,9709
11/18/2024 02,46.3,44.45,9661
11/18/2024 03,22.42,44.48,9594
11/18/2024 04,11.34,44.5,9565
11/18/2024 05,20.88,44.53,9632
11/18/2024 06,21.57,44.56,9814
11/18/2024 07,21.49,44.58,10238
11/18/2024 08,24.26,44.6,10736
11/18/2024 09,55.58,44.66,10835
11/18/2024 10,66.29,44.73,10891
11/18/2024 11,69.48,44.82,10964
11/18/2024 12,42.9,44.86,10972
11/18/2024 13,21.48,44.88,10805
11/18/2024 14,17.25,44.9,10965
11/18/2024 15,16.12,44.92,10917
11/18/2024 16,16.27,44.92,10896
11/18/2024 17,21.83,44.95,11120
11/18/2024 18,26.89,44.98,11287
11/18/2024 19,20.61,45,11128
11/18/2024 20,20,45.03,10984
11/18/2024 21,19.58,45.06,10894
11/18/2024 22,25.72,45.09,10715
11/18/2024 23,20,45.12,10381
11/18/2024 24,27.81,45.16,10175
11/19/2024 01,27.5,45.2,10018
11/19/2024 02,28.11,45.23,9895
11/19/2024 03,27.33,45.27,9838
11/19/2024 04,27.32,45.31,9785
11/19/2024 05,26.24,45.33,9829
11/19/2024 06,26.72,45.33,9974
11/19/2024 07,27.47,44.99,10440
11/19/2024 08,30.06,44.8,10891
11/19/2024 09,38.01,44.56,11026
11/19/2024 10,51.64,44.56,11095
11/19/2024 11,62.61,44.62,11141
11/19/2024 12,38.56,44.65,11146
11/19/2024 13,27.24,44.68,11082
11/19/2024 14,26.73,44.71,11079
11/19/2024 15,25.09,44.74,11119
11/19/2024 16,26.51,44.77,11124
11/19/2024 17,64.59,44.85,11351
11/19/2024 18,51.64,44.91,11477
11/19/2024 19,27.05,44.94,11282
11/19/2024 20,24.25,44.97,11243
11/19/2024 21,25.69,45.01,11057
11/19/2024 22,26.73,45.05,10853
11/19/2024 23,27.83,45.09,10630
11/19/2024 24,25.38,45.12,10331
11/20/2024 01,28.97,45.15,10218
11/20/2024 02,28.02,45.19,10110
11/20/2024 03,26.12,45.22,10020
11/20/2024 04,26.4,45.26,9960
11/20/2024 05,26.99,45.3,10021
11/20/2024 06,33.6,45.34,10206
11/20/2024 07,42,45.4,10560
11/20/2024 08,89.47,45.51,11022
11/20/2024 09,295.92,45.89,11008
11/20/2024 10,255.93,46.22,11012
11/20/2024 11,383.06,46.73,11063
11/20/2024 12,257.86,47.06,11106
11/20/2024 13,234,47.36,11107
11/20/2024 14,266.19,47.71,11090
11/20/2024 15,248.65,48.02,11095
11/20/2024 16,552.12,48.7,11089
11/20/2024 17,781.62,49.67,11285
11/20/2024 18,773.85,50.67,11446
11/20/2024 19,614.32,51.41,11286
11/20/2024 20,230.7,51.62,11175
11/20/2024 21,56.75,51.56,11072
11/20/2024 22,38.35,51.54,10825
11/20/2024 23,37.53,51.48,10606
11/20/2024 24,29.41,51.4,10371
11/21/2024 01,33.92,51.37,10213
11/21/2024 02,38.7,51.31,10084
11/21/2024 03,36.42,51.25,9998
11/21/2024 04,41.56,51.2,9977
11/21/2024 05,41.33,50.62,10031
11/21/2024 06,44.5,49.91,10210
11/21/2024 07,92.93,48.65,10586
11/21/2024 08,211.57,47.85,10936
11/21/2024 09,224.35,47.5,10981
11/21/2024 10,224.35,47.75,10993
11/21/2024 11,264.64,48.08,11036
11/21/2024 12,191.33,48.31,11064
11/21/2024 13,71.29,48.37,11060
11/21/2024 14,55.8,48.42,11184
11/21/2024 15,151.81,48.6,11173
11/21/2024 16,167.23,48.81,11184
11/21/2024 17,392.85,49.31,11351
11/21/2024 18,605,50.1,11466
11/21/2024 19,137.93,50.24,11280
11/21/2024 20,85.74,50.33,11210
11/21/2024 21,49.29,50.37,11146
11/21/2024 22,49.02,50.41,10994
11/21/2024 23,48.53,50.44,10723
11/21/2024 24,47.36,50.48,10489
11/22/2024 01,51.29,50.52,10268
11/22/2024 02,52.6,50.56,10227
11/22/2024 03,51.76,50.62,10218
11/22/2024 04,51.36,50.69,10234
11/22/2024 05,51.5,50.76,10269
11/22/2024 06,67.42,50.83,10399
11/22/2024 07,99.05,50.91,10722
11/22/2024 08,183.75,51.13,11071
11/22/2024 09,172.99,51.34,11171
11/22/2024 10,149.33,51.51,11213
11/22/2024 11,144.25,51.68,11258
11/22/2024 12,207.28,51.91,11280
11/22/2024 13,185.59,52.11,11209
11/22/2024 14,143.18,52.26,11172
11/22/2024 15,141.02,52.42,11141
11/22/2024 16,149.37,52.59,11217
11/22/2024 17,242.29,52.86,11438
11/22/2024 18,272.03,53.17,11524
11/22/2024 19,155.42,53.35,11350
11/22/2024 20,78.61,53.4,11246
11/22/2024 21,82.7,53.39,11197
11/22/2024 22,87.95,53.47,11059
11/22/2024 23,65.21,53.53,10797
11/22/2024 24,51.76,53.56,10590
11/23/2024 01,40.6,53.58,10393
11/23/2024 02,40.72,53.59,10329
11/23/2024 03,35,53.59,10231
11/23/2024 04,34.38,53.6,10179
11/23/2024 05,35.01,53.59,10186
11/23/2024 06,36.25,53.55,10221
11/23/2024 07,45.08,53.48,10375
11/23/2024 08,44.67,53.45,10622
11/23/2024 09,37.53,53.47,10833
11/23/2024 10,44.99,53.5,10993
11/23/2024 11,54.22,53.54,11169
11/23/2024 12,53.53,53.58,11211
11/23/2024 13,50.35,53.62,11221
11/23/2024 14,38.31,53.64,11222
11/23/2024 15,34.48,53.66,11208
11/23/2024 16,35.2,53.66,11263
11/23/2024 17,34.52,53.6,11389
11/23/2024 18,35.79,53.55,11530
11/23/2024 19,31.83,53.56,11397
11/23/2024 20,24.31,53.56,11303
11/23/2024 21,14.75,53.55,11185
11/23/2024 22,12.76,53.53,11016
11/23/2024 23,5.15,53.5,10804
11/23/2024 24,5.15,53.47,10600
11/24/2024 01,17.72,53.46,10412
11/24/2024 02,23.02,53.46,10282
11/24/2024 03,26.71,53.46,10250
11/24/2024 04,20.1,53.46,10202
11/24/2024 05,19.66,53.44,10211
11/24/2024 06,24.57,53.4,10288
11/24/2024 07,27.57,53.16,10417
11/24/2024 08,26.98,52.77,10585
11/24/2024 09,31.82,52.76,10736
11/24/2024 10,38.99,52.78,10876
11/24/2024 11,35.96,52.79,11003
11/24/2024 12,28.43,52.79,11067
11/24/2024 13,31.18,52.79,11100
11/24/2024 14,34.96,52.8,11053
11/24/2024 15,41.74,52.79,11114
11/24/2024 16,50.18,52.71,11219
11/24/2024 17,91.32,52.51,11401
11/24/2024 18,103.87,52.58,11643
11/24/2024 19,77.41,52.65,11523
11/24/2024 20,114.81,52.78,11426
11/24/2024 21,140.14,52.94,11296
11/24/2024 22,60,53,11119
11/24/2024 23,53.95,53.05,10798
11/24/2024 24,44.15,53.08,10536
11/25/2024 01,103.63,53.2,10319
11/25/2024 02,76.5,53.28,10205
11/25/2024 03,93.77,53.39,10269
11/25/2024 04,60.5,53.47,10300
11/25/2024 05,75.02,53.56,10353
11/25/2024 06,68.07,53.64,10637
11/25/2024 07,122.13,53.8,11017
11/25/2024 08,539.87,54.53,11361
11/25/2024 09,341.3,55,11308
11/25/2024 10,266.25,55.33,11325
11/25/2024 11,149.6,55.51,11380
11/25/2024 12,142.33,55.69,11399
11/25/2024 13,57.36,55.76,11427
11/25/2024 14,48.45,55.81,11479
11/25/2024 15,46.56,55.85,11527
11/25/2024 16,42.47,55.88,11531
11/25/2024 17,39.58,55.89,11698
11/25/2024 18,36.06,55.89,11840
11/25/2024 19,35.2,55.84,11713
11/25/2024 20,43.99,55.81,11611
11/25/2024 21,46.99,55.83,11594
11/25/2024 22,45.3,55.85,11313
11/25/2024 23,44.07,55.87,10954
11/25/2024 24,40.74,55.88,10682
11/26/2024 01,41.15,55.9,10501
11/26/2024 02,41.22,55.92,10446
11/26/2024 03,40.84,55.94,10413
11/26/2024 04,41.92,55.97,10434
11/26/2024 05,45.45,56.02,10495
11/26/2024 06,48.69,56.09,10622
11/26/2024 07,66.2,56.17,10981
11/26/2024 08,163.92,56.38,11355
11/26/2024 09,243.74,56.69,11327
11/26/2024 10,156.28,56.91,11307
11/26/2024 11,56.98,56.99,11346
11/26/2024 12,65.55,57.08,11345
11/26/2024 13,192.29,57.35,11265
11/26/2024 14,236.29,57.67,11236
11/26/2024 15,196.84,57.95,11170
11/26/2024 16,187.7,58.21,11266
11/26/2024 17,109.72,58.35,11510
11/26/2024 18,186.56,58.58,11714
11/26/2024 19,58.56,58.63,11590
11/26/2024 20,46.49,58.67,11524
11/26/2024 21,40.86,58.7,11390
11/26/2024 22,39.59,58.73,11194
11/26/2024 23,35.76,58.78,10872
11/26/2024 24,27.7,58.8,10568
11/27/2024 01,23.15,58.82,10397
11/27/2024 02,24.05,58.85,10313
11/27/2024 03,28.12,58.88,10257
11/27/2024 04,28.12,58.91,10257
11/27/2024 05,30.06,58.92,10334
11/27/2024 06,31.08,58.92,10504
11/27/2024 07,40.37,58.94,10903
11/27/2024 08,74.91,59.01,11268
11/27/2024 09,140.48,59.19,11315
11/27/2024 10,70.62,59.27,11334
11/27/2024 11,93.99,59.38,11415
11/27/2024 12,463.77,60,11306
11/27/2024 13,587.68,60.8,11267
11/27/2024 14,166.44,60.97,11236
11/27/2024 15,132.06,61.03,11272
11/27/2024 16,74.81,60.59,11364
11/27/2024 17,193.4,60.75,11601
11/27/2024 18,112.22,60.81,11715
11/27/2024 19,56.43,60.77,11597
11/27/2024 20,55.43,60.71,11536
11/27/2024 21,110.6,60.52,11452
11/27/2024 22,441.72,61.08,11210
11/27/2024 23,185.78,61.3,10948
11/27/2024 24,52.29,61.32,10790
11/28/2024 01,55.16,61.35,10676
11/28/2024 02,93.67,61.4,10565
11/28/2024 03,143.8,61.55,10464
11/28/2024 04,44.07,61.55,10481
11/28/2024 05,41.6,61.49,10528
11/28/2024 06,63.84,61.43,10757
11/28/2024 07,111.59,60.99,11136
11/28/2024 08,123.82,59.78,11520
11/28/2024 09,134.25,58.84,11552
11/28/2024 10,211.27,58.08,11513
11/28/2024 11,199.09,57.96,11506
11/28/2024 12,252.28,58.18,11482
11/28/2024 13,378.95,58.57,11414
11/28/2024 14,333.68,58.99,11482
11/28/2024 15,565.65,59.74,11520
11/28/2024 16,525.11,60.43,11537
11/28/2024 17,924.78,61.64,11752
11/28/2024 18,904.26,62.84,11786
11/28/2024 19,825.99,63.96,11630
11/28/2024 20,847.19,65.11,11581
11/28/2024 21,847.19,66.26,11447
11/28/2024 22,704.45,67.22,11302
11/28/2024 23,315.51,67.64,11003
11/28/2024 24,74.15,67.73,10786
11/29/2024 01,54.25,67.8,10687
11/29/2024 02,56.12,67.88,10683
11/29/2024 03,95.82,68,10636
11/29/2024 04,81.43,68.11,10577
11/29/2024 05,276.87,68.47,10591
11/29/2024 06,130.64,68.61,10721
11/29/2024 07,293.43,68.98,10989
11/29/2024 08,633.78,69.83,11395
11/29/2024 09,384.58,70.32,11586
11/29/2024 10,156.34,70.51,11653
11/29/2024 11,119.88,70.64,11744
11/29/2024 12,119.2,70.76,11719
11/29/2024 13,72.83,70.83,11686
11/29/2024 14,82.47,70.92,11775
11/29/2024 15,48.82,70.96,11847
11/29/2024 16,52.47,71,11805
11/29/2024 17,111.79,71.12,11934
11/29/2024 18,108.91,71.23,11963
11/29/2024 19,45.12,71.26,11791
11/29/2024 20,38.18,71.27,11735
11/29/2024 21,33.92,71.28,11686
11/29/2024 22,38.59,71.3,11541
11/29/2024 23,35.73,71.31,11308
11/29/2024 24,36.4,71.33,11058
11/30/2024 01,33.92,71.33,10844
11/30/2024 02,33.04,71.34,10672
11/30/2024 03,31.79,71.34,10589
11/30/2024 04,30.34,71.35,10562
11/30/2024 05,31.28,71.36,10584
11/30/2024 06,33.23,71.36,10666
11/30/2024 07,31.38,71.32,10781
11/30/2024 08,27.12,71.25,11003
11/30/2024 09,32.35,71.17,11194
11/30/2024 10,34.53,71.18,11324
11/30/2024 11,33.83,71.19,11378
11/30/2024 12,33.25,71.2,11461
11/30/2024 13,33.39,71.2,11455
11/30/2024 14,34.21,71.2,11436
11/30/2024 15,31.5,71.18,11472
11/30/2024 16,49.46,71.21,11481
11/30/2024 17,101.11,71.28,11693
11/30/2024 18,111.04,71.37,11815
11/30/2024 19,50.67,71.38,11692
11/30/2024 20,49.53,71.4,11656
11/30/2024 21,50.16,71.38,11545
11/30/2024 22,38.79,71.32,11393
11/30/2024 23,32.31,71.27,11143
11/30/2024 24,20.47,71.26,10924
12/01/2024 01,10.5,71.24,10721
12/01/2024 02,13.33,71.23,10560
12/01/2024 03,14.6,71.22,10514
12/01/2024 04,19.08,71.22,10505
12/01/2024 05,20.5,71.22,10549
12/01/2024 06,23.26,71.22,10613
12/01/2024 07,27.54,71.22,10744
12/01/2024 08,41.43,71.13,10919
12/01/2024 09,43.72,71.06,11059
12/01/2024 10,47.32,71,11233
12/01/2024 11,47.75,70.92,11343
12/01/2024 12,48.36,70.84,11334
12/01/2024 13,47.16,70.86,11421
12/01/2024 14,49.44,70.88,11446
12/01/2024 15,49.39,70.89,11440
12/01/2024 16,52.16,70.88,11494
12/01/2024 17,70.71,70.71,11724
12/01/2024 18,51.43,70.57,11891
12/01/2024 19,43.56,70.55,11794
12/01/2024 20,27.13,70.55,11677
12/01/2024 21,25.65,70.55,11543
12/01/2024 22,32.38,70.55,11370
12/01/2024 23,28.62,70.55,11028
12/01/2024 24,12.93,70.49,10718
12/02/2024 01,13.88,70.42,10554
12/02/2024 02,15.48,70.39,10393
12/02/2024 03,5.69,70.35,10280
12/02/2024 04,14.21,70.34,10271
12/02/2024 05,18.26,70.33,10284
12/02/2024 06,14.19,70.31,10446
12/02/2024 07,9.84,70.27,10832
12/02/2024 08,18.26,70.21,11302
12/02/2024 09,22.39,70.19,11420
12/02/2024 10,5.31,70.06,11446
12/02/2024 11,4.64,69.65,11500
12/02/2024 12,23.09,68.87,11522
12/02/2024 13,32.43,68.82,11472
12/02/2024 14,31.78,68.79,11422
12/02/2024 15,37.99,68.79,11399
12/02/2024 16,28.94,68.7,11435
12/02/2024 17,31.91,68.08,11649
12/02/2024 18,24.06,67.35,11741
12/02/2024 19,16.66,67.33,11591
12/02/2024 20,10.12,67.31,11525
12/02/2024 21,21.07,67.32,11381
12/02/2024 22,7.4,67.3,11040
12/02/2024 23,0,67.22,10651
12/02/2024 24,0,67.15,10367
12/03/2024 01,0,67.1,10161
12/03/2024 02,0,67.07,10002
12/03/2024 03,0,67.04,9836
12/03/2024 04,0,67.01,9772
12/03/2024 05,0,66.98,9839
12/03/2024 06,0,66.96,10019
12/03/2024 07,0.69,66.91,10502
12/03/2024 08,8.57,66.78,10971
12/03/2024 09,14.18,66.41,11115
12/03/2024 10,20.14,66.12,11144
12/03/2024 11,15.36,66.03,11147
12/03/2024 12,9.42,66.02,11171
12/03/2024 13,18.71,66.02,11047
12/03/2024 14,19.1,66.02,11006
12/03/2024 15,20.17,66.03,11002
12/03/2024 16,21.43,66.04,11119
12/03/2024 17,39.84,66.04,11413
12/03/2024 18,38.95,65.91,11607
12/03/2024 19,33.82,65.84,11446
12/03/2024 20,39.91,65.82,11354
12/03/2024 21,39.12,65.83,11201
12/03/2024 22,39.71,65.86,11015
12/03/2024 23,34.67,65.88,10731
12/03/2024 24,25.08,65.9,10405
12/04/2024 01,19.88,65.9,10204
12/04/2024 02,11.52,65.89,10061
12/04/2024 03,16.91,65.88,9989
12/04/2024 04,17.15,65.89,10019
12/04/2024 05,17.69,65.89,10113
12/04/2024 06,17.89,65.89,10267
12/04/2024 07,27.61,65.89,10677
12/04/2024 08,53.88,65.86,11136
12/04/2024 09,52.77,65.89,11269
12/04/2024 10,63.98,65.95,11289
12/04/2024 11,43.54,65.94,11363
12/04/2024 12,39.82,65.96,11364
12/04/2024 13,25.44,65.97,11325
12/04/2024 14,22.33,65.97,11364
12/04/2024 15,18.61,65.97,11345
12/04/2024 16,19.36,65.97,11353
12/04/2024 17,32.57,65.98,11615
12/04/2024 18,34.84,66,11737
12/04/2024 19,25.59,66.01,11562
12/04/2024 20,27.15,66.02,11431
12/04/2024 21,39.97,66.04,11319
12/04/2024 22,23.97,66.03,10995
12/04/2024 23,35.65,66.06,10721
12/04/2024 24,18.96,66.06,10456
12/05/2024 01,17.74,66.06,10256
12/05/2024 02,16.15,66.05,10181
12/05/2024 03,15.02,66.03,10036
12/05/2024 04,14.45,66.02,10012
12/05/2024 05,16.94,66.01,10016
12/05/2024 06,20.61,66.01,10173
12/05/2024 07,26.51,66.03,10585
12/05/2024 08,20.82,66.03,10992
12/05/2024 09,26.64,66.06,11116
12/05/2024 10,19.44,66.07,11185
12/05/2024 11,16.47,66.09,11140
12/05/2024 12,19.71,66.09,11115
12/05/2024 13,25.05,66.09,10953
12/05/2024 14,25.15,66.11,10940
12/05/2024 15,22.46,66.13,10943
12/05/2024 16,35.66,66.16,11014
12/05/2024 17,54.09,66.21,11247
12/05/2024 18,40.15,66.23,11419
12/05/2024 19,31.79,66.24,11264
12/05/2024 20,25.93,66.25,11170
12/05/2024 21,27.98,66.26,11084
12/05/2024 22,18.01,66.22,10890
12/05/2024 23,14.5,66.14,10602
12/05/2024 24,15.31,66.05,10293
12/06/2024 01,17.33,65.97,10100
12/06/2024 02,16.81,65.86,10026
12/06/2024 03,17.25,65.73,9923
12/06/2024 04,18.19,65.68,9857
12/06/2024 05,22.22,65.68,9869
12/06/2024 06,30.49,65.7,9991
12/06/2024 07,25.06,65.73,10357
12/06/2024 08,23.1,65.75,10837
12/06/2024 09,24.46,65.77,11010
12/06/2024 10,23.09,65.79,11019
12/06/2024 11,17.45,65.8,11070
12/06/2024 12,18.18,65.8,11128
12/06/2024 13,20.22,65.81,11103
12/06/2024 14,22.25,65.83,11093
12/06/2024 15,22.92,65.84,11026
12/06/2024 16,21.65,65.85,11022
12/06/2024 17,21.13,65.85,11226
12/06/2024 18,24.54,65.85,11317
12/06/2024 19,24.48,65.85,11172
12/06/2024 20,25.92,65.86,10965
12/06/2024 21,37.08,65.89,10837
12/06/2024 22,41.77,65.92,10674
12/06/2024 23,23.8,65.94,10455
12/06/2024 24,21.29,65.96,10235
12/07/2024 01,19,65.99,10055
12/07/2024 02,17.48,66.01,9900
12/07/2024 03,17.31,66.04,9783
12/07/2024 04,15.15,66.06,9753
12/07/2024 05,6.34,66.07,9726
12/07/2024 06,6.44,66.07,9786
12/07/2024 07,14.2,66.07,9955
12/07/2024 08,15.16,66.08,10187
12/07/2024 09,29.12,66.09,10386
12/07/2024 10,26.98,66.09,10510
12/07/2024 11,44.25,66.02,10647
12/07/2024 12,29.72,65.89,10709
12/07/2024 13,18.66,65.81,10683
12/07/2024 14,15.05,65.77,10624
12/07/2024 15,15.91,65.72,10615
12/07/2024 16,17.47,65.61,10740
12/07/2024 17,27.76,65.2,11056
12/07/2024 18,23.53,65.18,11179
12/07/2024 19,14.72,65.19,11036
12/07/2024 20,13.44,65.21,10797
12/07/2024 21,22.35,65.23,10671
12/07/2024 22,18.52,65.23,10511
12/07/2024 23,4.8,65.21,10265
12/07/2024 24,0,65.18,10082
12/08/2024 01,0,65.15,9899
12/08/2024 02,0,65.13,9816
12/08/2024 03,0,65.11,9719
12/08/2024 04,0,65.09,9738
12/08/2024 05,0,65.08,9707
12/08/2024 06,0,65.06,9795
12/08/2024 07,0,65.05,9944
12/08/2024 08,0,65.03,10165
12/08/2024 09,0,65.02,10449
12/08/2024 10,0,65,10641
12/08/2024 11,0,64.98,10858
12/08/2024 12,0.01,64.95,11047
12/08/2024 13,0.01,64.91,11078
12/08/2024 14,8.08,64.88,11013
12/08/2024 15,12.13,64.86,11015
12/08/2024 16,14.37,64.85,11061
12/08/2024 17,21.57,64.85,11336
12/08/2024 18,32.99,64.85,11547
12/08/2024 19,17.76,64.84,11399
12/08/2024 20,14.11,64.84,11255
12/08/2024 21,16.76,64.84,11095
12/08/2024 22,22.92,64.83,10865
12/08/2024 23,24.16,64.85,10522
12/08/2024 24,30.53,64.89,10253
12/09/2024 01,40.26,64.94,10045
12/09/2024 02,39.22,64.99,9896
12/09/2024 03,34.91,65.04,9833
12/09/2024 04,35.7,65.09,9809
12/09/2024 05,33.96,65.12,9857
12/09/2024 06,34.37,65.16,10024
12/09/2024 07,51.13,65.22,10496
12/09/2024 08,42.15,65.26,10914
12/09/2024 09,42.02,65.26,11040
12/09/2024 10,29.46,65.15,11014
12/09/2024 11,20.37,65,11078
12/09/2024 12,13.63,64.75,11090
12/09/2024 13,8.97,64.35,11054
12/09/2024 14,11.96,64.27,11061
12/09/2024 15,8.25,64.22,11127
12/09/2024 16,11.59,64.12,11256
12/09/2024 17,15.56,63.88,11537
12/09/2024 18,17.19,63.74,11611
12/09/2024 19,15.63,63.67,11501
12/09/2024 20,7.27,63.6,11349
12/09/2024 21,2.86,63.48,11188
12/09/2024 22,6.26,63.37,10994
12/09/2024 23,2.75,63.25,10719
12/09/2024 24,0.19,63.11,10421
12/10/2024 01,2.24,63.03,10159
12/10/2024 02,4.74,62.99,10020
12/10/2024 03,5.89,62.96,9943
12/10/2024 04,10.04,62.93,9870
12/10/2024 05,9.04,62.91,9895
12/10/2024 06,11.4,62.87,10062
12/10/2024 07,22.06,62.85,10500
12/10/2024 08,27.73,62.83,10989
12/10/2024 09,40.29,62.81,11178
12/10/2024 10,40.48,62.78,11140
12/10/2024 11,40.92,62.73,11151
12/10/2024 12,38.28,62.7,11170
12/10/2024 13,37.64,62.7,11163
12/10/2024 14,37.64,62.67,11168
12/10/2024 15,39.76,62.65,11203
12/10/2024 16,43.92,62.65,11296
12/10/2024 17,215.77,62.84,11520
12/10/2024 18,183.22,63.04,11609
12/10/2024 19,42.82,63.07,11484
12/10/2024 20,40.28,63.11,11417
12/10/2024 21,39.3,63.15,11245
12/10/2024 22,36.27,63.2,11001
12/10/2024 23,23.07,63.23,10765
12/10/2024 24,21.94,63.26,10485
12/11/2024 01,23.28,63.29,10279
12/11/2024 02,23.5,63.33,10162
12/11/2024 03,23.5,63.36,10057
12/11/2024 04,25.67,63.39,10046
12/11/2024 05,30.17,63.44,10136
12/11/2024 06,34.5,63.48,10248
12/11/2024 07,29.28,63.52,10570
12/11/2024 08,38.52,63.56,10942
12/11/2024 09,41.35,63.6,11105
12/11/2024 10,37.34,63.64,11095
12/11/2024 11,36.79,63.66,11166
12/11/2024 12,35.14,63.68,11243
12/11/2024 13,34.96,63.71,11273
12/11/2024 14,28.87,63.74,11242
12/11/2024 15,30.29,63.77,11299
12/11/2024 16,37.9,63.81,11375
12/11/2024 17,41.47,63.85,11631
12/11/2024 18,40.27,63.89,11671
12/11/2024 19,36.77,63.94,11483
12/11/2024 20,40.49,63.99,11477
12/11/2024 21,44.51,64.05,11352
12/11/2024 22,41.78,64.11,11121
12/11/2024 23,37.79,64.16,10835
12/11/2024 24,37.59,64.22,10573
12/12/2024 01,42.84,64.28,10390
12/12/2024 02,51.43,64.35,10293
12/12/2024 03,46.66,64.41,10217
12/12/2024 04,28.27,64.45,10182
12/12/2024 05,23.03,64.48,10232
12/12/2024 06,36.07,64.52,10424
12/12/2024 07,41.71,64.56,10850
12/12/2024 08,44.24,64.59,11338
12/12/2024 09,44.89,64.62,11538
12/12/2024 10,37.53,64.65,11519
12/12/2024 11,21.59,64.66,11518
12/12/2024 12,25.24,64.68,11507
12/12/2024 13,18.01,64.7,11452
12/12/2024 14,18.17,64.71,11410
12/12/2024 15,17.63,64.72,11337
12/12/2024 16,20.07,64.72,11365
12/12/2024 17,41.07,64.75,11659
12/12/2024 18,29.45,64.75,11673
12/12/2024 19,21.1,64.76,11480
12/12/2024 20,34.72,64.8,11523
12/12/2024 21,42.47,64.85,11462
12/12/2024 22,39.87,64.9,11234
12/12/2024 23,32.81,64.94,10907
12/12/2024 24,28.83,64.98,10592
12/13/2024 01,21.59,65,10371
12/13/2024 02,21.65,65.02,10250
12/13/2024 03,21.01,65.03,10157
12/13/2024 04,20.35,65.03,10113
12/13/2024 05,20.15,65.03,10155
12/13/2024 06,23.64,65.04,10312
12/13/2024 07,23.33,65.04,10674
12/13/2024 08,25.24,65.05,11163
12/13/2024 09,26.85,65.07,11343
12/13/2024 10,24.27,65.09,11346
12/13/2024 11,17.8,65.09,11346
12/13/2024 12,17.87,65.09,11346
12/13/2024 13,17.85,65.08,11237
12/13/2024 14,19.22,65.07,11233
12/13/2024 15,15.95,65.06,11179
12/13/2024 16,20.97,65.07,11196
12/13/2024 17,35.16,65.1,11424
12/13/2024 18,38.79,65.13,11536
12/13/2024 19,29.9,65.17,11377
12/13/2024 20,24.84,65.19,11234
12/13/2024 21,25.68,65.21,11182
12/13/2024 22,24.75,65.22,10981
12/13/2024 23,25.16,65.23,10720
12/13/2024 24,28.96,65.26,10427
12/14/2024 01,24.62,65.29,10265
12/14/2024 02,19.35,65.31,10126
12/14/2024 03,19.27,65.32,10020
12/14/2024 04,18.59,65.34,10004
12/14/2024 05,17.39,65.35,10042
12/14/2024 06,13.32,65.36,10145
12/14/2024 07,16.66,65.36,10317
12/14/2024 08,15.14,65.36,10602
12/14/2024 09,17.45,65.36,10830
12/14/2024 10,19.86,65.37,10980
12/14/2024 11,17.87,65.31,11086
12/14/2024 12,11.25,65.26,11101
12/14/2024 13,2.3,65.21,11042
12/14/2024 14,0,65.18,10973
12/14/2024 15,0,65.08,10954
12/14/2024 16,0,64.98,11016
12/14/2024 17,10.27,64.92,11312
12/14/2024 18,17.21,64.87,11472
12/14/2024 19,16.22,64.87,11299
12/14/2024 20,14.13,64.86,11173
12/14/2024 21,10.96,64.85,11095
12/14/2024 22,2.11,64.82,10940
12/14/2024 23,0,64.8,10707
12/14/2024 24,0,64.78,10474
12/15/2024 01,0,64.76,10265
12/15/2024 02,0,64.75,10150
12/15/2024 03,0,64.73,10052
12/15/2024 04,0,64.72,10023
12/15/2024 05,0,64.7,10030
12/15/2024 06,0,64.68,10125
12/15/2024 07,0,64.65,10277
12/15/2024 08,5.19,64.62,10501
12/15/2024 09,16.64,64.58,10742
12/15/2024 10,18.26,64.53,10932
12/15/2024 11,23.28,64.44,11112
12/15/2024 12,22.19,64.35,11200
12/15/2024 13,18.33,64.28,11216
12/15/2024 14,8.57,64.15,11213
12/15/2024 15,17.23,64.07,11193
12/15/2024 16,23.37,63.99,11259
12/15/2024 17,31.58,63.82,11532
12/15/2024 18,39.95,63.64,11634
12/15/2024 19,41.05,63.55,11544
12/15/2024 20,40.02,63.46,11440
12/15/2024 21,32.49,63.39,11333
12/15/2024 22,25.07,63.33,11163
12/15/2024 23,26.89,63.29,10873
12/15/2024 24,35.95,63.26,10633
12/16/2024 01,31.69,63.24,10433
12/16/2024 02,24.62,63.22,10324
12/16/2024 03,17.86,63.2,10240
12/16/2024 04,17.66,63.19,10228
12/16/2024 05,17.86,63.18,10271
12/16/2024 06,29.7,63.19,10489
12/16/2024 07,41.58,63.21,10852
12/16/2024 08,44.75,63.24,11340
12/16/2024 09,55,63.27,11563
12/16/2024 10,49.95,63.3,11555
12/16/2024 11,42.63,63.32,11571
12/16/2024 12,43.99,63.34,11541
12/16/2024 13,44.05,63.38,11524
12/16/2024 14,56.58,63.43,11533
12/16/2024 15,75.96,63.51,11537
12/16/2024 16,92.94,63.62,11598
12/16/2024 17,68.63,63.68,11858
12/16/2024 18,72.75,63.76,12006
12/16/2024 19,41.58,63.81,11801
12/16/2024 20,44.47,63.84,11650
12/16/2024 21,45.75,63.89,11581
12/16/2024 22,54.89,63.96,11430
12/16/2024 23,46.38,64.01,11083
12/16/2024 24,42.16,64.06,10758
12/17/2024 01,37.38,64.11,10588
12/17/2024 02,29.45,64.14,10446
12/17/2024 03,24.84,64.17,10380
12/17/2024 04,23.98,64.2,10355
12/17/2024 05,24.59,64.23,10375
12/17/2024 06,25.67,64.27,10553
12/17/2024 07,42.42,64.32,11020
12/17/2024 08,40.8,64.36,11534
12/17/2024 09,46.2,64.41,11756
12/17/2024 10,44.89,64.45,11781
12/17/2024 11,53.04,64.52,11768
12/17/2024 12,62.46,64.6,11815
12/17/2024 13,61.65,64.67,11788
12/17/2024 14,75.67,64.76,11869
12/17/2024 15,76.48,64.85,11906
12/17/2024 16,95.07,64.96,11908
12/17/2024 17,147.51,65.14,12119
12/17/2024 18,116.48,65.29,12143
12/17/2024 19,46.68,65.35,11971
12/17/2024 20,36.33,65.4,11894
12/17/2024 21,36.87,65.43,11780
12/17/2024 22,35.44,65.44,11575
12/17/2024 23,30.77,65.37,11294
12/17/2024 24,19.21,65.28,10949
12/18/2024 01,18.65,65.26,10776
12/18/2024 02,16.72,65.22,10677
12/18/2024 03,15.2,65.21,10636
12/18/2024 04,15.22,65.21,10629
12/18/2024 05,15.29,65.2,10674
12/18/2024 06,15.47,65.19,10844
12/18/2024 07,15.57,65.19,11203
12/18/2024 08,14.95,65.17,11614
12/18/2024 09,16.2,65.12,11889
12/18/2024 10,15.39,65.05,11919
12/18/2024 11,14.84,64.97,11946
12/18/2024 12,16.95,64.94,11906
12/18/2024 13,17.57,64.93,11798
12/18/2024 14,17.49,64.93,11926
12/18/2024 15,16.31,64.93,11969
12/18/2024 16,14.7,64.93,12015
12/18/2024 17,14.3,64.92,12164
12/18/2024 18,16.32,64.9,12241
12/18/2024 19,17.12,64.9,12083
12/18/2024 20,17.33,64.9,11987
12/18/2024 21,17.64,64.89,11883
12/18/2024 22,22.08,64.89,11612
12/18/2024 23,28.03,64.9,11314
12/18/2024 24,34.18,64.91,11000
12/19/2024 01,39.83,64.92,10811
12/19/2024 02,40.9,64.94,10711
12/19/2024 03,42.71,64.96,10655
12/19/2024 04,40.73,64.98,10650
12/19/2024 05,42.67,65.01,10693
12/19/2024 06,43.04,65.03,10866
12/19/2024 07,44.43,65.05,11262
12/19/2024 08,43.73,65.07,11684
12/19/2024 09,44.22,65.08,11789
12/19/2024 10,39.74,65.06,11777
12/19/2024 11,31.51,65.02,11743
12/19/2024 12,27.94,65,11766
12/19/2024 13,36.58,65.02,11775
12/19/2024 14,35.79,65.03,11802
12/19/2024 15,37.88,65.05,11778
12/19/2024 16,34.7,65.06,11838
12/19/2024 17,40.54,65.03,12027
12/19/2024 18,43.06,65.01,12084
12/19/2024 19,117.85,65.14,11942
12/19/2024 20,55.55,65.18,11968
12/19/2024 21,45.05,65.21,11893
12/19/2024 22,33.84,65.22,11682
12/19/2024 23,18.54,65.21,11375
12/19/2024 24,17.9,65.2,11090
12/20/2024 01,16.7,65.18,10862
12/20/2024 02,16.61,65.16,10667
12/20/2024 03,16.76,65.15,10590
12/20/2024 04,14.34,65.13,10550
12/20/2024 05,12.6,65.11,10563
12/20/2024 06,14.97,65.09,10694
12/20/2024 07,18.83,65.06,10999
12/20/2024 08,16.79,64.96,11407
12/20/2024 09,15.99,64.57,11595
12/20/2024 10,20.62,64.24,11620
12/20/2024 11,15.23,63.73,11604
12/20/2024 12,11.33,63.39,11512
12/20/2024 13,12.58,63.08,11429
12/20/2024 14,18.17,62.73,11398
12/20/2024 15,28.75,62.43,11328
12/20/2024 16,59.25,61.74,11373
12/20/2024 17,81.09,60.77,11593
12/20/2024 18,74.88,59.8,11684
12/20/2024 19,46.58,59.01,11554
12/20/2024 20,27.96,58.73,11433
12/20/2024 21,21.82,58.68,11291
12/20/2024 22,17.62,58.65,11116
12/20/2024 23,18.96,58.63,10908
12/20/2024 24,17.92,58.61,10660
12/21/2024 01,14.92,58.59,10477
12/21/2024 02,14.99,58.55,10337
12/21/2024 03,14.39,58.52,10217
12/21/2024 04,13.8,58.48,10131
12/21/2024 05,12.73,58.44,10118
12/21/2024 06,11.78,58.4,10160
12/21/2024 07,17.02,58.29,10361
12/21/2024 08,21.5,58.03,10647
12/21/2024 09,28.36,57.76,10842
12/21/2024 10,27.78,57.48,10955
12/21/2024 11,34.25,57.16,11005
12/21/2024 12,43.96,56.96,10926
12/21/2024 13,62.48,56.95,10854
12/21/2024 14,58.81,56.95,10789
12/21/2024 15,45.2,56.8,10795
12/21/2024 16,47.25,56.64,10874
12/21/2024 17,68.38,56.19,11116
12/21/2024 18,66.09,55.44,11303
12/21/2024 19,57.75,55.33,11161
12/21/2024 20,39.45,55.26,11080
12/21/2024 21,24.35,55.23,10922
12/21/2024 22,19.87,55.19,10843
12/21/2024 23,13.54,55.14,10798
12/21/2024 24,7.91,55.08,10630
12/22/2024 01,23.68,55.04,10504
12/22/2024 02,24.93,55.01,10342
12/22/2024 03,25.53,54.97,10243
12/22/2024 04,33.12,54.94,10204
12/22/2024 05,37.11,54.92,10202
12/22/2024 06,39.65,54.89,10261
12/22/2024 07,21.58,54.78,10380
12/22/2024 08,18.08,54.55,10606
12/22/2024 09,23.79,54.34,10779
12/22/2024 10,47.49,54.2,10871
12/22/2024 11,32.73,54.04,11046
12/22/2024 12,36.38,53.81,11020
12/22/2024 13,25.1,53.58,11033
12/22/2024 14,24.98,53.42,10920
12/22/2024 15,21.12,53.25,10865
12/22/2024 16,39.55,53.1,10938
12/22/2024 17,103.65,52.91,11214
12/22/2024 18,363.01,53.03,11352
12/22/2024 19,68.54,52.91,11260
12/22/2024 20,40.55,52.86,11216
12/22/2024 21,31.01,52.79,11142
12/22/2024 22,24.06,52.7,11035
12/22/2024 23,18.09,52.64,10776
12/22/2024 24,11.71,52.58,10577
12/23/2024 01,3.69,52.53,10377
12/23/2024 02,0,52.47,10214
12/23/2024 03,0,52.42,10103
12/23/2024 04,0,52.38,10075
12/23/2024 05,0,52.33,10083
12/23/2024 06,0,52.28,10191
12/23/2024 07,9,52.23,10533
12/23/2024 08,15.46,52.19,10908
12/23/2024 09,34.52,52.18,11189
12/23/2024 10,26.36,52.16,11290
12/23/2024 11,20.21,52.11,11368
12/23/2024 12,17.28,52.06,11341
12/23/2024 13,8.4,52,11215
12/23/2024 14,0,51.95,11110
12/23/2024 15,2.05,51.9,11120
12/23/2024 16,15.62,51.87,11096
12/23/2024 17,23.79,51.86,11367
12/23/2024 18,33.99,51.86,11561
12/23/2024 19,35.19,51.86,11421
12/23/2024 20,23.96,51.86,11315
12/23/2024 21,24.92,51.88,11184
12/23/2024 22,26.81,51.89,10985
12/23/2024 23,38.37,51.94,10775
12/23/2024 24,27.61,51.97,10492
12/24/2024 01,35.09,52,10265
12/24/2024 02,41.22,52.02,10139
12/24/2024 03,22.88,52.02,9998
12/24/2024 04,15.83,52.01,9956
12/24/2024 05,15.37,52,9995
12/24/2024 06,15.56,51.99,10133
12/24/2024 07,15.05,51.97,10427
12/24/2024 08,14.46,51.96,10773
12/24/2024 09,17.44,51.94,11089
12/24/2024 10,15.92,51.91,11175
12/24/2024 11,14.85,51.88,11290
12/24/2024 12,9.07,51.85,11329
12/24/2024 13,2.73,51.81,11244
12/24/2024 14,1.55,51.76,11142
12/24/2024 15,0,51.7,11037
12/24/2024 16,4.66,51.64,11040
12/24/2024 17,12.16,51.53,11086
12/24/2024 18,13.98,51.41,11146
12/24/2024 19,15.07,51.32,10872
12/24/2024 20,15.29,51.18,10720
12/24/2024 21,13.79,51.01,10560
12/24/2024 22,11.93,50.94,10463
12/24/2024 23,9.38,50.88,10345
12/24/2024 24,0.6,50.82,10210
12/25/2024 01,0,50.67,10011
12/25/2024 02,0,50.57,9866
12/25/2024 03,0,50.44,9784
12/25/2024 04,0,50.35,9709
12/25/2024 05,0,50.25,9714
12/25/2024 06,0,50.15,9790
12/25/2024 07,0,49.98,9935
12/25/2024 08,0,49.23,10129
12/25/2024 09,0.94,48.76,10349
12/25/2024 10,0.32,48.39,10404
12/25/2024 11,0,48.19,10440
12/25/2024 12,2.49,47.99,10461
12/25/2024 13,5.15,47.92,10437
12/25/2024 14,9.38,47.86,10398
12/25/2024 15,13.3,47.82,10460
12/25/2024 16,19.95,47.79,10601
12/25/2024 17,21.65,47.76,10801
12/25/2024 18,13.7,47.73,10809
12/25/2024 19,4.5,47.69,10552
12/25/2024 20,0,47.63,10477
12/25/2024 21,0,47.56,10429
12/25/2024 22,0,47.5,10346
12/25/2024 23,0,47.44,10183
12/25/2024 24,0,47.38,9989
12/26/2024 01,0,47.32,9856
12/26/2024 02,0,47.27,9734
12/26/2024 03,0,47.21,9674
12/26/2024 04,0,47.15,9626
12/26/2024 05,0,47.09,9670
12/26/2024 06,0,47.02,9779
12/26/2024 07,4.38,46.93,9944
12/26/2024 08,4.77,46.71,10152
12/26/2024 09,15.37,46.4,10357
12/26/2024 10,16.64,46.2,10479
12/26/2024 11,18.82,46.15,10614
12/26/2024 12,19.77,46.09,10654
12/26/2024 13,20.03,45.85,10651
12/26/2024 14,20,45.55,10651
12/26/2024 15,20.01,45.3,10669
12/26/2024 16,20,45.07,10708
12/26/2024 17,22.78,44.95,10932
12/26/2024 18,30.32,44.73,11099
12/26/2024 19,21.56,44.68,10969
12/26/2024 20,16.56,44.64,10787
12/26/2024 21,16.24,44.6,10771
12/26/2024 22,18.85,44.57,10679
12/26/2024 23,17.21,44.55,10496
12/26/2024 24,16.11,44.53,10260
12/27/2024 01,14.63,44.52,10055
12/27/2024 02,13.6,44.51,9931
12/27/2024 03,7.5,44.48,9836
12/27/2024 04,5.26,44.45,9821
12/27/2024 05,12.05,44.42,9873
12/27/2024 06,10.55,44.39,9955
12/27/2024 07,16.42,44.36,10184
12/27/2024 08,14.52,44.28,10459
12/27/2024 09,14.35,44.1,10708
12/27/2024 10,14.27,44.02,10881
12/27/2024 11,14.45,43.91,10990
12/27/2024 12,14.38,43.29,11007
12/27/2024 13,11.87,42.49,10976
12/27/2024 14,3.7,42.26,10908
12/27/2024 15,2.99,42.08,10911
12/27/2024 16,15.4,42,10955
12/27/2024 17,19.94,41.76,11151
12/27/2024 18,20.97,41.63,11274
12/27/2024 19,14.53,41.57,11033
12/27/2024 20,14.21,41.52,11001
12/27/2024 21,16.49,41.39,10887
12/27/2024 22,21.93,40.8,10755
12/27/2024 23,27.82,40.58,10538
12/27/2024 24,31.41,40.55,10341
12/28/2024 01,25.35,40.51,10165
12/28/2024 02,25.86,40.42,10074
12/28/2024 03,25.41,40.25,10031
12/28/2024 04,25.22,40.23,9994
12/28/2024 05,24.46,40.2,10002
12/28/2024 06,25.66,40.15,10056
12/28/2024 07,23.76,40.03,10130
12/28/2024 08,25.06,39.89,10315
12/28/2024 09,31.6,39.75,10541
12/28/2024 10,25.68,39.49,10599
12/28/2024 11,25.06,39.25,10749
12/28/2024 12,26.66,38.94,10770
12/28/2024 13,19.22,38.44,10707
12/28/2024 14,17.73,38,10708
12/28/2024 15,17.24,37.24,10672
12/28/2024 16,19.61,36.53,10735
12/28/2024 17,30.53,35.29,10959
12/28/2024 18,39.46,34.09,11155
12/28/2024 19,40.11,33,11002
12/28/2024 20,38.97,31.88,10867
12/28/2024 21,36.72,30.75,10765
12/28/2024 22,29.44,29.81,10658
12/28/2024 23,28.89,29.42,10484
12/28/2024 24,24.19,29.35,10244
12/29/2024 01,26.44,29.31,10072
12/29/2024 02,26.03,29.27,9967
12/29/2024 03,27.55,29.17,9921
12/29/2024 04,23.37,29.09,9867
12/29/2024 05,21.54,28.74,9853
12/29/2024 06,19.49,28.58,9887
12/29/2024 07,22.96,28.21,10020
12/29/2024 08,32.32,27.37,10239
12/29/2024 09,39.63,26.89,10382
12/29/2024 10,39.48,26.73,10458
12/29/2024 11,39.2,26.62,10546
12/29/2024 12,39,26.51,10579
12/29/2024 13,39.28,26.46,10660
12/29/2024 14,39.51,26.4,10641
12/29/2024 15,39.35,26.39,10651
12/29/2024 16,38.64,26.37,10726
12/29/2024 17,39.21,26.27,10997
12/29/2024 18,42.69,26.17,11279
12/29/2024 19,38.91,26.17,11191
12/29/2024 20,37.94,26.17,11053
12/29/2024 21,37.5,26.17,10927
12/29/2024 22,40.83,26.17,10827
12/29/2024 23,40.82,26.18,10580
12/29/2024 24,38.41,26.18,10370
12/30/2024 01,36.46,26.19,10200
12/30/2024 02,27.1,26.18,10118
12/30/2024 03,22.24,26.17,10089
12/30/2024 04,20.86,26.15,10062
12/30/2024 05,22.13,26.14,10078
12/30/2024 06,25.93,26.13,10236
12/30/2024 07,27.65,26.12,10498
12/30/2024 08,27.89,26.13,10831
12/30/2024 09,38.37,26.13,11072
12/30/2024 10,38.77,26.14,11203
12/30/2024 11,35.23,26.14,11323
12/30/2024 12,34.13,26.14,11396
12/30/2024 13,31.81,26.14,11362
12/30/2024 14,30.52,26.14,11341
12/30/2024 15,30.85,26.13,11347
12/30/2024 16,34.55,26.11,11348
12/30/2024 17,41.75,26.03,11530
12/30/2024 18,45.41,25.94,11707
12/30/2024 19,42.17,25.93,11579
12/30/2024 20,39.77,25.91,11463
12/30/2024 21,39.77,25.9,11326
12/30/2024 22,39.77,25.9,11191
12/30/2024 23,34.53,25.9,10932
12/30/2024 24,31.99,25.92,10732
12/31/2024 01,36.57,25.96,10496
12/31/2024 02,36.46,25.99,10358
12/31/2024 03,36.23,26.02,10280
12/31/2024 04,35.23,26.04,10239
12/31/2024 05,35.45,26.06,10277
12/31/2024 06,35.73,26.08,10397
12/31/2024 07,36.87,26.09,10636
12/31/2024 08,36.79,26.09,10979
12/31/2024 09,42.06,26.08,11252
12/31/2024 10,43.18,26.08,11345
12/31/2024 11,43.96,26.07,11503
12/31/2024 12,46.5,26.07,11613
12/31/2024 13,45.9,26.07,11604
12/31/2024 14,45.9,26.06,11576
12/31/2024 15,45.9,26.06,11544
12/31/2024 16,44.97,26.05,11585
12/31/2024 17,45.14,26.01,11767
12/31/2024 18,44.4,26,11844
12/31/2024 19,37.79,26,11623
12/31/2024 20,33.32,26,11374
12/31/2024 21,35.34,26.02,11228
12/31/2024 22,33.83,26.02,11107
12/31/2024 23,31.64,26.02,10918
12/31/2024 24,32.37,26.05,10745
01/01/2025 01,38.45,26.09,10624
01/01/2025 02,32.13,26.11,10557
01/01/2025 03,31.6,26.14,10458
01/01/2025 04,31.19,26.17,10361
01/01/2025 05,31.74,26.19,10377
01/01/2025 06,32.05,26.21,10438
01/01/2025 07,32.68,26.24,10528
01/01/2025 08,32.53,26.26,10671
01/01/2025 09,32.59,26.28,10770
01/01/2025 10,32.96,26.32,10763
01/01/2025 11,32.91,26.35,10908
01/01/2025 12,35.96,26.37,11033
01/01/2025 13,36.88,26.38,11110
01/01/2025 14,36.77,26.39,11124
01/01/2025 15,36.65,26.38,11126
01/01/2025 16,37,26.39,11148
01/01/2025 17,40.47,26.41,11341
01/01/2025 18,47.88,26.44,11588
01/01/2025 19,37.85,26.47,11467
01/01/2025 20,48.09,26.52,11431
01/01/2025 21,46.79,26.56,11301
01/01/2025 22,43.2,26.61,11131
01/01/2025 23,35.49,26.66,10928
01/01/2025 24,37.98,26.71,10681
01/02/2025 01,32.5,26.75,10557
01/02/2025 02,32.2,26.8,10490
01/02/2025 03,32.79,26.84,10469
01/02/2025 04,32.76,26.89,10452
01/02/2025 05,34.32,26.94,10500
01/02/2025 06,68.11,27.03,10608
01/02/2025 07,81.85,27.15,10950
01/02/2025 08,47.43,27.2,11361
01/02/2025 09,75,27.28,11544
01/02/2025 10,97.39,27.39,11623
01/02/2025 11,106.52,27.52,11625
01/02/2025 12,187.12,27.76,11670
01/02/2025 13,267.01,28.11,11683
01/02/2025 14,212.57,28.38,11677
01/02/2025 15,139.06,28.54,11658
01/02/2025 16,61.02,28.6,11705
01/02/2025 17,178.83,28.79,11907
01/02/2025 18,465.74,29.38,12117
01/02/2025 19,248.92,29.68,11939
01/02/2025 20,62.55,29.71,11814
01/02/2025 21,104.94,29.81,11732
01/02/2025 22,49.97,29.82,11653
01/02/2025 23,75.92,29.88,11335
01/02/2025 24,93.66,29.97,11103
01/03/2025 01,44.13,30.01,10970
01/03/2025 02,35.35,30.04,10944
01/03/2025 03,49.3,30.08,10887
01/03/2025 04,43.89,30.12,10842
01/03/2025 05,35.35,30.15,10886
01/03/2025 06,48.15,30.19,11034
01/03/2025 07,67.16,30.24,11317
01/03/2025 08,59.64,30.25,11687
01/03/2025 09,41.48,30.24,11958
01/03/2025 10,60.71,30.23,11972
01/03/2025 11,38.2,30.22,12056
01/03/2025 12,31.47,30.21,12039
01/03/2025 13,28.76,30.22,12021
01/03/2025 14,26.17,30.22,11978
01/03/2025 15,25.6,30.23,11939
01/03/2025 16,26.41,30.24,11948
01/03/2025 17,27.47,30.23,12047
01/03/2025 18,30.66,30.23,12142
01/03/2025 19,28.33,30.23,11984
01/03/2025 20,26.24,30.23,11887
01/03/2025 21,25,30.21,11807
01/03/2025 22,24.48,30.21,11647
01/03/2025 23,25.62,30.2,11404
01/03/2025 24,28.07,30.21,11166
01/04/2025 01,26.55,30.22,10943
01/04/2025 02,26.64,30.24,10787
01/04/2025 03,25.05,30.25,10715
01/04/2025 04,25,30.26,10687
01/04/2025 05,25.23,30.28,10676
01/04/2025 06,25.61,30.28,10719
01/04/2025 07,27.35,30.28,10853
01/04/2025 08,29.32,30.3,11055
01/04/2025 09,30.59,30.3,11240
01/04/2025 10,27.13,30.31,11333
01/04/2025 11,27.15,30.33,11474
01/04/2025 12,26.26,30.34,11577
01/04/2025 13,26.28,30.34,11597
01/04/2025 14,26.35,30.34,11576
01/04/2025 15,26.8,30.35,11533
01/04/2025 16,25.53,30.33,11563
01/04/2025 17,27.18,30.29,11765
01/04/2025 18,30.68,30.28,11912
01/04/2025 19,29.27,30.28,11816
01/04/2025 20,27.63,30.28,11687
01/04/2025 21,27.95,30.28,11583
01/04/2025 22,29.9,30.3,11472
01/04/2025 23,31,30.32,11280
01/04/2025 24,43.01,30.36,11035
01/05/2025 01,42.26,30.39,10804
01/05/2025 02,35.31,30.42,10650
01/05/2025 03,28.23,30.43,10524
01/05/2025 04,27.02,30.45,10520
01/05/2025 05,29.16,30.46,10568
01/05/2025 06,33.12,30.46,10619
01/05/2025 07,38.82,30.48,10747
01/05/2025 08,33.75,30.49,10948
01/05/2025 09,39.46,30.51,11128
01/05/2025 10,41.96,30.54,11238
01/05/2025 11,43.01,30.58,11372
01/05/2025 12,47.55,30.62,11476
01/05/2025 13,49.55,30.66,11528
01/05/2025 14,49.56,30.69,11553
01/05/2025 15,49.1,30.73,11539
01/05/2025 16,52.68,30.77,11569
01/05/2025 17,102.74,30.89,11760
01/05/2025 18,117.56,31.02,11900
01/05/2025 19,71.89,31.08,11784
01/05/2025 20,58.4,31.13,11726
01/05/2025 21,37.75,31.13,11629
01/05/2025 22,39.35,31.13,11448
01/05/2025 23,43.43,31.15,11191
01/05/2025 24,45.1,31.19,10878
01/06/2025 01,39.38,31.21,10689
01/06/2025 02,37.65,31.24,10579
01/06/2025 03,39.45,31.27,10535
01/06/2025 04,40,31.31,10539
01/06/2025 05,41.61,31.36,10576
01/06/2025 06,43.42,31.41,10767
01/06/2025 07,72.23,31.49,11180
01/06/2025 08,90,31.59,11541
01/06/2025 09,66.37,31.64,11719
01/06/2025 10,52.81,31.68,11772
01/06/2025 11,43.89,31.68,11832
01/06/2025 12,40.63,31.69,11801
01/06/2025 13,40.63,31.72,11705
01/06/2025 14,40.63,31.76,11628
01/06/2025 15,40.63,31.79,11587
01/06/2025 16,37.89,31.82,11564
01/06/2025 17,363.04,32.29,11669
01/06/2025 18,469.04,32.91,11802
01/06/2025 19,44.5,32.95,11694
01/06/2025 20,34.53,32.98,11667
01/06/2025 21,34.94,33,11535
01/06/2025 22,35.89,33.02,11279
01/06/2025 23,31.29,33.06,10992
01/06/2025 24,26.67,33.09,10677
01/07/2025 01,25.79,33.13,10509
01/07/2025 02,29.44,33.17,10406
01/07/2025 03,26.48,33.21,10330
01/07/2025 04,24.87,33.24,10298
01/07/2025 05,25.69,33.28,10302
01/07/2025 06,22.35,33.31,10454
01/07/2025 07,23.02,33.34,10833
01/07/2025 08,21.77,33.37,11273
01/07/2025 09,24.99,33.41,11407
01/07/2025 10,22.7,33.44,11377
01/07/2025 11,10.69,33.45,11283
01/07/2025 12,0,33.45,11194
01/07/2025 13,0,33.45,11162
01/07/2025 14,5.08,33.45,11114
01/07/2025 15,3.16,33.44,11122
01/07/2025 16,10.57,33.43,11152
01/07/2025 17,15.56,33.42,11376
01/07/2025 18,16.32,33.4,11555
01/07/2025 19,14.24,33.39,11402
01/07/2025 20,8.95,33.39,11311
01/07/2025 21,14.2,33.38,11173
01/07/2025 22,7.47,33.36,10914
01/07/2025 23,0,33.33,10582
01/07/2025 24,2.32,33.29,10262
01/08/2025 01,2.24,33.24,10063
01/08/2025 02,4.42,33.19,9965
01/08/2025 03,5.54,33.15,9952
01/08/2025 04,2.34,33.1,9875
01/08/2025 05,4.07,33.06,9945
01/08/2025 06,0,33.01,10088
01/08/2025 07,14.93,32.96,10464
01/08/2025 08,25.13,32.94,10935
01/08/2025 09,18.67,32.9,11088
01/08/2025 10,18.41,32.89,11135
01/08/2025 11,20.08,32.89,11098
01/08/2025 12,22.27,32.9,11059
01/08/2025 13,15.02,32.91,11006
01/08/2025 14,2.4,32.9,11101
01/08/2025 15,4.41,32.89,11026
01/08/2025 16,16.65,32.9,11008
01/08/2025 17,21.67,32.91,11237
01/08/2025 18,25.59,32.92,11478
01/08/2025 19,35.88,32.95,11384
01/08/2025 20,51.95,33.01,11243
01/08/2025 21,34.18,33.05,11134
01/08/2025 22,30.72,33.09,10946
01/08/2025 23,30.01,33.12,10677
01/08/2025 24,30.23,33.17,10402
01/09/2025 01,25.8,33.2,10194
01/09/2025 02,25.72,33.23,10135
01/09/2025 03,25.16,33.25,10080
01/09/2025 04,22.07,33.27,10037
01/09/2025 05,17.2,33.28,10073
01/09/2025 06,21.63,33.3,10261
01/09/2025 07,21.48,33.3,10644
01/09/2025 08,7.02,33.27,11126
01/09/2025 09,23.3,33.24,11296
01/09/2025 10,18.62,33.21,11218
01/09/2025 11,13.76,33.17,11139
01/09/2025 12,19.97,33.15,11076
01/09/2025 13,19,33.12,11019
01/09/2025 14,25.03,33.11,10984
01/09/2025 15,25.36,33.09,10946
01/09/2025 16,117.15,33.19,11034
01/09/2025 17,356.05,33.38,11246
01/09/2025 18,354.46,33.62,11421
01/09/2025 19,27.14,33.6,11391
01/09/2025 20,22.47,33.57,11360
01/09/2025 21,27.19,33.56,11198
01/09/2025 22,16.26,33.53,10923
01/09/2025 23,3.6,33.5,10656
01/09/2025 24,0.23,33.47,10458
01/10/2025 01,0,33.44,10207
01/10/2025 02,0,33.41,10066
01/10/2025 03,0,33.37,9955
01/10/2025 04,0,33.34,9894
01/10/2025 05,0,33.3,9913
01/10/2025 06,0,33.25,10081
01/10/2025 07,6.78,33.22,10470
01/10/2025 08,18.89,33.19,10911
01/10/2025 09,26.07,33.17,11103
01/10/2025 10,26.54,33.15,11139
01/10/2025 11,17.04,33.13,11210
01/10/2025 12,0.69,33.08,11237
01/10/2025 13,2.1,33.03,11211
01/10/2025 14,7.76,33,11181
01/10/2025 15,15.56,32.98,11210
01/10/2025 16,14.14,32.95,11237
01/10/2025 17,16.31,32.92,11353
01/10/2025 18,27.34,32.9,11485
01/10/2025 19,25.15,32.88,11304
01/10/2025 20,37.55,32.88,11116
01/10/2025 21,16.41,32.84,11084
01/10/2025 22,0,32.78,10913
01/10/2025 23,0,32.73,10678
01/10/2025 24,0,32.68,10421
01/11/2025 01,0,32.62,10191
01/11/2025 02,0,32.54,10049
01/11/2025 03,0,32.48,9968
01/11/2025 04,0,32.44,9926
01/11/2025 05,0,32.41,9959
01/11/2025 06,0,32.36,10042
01/11/2025 07,0,32.3,10215
01/11/2025 08,0,32.24,10477
01/11/2025 09,2.83,32.18,10721
01/11/2025 10,0.67,32.13,10867
01/11/2025 11,0,32.1,11027
01/11/2025 12,0,32.06,11061
01/11/2025 13,11.64,32.06,11042
01/11/2025 14,20.5,32.06,10995
01/11/2025 15,19.85,32.06,11015
01/11/2025 16,25.46,32.07,11000
01/11/2025 17,33.75,32.06,11200
01/11/2025 18,60.28,32.1,11406
01/11/2025 19,65.73,32.16,11299
01/11/2025 20,80.52,32.23,11150
01/11/2025 21,71.35,32.27,11055
01/11/2025 22,68.28,32.31,10932
01/11/2025 23,62.62,32.35,10696
01/11/2025 24,167.12,32.54,10438
01/12/2025 01,68.12,32.61,10303
01/12/2025 02,53.42,32.65,10263
01/12/2025 03,46.84,32.69,10173
01/12/2025 04,55.52,32.73,10153
01/12/2025 05,68.12,32.8,10119
01/12/2025 06,91.11,32.89,10139
01/12/2025 07,99.99,33,10229
01/12/2025 08,84.05,33.08,10410
01/12/2025 09,104.66,33.19,10585
01/12/2025 10,76.16,33.26,10627
01/12/2025 11,53.64,33.31,10824
01/12/2025 12,55.26,33.36,10936
01/12/2025 13,47.89,33.41,10980
01/12/2025 14,46.4,33.44,10909
01/12/2025 15,26.51,33.46,10877
01/12/2025 16,30.37,33.47,10895
01/12/2025 17,43.84,33.48,11063
01/12/2025 18,47.08,33.5,11359
01/12/2025 19,35.64,33.5,11268
01/12/2025 20,27.26,33.51,11048
01/12/2025 21,25.32,33.51,10907
01/12/2025 22,25,33.51,10776
01/12/2025 23,22.01,33.5,10530
01/12/2025 24,9.49,33.48,10294
01/13/2025 01,0,33.44,10112
01/13/2025 02,0,33.41,9952
01/13/2025 03,0,33.39,9899
01/13/2025 04,0,33.36,9863
01/13/2025 05,0,33.34,9927
01/13/2025 06,4.18,33.32,10146
01/13/2025 07,14.75,33.32,10603
01/13/2025 08,18.76,33.33,11086
01/13/2025 09,26.98,33.34,11202
01/13/2025 10,33.34,33.36,11269
01/13/2025 11,29.96,33.38,11258
01/13/2025 12,26.39,33.4,11305
01/13/2025 13,10.34,33.41,11242
01/13/2025 14,0,33.41,11195
01/13/2025 15,0.58,33.41,11193
01/13/2025 16,7.35,33.42,11261
01/13/2025 17,0,33.4,11508
01/13/2025 18,12.45,33.4,11746
01/13/2025 19,6.58,33.38,11529
01/13/2025 20,0,33.36,11311
01/13/2025 21,2.89,33.35,11181
01/13/2025 22,1.62,33.35,10999
01/13/2025 23,0,33.35,10647
01/13/2025 24,9.16,33.37,10328
01/14/2025 01,3.44,33.37,10130
01/14/2025 02,1.62,33.37,10025
01/14/2025 03,0,33.37,10002
01/14/2025 04,0,33.37,9948
01/14/2025 05,0,33.37,10014
01/14/2025 06,9.16,33.39,10179
01/14/2025 07,26.5,33.42,10609
01/14/2025 08,41.43,33.47,11085
01/14/2025 09,50.25,33.52,11222
01/14/2025 10,35.52,33.54,11188
01/14/2025 11,16.91,33.53,11193
01/14/2025 12,24.96,33.54,11208
01/14/2025 13,28.38,33.55,11166
01/14/2025 14,26.45,33.58,11190
01/14/2025 15,13.71,33.57,11225
01/14/2025 16,12.03,33.56,11213
01/14/2025 17,19.12,33.54,11340
01/14/2025 18,25.33,33.52,11553
01/14/2025 19,18.61,33.49,11402
01/14/2025 20,12.53,33.45,11284
01/14/2025 21,0.61,33.41,11084
01/14/2025 22,0,33.37,10835
01/14/2025 23,0,33.33,10492
01/14/2025 24,0,33.28,10164
01/15/2025 01,0,33.24,9957
01/15/2025 02,0,33.2,9865
01/15/2025 03,3.3,33.18,9789
01/15/2025 04,10.76,33.18,9782
01/15/2025 05,23.46,33.18,9815
01/15/2025 06,27.13,33.18,10021
01/15/2025 07,27.98,33.16,10412
01/15/2025 08,27.95,33.14,10849
01/15/2025 09,25.49,33.1,10977
01/15/2025 10,8.31,33.04,10932
01/15/2025 11,0,32.98,10907
01/15/2025 12,10.27,32.93,10836
01/15/2025 13,1.53,32.87,10806
01/15/2025 14,12.18,32.81,10731
01/15/2025 15,12.89,32.72,10786
01/15/2025 16,23.33,32.63,10889
01/15/2025 17,70.7,32.63,11060
01/15/2025 18,86.83,32.65,11190
01/15/2025 19,34.95,32.64,11082
01/15/2025 20,23.85,32.61,11027
01/15/2025 21,17.27,32.57,10952
01/15/2025 22,7.21,32.51,10809
01/15/2025 23,2.26,32.44,10535
01/15/2025 24,0,32.39,10228
01/16/2025 01,0,32.33,9992
01/16/2025 02,0,32.29,9815
01/16/2025 03,0,32.26,9736
01/16/2025 04,0,32.23,9710
01/16/2025 05,0,32.19,9730
01/16/2025 06,0,32.16,9912
01/16/2025 07,1.42,32.1,10369
01/16/2025 08,15.71,32.06,10821
01/16/2025 09,12.34,32.02,10971
01/16/2025 10,12.23,31.97,11083
01/16/2025 11,12.19,31.91,11113
01/16/2025 12,15.92,31.85,11082
01/16/2025 13,10.03,31.78,11098
01/16/2025 14,0,31.67,11060
01/16/2025 15,0,31.57,11078
01/16/2025 16,8.49,31.45,11141
01/16/2025 17,11.64,31.26,11293
01/16/2025 18,12.37,31.11,11488
01/16/2025 19,13.17,31.07,11373
01/16/2025 20,27.73,31.06,11285
01/16/2025 21,28.26,31.04,11195
01/16/2025 22,19.76,31.02,11075
01/16/2025 23,13.01,31,10863
01/16/2025 24,10.27,30.98,10627
01/17/2025 01,6.76,30.97,10452
01/17/2025 02,0,30.94,10376
01/17/2025 03,0,30.92,10314
01/17/2025 04,0,30.9,10277
01/17/2025 05,0,30.88,10298
01/17/2025 06,0,30.86,10380
01/17/2025 07,8.51,30.85,10702
01/17/2025 08,11.43,30.85,11209
01/17/2025 09,20.78,30.85,11416
01/17/2025 10,25.47,30.87,11450
01/17/2025 11,21.22,30.87,11442
01/17/2025 12,18.04,30.88,11434
01/17/2025 13,22.52,30.88,11358
01/17/2025 14,25.63,30.89,11249
01/17/2025 15,28.8,30.91,11221
01/17/2025 16,44.17,30.95,11253
01/17/2025 17,79.27,31.04,11356
01/17/2025 18,98.77,31.16,11542
01/17/2025 19,63.25,31.22,11517
01/17/2025 20,49.13,31.27,11476
01/17/2025 21,77.16,31.35,11390
01/17/2025 22,75.23,31.42,11284
01/17/2025 23,38.77,31.44,11139
01/17/2025 24,29.74,31.43,10946
01/18/2025 01,26.49,31.41,10763
01/18/2025 02,18.39,31.38,10613
01/18/2025 03,13.32,31.34,10544
01/18/2025 04,5.16,31.29,10519
01/18/2025 05,8.98,31.24,10536
01/18/2025 06,15.56,31.21,10643
01/18/2025 07,21.29,31.17,10777
01/18/2025 08,14.64,31.13,10984
01/18/2025 09,24.4,31.11,11199
01/18/2025 10,51.76,31.12,11339
01/18/2025 11,48.75,31.15,11443
01/18/2025 12,43.01,31.17,11473
01/18/2025 13,40.38,31.17,11410
01/18/2025 14,29.46,31.16,11341
01/18/2025 15,25.36,31.15,11320
01/18/2025 16,28.45,31.14,11359
01/18/2025 17,40.23,31.14,11490
01/18/2025 18,79.52,31.19,11781
01/18/2025 19,70.53,31.12,11761
01/18/2025 20,75.8,31.15,11632
01/18/2025 21,62.69,31.17,11489
01/18/2025 22,61.18,31.21,11372
01/18/2025 23,56.76,31.27,11166
01/18/2025 24,59.71,31.32,10971
01/19/2025 01,70,31.4,10778
01/19/2025 02,44.78,31.44,10635
01/19/2025 03,39.11,31.47,10588
01/19/2025 04,40,31.5,10596
01/19/2025 05,41.16,31.54,10608
01/19/2025 06,41.16,31.58,10655
01/19/2025 07,41.74,31.61,10733
01/19/2025 08,40.87,31.64,10972
01/19/2025 09,39.01,31.68,11195
01/19/2025 10,26.84,31.69,11251
01/19/2025 11,24.1,31.7,11381
01/19/2025 12,23.3,31.71,11465
01/19/2025 13,28,31.74,11450
01/19/2025 14,27.55,31.75,11439
01/19/2025 15,25.32,31.74,11401
01/19/2025 16,26.03,31.7,11467
01/19/2025 17,27.14,31.62,11634
01/19/2025 18,31.59,31.56,11940
01/19/2025 19,33.1,31.54,11879
01/19/2025 20,33.3,31.55,11779
01/19/2025 21,37.85,31.57,11711
01/19/2025 22,45.96,31.61,11539
01/19/2025 23,50.17,31.66,11282
01/19/2025 24,111.72,31.79,10996
01/20/2025 01,62.56,31.85,10844
01/20/2025 02,152.76,32.04,10788
01/20/2025 03,130,32.2,10737
01/20/2025 04,61.77,32.27,10681
01/20/2025 05,43.28,32.31,10722
01/20/2025 06,34.18,32.34,10834
01/20/2025 07,33.48,32.37,11164
01/20/2025 08,34.94,32.39,11567
01/20/2025 09,26.07,32.38,11685
01/20/2025 10,13.74,32.36,11786
01/20/2025 11,10.8,32.33,11838
01/20/2025 12,12.73,32.29,11772
01/20/2025 13,17.11,32.22,11690
01/20/2025 14,11.54,32.16,11702
01/20/2025 15,11.54,32.11,11617
01/20/2025 16,12.95,32.06,11607
01/20/2025 17,23.25,32,11763
01/20/2025 18,24.19,31.94,11982
01/20/2025 19,21.49,31.89,11816
01/20/2025 20,21.03,31.87,11667
01/20/2025 21,20.04,31.86,11459
01/20/2025 22,16.86,31.86,11200
01/20/2025 23,12.35,31.86,10848
01/20/2025 24,9.43,31.86,10551
01/21/2025 01,12.06,31.84,10375
01/21/2025 02,9.94,31.82,10271
01/21/2025 03,0,31.79,10162
01/21/2025 04,4.69,31.75,10093
01/21/2025 05,2.5,31.7,10131
01/21/2025 06,11.25,31.66,10293
01/21/2025 07,19.2,31.66,10698
01/21/2025 08,39.09,31.68,11144
01/21/2025 09,35.18,31.7,11294
01/21/2025 10,29.28,31.68,11271
01/21/2025 11,24.27,31.66,11215
01/21/2025 12,20.24,31.64,11223
01/21/2025 13,16.96,31.63,11280
01/21/2025 14,8.5,31.61,11297
01/21/2025 15,2.61,31.58,11316
01/21/2025 16,12.59,31.54,11359
01/21/2025 17,19.22,31.43,11512
01/21/2025 18,24.9,30.96,11744
01/21/2025 19,19.42,30.89,11660
01/21/2025 20,13.91,30.85,11494
01/21/2025 21,11.16,30.82,11336
01/21/2025 22,10.51,30.81,11125
01/21/2025 23,0,30.78,10803
01/21/2025 24,0,30.76,10507
01/22/2025 01,0,30.76,10276
01/22/2025 02,0,30.76,10181
01/22/2025 03,0,30.76,10125
01/22/2025 04,0,30.76,10096
01/22/2025 05,0,30.76,10129
01/22/2025 06,0,30.76,10343
01/22/2025 07,10.07,30.76,10771
01/22/2025 08,19.31,30.77,11211
01/22/2025 09,21.27,30.75,11327
01/22/2025 10,26.32,30.75,11264
01/22/2025 11,22.04,30.75,11241
01/22/2025 12,13.21,30.74,11201
01/22/2025 13,10.79,30.75,11161
01/22/2025 14,16.87,30.77,11142
01/22/2025 15,15.26,30.79,11123
01/22/2025 16,13.39,30.79,11162
01/22/2025 17,20.64,30.78,11317
01/22/2025 18,23.11,30.77,11478
01/22/2025 19,27.4,30.76,11365
01/22/2025 20,33.51,30.77,11245
01/22/2025 21,34.32,30.78,11234
01/22/2025 22,40.28,30.8,11070
01/22/2025 23,58.05,30.83,10785
01/22/2025 24,49.1,30.86,10513
01/23/2025 01,53.56,30.88,10247
01/23/2025 02,28.87,30.87,10104
01/23/2025 03,19.3,30.86,10017
01/23/2025 04,13.01,30.86,10012
01/23/2025 05,1.2,30.84,10045
01/23/2025 06,0,30.82,10229
01/23/2025 07,12.22,30.81,10616
01/23/2025 08,15.18,30.81,11137
01/23/2025 09,20.54,30.82,11241
01/23/2025 10,21.75,30.83,11181
01/23/2025 11,20.72,30.83,11243
01/23/2025 12,17.93,30.85,11241
01/23/2025 13,16.29,30.87,11230
01/23/2025 14,12.54,30.88,11198
01/23/2025 15,14.1,30.9,11183
01/23/2025 16,13.07,30.91,11225
01/23/2025 17,12.71,30.91,11399
01/23/2025 18,18.99,30.92,11583
01/23/2025 19,22.9,30.93,11433
01/23/2025 20,53.23,30.98,11289
01/23/2025 21,60.02,31.05,11198
01/23/2025 22,24.39,31.06,11047
01/23/2025 23,18.82,31.08,10739
01/23/2025 24,15.99,31.1,10425
01/24/2025 01,13.2,31.12,10255
01/24/2025 02,13.48,31.14,10177
01/24/2025 03,12.21,31.15,10121
01/24/2025 04,12.21,31.17,10091
01/24/2025 05,11.29,31.19,10142
01/24/2025 06,11.45,31.2,10259
01/24/2025 07,15.37,31.22,10681
01/24/2025 08,20.33,31.25,11198
01/24/2025 09,23.61,31.28,11383
01/24/2025 10,20.03,31.31,11420
01/24/2025 11,17.67,31.33,11461
01/24/2025 12,17.17,31.35,11435
01/24/2025 13,17.6,31.37,11355
01/24/2025 14,18.12,31.38,11341
01/24/2025 15,17.18,31.39,11334
01/24/2025 16,15.48,31.38,11323
01/24/2025 17,18.95,31.38,11439
01/24/2025 18,24.01,31.39,11591
01/24/2025 19,23.82,31.42,11478
01/24/2025 20,19.3,31.45,11351
01/24/2025 21,19.3,31.47,11218
01/24/2025 22,22.21,31.51,11008
01/24/2025 23,34.33,31.55,10755
01/24/2025 24,49.61,31.62,10494
01/25/2025 01,84.54,31.74,10284
01/25/2025 02,54.05,31.81,10196
01/25/2025 03,40.06,31.87,10121
01/25/2025 04,20.98,31.9,10033
01/25/2025 05,17.71,31.92,9990
01/25/2025 06,18.62,31.95,10075
01/25/2025 07,18.62,31.97,10251
01/25/2025 08,18.81,31.99,10484
01/25/2025 09,21.34,32,10726
01/25/2025 10,17.26,32,10861
01/25/2025 11,11.48,31.99,10930
01/25/2025 12,13.49,31.98,10922
01/25/2025 13,15.81,31.97,10847
01/25/2025 14,15.26,31.97,10784
01/25/2025 15,13.33,31.96,10745
01/25/2025 16,11.14,31.95,10785
01/25/2025 17,17.12,31.94,10998
01/25/2025 18,19.42,31.92,11268
01/25/2025 19,18.42,31.92,11246
01/25/2025 20,14.38,31.91,11138
01/25/2025 21,11.62,31.91,11045
01/25/2025 22,11.42,31.9,10898
01/25/2025 23,12.32,31.89,10644
01/25/2025 24,10.66,31.88,10384
01/26/2025 01,16.4,31.89,10237
01/26/2025 02,19.59,31.89,10093
01/26/2025 03,20.99,31.91,9979
01/26/2025 04,25.3,31.94,9942
01/26/2025 05,27.32,31.96,9954
01/26/2025 06,27.34,31.99,10004
01/26/2025 07,26.57,32,10163
01/26/2025 08,25.25,32.01,10337
01/26/2025 09,24.65,32.03,10487
01/26/2025 10,16.67,32.03,10579
01/26/2025 11,5.83,32.02,10682
01/26/2025 12,0,32,10702
01/26/2025 13,0,31.98,10686
01/26/2025 14,0,31.98,10649
01/26/2025 15,0,31.97,10629
01/26/2025 16,0,31.95,10713
01/26/2025 17,11.32,31.94,10933
01/26/2025 18,17.84,31.94,11310
01/26/2025 19,18.08,31.94,11356
01/26/2025 20,14.66,31.94,11267
01/26/2025 21,12.98,31.94,11150
01/26/2025 22,10.8,31.92,10909
01/26/2025 23,0,31.88,10534
01/26/2025 24,0,31.84,10267
01/27/2025 01,0,31.8,10082
01/27/2025 02,0,31.77,9966
01/27/2025 03,0,31.73,9862
01/27/2025 04,0,31.7,9839
01/27/2025 05,0,31.66,9891
01/27/2025 06,7.18,31.64,10140
01/27/2025 07,15.6,31.63,10589
01/27/2025 08,21.49,31.62,10998
01/27/2025 09,23.15,31.61,11160
01/27/2025 10,16.02,31.6,11211
01/27/2025 11,11.25,31.58,11215
01/27/2025 12,16.93,31.56,11107
01/27/2025 13,17.81,31.56,10994
01/27/2025 14,11.91,31.55,11032
01/27/2025 15,0,31.53,11055
01/27/2025 16,11.51,31.52,11077
01/27/2025 17,21.89,31.51,11200
01/27/2025 18,30.16,31.49,11439
01/27/2025 19,22.06,31.47,11396
01/27/2025 20,16.38,31.44,11306
01/27/2025 21,17.37,31.41,11151
01/27/2025 22,15.96,31.39,10883
01/27/2025 23,12.61,31.37,10573
01/27/2025 24,11.13,31.35,10303
01/28/2025 01,10.1,31.33,10095
01/28/2025 02,3.17,31.3,9944
01/28/2025 03,11.07,31.27,9890
01/28/2025 04,11.53,31.26,9847
01/28/2025 05,15.42,31.25,9864
01/28/2025 06,17.43,31.25,10028
01/28/2025 07,21.23,31.24,10449
01/28/2025 08,27.41,31.24,10921
01/28/2025 09,33.62,31.23,11007
01/28/2025 10,32.64,31.22,10964
01/28/2025 11,32.47,31.21,10931
01/28/2025 12,25.81,31.19,10900
01/28/2025 13,23.66,31.17,10854
01/28/2025 14,22.95,31.15,10856
01/28/2025 15,20.71,31.12,10841
01/28/2025 16,24.88,31.1,10916
01/28/2025 17,26.44,31.08,11066
01/28/2025 18,33.42,31.07,11332
01/28/2025 19,32.37,31.06,11235
01/28/2025 20,26.8,31.05,11137
01/28/2025 21,23.99,31.03,10995
01/28/2025 22,23.1,31,10834
01/28/2025 23,25.43,30.98,10560
01/28/2025 24,27.69,30.97,10272
01/29/2025 01,29.85,30.96,10069
01/29/2025 02,23.65,30.95,9917
01/29/2025 03,22.09,30.95,9863
01/29/2025 04,16.81,30.95,9846
01/29/2025 05,14.84,30.94,9891
01/29/2025 06,14.06,30.92,10048
01/29/2025 07,17.21,30.91,10449
01/29/2025 08,20.39,30.9,10894
01/29/2025 09,22.6,30.87,11050
01/29/2025 10,19.78,30.85,11059
01/29/2025 11,16.06,30.82,11096
01/29/2025 12,14.6,30.79,11062
01/29/2025 13,13.24,30.77,11040
01/29/2025 14,13.47,30.74,11024
01/29/2025 15,13.31,30.72,11017
01/29/2025 16,13.94,30.69,11002
01/29/2025 17,20.43,30.66,11123
01/29/2025 18,29.13,30.64,11366
01/29/2025 19,29.85,30.62,11404
01/29/2025 20,28.4,30.61,11301
01/29/2025 21,25.91,30.59,11123
01/29/2025 22,26.02,30.57,10888
01/29/2025 23,19.74,30.55,10598
01/29/2025 24,15.02,30.52,10301
01/30/2025 01,13.56,30.49,10087
01/30/2025 02,14.39,30.46,9997
01/30/2025 03,13.59,30.43,9908
01/30/2025 04,16.33,30.4,9891
01/30/2025 05,19.39,30.38,9999
01/30/2025 06,25.52,30.37,10195
01/30/2025 07,28.96,30.36,10650
01/30/2025 08,27.94,30.34,11076
01/30/2025 09,27.72,30.32,11120
01/30/2025 10,23.93,30.3,11086
01/30/2025 11,22.35,30.27,11135
01/30/2025 12,21.94,30.23,11199
01/30/2025 13,27.59,30.21,11237
01/30/2025 14,30.37,30.19,11273
01/30/2025 15,36.91,30.17,11325
01/30/2025 16,34.03,30.16,11263
01/30/2025 17,37.82,30.15,11351
01/30/2025 18,55.54,30.16,11652
01/30/2025 19,47.47,30.18,11647
01/30/2025 20,37.93,30.18,11549
01/30/2025 21,37.47,30.19,11439
01/30/2025 22,37.88,30.19,11221
01/30/2025 23,41.55,30.21,10987
01/30/2025 24,37.98,30.21,10722
01/31/2025 01,38.75,30.21,10570
01/31/2025 02,36.65,30.22,10443
01/31/2025 03,37.45,30.23,10401
01/31/2025 04,34.82,30.23,10378
01/31/2025 05,38.2,30.24,10380
01/31/2025 06,33.34,30.24,10554
01/31/2025 07,36.19,30.25,10949
01/31/2025 08,39.43,30.26,11420
01/31/2025 09,39.48,30.27,11610
01/31/2025 10,33.43,30.27,11624
01/31/2025 11,31.61,30.27,11650
01/31/2025 12,28.46,30.26,11676
01/31/2025 13,22.15,30.24,11643
01/31/2025 14,20.08,30.21,11622
01/31/2025 15,24.45,30.2,11585
01/31/2025 16,26.08,30.18,11584
01/31/2025 17,28.13,30.16,11634
01/31/2025 18,30.01,30.14,11747
01/31/2025 19,32.47,30.13,11654
01/31/2025 20,38.73,30.12,11522
01/31/2025 21,46.5,30.12,11394
01/31/2025 22,47.88,30.12,11218
01/31/2025 23,42.62,30.13,10988
01/31/2025 24,49.29,30.15,10752
02/01/2025 01,101.61,30.25,10485
02/01/2025 02,105.34,30.35,10351
02/01/2025 03,74.84,30.41,10314
02/01/2025 04,99.98,30.5,10279
02/01/2025 05,125.38,30.63,10253
02/01/2025 06,124.55,30.7,10306
02/01/2025 07,96.09,30.72,10503
02/01/2025 08,51.26,30.73,10757
02/01/2025 09,126.16,30.8,10997
02/01/2025 10,39.04,30.72,11171
02/01/2025 11,33.76,30.62,11442
02/01/2025 12,49.56,30.43,11512
02/01/2025 13,37.05,30.11,11573
02/01/2025 14,40.29,29.87,11619
02/01/2025 15,28.47,29.71,11560
02/01/2025 16,31.89,29.67,11551
02/01/2025 17,39.13,29.48,11606
02/01/2025 18,47.06,28.9,11806
02/01/2025 19,48.25,28.62,11788
02/01/2025 20,41.43,28.59,11654
02/01/2025 21,44.94,28.51,11534
02/01/2025 22,43.7,28.5,11501
02/01/2025 23,41.8,28.45,11334
02/01/2025 24,33.73,28.37,11083
02/02/2025 01,39.81,28.36,10877
02/02/2025 02,40.17,28.37,10838
02/02/2025 03,45.67,28.36,10801
02/02/2025 04,94.82,28.43,10762
02/02/2025 05,116.4,28.55,10721
02/02/2025 06,40.09,28.54,10717
02/02/2025 07,32.69,28.49,10870
02/02/2025 08,32.76,28.45,11112
02/02/2025 09,42.04,28.45,11327
02/02/2025 10,41.14,28.42,11490
02/02/2025 11,35.75,28.42,11635
02/02/2025 12,32.12,28.42,11718
02/02/2025 13,43.56,28.44,11778
02/02/2025 14,51.13,28.48,11809
02/02/2025 15,44.35,28.5,11810
02/02/2025 16,31.31,28.51,11794
02/02/2025 17,43.99,28.53,11856
02/02/2025 18,49.42,28.56,12095
02/02/2025 19,51.28,28.59,12138
02/02/2025 20,48.54,28.62,12035
02/02/2025 21,39.3,28.64,11927
02/02/2025 22,34.13,28.66,11757
02/02/2025 23,41.58,28.68,11523
02/02/2025 24,44.57,28.7,11258
02/03/2025 01,44.89,28.73,11053
02/03/2025 02,46.2,28.75,10942
02/03/2025 03,48.73,28.79,10882
02/03/2025 04,55.46,28.83,10898
02/03/2025 05,92.08,28.92,10910
02/03/2025 06,624.89,29.75,10979
02/03/2025 07,500.42,30.41,11298
02/03/2025 08,653.58,31.28,11757
02/03/2025 09,902.43,32.49,11871
02/03/2025 10,509.76,33.16,11916
02/03/2025 11,86.28,33.24,11953
02/03/2025 12,85.33,33.32,11979
02/03/2025 13,96.42,33.42,11920
02/03/2025 14,84.56,33.5,11890
02/03/2025 15,85.02,33.58,11875
02/03/2025 16,84.85,33.66,11937
02/03/2025 17,916.17,34.9,12022
02/03/2025 18,953.34,36.18,12199
02/03/2025 19,954.25,37.47,12211
02/03/2025 20,928.83,38.72,12102
02/03/2025 21,849.52,39.86,11951
02/03/2025 22,107.05,39.96,11649
02/03/2025 23,82.12,40.04,11343
02/03/2025 24,88.53,40.1,11161
02/04/2025 01,73.45,40.14,11041
02/04/2025 02,65.15,40.18,10912
02/04/2025 03,54.74,40.22,10860
02/04/2025 04,52.39,40.26,10869
02/04/2025 05,50.72,40.29,10942
02/04/2025 06,54.46,40.32,11107
02/04/2025 07,70.79,40.36,11464
02/04/2025 08,93.47,40.44,11843
02/04/2025 09,93.03,40.52,11856
02/04/2025 10,70.01,40.56,11952
02/04/2025 11,75.58,40.6,12024
02/04/2025 12,90,40.66,12008
02/04/2025 13,89.4,40.72,11967
02/04/2025 14,70.9,40.75,11926
02/04/2025 15,70.25,40.77,11887
02/04/2025 16,69.57,40.8,11925
02/04/2025 17,62.95,40.74,11973
02/04/2025 18,720.23,41.58,12004
02/04/2025 19,976,42.84,12026
02/04/2025 20,968.97,44.1,11890
02/04/2025 21,729.79,45.06,11736
02/04/2025 22,147.84,45.21,11530
02/04/2025 23,63.12,45.24,11338
02/04/2025 24,57.66,45.26,11134
02/05/2025 01,58.21,45.28,11000
02/05/2025 02,50.9,45.3,10892
02/05/2025 03,53,45.32,10843
02/05/2025 04,53,45.34,10855
02/05/2025 05,53,45.35,10874
02/05/2025 06,53.38,45.37,10993
02/05/2025 07,62.11,45.35,11360
02/05/2025 08,65.74,45.32,11770
02/05/2025 09,62.52,45.32,11843
02/05/2025 10,58.73,45.32,11893
02/05/2025 11,60.15,45.35,11908
02/05/2025 12,59.24,45.37,11895
02/05/2025 13,52.99,45.39,11802
02/05/2025 14,47.65,45.4,11717
02/05/2025 15,44.18,45.4,11701
02/05/2025 16,41.46,45.41,11736
02/05/2025 17,59.23,44.99,11859
02/05/2025 18,62.44,44.42,12007
02/05/2025 19,48.67,44.43,12010
02/05/2025 20,47.03,44.44,11907
02/05/2025 21,43.26,44.46,11803
02/05/2025 22,13.53,44.43,11581
02/05/2025 23,0,44.38,11273
02/05/2025 24,0,44.34,11009
02/06/2025 01,14.89,44.33,10847
02/06/2025 02,22.98,44.32,10781
02/06/2025 03,20,44.31,10736
02/06/2025 04,19.5,44.3,10703
02/06/2025 05,22.43,44.3,10721
02/06/2025 06,27.89,44.31,10866
02/06/2025 07,37.73,44.33,11208
02/06/2025 08,50.9,44.37,11623
02/06/2025 09,46.07,44.4,11697
02/06/2025 10,36.41,44.42,11744
02/06/2025 11,34.82,44.45,11736
02/06/2025 12,37.97,44.5,11682
02/06/2025 13,52.43,44.58,11595
02/06/2025 14,45.86,44.63,11534
02/06/2025 15,38.44,44.68,11503
02/06/2025 16,0,44.67,11482
02/06/2025 17,42.83,44.7,11541
02/06/2025 18,60.52,44.77,11703
02/06/2025 19,66.46,44.84,11765
02/06/2025 20,71.11,44.92,11631
02/06/2025 21,88.86,45.03,11487
02/06/2025 22,73.19,45.12,11292
02/06/2025 23,61.88,45.21,11005
02/06/2025 24,58.2,45.28,10753
02/07/2025 01,51.55,45.35,10634
02/07/2025 02,41.21,45.4,10554
02/07/2025 03,40.07,45.45,10497
02/07/2025 04,41.63,45.51,10482
02/07/2025 05,50.44,45.57,10534
02/07/2025 06,42.07,45.63,10687
02/07/2025 07,68.67,45.7,11002
02/07/2025 08,81.35,45.78,11455
02/07/2025 09,117.33,45.92,11526
02/07/2025 10,57.2,45.97,11560
02/07/2025 11,63.64,46.03,11605
02/07/2025 12,54.56,46.08,11597
02/07/2025 13,43.4,46.12,11500
02/07/2025 14,44.56,46.18,11441
02/07/2025 15,37.64,46.22,11411
02/07/2025 16,36.76,46.25,11376
02/07/2025 17,53.63,46.29,11398
02/07/2025 18,54.92,46.33,11558
02/07/2025 19,44.31,46.35,11621
02/07/2025 20,27.33,46.31,11520
02/07/2025 21,16.71,46.29,11390
02/07/2025 22,0,46.25,11278
02/07/2025 23,11.76,46.22,11121
02/07/2025 24,3.76,46.18,10924
02/08/2025 01,0,46.15,10730
02/08/2025 02,0,46.11,10634
02/08/2025 03,0,46.08,10515
02/08/2025 04,0,46.05,10497
02/08/2025 05,0,46.02,10492
02/08/2025 06,5.21,46,10574
02/08/2025 07,24.19,46,10668
02/08/2025 08,31.39,46.04,10942
02/08/2025 09,45.34,46.07,11174
02/08/2025 10,51.48,46.11,11317
02/08/2025 11,47.53,46.16,11351
02/08/2025 12,47.74,46.2,11315
02/08/2025 13,47.72,46.24,11229
02/08/2025 14,39.22,46.26,11173
02/08/2025 15,41.6,46.28,11099
02/08/2025 16,47.33,46.18,11142
02/08/2025 17,58.87,45.77,11242
02/08/2025 18,57.09,45.36,11477
02/08/2025 19,56.98,45.4,11579
02/08/2025 20,56.53,45.45,11427
02/08/2025 21,55.61,45.49,11366
02/08/2025 22,44.27,45.53,11202
02/08/2025 23,32.02,45.56,10960
02/08/2025 24,23.51,45.6,10771
02/09/2025 01,36.73,45.65,10587
02/09/2025 02,26.31,45.68,10498
02/09/2025 03,20.03,45.71,10464
02/09/2025 04,16.65,45.74,10440
02/09/2025 05,0,45.74,10452
02/09/2025 06,1.3,45.74,10524
02/09/2025 07,20.99,45.76,10657
02/09/2025 08,20.14,45.76,10887
02/09/2025 09,7.07,45.73,11098
02/09/2025 10,27.8,45.73,11238
02/09/2025 11,35.14,45.76,11274
02/09/2025 12,40.47,45.81,11298
02/09/2025 13,45.88,45.88,11326
02/09/2025 14,47.72,45.93,11345
02/09/2025 15,39.21,45.96,11347
02/09/2025 16,38.16,46,11406
02/09/2025 17,40.48,46.03,11565
02/09/2025 18,48.99,46.06,11742
02/09/2025 19,42.54,46.08,11852
02/09/2025 20,35.48,46.08,11803
02/09/2025 21,35.37,46.11,11707
02/09/2025 22,37.53,46.16,11530
02/09/2025 23,36.11,46.21,11303
02/09/2025 24,33.48,46.26,11047
02/10/2025 01,6.6,46.27,10876
02/10/2025 02,18.86,46.29,10785
02/10/2025 03,7.6,46.3,10760
02/10/2025 04,32.3,46.35,10704
02/10/2025 05,49.12,46.42,10759
02/10/2025 06,70.94,46.51,10967
02/10/2025 07,69.44,46.61,11406
02/10/2025 08,133.48,46.8,11806
02/10/2025 09,97.9,46.93,11842
02/10/2025 10,50.75,47,11874
02/10/2025 11,53.69,47.07,11933
02/10/2025 12,45.73,47.14,12012
02/10/2025 13,43.11,47.18,11958
02/10/2025 14,47.22,47.22,11911
02/10/2025 15,38.74,47.24,11821
02/10/2025 16,20.49,47.24,11778
02/10/2025 17,12.19,47.21,11826
02/10/2025 18,39.58,47.18,12035
02/10/2025 19,39.81,47.14,12125
02/10/2025 20,33.93,47.08,12024
02/10/2025 21,33.51,47.02,11872
02/10/2025 22,36.43,46.98,11657
02/10/2025 23,29.4,46.93,11409
02/10/2025 24,9.52,46.71,11145
02/11/2025 01,12.73,46.64,10885
02/11/2025 02,29.06,46.6,10732
02/11/2025 03,28.75,46.58,10631
02/11/2025 04,21.72,46.53,10602
02/11/2025 05,30.78,46.48,10646
02/11/2025 06,38.85,46.41,10808
02/11/2025 07,57.21,46.35,11199
02/11/2025 08,103.83,46.38,11564
02/11/2025 09,74.13,46.33,11605
02/11/2025 10,44.7,46.29,11635
02/11/2025 11,48.83,46.28,11638
02/11/2025 12,55,46.28,11632
02/11/2025 13,52.13,46.29,11597
02/11/2025 14,39.22,46.28,11602
02/11/2025 15,32.92,46.29,11578
02/11/2025 16,28.21,46.28,11561
02/11/2025 17,39.78,46.28,11587
02/11/2025 18,111.96,46.37,11716
02/11/2025 19,871.97,47.53,11756
02/11/2025 20,712.01,48.48,11662
02/11/2025 21,196.36,48.72,11543
02/11/2025 22,491.71,49.37,11344
02/11/2025 23,725.92,50.34,11051
02/11/2025 24,443.29,50.95,10773
02/12/2025 01,141.18,51.14,10555
02/12/2025 02,69.71,51.24,10490
02/12/2025 03,99.34,51.38,10542
02/12/2025 04,57.84,51.46,10533
02/12/2025 05,51.16,51.53,10599
02/12/2025 06,40.83,51.58,10788
02/12/2025 07,46.73,51.62,11193
02/12/2025 08,81.9,51.71,11617
02/12/2025 09,39.18,51.73,11714
02/12/2025 10,23.58,51.72,11775
02/12/2025 11,3.83,51.68,11775
02/12/2025 12,0,51.64,11756
02/12/2025 13,5.69,51.64,11782
02/12/2025 14,3.19,51.64,11754
02/12/2025 15,15.47,51.66,11670
02/12/2025 16,18.91,51.68,11639
02/12/2025 17,16.31,51.7,11709
02/12/2025 18,17.41,51.71,11823
02/12/2025 19,25.66,51.73,11829
02/12/2025 20,23.09,51.77,11723
02/12/2025 21,37.1,51.81,11612
02/12/2025 22,38.97,51.87,11389
02/12/2025 23,32.74,51.91,11152
02/12/2025 24,24.02,51.93,10875
02/13/2025 01,29.11,51.97,10660
02/13/2025 02,30.82,52.01,10620
02/13/2025 03,33.27,52.05,10562
02/13/2025 04,23.65,52.09,10557
02/13/2025 05,27.52,52.12,10623
02/13/2025 06,22.39,52.14,10775
02/13/2025 07,39.89,52.16,11146
02/13/2025 08,45.5,52.17,11559
02/13/2025 09,51.1,52.17,11687
02/13/2025 10,52.66,52.19,11727
02/13/2025 11,55.47,52.25,11712
02/13/2025 12,55.36,52.29,11700
02/13/2025 13,55.19,52.33,11657
02/13/2025 14,49.49,52.36,11600
02/13/2025 15,40.12,52.39,11610
02/13/2025 16,39.74,52.43,11666
02/13/2025 17,50,52.48,11784
02/13/2025 18,53.3,52.51,11929
02/13/2025 19,52.36,52.56,11980
02/13/2025 20,51.53,52.62,11900
02/13/2025 21,107.63,52.76,11764
02/13/2025 22,79.86,52.88,11500
02/13/2025 23,65.44,52.97,11282
02/13/2025 24,49,53.03,11112
02/14/2025 01,44.37,53.1,10975
02/14/2025 02,43.42,53.16,10852
02/14/2025 03,43.48,53.21,10808
02/14/2025 04,43.91,53.26,10813
02/14/2025 05,43.75,53.29,10832
02/14/2025 06,43.1,53.31,10945
02/14/2025 07,43.92,53.33,11301
02/14/2025 08,50.47,53.36,11673
02/14/2025 09,45.5,53.39,11801
02/14/2025 10,47.03,53.44,11906
02/14/2025 11,45.03,53.51,11972
02/14/2025 12,45.1,53.55,11973
02/14/2025 13,43.63,53.61,11925
02/14/2025 14,43.29,53.66,11896
02/14/2025 15,43.97,53.7,11849
02/14/2025 16,38.19,53.72,11782
02/14/2025 17,41.52,53.68,11840
02/14/2025 18,44.23,53.62,11961
02/14/2025 19,48.5,53.64,12004
02/14/2025 20,50.39,53.68,11884
02/14/2025 21,53.23,53.73,11780
02/14/2025 22,53.09,53.79,11596
02/14/2025 23,51.07,53.86,11391
02/14/2025 24,49.26,53.93,11154
02/15/2025 01,44.84,53.99,10974
02/15/2025 02,48.65,54.06,10900
02/15/2025 03,49.56,54.12,10849
02/15/2025 04,49.56,54.19,10852
02/15/2025 05,59.67,54.28,10873
02/15/2025 06,57.05,54.35,10936
02/15/2025 07,83.1,54.47,11037
02/15/2025 08,88.5,54.57,11218
02/15/2025 09,89.83,54.68,11372
02/15/2025 10,58.58,54.74,11476
02/15/2025 11,64.86,54.81,11561
02/15/2025 12,52.96,54.87,11552
02/15/2025 13,82.29,54.97,11458
02/15/2025 14,55.28,55.04,11387
02/15/2025 15,41.58,55.1,11342
02/15/2025 16,39.6,55.14,11354
02/15/2025 17,76.35,55.23,11427
02/15/2025 18,79.82,55.33,11569
02/15/2025 19,61.47,55.39,11721
02/15/2025 20,42.31,55.42,11681
02/15/2025 21,41.52,55.43,11597
02/15/2025 22,41.02,55.46,11426
02/15/2025 23,42.8,55.5,11236
02/15/2025 24,43.43,55.55,11063
02/16/2025 01,41.52,55.6,10937
02/16/2025 02,41.91,55.66,10812
02/16/2025 03,43.42,55.72,10779
02/16/2025 04,43.51,55.78,10779
02/16/2025 05,43.51,55.84,10816
02/16/2025 06,44.13,55.9,10870
02/16/2025 07,50.48,55.96,11012
02/16/2025 08,74.55,56.05,11129
02/16/2025 09,68.78,56.11,11251
02/16/2025 10,52.8,56.15,11330
02/16/2025 11,62.16,56.21,11382
02/16/2025 12,49.71,56.25,11342
02/16/2025 13,43.77,56.28,11317
02/16/2025 14,42.47,56.3,11229
02/16/2025 15,40.8,56.32,11149
02/16/2025 16,40.76,56.32,11207
02/16/2025 17,38.49,56.26,11349
02/16/2025 18,40.6,56.18,11585
02/16/2025 19,39.67,56.15,11791
02/16/2025 20,37.5,56.13,11710
02/16/2025 21,31.93,56.07,11617
02/16/2025 22,21.67,55.99,11486
02/16/2025 23,27.51,55.98,11254
02/16/2025 24,18.35,55.96,11051
02/17/2025 01,18.01,55.95,10947
02/17/2025 02,22.39,55.95,10863
02/17/2025 03,23.57,55.97,10819
02/17/2025 04,24.14,56,10795
02/17/2025 05,19.61,56.01,10824
02/17/2025 06,23.52,56.02,10924
02/17/2025 07,29.69,56.03,11111
02/17/2025 08,29.75,56.05,11284
02/17/2025 09,26.14,56.06,11378
02/17/2025 10,18.59,56.01,11456
02/17/2025 11,19.46,55.97,11593
02/17/2025 12,17.08,55.93,11682
02/17/2025 13,20.53,55.91,11682
02/17/2025 14,22.71,55.9,11611
02/17/2025 15,17.87,55.89,11528
02/17/2025 16,15.39,55.87,11539
02/17/2025 17,20.75,55.84,11664
02/17/2025 18,28.64,55.77,11908
02/17/2025 19,31.51,55.72,12079
02/17/2025 20,27.82,55.65,12014
02/17/2025 21,27.34,55.6,11952
02/17/2025 22,33.42,55.56,11745
02/17/2025 23,33.42,55.53,11447
02/17/2025 24,34.58,55.49,11162
02/18/2025 01,35.85,55.45,11000
02/18/2025 02,38.66,55.44,10958
02/18/2025 03,39.24,55.44,10912
02/18/2025 04,34.22,55.43,10886
02/18/2025 05,33.23,55.42,10901
02/18/2025 06,34.35,55.41,11085
02/18/2025 07,43.73,55.41,11508
02/18/2025 08,113.96,55.51,11840
02/18/2025 09,63.53,55.55,11846
02/18/2025 10,38.82,55.56,11842
02/18/2025 11,37.79,55.58,11919
02/18/2025 12,65.08,55.64,11952
02/18/2025 13,72.95,55.7,11832
02/18/2025 14,60.54,55.75,11741
02/18/2025 15,40.99,55.77,11735
02/18/2025 16,41.46,55.79,11744
02/18/2025 17,37.76,55.81,11794
02/18/2025 18,40.01,55.82,11957
02/18/2025 19,34.19,55.82,12151
02/18/2025 20,29.65,55.82,12135
02/18/2025 21,26.84,55.8,12057
02/18/2025 22,25.62,55.77,11910
02/18/2025 23,25.78,55.74,11715
02/18/2025 24,26.98,55.62,11436
02/19/2025 01,32.39,55.58,11246
02/19/2025 02,32.79,55.41,11180
02/19/2025 03,33.04,55.28,11128
02/19/2025 04,42.12,55.25,11054
02/19/2025 05,31.84,55.23,11063
02/19/2025 06,31.42,55.23,11224
02/19/2025 07,63.68,55.27,11608
02/19/2025 08,50.57,55.29,11997
02/19/2025 09,34.04,55.31,12055
02/19/2025 10,27.38,55.32,12041
02/19/2025 11,19.49,55.34,12054
02/19/2025 12,18.51,55.34,12008
02/19/2025 13,17.01,55.34,11931
02/19/2025 14,13.78,55.35,11921
02/19/2025 15,18.04,55.36,11889
02/19/2025 16,17.37,55.36,11883
02/19/2025 17,22.43,55.36,11933
02/19/2025 18,28.16,55.37,12113
02/19/2025 19,29.96,55.38,12146
02/19/2025 20,29.11,55.39,12017
02/19/2025 21,33.13,55.41,11924
02/19/2025 22,29.34,55.43,11711
02/19/2025 23,25.63,55.44,11365
02/19/2025 24,18.94,55.46,11105
02/20/2025 01,18.81,55.47,10922
02/20/2025 02,18.59,55.48,10783
02/20/2025 03,21.05,55.51,10688
02/20/2025 04,24.85,55.54,10661
02/20/2025 05,28.69,55.57,10687
02/20/2025 06,28.33,55.6,10830
02/20/2025 07,25.13,55.6,11169
02/20/2025 08,27.08,55.59,11528
02/20/2025 09,29.64,55.58,11587
02/20/2025 10,32.07,55.58,11591
02/20/2025 11,33.77,55.6,11507
02/20/2025 12,26.07,55.61,11384
02/20/2025 13,17.04,55.61,11265
02/20/2025 14,17.96,55.62,11172
02/20/2025 15,21.45,55.64,11097
02/20/2025 16,24.5,55.66,11103
02/20/2025 17,27.01,55.67,11149
02/20/2025 18,40.55,55.69,11271
02/20/2025 19,61.09,55.75,11392
02/20/2025 20,68.14,55.83,11350
02/20/2025 21,39.66,55.87,11220
02/20/2025 22,27.38,55.89,10969
02/20/2025 23,19.99,55.92,10695
02/20/2025 24,3.39,55.92,10421
02/21/2025 01,4.89,55.93,10253
02/21/2025 02,0,55.93,10140
02/21/2025 03,0,55.93,10057
02/21/2025 04,0,55.93,10055
02/21/2025 05,0,55.93,10109
02/21/2025 06,0.46,55.93,10243
02/21/2025 07,9.25,55.93,10603
02/21/2025 08,22.84,55.93,11003
02/21/2025 09,24.22,55.94,11091
02/21/2025 10,20.57,55.93,11138
02/21/2025 11,14.72,55.92,11166
02/21/2025 12,14.52,55.92,11132
02/21/2025 13,6.8,55.92,11046
02/21/2025 14,10.47,55.91,11039
02/21/2025 15,8.47,55.9,11018
02/21/2025 16,7.26,55.89,11016
02/21/2025 17,16.35,55.88,10978
02/21/2025 18,25.63,55.89,11064
02/21/2025 19,30.02,55.89,11157
02/21/2025 20,30.65,55.89,11100
02/21/2025 21,28.46,55.88,10983
02/21/2025 22,23.42,55.85,10825
02/21/2025 23,16.83,55.8,10582
02/21/2025 24,15.13,55.75,10328
02/22/2025 01,9.67,55.69,10114
02/22/2025 02,9.36,55.66,9966
02/22/2025 03,8.72,55.65,9888
02/22/2025 04,10.24,55.64,9832
02/22/2025 05,12.45,55.66,9857
02/22/2025 06,10.58,55.67,9880
02/22/2025 07,10.79,55.67,10028
02/22/2025 08,12.32,55.67,10272
02/22/2025 09,12.18,55.66,10372
02/22/2025 10,3.75,55.63,10557
02/22/2025 11,0,55.6,10603
02/22/2025 12,0,55.58,10563
02/22/2025 13,0,55.55,10544
02/22/2025 14,0,55.54,10423
02/22/2025 15,0,55.52,10367
02/22/2025 16,0,55.5,10353
02/22/2025 17,2.48,55.49,10502
02/22/2025 18,15.02,55.48,10614
02/22/2025 19,16.9,55.47,10760
02/22/2025 20,14.01,55.42,10711
02/22/2025 21,13.87,55.35,10605
02/22/2025 22,6.6,55.33,10501
02/22/2025 23,0,55.3,10331
02/22/2025 24,0,55.28,10116
02/23/2025 01,0,55.26,9869
02/23/2025 02,0,55.24,9721
02/23/2025 03,0,55.23,9700
02/23/2025 04,0,55.21,9579
02/23/2025 05,0,55.19,9533
02/23/2025 06,0,55.18,9568
02/23/2025 07,2.32,55.16,9719
02/23/2025 08,8.63,55.14,9883
02/23/2025 09,2.78,55.11,9997
02/23/2025 10,0,55.09,10145
02/23/2025 11,0,55.06,10305
02/23/2025 12,0,55.04,10363
02/23/2025 13,0,55.01,10384
02/23/2025 14,0,54.99,10289
02/23/2025 15,0,54.96,10300
02/23/2025 16,0,54.94,10369
02/23/2025 17,0,54.92,10585
02/23/2025 18,0,54.88,10767
02/23/2025 19,0,54.85,11000
02/23/2025 20,4.52,54.83,11005
02/23/2025 21,0,54.8,10868
02/23/2025 22,8.26,54.78,10638
02/23/2025 23,6.74,54.75,10301
02/23/2025 24,1.55,54.68,10071
02/24/2025 01,10.5,54.58,9853
02/24/2025 02,27.84,54.54,9704
02/24/2025 03,27.34,54.52,9671
02/24/2025 04,17.52,54.52,9703
02/24/2025 05,16.18,54.51,9756
02/24/2025 06,15.58,54.51,9953
02/24/2025 07,23.81,54.52,10401
02/24/2025 08,25.1,54.53,10815
02/24/2025 09,6.31,54.51,10903
02/24/2025 10,0,54.48,10928
02/24/2025 11,5.08,54.47,10981
02/24/2025 12,9.36,54.47,10931
02/24/2025 13,6.92,54.45,10883
02/24/2025 14,0,54.43,10872
02/24/2025 15,0,54.41,10814
02/24/2025 16,0,54.4,10813
02/24/2025 17,10.79,54.39,10813
02/24/2025 18,20,54.39,10846
02/24/2025 19,25.11,54.4,10944
02/24/2025 20,32.8,54.43,10891
02/24/2025 21,61.49,54.5,10748
02/24/2025 22,92.2,54.61,10537
02/24/2025 23,36.25,54.64,10263
02/24/2025 24,32.32,54.67,10011
02/25/2025 01,35.51,54.7,9887
02/25/2025 02,33.5,54.72,9773
02/25/2025 03,30.71,54.73,9744
02/25/2025 04,20.07,54.72,9757
02/25/2025 05,18.79,54.71,9818
02/25/2025 06,18.62,54.7,9992
02/25/2025 07,20.67,54.69,10392
02/25/2025 08,38.16,54.71,10810
02/25/2025 09,24.31,54.71,10857
02/25/2025 10,11.48,54.7,10837
02/25/2025 11,10.3,54.71,10779
02/25/2025 12,11.52,54.72,10694
02/25/2025 13,9.58,54.74,10684
02/25/2025 14,2.55,54.74,10668
02/25/2025 15,0,54.74,10673
02/25/2025 16,0,54.74,10699
02/25/2025 17,10.77,54.74,10806
02/25/2025 18,17.05,54.74,10906
02/25/2025 19,19.29,54.74,11070
02/25/2025 20,17.38,54.74,11069
02/25/2025 21,15.51,54.75,10977
02/25/2025 22,12.92,54.75,10726
02/25/2025 23,9.37,54.76,10411
02/25/2025 24,5.94,54.77,10144
02/26/2025 01,0,54.77,9989
02/26/2025 02,0,54.77,9875
02/26/2025 03,0,54.77,9827
02/26/2025 04,0,54.77,9802
02/26/2025 05,0,54.77,9903
02/26/2025 06,0,54.76,10117
02/26/2025 07,11.68,54.76,10522
02/26/2025 08,17.75,54.75,10893
02/26/2025 09,14.72,54.74,10926
02/26/2025 10,14.01,54.74,10935
02/26/2025 11,15.49,54.74,10864
02/26/2025 12,19.87,54.75,10821
02/26/2025 13,20.15,54.75,10728
02/26/2025 14,21.14,54.76,10729
02/26/2025 15,17.73,54.79,10708
02/26/2025 16,18.02,54.8,10701
02/26/2025 17,21.68,54.8,10804
02/26/2025 18,18,54.78,10926
02/26/2025 19,17.02,54.77,11019
02/26/2025 20,14.65,54.77,10982
02/26/2025 21,15.3,54.77,10836
02/26/2025 22,14.45,54.76,10581
02/26/2025 23,9.2,54.76,10245
02/26/2025 24,1.78,54.75,9974
02/27/2025 01,0,54.73,9760
02/27/2025 02,0,54.73,9652
02/27/2025 03,0,54.71,9653
02/27/2025 04,0,54.7,9697
02/27/2025 05,0,54.68,9754
02/27/2025 06,0,54.65,9925
02/27/2025 07,1.88,54.62,10389
02/27/2025 08,9.29,54.6,10870
02/27/2025 09,11.41,54.57,11002
02/27/2025 10,4.28,54.53,11004
02/27/2025 11,0,54.48,10908
02/27/2025 12,0,54.45,10857
02/27/2025 13,0,54.42,10845
02/27/2025 14,0,54.38,10839
02/27/2025 15,0,54.35,10821
02/27/2025 16,0,54.32,10840
02/27/2025 17,3.33,54.29,10916
02/27/2025 18,12.5,54.26,10932
02/27/2025 19,20.43,54.24,11004
02/27/2025 20,19.52,54.23,10972
02/27/2025 21,28.54,54.24,10881
02/27/2025 22,27.89,54.25,10658
02/27/2025 23,21.69,54.24,10335
02/27/2025 24,19.49,54.23,10008
02/28/2025 01,11.31,54.2,9804
02/28/2025 02,10.89,54.19,9701
02/28/2025 03,14.52,54.17,9644
02/28/2025 04,19.58,54.18,9668
02/28/2025 05,24.89,54.19,9750
02/28/2025 06,24.14,54.21,9929
02/28/2025 07,32.11,54.23,10351
02/28/2025 08,35.89,54.25,10700
02/28/2025 09,27.66,54.26,10737
02/28/2025 10,9.95,54.24,10691
02/28/2025 11,7.28,54.23,10614
02/28/2025 12,6.83,54.22,10576
02/28/2025 13,11.88,54.22,10527
02/28/2025 14,12.97,54.22,10454
02/28/2025 15,13.13,54.22,10436
02/28/2025 16,10.75,54.21,10471
02/28/2025 17,6.78,54.19,10551
02/28/2025 18,16.59,54.18,10609
02/28/2025 19,20.68,54.16,10702
02/28/2025 20,26.22,54.16,10684
02/28/2025 21,28.57,54.16,10581
02/28/2025 22,33.43,54.17,10405
02/28/2025 23,32.7,54.19,10198
02/28/2025 24,28.65,54.21,9955
03/01/2025 01,30.11,54.23,9767
03/01/2025 02,23.04,54.25,9660
03/01/2025 03,23.9,54.26,9626
03/01/2025 04,21.68,54.27,9630
03/01/2025 05,16.25,54.26,9638
03/01/2025 06,16.68,54.25,9706
03/01/2025 07,19.78,54.24,9864
03/01/2025 08,22.45,54.23,9992
03/01/2025 09,17.38,54.22,10134
03/01/2025 10,11.01,54.2,10229
03/01/2025 11,12.36,54.18,10236
03/01/2025 12,14.54,54.17,10203
03/01/2025 13,14.97,54.16,10169
03/01/2025 14,15.94,54.14,10095
03/01/2025 15,14.24,54.11,10033
03/01/2025 16,8.9,54.07,10000
03/01/2025 17,9.83,54.03,10087
03/01/2025 18,18.8,53.98,10220
03/01/2025 19,23.95,53.95,10394
03/01/2025 20,22.46,53.93,10453
03/01/2025 21,18.9,53.9,10386
03/01/2025 22,19.64,53.87,10267
03/01/2025 23,23.68,53.85,10090
03/01/2025 24,22.22,53.83,9841
03/02/2025 01,31.16,53.82,9709
03/02/2025 02,34.16,53.81,9592
03/02/2025 03,35.8,53.81,9510
03/02/2025 04,40.09,53.82,9505
03/02/2025 05,33.3,53.81,9539
03/02/2025 06,32.16,53.81,9616
03/02/2025 07,39.97,53.82,9735
03/02/2025 08,39.73,53.82,9841
03/02/2025 09,27.58,53.8,9927
03/02/2025 10,21.21,53.78,9962
03/02/2025 11,21.21,53.77,9982
03/02/2025 12,27.44,53.77,10041
03/02/2025 13,36.97,53.79,10072
03/02/2025 14,34.52,53.81,10036
03/02/2025 15,29.23,53.81,10031
03/02/2025 16,23.01,53.81,10110
03/02/2025 17,17.35,53.8,10245
03/02/2025 18,28.21,53.79,10470
03/02/2025 19,24.96,53.78,10627
03/02/2025 20,14.19,53.75,10650
03/02/2025 21,12.18,53.7,10570
03/02/2025 22,11.11,53.65,10410
03/02/2025 23,13.57,53.61,10104
03/02/2025 24,14.97,53.56,9877
03/03/2025 01,11.88,53.44,9714
03/03/2025 02,14.33,53.31,9600
03/03/2025 03,16.23,53.23,9560
03/03/2025 04,15.14,53.11,9543
03/03/2025 05,17.95,52.96,9644
03/03/2025 06,20.84,52.82,9825
03/03/2025 07,22.11,52.72,10209
03/03/2025 08,26.88,52.68,10621
03/03/2025 09,29.29,52.55,10772
03/03/2025 10,27.14,52.53,10815
03/03/2025 11,27.07,52.52,10821
03/03/2025 12,23,52.48,10834
03/03/2025 13,21.25,52.46,10784
03/03/2025 14,20.6,52.43,10730
03/03/2025 15,21,52.42,10675
03/03/2025 16,27.09,52.42,10668
03/03/2025 17,36.47,52.41,10762
03/03/2025 18,35.96,52.4,10810
03/03/2025 19,29.58,52.37,10810
03/03/2025 20,30.35,52.36,10809
03/03/2025 21,37.6,52.35,10663
03/03/2025 22,31.72,52.33,10492
03/03/2025 23,35.42,52.32,10213
03/03/2025 24,39.28,52.33,9961
03/04/2025 01,39.39,52.33,9803
03/04/2025 02,39.27,52.33,9749
03/04/2025 03,37.6,52.32,9723
03/04/2025 04,39.37,52.24,9725
03/04/2025 05,41.26,52.13,9790
03/04/2025 06,42.82,52.14,9964
03/04/2025 07,87.9,52.22,10315
03/04/2025 08,84.17,52.29,10591
03/04/2025 09,31.25,52.27,10659
03/04/2025 10,19.46,52.24,10608
03/04/2025 11,14.23,52.21,10518
03/04/2025 12,15.66,52.19,10487
03/04/2025 13,17.69,52.15,10432
03/04/2025 14,14.83,52.1,10436
03/04/2025 15,13.59,52.06,10389
03/04/2025 16,12.54,52.03,10448
03/04/2025 17,14.14,51.99,10581
03/04/2025 18,18.44,51.95,10696
03/04/2025 19,20.75,51.91,10864
03/04/2025 20,14.86,51.86,10847
03/04/2025 21,14.06,51.83,10752
03/04/2025 22,13.72,51.8,10572
03/04/2025 23,13.87,51.76,10263
03/04/2025 24,14.83,51.72,9991
03/05/2025 01,19.98,51.68,9788
03/05/2025 02,24.22,51.65,9696
03/05/2025 03,25.17,51.62,9635
03/05/2025 04,31.61,51.59,9649
03/05/2025 05,36.73,51.51,9743
03/05/2025 06,37.24,50.69,9900
03/05/2025 07,40.64,50.05,10298
03/05/2025 08,51.88,49.22,10634
03/05/2025 09,42.07,48.02,10670
03/05/2025 10,31.9,47.36,10635
03/05/2025 11,24.47,47.27,10572
03/05/2025 12,18.91,47.18,10491
03/05/2025 13,14.73,47.07,10440
03/05/2025 14,16.88,46.97,10428
03/05/2025 15,20.57,46.88,10385
03/05/2025 16,27.06,46.8,10353
03/05/2025 17,41.35,45.59,10594
03/05/2025 18,201.66,44.55,10691
03/05/2025 19,194.29,43.49,10757
03/05/2025 20,139.15,42.39,10697
03/05/2025 21,92.44,41.34,10533
03/05/2025 22,40.37,41.25,10453
03/05/2025 23,39.52,41.19,10237
03/05/2025 24,42.16,41.13,9990
03/06/2025 01,38.43,41.08,9800
03/06/2025 02,32.57,41.03,9692
03/06/2025 03,27.81,40.99,9630
03/06/2025 04,26.16,40.96,9653
03/06/2025 05,28.52,40.93,9751
03/06/2025 06,27.54,40.89,9937
03/06/2025 07,33,40.84,10363
03/06/2025 08,32.78,40.75,10692
03/06/2025 09,25.39,40.66,10664
03/06/2025 10,20.52,40.59,10576
03/06/2025 11,25.16,40.52,10545
03/06/2025 12,26.71,40.43,10495
03/06/2025 13,32.51,40.35,10462
03/06/2025 14,38.38,40.31,10423
03/06/2025 15,34.75,40.26,10399
03/06/2025 16,26.35,40.2,10422
03/06/2025 17,30.54,40.15,10507
03/06/2025 18,122.62,39.32,10534
03/06/2025 19,155.9,38.18,10609
03/06/2025 20,105.48,36.99,10695
03/06/2025 21,65.2,36.06,10629
03/06/2025 22,32.77,35.9,10491
03/06/2025 23,17.83,35.84,10220
03/06/2025 24,14.42,35.78,9980
03/07/2025 01,5.11,35.71,9858
03/07/2025 02,0,35.64,9738
03/07/2025 03,0,35.56,9667
03/07/2025 04,0,35.49,9677
03/07/2025 05,0,35.41,9786
03/07/2025 06,6.22,35.35,9922
03/07/2025 07,21.46,35.29,10255
03/07/2025 08,28.33,35.24,10569
03/07/2025 09,25.92,35.19,10619
03/07/2025 10,22.22,35.14,10587
03/07/2025 11,23.46,35.09,10549
03/07/2025 12,28.08,35.04,10486
03/07/2025 13,31.57,35.01,10523
03/07/2025 14,23.9,34.98,10455
03/07/2025 15,20.83,34.95,10452
03/07/2025 16,18.48,34.92,10496
03/07/2025 17,23.71,34.87,10558
03/07/2025 18,37.8,34.83,10611
03/07/2025 19,39.65,34.82,10655
03/07/2025 20,30.77,34.8,10647
03/07/2025 21,21.28,34.77,10535
03/07/2025 22,15.29,34.77,10440
03/07/2025 23,11.7,34.79,10253
03/07/2025 24,7.75,34.8,10032
03/08/2025 01,11.19,34.79,9842
03/08/2025 02,11.39,34.78,9678
03/08/2025 03,17.2,34.77,9610
03/08/2025 04,17.48,34.77,9608
03/08/2025 05,16.31,34.76,9627
03/08/2025 06,17.29,34.75,9691
03/08/2025 07,19.1,34.72,9785
03/08/2025 08,19.14,34.68,9903
03/08/2025 09,15.73,34.63,10096
03/08/2025 10,15.46,34.61,10207
03/08/2025 11,15.11,34.58,10327
03/08/2025 12,6.9,34.53,10350
03/08/2025 13,5.58,34.47,10361
03/08/2025 14,0,34.41,10359
03/08/2025 15,0,34.35,10291
03/08/2025 16,0.44,34.35,10328
03/08/2025 17,8.23,34.31,10364
03/08/2025 18,18.22,34.25,10487
03/08/2025 19,28.72,34.19,10587
03/08/2025 20,32.35,34.14,10638
03/08/2025 21,25.99,34.05,10507
03/08/2025 22,20.39,33.98,10395
03/08/2025 23,18.85,33.92,10186
03/08/2025 24,18.97,33.87,9966
03/09/2025 01,16.39,33.82,9797
03/09/2025 03,15.11,33.78,9722
03/09/2025 04,14.76,33.75,9681
03/09/2025 05,14.13,33.71,9638
03/09/2025 06,14.01,33.66,9679
03/09/2025 07,14.28,33.62,9823
03/09/2025 08,14.24,33.54,10008
03/09/2025 09,14.05,33.45,10132
03/09/2025 10,14.67,33.31,10220
03/09/2025 11,14.72,33.25,10421
03/09/2025 12,14.17,33.18,10541
03/09/2025 13,11.81,33.12,10599
03/09/2025 14,9.14,33.07,10659
03/09/2025 15,8.25,33.02,10681
03/09/2025 16,7.81,32.98,10695
03/09/2025 17,8.93,32.94,10812
03/09/2025 18,19.2,32.89,10860
03/09/2025 19,20.27,32.84,10862
03/09/2025 20,30.42,32.83,10880
03/09/2025 21,36.59,32.84,10809
03/09/2025 22,39.13,32.87,10703
03/09/2025 23,31.06,32.91,10504
03/09/2025 24,23.94,32.93,10212
03/10/2025 01,15.68,32.95,10015
03/10/2025 02,13.31,32.96,9902
03/10/2025 03,17.83,32.99,9810
03/10/2025 04,18.73,33.02,9839
03/10/2025 05,24.35,33.05,9889
03/10/2025 06,22.33,33.08,10101
03/10/2025 07,32.03,33.12,10478
03/10/2025 08,28.91,33.12,10830
03/10/2025 09,55.33,33.16,10855
03/10/2025 10,96.59,33.23,10919
03/10/2025 11,67.67,33.25,10954
03/10/2025 12,280.62,33.57,10907
03/10/2025 13,242.23,33.84,10781
03/10/2025 14,57.16,33.86,10706
03/10/2025 15,35.52,33.85,10743
03/10/2025 16,29.12,33.84,10718
03/10/2025 17,23.81,33.8,10821
03/10/2025 18,19.07,33.75,10852
03/10/2025 19,32.61,33.71,10743
03/10/2025 20,33.88,33.68,10803
03/10/2025 21,25.62,33.64,10836
03/10/2025 22,21.68,33.59,10682
03/10/2025 23,20.49,33.56,10476
03/10/2025 24,18.31,33.54,10224
03/11/2025 01,17.65,33.53,10042
03/11/2025 02,19.54,33.51,9933
03/11/2025 03,17.98,33.5,9852
03/11/2025 04,20.26,33.5,9822
03/11/2025 05,29.92,33.51,9878
03/11/2025 06,41.9,33.57,10061
03/11/2025 07,82.45,33.69,10448
03/11/2025 08,45.11,33.72,10867
03/11/2025 09,31.14,33.73,10958
03/11/2025 10,17.25,33.75,10946
03/11/2025 11,15.68,33.73,10919
03/11/2025 12,14.88,33.7,10848
03/11/2025 13,17.08,33.67,10733
03/11/2025 14,22.05,33.64,10745
03/11/2025 15,25.27,33.61,10683
03/11/2025 16,30.51,33.59,10729
03/11/2025 17,27.5,33.58,10774
03/11/2025 18,25.14,33.56,10797
03/11/2025 19,26.71,33.53,10717
03/11/2025 20,40.99,33.53,10773
03/11/2025 21,43.14,33.54,10777
03/11/2025 22,41.5,33.54,10659
03/11/2025 23,30.75,33.54,10426
03/11/2025 24,32.45,33.53,10179
03/12/2025 01,41.2,33.54,9981
03/12/2025 02,64.2,33.62,9883
03/12/2025 03,101.55,33.74,9823
03/12/2025 04,47.29,33.79,9831
03/12/2025 05,43.71,33.81,9905
03/12/2025 06,43.52,33.8,10084
03/12/2025 07,92.34,33.83,10453
03/12/2025 08,92.43,33.86,10844
03/12/2025 09,60.78,33.76,10858
03/12/2025 10,32.8,33.67,10911
03/12/2025 11,28.98,33.64,10967
03/12/2025 12,28.38,33.6,10966
03/12/2025 13,27.36,33.58,10987
03/12/2025 14,26.27,33.55,10892
03/12/2025 15,26.46,33.53,10840
03/12/2025 16,30.46,33.51,10870
03/12/2025 17,25.52,33.52,10954
03/12/2025 18,27.38,33.54,10909
03/12/2025 19,32.03,33.53,10852
03/12/2025 20,26.82,33.51,10935
03/12/2025 21,26.58,33.5,10966
03/12/2025 22,35.68,33.51,10858
03/12/2025 23,34.92,33.5,10634
03/12/2025 24,33.11,33.51,10397
03/13/2025 01,33.28,33.54,10216
03/13/2025 02,32.79,33.57,10115
03/13/2025 03,30.97,33.57,10084
03/13/2025 04,33,33.58,10084
03/13/2025 05,28.92,33.59,10095
03/13/2025 06,27.69,33.59,10297
03/13/2025 07,32.36,33.58,10695
03/13/2025 08,33.44,33.54,11092
03/13/2025 09,35.99,33.45,11143
03/13/2025 10,33.94,33.39,11224
03/13/2025 11,28.85,33.37,11249
03/13/2025 12,33.34,33.35,11272
03/13/2025 13,40.95,33.33,11244
03/13/2025 14,74.97,33.36,11224
03/13/2025 15,48.93,33.38,11202
03/13/2025 16,24.42,33.36,11206
03/13/2025 17,15.37,33.35,11247
03/13/2025 18,17.9,33.32,11271
03/13/2025 19,17.04,33.18,11166
03/13/2025 20,16.19,31.99,11110
03/13/2025 21,15.66,31.03,11122
03/13/2025 22,15.96,30.78,10992
03/13/2025 23,23.73,30.13,10780
03/13/2025 24,29.01,29.16,10483
03/14/2025 01,29.72,28.58,10309
03/14/2025 02,29.05,28.43,10243
03/14/2025 03,23.42,28.36,10143
03/14/2025 04,29.6,28.27,10074
03/14/2025 05,37.45,28.24,10112
03/14/2025 06,37.82,28.22,10344
03/14/2025 07,61.33,28.25,10744
03/14/2025 08,45.23,28.25,11143
03/14/2025 09,42.3,28.19,11181
03/14/2025 10,41.05,28.19,11156
03/14/2025 11,36.63,28.21,11137
03/14/2025 12,33.99,28.25,11099
03/14/2025 13,33.88,28.3,11068
03/14/2025 14,29.97,28.34,11012
03/14/2025 15,29.67,28.37,10975
03/14/2025 16,28.56,28.39,10977
03/14/2025 17,29.31,28.41,10991
03/14/2025 18,25.72,28.42,10960
03/14/2025 19,42.14,28.45,10930
03/14/2025 20,43.95,28.48,10973
03/14/2025 21,33.73,28.49,11031
03/14/2025 22,40.07,28.5,10920
03/14/2025 23,51.08,28.51,10755
03/14/2025 24,65.02,28.56,10528
03/15/2025 01,52.36,28.6,10349
03/15/2025 02,45.48,28.62,10218
03/15/2025 03,74.85,28.68,10127
03/15/2025 04,68.56,28.73,10106
03/15/2025 05,70.62,28.8,10119
03/15/2025 06,71.79,28.86,10227
03/15/2025 07,110.27,28.98,10345
03/15/2025 08,135.86,29.11,10474
03/15/2025 09,79.72,29.16,10656
03/15/2025 10,74.41,29.19,10827
03/15/2025 11,45.3,29.18,10978
03/15/2025 12,41.6,29.16,10997
03/15/2025 13,36.44,29.14,10999
03/15/2025 14,32.93,29.11,10938
03/15/2025 15,32.24,29.08,10864
03/15/2025 16,32.31,29.07,10887
03/15/2025 17,32.52,29.06,10919
03/15/2025 18,32.55,29.04,10881
03/15/2025 19,70.16,29.06,10801
03/15/2025 20,84.35,29.1,10833
03/15/2025 21,42.06,29.09,10897
03/15/2025 22,30.12,28.98,10827
03/15/2025 23,31.03,28.92,10653
03/15/2025 24,34.07,28.87,10418
03/16/2025 01,35.62,28.85,10257
03/16/2025 02,37.32,28.84,10153
03/16/2025 03,83.41,28.9,10066
03/16/2025 04,56.02,28.92,10098
03/16/2025 05,50.72,28.93,10136
03/16/2025 06,40.24,28.92,10218
03/16/2025 07,56.23,28.94,10335
03/16/2025 08,41.89,28.94,10487
03/16/2025 09,39.7,28.92,10631
03/16/2025 10,45.77,28.92,10768
03/16/2025 11,35.12,28.91,10873
03/16/2025 12,33.98,28.89,10930
03/16/2025 13,38.17,28.88,10959
03/16/2025 14,57.7,28.9,10952
03/16/2025 15,46.86,28.91,10921
03/16/2025 16,37.95,28.9,10910
03/16/2025 17,41.82,28.9,10963
03/16/2025 18,45.71,28.91,10979
03/16/2025 19,42.9,28.91,10917
03/16/2025 20,65.38,28.93,10977
03/16/2025 21,78.76,28.97,10976
03/16/2025 22,72.29,29,10810
03/16/2025 23,41.67,28.98,10582
03/16/2025 24,40.84,28.97,10321
03/17/2025 01,74.27,29,10163
03/17/2025 02,104.25,29.08,10008
03/17/2025 03,70,29.11,9953
03/17/2025 04,72.86,29.14,9966
03/17/2025 05,75.92,29.18,10035
03/17/2025 06,80.56,29.21,10188
03/17/2025 07,73.93,29.23,10594
03/17/2025 08,80.26,29.23,10971
03/17/2025 09,89.52,29.23,11015
03/17/2025 10,49.68,29.18,11046
03/17/2025 11,34.37,29.14,11063
03/17/2025 12,32.7,29.1,11030
03/17/2025 13,24.65,29.06,10957
03/17/2025 14,18.77,28.97,10847
03/17/2025 15,19.56,28.92,10832
03/17/2025 16,22.73,28.89,10891
03/17/2025 17,27.69,28.88,10998
03/17/2025 18,24.98,28.81,11001
03/17/2025 19,30.6,28.74,10904
03/17/2025 20,39.95,28.71,10941
03/17/2025 21,86.01,28.77,10966
03/17/2025 22,41.93,28.77,10825
03/17/2025 23,30.54,28.75,10563
03/17/2025 24,24.27,28.73,10277
03/18/2025 01,19.2,28.7,10130
03/18/2025 02,19.04,28.66,10044
03/18/2025 03,20.5,28.63,9998
03/18/2025 04,18.84,28.6,9985
03/18/2025 05,18.96,28.57,10056
03/18/2025 06,18.36,28.53,10208
03/18/2025 07,25.54,28.51,10638
03/18/2025 08,31.37,28.48,11030
03/18/2025 09,31.27,28.42,11077
03/18/2025 10,32.06,28.37,11107
03/18/2025 11,33.39,28.34,11028
03/18/2025 12,33.99,28.3,10963
03/18/2025 13,51.33,28.3,10932
03/18/2025 14,54.08,28.32,10877
03/18/2025 15,54.08,28.33,10786
03/18/2025 16,38.35,28.33,10777
03/18/2025 17,33.97,28.32,10839
03/18/2025 18,33.08,28.31,10873
03/18/2025 19,55.44,28.33,10824
03/18/2025 20,59.55,28.36,10893
03/18/2025 21,26.38,28.35,10976
03/18/2025 22,16.16,28.32,10813
03/18/2025 23,11.33,28.31,10515
03/18/2025 24,13.78,28.29,10242
03/19/2025 01,13.7,28.28,10118
03/19/2025 02,14.54,28.28,10037
03/19/2025 03,14.01,28.27,10013
03/19/2025 04,15.85,28.26,9983
03/19/2025 05,17.79,28.25,10026
03/19/2025 06,18.4,28.25,10231
03/19/2025 07,23.58,28.25,10607
03/19/2025 08,22.73,28.24,11023
03/19/2025 09,26.04,28.23,11008
03/19/2025 10,19.08,28.22,10942
03/19/2025 11,21.36,28.23,10930
03/19/2025 12,25.47,28.23,10886
03/19/2025 13,24.74,28.25,10728
03/19/2025 14,25.56,28.25,10667
03/19/2025 15,19.83,28.25,10564
03/19/2025 16,18.56,28.25,10650
03/19/2025 17,18.98,28.25,10800
03/19/2025 18,24.95,28.26,10808
03/19/2025 19,19.96,28.25,10717
03/19/2025 20,21.05,28.23,10772
03/19/2025 21,25.28,28.23,10877
03/19/2025 22,25.06,28.23,10703
03/19/2025 23,19.03,28.21,10369
03/19/2025 24,17.29,28.18,10153
03/20/2025 01,15.01,28.16,9955
03/20/2025 02,15.77,28.13,9881
03/20/2025 03,17.17,28.1,9866
03/20/2025 04,17.72,28.07,9841
03/20/2025 05,18.73,28.05,9932
03/20/2025 06,22.78,28.03,10116
03/20/2025 07,23.56,28.02,10559
03/20/2025 08,25.03,27.99,10963
03/20/2025 09,23.25,27.87,11026
03/20/2025 10,22.35,27.81,11053
03/20/2025 11,22.39,27.79,11013
03/20/2025 12,22.95,27.77,10944
03/20/2025 13,24.67,27.71,10849
03/20/2025 14,23.49,27.64,10817
03/20/2025 15,21.53,27.59,10804
03/20/2025 16,20.6,27.56,10792
03/20/2025 17,18.91,27.53,10847
03/20/2025 18,21.94,27.51,10869
03/20/2025 19,21.59,27.48,10807
03/20/2025 20,26.71,27.47,10834
03/20/2025 21,26.69,27.47,10886
03/20/2025 22,26.65,27.47,10777
03/20/2025 23,28.96,27.47,10541
03/20/2025 24,21.18,27.46,10247
03/21/2025 01,19.89,27.45,10150
03/21/2025 02,19.16,27.44,10077
03/21/2025 03,16.81,27.41,9961
03/21/2025 04,15.87,27.39,9945
03/21/2025 05,17.36,27.35,10003
03/21/2025 06,23.15,27.34,10192
03/21/2025 07,30.83,27.34,10569
03/21/2025 08,27.53,27.29,10917
03/21/2025 09,28.27,27.26,11032
03/21/2025 10,22.26,27.24,11040
03/21/2025 11,15.81,27.23,10998
03/21/2025 12,7.55,27.21,10925
03/21/2025 13,1.75,27.19,10848
03/21/2025 14,1.14,27.17,10882
03/21/2025 15,0.2,27.15,10842
03/21/2025 16,0,27.12,10730
03/21/2025 17,2.78,27.1,10660
03/21/2025 18,2.36,27.07,10721
03/21/2025 19,7.68,27.05,10622
03/21/2025 20,14.68,27.02,10644
03/21/2025 21,21.35,27.01,10775
03/21/2025 22,22.12,27,10642
03/21/2025 23,21.56,26.99,10399
03/21/2025 24,26.37,26.99,10154
03/22/2025 01,20.68,26.99,9956
03/22/2025 02,29.45,27.01,9800
03/22/2025 03,32.93,27.03,9748
03/22/2025 04,31.68,27.04,9709
03/22/2025 05,36.57,27.06,9757
03/22/2025 06,58.45,27.1,9831
03/22/2025 07,30.81,27.1,9978
03/22/2025 08,25.23,27.1,10150
03/22/2025 09,20.35,27.09,10301
03/22/2025 10,19.97,27.08,10396
03/22/2025 11,19.24,27.06,10399
03/22/2025 12,16.15,27.04,10427
03/22/2025 13,15.51,27.02,10371
03/22/2025 14,2.77,27,10266
03/22/2025 15,3.44,26.98,10230
03/22/2025 16,6,26.96,10240
03/22/2025 17,13.4,26.95,10269
03/22/2025 18,16.4,26.93,10280
03/22/2025 19,29.89,26.92,10215
03/22/2025 20,58.82,26.91,10329
03/22/2025 21,35.54,26.87,10380
03/22/2025 22,45.38,26.88,10288
03/22/2025 23,23.52,26.87,10104
03/22/2025 24,20.38,26.87,9917
03/23/2025 01,17.76,26.89,9747
03/23/2025 02,15.67,26.91,9690
03/23/2025 03,15.81,26.93,9625
03/23/2025 04,18.26,26.95,9599
03/23/2025 05,15.95,26.97,9661
03/23/2025 06,17.78,27,9714
03/23/2025 07,30.04,27.04,9857
03/23/2025 08,43.23,27.09,10013
03/23/2025 09,28.29,27.1,10087
03/23/2025 10,25.14,27.1,10130
03/23/2025 11,19.47,27.1,10094
03/23/2025 12,15.69,27.1,10015
03/23/2025 13,17.03,27.1,10030
03/23/2025 14,12.88,27.11,9989
03/23/2025 15,8.37,27.11,10001
03/23/2025 16,11.68,27.11,10101
03/23/2025 17,18.6,27.13,10224
03/23/2025 18,23.02,27.13,10381
03/23/2025 19,30.64,27.14,10365
03/23/2025 20,47.84,27.17,10403
03/23/2025 21,37.5,27.18,10468
03/23/2025 22,30.13,27.18,10323
03/23/2025 23,31.48,27.19,10078
03/23/2025 24,30.04,27.21,9819
03/24/2025 01,25.03,27.22,9679
03/24/2025 02,21.82,27.24,9581
03/24/2025 03,21.65,27.26,9539
03/24/2025 04,22.73,27.28,9489
03/24/2025 05,28.88,27.3,9543
03/24/2025 06,31,27.33,9736
03/24/2025 07,38.38,27.37,10174
03/24/2025 08,50.42,27.42,10576
03/24/2025 09,36.54,27.45,10762
03/24/2025 10,24.3,27.47,10794
03/24/2025 11,18.74,27.49,10764
03/24/2025 12,18.38,27.52,10694
03/24/2025 13,18.53,27.54,10631
03/24/2025 14,16.81,27.57,10621
03/24/2025 15,16.32,27.59,10603
03/24/2025 16,19.18,27.62,10623
03/24/2025 17,22.3,27.65,10673
03/24/2025 18,31.12,27.69,10656
03/24/2025 19,46.4,27.73,10563
03/24/2025 20,55.63,27.78,10590
03/24/2025 21,53.68,27.84,10697
03/24/2025 22,31.16,27.86,10544
03/24/2025 23,20.33,27.88,10217
03/24/2025 24,23.24,27.91,9960
03/25/2025 01,28.55,27.95,9778
03/25/2025 02,31.23,28,9664
03/25/2025 03,37.96,28.05,9620
03/25/2025 04,44.96,28.11,9628
03/25/2025 05,53.4,28.19,9736
03/25/2025 06,70.45,28.28,9941
03/25/2025 07,85.58,28.4,10232
03/25/2025 08,171.73,28.64,10438
03/25/2025 09,121.19,28.79,10477
03/25/2025 10,30.53,28.83,10609
03/25/2025 11,52.4,28.91,10641
03/25/2025 12,65.23,29,10666
03/25/2025 13,51.5,29.07,10593
03/25/2025 14,38.54,29.12,10530
03/25/2025 15,37.91,29.17,10502
03/25/2025 16,37.48,29.23,10496
03/25/2025 17,39.21,29.28,10583
03/25/2025 18,32.38,29.33,10628
03/25/2025 19,36.02,29.38,10568
03/25/2025 20,33.97,29.42,10607
03/25/2025 21,31.17,29.46,10644
03/25/2025 22,31.29,29.5,10425
03/25/2025 23,28,29.53,10165
03/25/2025 24,23.33,29.55,9920
03/26/2025 01,22.88,29.58,9720
03/26/2025 02,26.61,29.61,9628
03/26/2025 03,28.22,29.61,9578
03/26/2025 04,23.77,29.6,9561
03/26/2025 05,15.96,29.6,9585
03/26/2025 06,19.01,29.6,9682
03/26/2025 07,36.52,29.63,10099
03/26/2025 08,39.19,29.65,10464
03/26/2025 09,69.11,29.72,10652
03/26/2025 10,65.45,29.8,10711
03/26/2025 11,59.95,29.88,10775
03/26/2025 12,65.11,29.96,10745
03/26/2025 13,32.42,30,10704
03/26/2025 14,34.95,30.03,10733
03/26/2025 15,30.89,30.08,10662
03/26/2025 16,29.34,30.12,10677
03/26/2025 17,31.45,30.16,10681
03/26/2025 18,36.48,30.2,10727
03/26/2025 19,31.31,30.21,10629
03/26/2025 20,30.52,30.22,10649
03/26/2025 21,19.91,30.2,10733
03/26/2025 22,7.91,30.13,10586
03/26/2025 23,6.86,30.01,10322
03/26/2025 24,7.66,29.97,10016
03/27/2025 01,7.83,29.94,9841
03/27/2025 02,8.53,29.9,9762
03/27/2025 03,3.46,29.86,9694
03/27/2025 04,6.59,29.82,9711
03/27/2025 05,12.84,29.81,9719
03/27/2025 06,17.23,29.81,9889
03/27/2025 07,27.24,29.82,10243
03/27/2025 08,32.62,29.84,10613
03/27/2025 09,36.91,29.84,10829
03/27/2025 10,35.31,29.85,10896
03/27/2025 11,35.91,29.89,10905
03/27/2025 12,40.72,29.93,10991
03/27/2025 13,37.43,29.97,10984
03/27/2025 14,32.3,30,10945
03/27/2025 15,28.97,30.03,10926
03/27/2025 16,23.36,30.07,10918
03/27/2025 17,22.24,30.1,10898
03/27/2025 18,22.39,30.11,10908
03/27/2025 19,28.59,30.13,10839
03/27/2025 20,41.88,30.16,10898
03/27/2025 21,39.41,30.19,10956
03/27/2025 22,34.59,30.22,10796
03/27/2025 23,35.27,30.25,10568
03/27/2025 24,39.99,30.29,10358
03/28/2025 01,69.88,30.38,10154
03/28/2025 02,29.02,30.42,10073
03/28/2025 03,26.15,30.46,10037
03/28/2025 04,25.63,30.49,10003
03/28/2025 05,30.26,30.53,10078
03/28/2025 06,39.69,30.59,10304
03/28/2025 07,70.18,30.69,10654
03/28/2025 08,84.98,30.79,10914
03/28/2025 09,88.17,30.89,10986
03/28/2025 10,538.42,31.61,10993
03/28/2025 11,380.75,32.12,11003
03/28/2025 12,89.3,32.23,11058
03/28/2025 13,46.14,32.26,11063
03/28/2025 14,77.26,32.34,11018
03/28/2025 15,43.94,32.37,11039
03/28/2025 16,42.43,32.41,11004
03/28/2025 17,73.8,32.49,10976
03/28/2025 18,97.33,32.59,10969
03/28/2025 19,52.54,32.64,10829
03/28/2025 20,131.1,32.8,10768
03/28/2025 21,151.4,32.99,10740
03/28/2025 22,37.21,33.02,10674
03/28/2025 23,38.27,33.05,10535
03/28/2025 24,39.29,33.09,10354
03/29/2025 01,43.18,33.15,10236
03/29/2025 02,37.01,33.2,10136
03/29/2025 03,32.26,33.25,10017
03/29/2025 04,32.39,33.29,9960
03/29/2025 05,33.4,33.34,10014
03/29/2025 06,35.86,33.39,10082
03/29/2025 07,36.9,33.44,10213
03/29/2025 08,37.3,33.49,10369
03/29/2025 09,37.01,33.53,10502
03/29/2025 10,36.91,33.56,10670
03/29/2025 11,36.74,33.61,10770
03/29/2025 12,31.61,33.65,10785
03/29/2025 13,31.14,33.69,10721
03/29/2025 14,28.64,33.73,10610
03/29/2025 15,30.48,33.78,10556
03/29/2025 16,33.67,33.82,10556
03/29/2025 17,44.11,33.88,10637
03/29/2025 18,64.13,33.97,10696
03/29/2025 19,58.01,34.03,10624
03/29/2025 20,50.29,34.07,10596
03/29/2025 21,59.61,34.13,10681
03/29/2025 22,88.5,34.21,10589
03/29/2025 23,47.83,34.24,10380
03/29/2025 24,67.81,34.3,10191
03/30/2025 01,66.95,34.37,10087
03/30/2025 02,35.86,34.4,10018
03/30/2025 03,33.29,34.43,9947
03/30/2025 04,32.42,34.46,9894
03/30/2025 05,31.99,34.48,9928
03/30/2025 06,38.5,34.5,9999
03/30/2025 07,45.98,34.53,10170
03/30/2025 08,51.69,34.55,10230
03/30/2025 09,43.1,34.56,10371
03/30/2025 10,43.56,34.59,10485
03/30/2025 11,37.03,34.62,10519
03/30/2025 12,34.28,34.66,10536
03/30/2025 13,31.06,34.69,10511
03/30/2025 14,29.99,34.72,10444
03/30/2025 15,28.98,34.74,10396
03/30/2025 16,28.3,34.76,10400
03/30/2025 17,30.14,34.79,10448
03/30/2025 18,31.75,34.82,10526
03/30/2025 19,35.89,34.85,10495
03/30/2025 20,45.61,34.89,10509
03/30/2025 21,44.92,34.91,10685
03/30/2025 22,33.06,34.92,10563
03/30/2025 23,26.29,34.91,10294
03/30/2025 24,20.52,34.89,10007
03/31/2025 01,11.15,34.87,9820
03/31/2025 02,17.58,34.85,9698
03/31/2025 03,15.28,34.84,9665
03/31/2025 04,14.97,34.83,9611
03/31/2025 05,18.89,34.82,9647
03/31/2025 06,25.45,34.83,9875
03/31/2025 07,31.1,34.86,10294
03/31/2025 08,37.05,34.88,10677
03/31/2025 09,35.08,34.9,10869
03/31/2025 10,33.62,34.92,10931
03/31/2025 11,27.44,34.94,10966
03/31/2025 12,30.66,34.97,10939
03/31/2025 13,30.23,34.99,10899
03/31/2025 14,30.75,35.01,10871
03/31/2025 15,30.76,35.03,10783
03/31/2025 16,30.13,35.05,10778
03/31/2025 17,31.36,35.08,10851
03/31/2025 18,51.76,35.14,10840
03/31/2025 19,71.15,35.22,10730
03/31/2025 20,34.89,35.23,10694
03/31/2025 21,32.28,35.24,10734
03/31/2025 22,32.05,35.26,10582
03/31/2025 23,28.82,35.28,10297
03/31/2025 24,30,35.28,10052
04/01/2025 01,35.63,35.3,9839
04/01/2025 02,41.51,35.32,9722
04/01/2025 03,46.09,35.33,9665
04/01/2025 04,49.01,35.35,9669
04/01/2025 05,63.95,35.39,9708
04/01/2025 06,67.51,35.43,9888
04/01/2025 07,98.76,35.53,10167
04/01/2025 08,124.74,35.64,10395
04/01/2025 09,61.23,35.67,10443
04/01/2025 10,35.88,35.68,10481
04/01/2025 11,33.18,35.7,10431
04/01/2025 12,31.61,35.72,10387
04/01/2025 13,31.47,35.72,10378
04/01/2025 14,33.37,35.72,10415
04/01/2025 15,35.26,35.72,10406
04/01/2025 16,49.31,35.75,10382
04/01/2025 17,37.42,35.77,10436
04/01/2025 18,47.85,35.81,10455
04/01/2025 19,79.6,35.88,10371
04/01/2025 20,182.4,36.1,10323
04/01/2025 21,72.94,36.18,10377
04/01/2025 22,25.22,36.2,10315
04/01/2025 23,27.36,36.22,10151
04/01/2025 24,34.01,36.25,9908
04/02/2025 01,38.65,36.28,9779
04/02/2025 02,40.51,36.32,9747
04/02/2025 03,29.59,36.34,9713
04/02/2025 04,22.9,36.35,9727
04/02/2025 05,21.79,36.36,9794
04/02/2025 06,28.23,36.37,9964
04/02/2025 07,39.88,36.4,10307
04/02/2025 08,48.35,36.44,10511
04/02/2025 09,55.66,36.48,10567
04/02/2025 10,46.47,36.5,10589
04/02/2025 11,35.12,36.51,10671
04/02/2025 12,36.29,36.53,10560
04/02/2025 13,28.18,36.53,10513
04/02/2025 14,26.08,36.54,10535
04/02/2025 15,27.1,36.55,10415
04/02/2025 16,27.02,36.56,10442
04/02/2025 17,29.58,36.56,10529
04/02/2025 18,41.39,36.57,10521
04/02/2025 19,67.58,36.61,10453
04/02/2025 20,237.98,36.9,10447
04/02/2025 21,200,37.14,10459
04/02/2025 22,178.92,37.33,10413
04/02/2025 23,80.42,37.4,10194
04/02/2025 24,71.01,37.45,10052
04/03/2025 01,94.26,37.53,9817
04/03/2025 02,58.11,37.55,9801
04/03/2025 03,52.07,37.57,9786
04/03/2025 04,37.8,37.57,9789
04/03/2025 05,35.23,37.56,9834
04/03/2025 06,35.05,37.56,10012
04/03/2025 07,36,37.55,10393
04/03/2025 08,32.54,37.47,10618
04/03/2025 09,24.81,37.39,10687
04/03/2025 10,10.05,37.36,10767
04/03/2025 11,7.21,37.34,10825
04/03/2025 12,14.27,37.34,10780
04/03/2025 13,18.43,37.34,10749
04/03/2025 14,20.26,37.35,10720
04/03/2025 15,19.45,37.35,10682
04/03/2025 16,18.93,37.36,10714
04/03/2025 17,19.41,37.37,10786
04/03/2025 18,18.59,37.38,10748
04/03/2025 19,23.27,37.38,10579
04/03/2025 20,54.76,37.43,10485
04/03/2025 21,66.99,37.5,10573
04/03/2025 22,69.68,37.58,10569
04/03/2025 23,120.61,37.73,10300
04/03/2025 24,56.42,37.79,10119
04/04/2025 01,51.34,37.84,10003
04/04/2025 02,66.93,37.9,9905
04/04/2025 03,63.22,37.96,9878
04/04/2025 04,61.32,38.01,9848
04/04/2025 05,61.82,38.05,9940
04/04/2025 06,65.83,38.09,10093
04/04/2025 07,78.07,38.15,10390
04/04/2025 08,104.18,38.24,10565
04/04/2025 09,40.47,38.22,10574
04/04/2025 10,25.64,38.2,10577
04/04/2025 11,27.81,38.19,10565
04/04/2025 12,34.59,38.21,10535
04/04/2025 13,34.16,38.23,10449
04/04/2025 14,30.24,38.25,10408
04/04/2025 15,21.26,38.25,10401
04/04/2025 16,26.45,38.26,10353
04/04/2025 17,28.82,38.27,10367
04/04/2025 18,28.04,38.25,10347
04/04/2025 19,53.16,38.04,10302
04/04/2025 20,146.61,37.97,10168
04/04/2025 21,165.71,38.01,10267
04/04/2025 22,92.7,38.01,10242
04/04/2025 23,42.43,38.01,10107
04/04/2025 24,27.71,38,9860
04/05/2025 01,16.31,37.96,9737
04/05/2025 02,17.93,37.93,9667
04/05/2025 03,16.39,37.91,9613
04/05/2025 04,20.96,37.9,9593
04/05/2025 05,27.2,37.9,9583
04/05/2025 06,33.25,37.91,9639
04/05/2025 07,27.21,37.91,9767
04/05/2025 08,25.25,37.9,9824
04/05/2025 09,17.1,37.88,9963
04/05/2025 10,17.09,37.87,10063
04/05/2025 11,15.83,37.86,10116
04/05/2025 12,9.98,37.84,10133
04/05/2025 13,7.18,37.81,10087
04/05/2025 14,6.72,37.77,9984
04/05/2025 15,7.78,37.73,9926
04/05/2025 16,11.64,37.7,9948
04/05/2025 17,11.58,37.68,10020
04/05/2025 18,16.55,37.66,10036
04/05/2025 19,34.35,37.54,10018
04/05/2025 20,111.48,37.48,9997
04/05/2025 21,66.42,37.42,10065
04/05/2025 22,58.1,37.41,10048
04/05/2025 23,64.14,37.46,9854
04/05/2025 24,51.54,37.5,9598
04/06/2025 01,46.79,37.55,9454
04/06/2025 02,33.59,37.59,9373
04/06/2025 03,32.85,37.63,9320
04/06/2025 04,29.73,37.67,9283
04/06/2025 05,29.56,37.71,9329
04/06/2025 06,33.72,37.76,9401
04/06/2025 07,47.64,37.82,9531
04/06/2025 08,33.87,37.84,9611
04/06/2025 09,24.27,37.83,9765
04/06/2025 10,22.58,37.83,9809
04/06/2025 11,20.46,37.82,9858
04/06/2025 12,19.62,37.82,9836
04/06/2025 13,22.78,37.81,9826
04/06/2025 14,20.11,37.79,9806
04/06/2025 15,23.08,37.79,9805
04/06/2025 16,23.84,37.8,9782
04/06/2025 17,22.95,37.8,9860
04/06/2025 18,22.7,37.8,9982
04/06/2025 19,21,37.78,9985
04/06/2025 20,22.95,37.76,10025
04/06/2025 21,19.6,37.74,10165
04/06/2025 22,11.18,37.73,10157
04/06/2025 23,9.4,37.72,9932
04/06/2025 24,4.88,37.71,9613
04/07/2025 01,4.1,37.7,9379
04/07/2025 02,0.21,37.69,9246
04/07/2025 03,0.43,37.67,9255
04/07/2025 04,4.45,37.66,9269
04/07/2025 05,5.5,37.64,9318
04/07/2025 06,8.32,37.63,9511
04/07/2025 07,18.35,37.63,9952
04/07/2025 08,21.67,37.63,10271
04/07/2025 09,29.85,37.65,10420
04/07/2025 10,32.55,37.67,10460
04/07/2025 11,33.98,37.7,10486
04/07/2025 12,31.39,37.72,10547
04/07/2025 13,16.46,37.73,10571
04/07/2025 14,7.03,37.73,10594
04/07/2025 15,12.06,37.75,10524
04/07/2025 16,9.27,37.76,10558
04/07/2025 17,0.57,37.76,10647
04/07/2025 18,0,37.75,10604
04/07/2025 19,0,37.73,10489
04/07/2025 20,6.86,37.7,10413
04/07/2025 21,12.16,37.67,10466
04/07/2025 22,7.19,37.64,10338
04/07/2025 23,7.18,37.62,10031
04/07/2025 24,9.78,37.61,9777
04/08/2025 01,12.91,37.6,9535
04/08/2025 02,16.45,37.6,9406
04/08/2025 03,18.12,37.61,9307
04/08/2025 04,22.99,37.62,9259
04/08/2025 05,27.83,37.64,9282
04/08/2025 06,27.23,37.66,9409
04/08/2025 07,44.01,37.7,9765
04/08/2025 08,16.85,37.7,10073
04/08/2025 09,9.72,37.7,10221
04/08/2025 10,14.13,37.7,10242
04/08/2025 11,24.43,37.71,10291
04/08/2025 12,24.07,37.72,10318
04/08/2025 13,14.32,37.73,10377
04/08/2025 14,15.13,37.73,10381
04/08/2025 15,15.25,37.74,10353
04/08/2025 16,1.41,37.74,10351
04/08/2025 17,1.24,37.72,10413
04/08/2025 18,4.17,37.7,10409
04/08/2025 19,6.25,37.68,10168
04/08/2025 20,16.06,37.66,10002
04/08/2025 21,56.36,37.69,10010
04/08/2025 22,50.31,37.71,9903
04/08/2025 23,59.65,37.75,9618
04/08/2025 24,32.65,37.76,9379
04/09/2025 01,44.52,37.8,9229
04/09/2025 02,46.65,37.85,9115
04/09/2025 03,29.05,37.86,9063
04/09/2025 04,9.75,37.85,9050
04/09/2025 05,8.13,37.83,9113
04/09/2025 06,14.93,37.82,9352
04/09/2025 07,26.62,37.81,9743
04/09/2025 08,29.09,37.81,10093
04/09/2025 09,28.84,37.77,10186
04/09/2025 10,26.06,37.67,10206
04/09/2025 11,22.9,37.61,10200
04/09/2025 12,26.46,37.26,10139
04/09/2025 13,31.38,36.97,10005
04/09/2025 14,32.47,36.93,10051
04/09/2025 15,30.9,36.92,10088
04/09/2025 16,24.47,36.92,10066
04/09/2025 17,31.86,36.93,10228
04/09/2025 18,30.76,36.95,10289
04/09/2025 19,30.67,36.94,10183
04/09/2025 20,46.06,36.96,10093
04/09/2025 21,50.45,36.99,10170
04/09/2025 22,41.29,37.02,10183
04/09/2025 23,25.22,37.03,9907
04/09/2025 24,20,37.03,9610
04/10/2025 01,21.86,37.04,9363
04/10/2025 02,19.4,37.04,9256
04/10/2025 03,12.67,37.03,9195
04/10/2025 04,18.42,37.03,9194
04/10/2025 05,30.49,37.03,9281
04/10/2025 06,51.76,37.04,9510
04/10/2025 07,226.12,37.24,9773
04/10/2025 08,426.85,37.77,9978
04/10/2025 09,106.41,37.88,10076
04/10/2025 10,48.93,37.92,10067
04/10/2025 11,53,37.97,10014
04/10/2025 12,38.04,38,9938
04/10/2025 13,31.31,38.02,9934
04/10/2025 14,30.27,38.03,10043
04/10/2025 15,29.35,38.04,10131
04/10/2025 16,26.34,38.03,10189
04/10/2025 17,27.9,38.03,10296
04/10/2025 18,33.07,38.05,10336
04/10/2025 19,41.24,38.07,10187
04/10/2025 20,34.08,38.06,10160
04/10/2025 21,19.11,38.02,10269
04/10/2025 22,17.39,37.99,10235
04/10/2025 23,14.74,37.97,9965
04/10/2025 24,9.89,37.94,9669
04/11/2025 01,0.3,37.88,9454
04/11/2025 02,0,37.79,9355
04/11/2025 03,0,37.65,9284
04/11/2025 04,0,37.58,9296
04/11/2025 05,0,37.52,9321
04/11/2025 06,0,37.46,9468
04/11/2025 07,1.34,37.34,9835
04/11/2025 08,3.19,37.21,10202
04/11/2025 09,14.72,37.15,10336
04/11/2025 10,9.81,37.12,10439
04/11/2025 11,0,37.08,10567
04/11/2025 12,0,37.04,10507
04/11/2025 13,6.96,37.01,10372
04/11/2025 14,15.6,36.99,10353
04/11/2025 15,21.36,36.99,10338
04/11/2025 16,1.83,36.95,10275
04/11/2025 17,0,36.91,10288
04/11/2025 18,0,36.87,10252
04/11/2025 19,14.98,36.85,10054
04/11/2025 20,50.47,36.88,9969
04/11/2025 21,31.61,36.89,9995
04/11/2025 22,18.67,36.87,10027
04/11/2025 23,6.66,36.83,9831
04/11/2025 24,18.03,36.8,9553
04/12/2025 01,29.49,36.8,9355
04/12/2025 02,32.33,36.8,9195
04/12/2025 03,41.67,36.81,9090
04/12/2025 04,43.87,36.83,9034
04/12/2025 05,42.28,36.85,9018
04/12/2025 06,41.7,36.87,9110
04/12/2025 07,42.56,36.88,9273
04/12/2025 08,32.07,36.88,9389
04/12/2025 09,23,36.86,9614
04/12/2025 10,16.24,36.84,9773
04/12/2025 11,14.72,36.82,9849
04/12/2025 12,14.68,36.79,9897
04/12/2025 13,14.53,36.75,9919
04/12/2025 14,12.85,36.67,9851
04/12/2025 15,10.45,36.61,9773
04/12/2025 16,21.44,36.61,9743
04/12/2025 17,4.95,36.6,9884
04/12/2025 18,0,36.57,9998
04/12/2025 19,2.38,36.55,10032
04/12/2025 20,2.62,36.53,10002
04/12/2025 21,5.24,36.52,10052
04/12/2025 22,15.41,36.52,10081
04/12/2025 23,9.53,36.5,9900
04/12/2025 24,0,36.46,9702
04/13/2025 01,0,36.42,9478
04/13/2025 02,0,36.38,9354
04/13/2025 03,0,36.34,9273
04/13/2025 04,0,36.3,9205
04/13/2025 05,0,36.25,9165
04/13/2025 06,0,36.2,9220
04/13/2025 07,9.72,36.13,9307
04/13/2025 08,14.23,36.08,9434
04/13/2025 09,16.74,36.05,9551
04/13/2025 10,16.09,36.01,9617
04/13/2025 11,13.49,35.98,9688
04/13/2025 12,0.83,35.93,9714
04/13/2025 13,14.77,35.91,9765
04/13/2025 14,15.71,35.89,9722
04/13/2025 15,4.28,35.85,9629
04/13/2025 16,0,35.81,9585
04/13/2025 17,3.4,35.78,9652
04/13/2025 18,0,35.74,9788
04/13/2025 19,3.43,35.69,9806
04/13/2025 20,38.94,35.68,9813
04/13/2025 21,59.07,35.72,9832
04/13/2025 22,71.68,35.76,9765
04/13/2025 23,51.16,35.76,9532
04/13/2025 24,42.16,35.73,9286
04/14/2025 01,51.09,35.73,9168
04/14/2025 02,31.15,35.71,9097
04/14/2025 03,31.54,35.65,9114
04/14/2025 04,37.54,35.6,9118
04/14/2025 05,47.65,35.57,9112
04/14/2025 06,69.93,35.57,9297
04/14/2025 07,132.11,35.6,9672
04/14/2025 08,177.09,35.66,9949
04/14/2025 09,38.08,35.6,10030
04/14/2025 10,31.6,35.54,10080
04/14/2025 11,42.21,35.53,10116
04/14/2025 12,42.36,35.54,10058
04/14/2025 13,40.13,35.54,10025
04/14/2025 14,29.52,35.54,10029
04/14/2025 15,22.3,35.52,10027
04/14/2025 16,15.24,35.5,10004
04/14/2025 17,14.72,35.47,10098
04/14/2025 18,23.29,35.46,10116
04/14/2025 19,30.87,35.41,10044
04/14/2025 20,31.78,35.33,9952
04/14/2025 21,24.98,35.31,9988
04/14/2025 22,17.02,35.29,9974
04/14/2025 23,7.19,35.26,9718
04/14/2025 24,0.01,35.21,9426
04/15/2025 01,0,35.16,9221
04/15/2025 02,0,35.11,9114
04/15/2025 03,0,34.99,9055
04/15/2025 04,1.31,34.92,8991
04/15/2025 05,9.93,34.86,8972
04/15/2025 06,19.1,34.83,9139
04/15/2025 07,21.55,34.78,9478
04/15/2025 08,17.62,34.75,9805
04/15/2025 09,16.53,34.72,9935
04/15/2025 10,14.81,34.67,9980
04/15/2025 11,11.13,34.64,10020
04/15/2025 12,10.23,34.61,9990
04/15/2025 13,15.49,34.58,9975
04/15/2025 14,16.57,34.52,9933
04/15/2025 15,13.35,34.47,9895
04/15/2025 16,6.74,34.43,9954
04/15/2025 17,12.12,34.39,10063
04/15/2025 18,21.94,34.36,10070
04/15/2025 19,22.06,34.33,9967
04/15/2025 20,20.48,34.26,9962
04/15/2025 21,20.42,34.18,10028
04/15/2025 22,12.71,34.1,10017
04/15/2025 23,14.71,34.06,9857
04/15/2025 24,17.84,34.03,9545
04/16/2025 01,5.42,33.94,9320
04/16/2025 02,6.67,33.8,9192
04/16/2025 03,18.08,33.73,9181
04/16/2025 04,18.49,33.65,9153
04/16/2025 05,18.45,33.57,9225
04/16/2025 06,19.21,33.49,9436
04/16/2025 07,19.27,33.41,9827
04/16/2025 08,9.82,33.31,10173
04/16/2025 09,6.99,33.2,10374
04/16/2025 10,9.69,33.14,10403
04/16/2025 11,18.54,33.12,10345
04/16/2025 12,29.42,33.12,10393
04/16/2025 13,27.38,33.12,10470
04/16/2025 14,24.76,33.13,10421
04/16/2025 15,21.33,33.13,10442
04/16/2025 16,14.44,33.12,10207
04/16/2025 17,3.16,33.09,10182
04/16/2025 18,0.38,33.05,10174
04/16/2025 19,0,33.01,10048
04/16/2025 20,0.71,32.95,9945
04/16/2025 21,19.37,32.86,9916
04/16/2025 22,32.84,32.85,9880
04/16/2025 23,34.5,32.85,9600
04/16/2025 24,32.32,32.87,9303
04/17/2025 01,34.64,32.89,9142
04/17/2025 02,29.27,32.9,9015
04/17/2025 03,29.11,32.91,8991
04/17/2025 04,27.41,32.93,8964
04/17/2025 05,27.44,32.94,9011
04/17/2025 06,25.42,32.95,9188
04/17/2025 07,29.05,32.95,9580
04/17/2025 08,33.45,32.95,9927
04/17/2025 09,28.08,32.95,10060
04/17/2025 10,20.52,32.93,10118
04/17/2025 11,18.21,32.91,10227
04/17/2025 12,10.21,32.88,10264
04/17/2025 13,9.29,32.82,10275
04/17/2025 14,13.08,32.76,10271
04/17/2025 15,13.89,32.71,10317
04/17/2025 16,13.4,32.67,10295
04/17/2025 17,10.23,32.64,10338
04/17/2025 18,5.55,32.6,10381
04/17/2025 19,9.31,32.54,10201
04/17/2025 20,34.81,32.5,10048
04/17/2025 21,66.39,32.56,10049
04/17/2025 22,70.18,32.64,10085
04/17/2025 23,77.4,32.73,9870
04/17/2025 24,144.43,32.91,9604
04/18/2025 01,125.77,33.06,9423
04/18/2025 02,53.16,33.12,9318
04/18/2025 03,44.35,33.16,9303
04/18/2025 04,42.73,33.2,9282
04/18/2025 05,60.49,33.26,9281
04/18/2025 06,52.3,33.3,9341
04/18/2025 07,66.2,33.36,9465
04/18/2025 08,49.75,33.4,9541
04/18/2025 09,30.88,33.41,9673
04/18/2025 10,26.43,33.42,9814
04/18/2025 11,25.31,33.42,9843
04/18/2025 12,25.09,33.42,9874
04/18/2025 13,25,33.42,9833
04/18/2025 14,23.39,33.42,9688
04/18/2025 15,23.27,33.42,9685
04/18/2025 16,18.51,33.42,9745
04/18/2025 17,9.83,33.41,9842
04/18/2025 18,9.43,33.39,9790
04/18/2025 19,16.48,33.39,9647
04/18/2025 20,29.45,33.4,9601
04/18/2025 21,25.1,33.4,9724
04/18/2025 22,1.78,33.36,9957
04/18/2025 23,0,33.34,9734
04/18/2025 24,0,33.31,9508
04/19/2025 01,0,33.29,9314
04/19/2025 02,0,33.27,9211
04/19/2025 03,0,33.25,9078
04/19/2025 04,0,33.22,9027
04/19/2025 05,1.7,33.2,9025
04/19/2025 06,5.35,33.17,9053
04/19/2025 07,0,33.14,8950
04/19/2025 08,0,33.11,9079
04/19/2025 09,0,33.08,9360
04/19/2025 10,0.9,33.05,9641
04/19/2025 11,0,33.01,9794
04/19/2025 12,0.01,32.98,9942
04/19/2025 13,1.76,32.95,9872
04/19/2025 14,16.29,32.94,9686
04/19/2025 15,24.47,32.94,9623
04/19/2025 16,20.77,32.94,9624
04/19/2025 17,20.39,32.95,9756
04/19/2025 18,10.32,32.93,9749
04/19/2025 19,13.92,32.92,9649
04/19/2025 20,21.47,32.91,9633
04/19/2025 21,22.16,32.91,9649
04/19/2025 22,20.49,32.9,9717
04/19/2025 23,23.54,32.89,9648
04/19/2025 24,26.06,32.9,9438
04/20/2025 01,29.86,32.91,9256
04/20/2025 02,31.58,32.93,9136
04/20/2025 03,22.33,32.94,9107
04/20/2025 04,18.37,32.94,9109
04/20/2025 05,25.52,32.95,9129
04/20/2025 06,32.27,32.96,9148
04/20/2025 07,36.51,32.97,9152
04/20/2025 08,31.32,32.98,9270
04/20/2025 09,33.9,32.98,9446
04/20/2025 10,30.73,33,9570
04/20/2025 11,26.38,33.01,9627
04/20/2025 12,26.12,33.04,9691
04/20/2025 13,28.67,33.07,9748
04/20/2025 14,31.03,33.12,9768
04/20/2025 15,35.08,33.16,9786
04/20/2025 16,32.75,33.21,9788
04/20/2025 17,42.32,33.26,9822
04/20/2025 18,40.21,33.32,9764
04/20/2025 19,60.35,33.39,9682
04/20/2025 20,129.87,33.55,9661
04/20/2025 21,137.26,33.71,9751
04/20/2025 22,177.74,33.93,9770
04/20/2025 23,85.57,34.02,9648
04/20/2025 24,116.24,34.14,9418
04/21/2025 01,79.34,34.22,9256
04/21/2025 02,55.69,34.26,9269
04/21/2025 03,45.62,34.28,9236
04/21/2025 04,45.71,34.3,9243
04/21/2025 05,65.56,34.34,9307
04/21/2025 06,60.55,34.34,9429
04/21/2025 07,93.6,34.43,9698
04/21/2025 08,85.62,34.51,9892
04/21/2025 09,94.81,34.61,10089
04/21/2025 10,158.82,34.81,10181
04/21/2025 11,61.74,34.87,10238
04/21/2025 12,34.69,34.89,10336
04/21/2025 13,26.11,34.91,10407
04/21/2025 14,25.38,34.94,10443
04/21/2025 15,18.05,34.96,10361
04/21/2025 16,23.48,34.98,10361
04/21/2025 17,28.27,35,10402
04/21/2025 18,30,35.02,10444
04/21/2025 19,31.43,35.02,10287
04/21/2025 20,40.22,35,10154
04/21/2025 21,31.31,34.99,10164
04/21/2025 22,37.95,34.98,10210
04/21/2025 23,40.75,35.01,9894
04/21/2025 24,31.15,35.02,9640
04/22/2025 01,32.07,35.04,9479
04/22/2025 02,34.19,35.07,9403
04/22/2025 03,34.18,35.09,9312
04/22/2025 04,32.06,35.11,9314
04/22/2025 05,32.97,35.13,9353
04/22/2025 06,31.18,35.15,9543
04/22/2025 07,33.71,35.16,9873
04/22/2025 08,44.99,35.16,10112
04/22/2025 09,47.74,35.19,10219
04/22/2025 10,31.64,35.2,10208
04/22/2025 11,31.56,35.21,10160
04/22/2025 12,24.93,35.23,10117
04/22/2025 13,27.37,35.24,10175
04/22/2025 14,25.35,35.26,10226
04/22/2025 15,25.12,35.28,10212
04/22/2025 16,24.99,35.3,10206
04/22/2025 17,28.16,35.31,10286
04/22/2025 18,38.17,35.33,10301
04/22/2025 19,39.46,35.35,10129
04/22/2025 20,83.52,35.4,10068
04/22/2025 21,131.3,35.53,10075
04/22/2025 22,66.3,35.58,10035
04/22/2025 23,42.15,35.59,9822
04/22/2025 24,27.14,35.59,9605
04/23/2025 01,24.57,35.59,9415
04/23/2025 02,24.29,35.59,9297
04/23/2025 03,24.89,35.59,9195
04/23/2025 04,25.5,35.6,9183
04/23/2025 05,29.27,35.6,9286
04/23/2025 06,31.52,35.6,9431
04/23/2025 07,39.16,35.6,9729
04/23/2025 08,42.35,35.59,10036
04/23/2025 09,28.17,35.58,10081
04/23/2025 10,27.2,35.58,10117
04/23/2025 11,23.97,35.59,10155
04/23/2025 12,23.5,35.6,10163
04/23/2025 13,27.97,35.61,10150
04/23/2025 14,32.78,35.63,10132
04/23/2025 15,37.54,35.66,10119
04/23/2025 16,38.16,35.69,10052
04/23/2025 17,40.76,35.71,10115
04/23/2025 18,49.05,35.74,10155
04/23/2025 19,44.93,35.74,10017
04/23/2025 20,104.02,35.8,9932
04/23/2025 21,135.24,35.92,9929
04/23/2025 22,120.71,36.04,9908
04/23/2025 23,67.57,36.11,9725
04/23/2025 24,62.56,36.16,9455
04/24/2025 01,47.5,36.19,9271
04/24/2025 02,40.48,36.2,9139
04/24/2025 03,40.6,36.2,9136
04/24/2025 04,63.3,36.23,9183
04/24/2025 05,67.67,36.25,9279
04/24/2025 06,95.97,36.28,9427
04/24/2025 07,120,36.33,9629
04/24/2025 08,77.24,36.2,9854
04/24/2025 09,33.65,36.08,10003
04/24/2025 10,28.7,36.08,10006
04/24/2025 11,29.69,36.05,10012
04/24/2025 12,30,36,10018
04/24/2025 13,30.54,35.97,9970
04/24/2025 14,32.61,35.96,9997
04/24/2025 15,33.23,35.95,10004
04/24/2025 16,32.19,35.95,9903
04/24/2025 17,32.8,35.94,10012
04/24/2025 18,33.35,35.94,10061
04/24/2025 19,34.27,35.94,9918
04/24/2025 20,47.61,35.95,9837
04/24/2025 21,59.03,35.99,9778
04/24/2025 22,29.5,35.99,9863
04/24/2025 23,20.85,35.98,9747
04/24/2025 24,18.4,35.97,9508
04/25/2025 01,8.05,35.95,9408
04/25/2025 02,8.67,35.93,9347
04/25/2025 03,9.78,35.9,9267
04/25/2025 04,16.83,35.89,9217
04/25/2025 05,18,35.9,9249
04/25/2025 06,19.05,35.9,9389
04/25/2025 07,21.27,35.87,9614
04/25/2025 08,20.07,35.85,9969
04/25/2025 09,21.57,35.78,10103
04/25/2025 10,16.52,35.71,10160
04/25/2025 11,0.28,35.63,10253
04/25/2025 12,0,35.54,10263
04/25/2025 13,0,35.5,10214
04/25/2025 14,0,35.45,10134
04/25/2025 15,0,35.4,10125
04/25/2025 16,0,35.36,10090
04/25/2025 17,0,35.32,10139
04/25/2025 18,0,35.27,10100
04/25/2025 19,0.84,35.23,9938
04/25/2025 20,18.34,35.21,9801
04/25/2025 21,20.89,35.21,9704
04/25/2025 22,17.11,35.22,9755
04/25/2025 23,13.33,35.23,9580
04/25/2025 24,13.15,35.24,9268
04/26/2025 01,0,35.23,9031
04/26/2025 02,0,35.22,8908
04/26/2025 03,2.57,35.22,8779
04/26/2025 04,16.24,35.23,8749
04/26/2025 05,18.51,35.24,8785
04/26/2025 06,19.32,35.24,8872
04/26/2025 07,21.62,35.23,8907
04/26/2025 08,15.62,35.21,9020
04/26/2025 09,15.93,35.18,9240
04/26/2025 10,17.21,35.16,9423
04/26/2025 11,18.49,35.13,9571
04/26/2025 12,23.25,35.11,9648
04/26/2025 13,27.9,35.09,9671
04/26/2025 14,27.82,35.09,9641
04/26/2025 15,28.56,35.09,9613
04/26/2025 16,39.23,35.11,9667
04/26/2025 17,39.11,35.13,9697
04/26/2025 18,29.39,35.14,9739
04/26/2025 19,53.24,35.18,9676
04/26/2025 20,176.9,35.36,9570
04/26/2025 21,97.27,35.44,9551
04/26/2025 22,62.72,35.48,9563
04/26/2025 23,60.22,35.52,9443
04/26/2025 24,141.31,35.66,9243
04/27/2025 01,46.46,35.63,9073
04/27/2025 02,41.41,35.64,8945
04/27/2025 03,39.22,35.66,8918
04/27/2025 04,24.98,35.66,8878
04/27/2025 05,10.46,35.63,8876
04/27/2025 06,0,35.58,8938
04/27/2025 07,0,35.48,9044
04/27/2025 08,0,35.36,9193
04/27/2025 09,0,35.24,9458
04/27/2025 10,0,34.49,9686
04/27/2025 11,9.37,33.98,9864
04/27/2025 12,2.57,33.86,9967
04/27/2025 13,2.58,33.8,9947
04/27/2025 14,11.71,33.7,9903
04/27/2025 15,15.56,33.66,9841
04/27/2025 16,16.36,33.63,9821
04/27/2025 17,16.73,33.55,9889
04/27/2025 18,17.11,33.44,9955
04/27/2025 19,20.68,33.39,9902
04/27/2025 20,23.41,33.24,9849
04/27/2025 21,34.21,33.08,9879
04/27/2025 22,142.6,33.23,9878
04/27/2025 23,121.33,33.34,9653
04/27/2025 24,202.7,33.57,9352
04/28/2025 01,97.06,33.64,9139
04/28/2025 02,76.08,33.7,9048
04/28/2025 03,136.75,33.84,8972
04/28/2025 04,122.76,33.97,8967
04/28/2025 05,88.91,34.05,9020
04/28/2025 06,145.73,34.2,9163
04/28/2025 07,134.76,34.34,9476
04/28/2025 08,52.72,34.36,9769
04/28/2025 09,25.74,34.34,9863
04/28/2025 10,21.25,34.32,9906
04/28/2025 11,20.06,34.3,9925
04/28/2025 12,21.06,34.28,9909
04/28/2025 13,21.3,34.27,10005
04/28/2025 14,19.91,34.26,10010
04/28/2025 15,16.24,34.24,10035
04/28/2025 16,16.01,34.21,10120
04/28/2025 17,19.29,34.18,10171
04/28/2025 18,19.21,34.11,10111
04/28/2025 19,18.02,34.06,9983
04/28/2025 20,17,34.01,9938
04/28/2025 21,8.18,33.94,9906
04/28/2025 22,0,33.82,9908
04/28/2025 23,0,33.75,9649
04/28/2025 24,0,33.66,9309
04/29/2025 01,0,33.56,9031
04/29/2025 02,2.13,33.52,8940
04/29/2025 03,0,33.47,8895
04/29/2025 04,0,33.43,8876
04/29/2025 05,2.25,33.39,8913
04/29/2025 06,15.13,33.35,9090
04/29/2025 07,18.28,33.31,9398
04/29/2025 08,22.81,33.27,9772
04/29/2025 09,35.46,33.26,9907
04/29/2025 10,29.32,33.24,9996
04/29/2025 11,20.96,33.22,10009
04/29/2025 12,17.33,33.2,9863
04/29/2025 13,17.07,33.18,9759
04/29/2025 14,19.37,33.16,9787
04/29/2025 15,19.8,33.15,9992
04/29/2025 16,20.5,33.14,10064
04/29/2025 17,31.05,33.14,10105
04/29/2025 18,32.39,33.14,10086
04/29/2025 19,19.67,33.12,9953
04/29/2025 20,20.27,33.08,9895
04/29/2025 21,17.57,33.05,9878
04/29/2025 22,18.86,33.03,9833
04/29/2025 23,19.2,33.02,9525
04/29/2025 24,22.59,33.02,9257
04/30/2025 01,31.6,33.05,9102
04/30/2025 02,30.7,33.07,8979
04/30/2025 03,19.97,33.07,8878
04/30/2025 04,25.72,33.09,8893
04/30/2025 05,26.49,33.1,8957
04/30/2025 06,29.54,33.1,9135
04/30/2025 07,21.07,33.09,9437
04/30/2025 08,39.62,33.09,9823
04/30/2025 09,59.71,33.13,9974
04/30/2025 10,48.2,33.15,10027
04/30/2025 11,45,33.17,10062
04/30/2025 12,36.34,33.18,10077
04/30/2025 13,45.6,33.2,10020
04/30/2025 14,45.48,33.22,9983
04/30/2025 15,31.79,33.22,9903
04/30/2025 16,31.98,33.23,9943
04/30/2025 17,45.03,33.25,10035
04/30/2025 18,39.9,33.23,10009
04/30/2025 19,26.41,33.17,9878
04/30/2025 20,82.52,33.23,9808
04/30/2025 21,116.81,33.35,9723
04/30/2025 22,154.58,33.52,9663
04/30/2025 23,99.34,33.62,9344
04/30/2025 24,84.22,33.69,9066
05/01/2025 01,42.81,33.7,8941
05/01/2025 02,37.87,33.7,8862
05/01/2025 03,39.36,33.69,8808
05/01/2025 04,32.89,33.67,8776
05/01/2025 05,32.86,33.62,8818
05/01/2025 06,38.95,33.58,8964
05/01/2025 07,48.78,33.52,9318
05/01/2025 08,40.39,33.4,9614
05/01/2025 09,25.69,33.35,9677
05/01/2025 10,21.37,33.33,9693
05/01/2025 11,20.62,33.31,9672
05/01/2025 12,22.91,33.3,9697
05/01/2025 13,29.6,33.3,9728
05/01/2025 14,30.36,33.29,9723
05/01/2025 15,31.51,33.29,9711
05/01/2025 16,24.08,33.25,9694
05/01/2025 17,23.58,33.23,9736
05/01/2025 18,32.04,33.21,9745
05/01/2025 19,40.85,33.16,9712
05/01/2025 20,76.95,33.01,9620
05/01/2025 21,47.1,32.97,9532
05/01/2025 22,14.7,32.96,9586
05/01/2025 23,5.95,32.93,9450
05/01/2025 24,8.24,32.89,9258
05/02/2025 01,1.73,32.84,9051
05/02/2025 02,0,32.79,8912
05/02/2025 03,0,32.75,8769
05/02/2025 04,11.87,32.73,8754
05/02/2025 05,15.89,32.72,8864
05/02/2025 06,20.32,32.71,8969
05/02/2025 07,21.52,32.69,9169
05/02/2025 08,21.32,32.65,9497
05/02/2025 09,21.31,32.6,9643
05/02/2025 10,21.13,32.57,9731
05/02/2025 11,21.68,32.55,9793
05/02/2025 12,26.54,32.53,9789
05/02/2025 13,23.86,32.53,9795
05/02/2025 14,24.99,32.53,9833
05/02/2025 15,25.95,32.52,9877
05/02/2025 16,26.87,32.52,9856
05/02/2025 17,24.14,32.52,9879
05/02/2025 18,22.56,32.49,9886
05/02/2025 19,30.58,32.44,9861
05/02/2025 20,111.88,32.26,9764
05/02/2025 21,170.55,32.22,9690
05/02/2025 22,102.6,32.12,9616
05/02/2025 23,30.13,32.05,9458
05/02/2025 24,22.69,31.98,9273
05/03/2025 01,20.74,31.88,9024
05/03/2025 02,17.13,31.82,8866
05/03/2025 03,16.45,31.77,8720
05/03/2025 04,17,31.74,8666
05/03/2025 05,19.06,31.72,8616
05/03/2025 06,21.18,31.7,8637
05/03/2025 07,21.56,31.68,8661
05/03/2025 08,21.25,31.66,8867
05/03/2025 09,24.08,31.66,9104
05/03/2025 10,29.16,31.69,9333
05/03/2025 11,28.63,31.72,9575
05/03/2025 12,29.18,31.74,9682
05/03/2025 13,29.36,31.76,9766
05/03/2025 14,28.57,31.77,9764
05/03/2025 15,27.14,31.78,9784
05/03/2025 16,22.11,31.78,9772
05/03/2025 17,24.12,31.79,9809
05/03/2025 18,26.93,31.8,9829
05/03/2025 19,27.75,31.81,9809
05/03/2025 20,38.16,31.78,9694
05/03/2025 21,31.52,31.73,9609
05/03/2025 22,33.79,31.68,9611
05/03/2025 23,19.81,31.54,9472
05/03/2025 24,13.24,31.48,9233
05/04/2025 01,2.81,31.42,9083
05/04/2025 02,0,31.32,8905
05/04/2025 03,0,31.24,8777
05/04/2025 04,0,31.15,8709
05/04/2025 05,0,31.07,8690
05/04/2025 06,0,30.97,8698
05/04/2025 07,0,30.87,8729
05/04/2025 08,0,30.72,8890
05/04/2025 09,0,30.66,9020
05/04/2025 10,0,30.63,9175
05/04/2025 11,0,30.59,9313
05/04/2025 12,14.43,30.56,9404
05/04/2025 13,17.65,30.54,9454
05/04/2025 14,17.66,30.52,9468
05/04/2025 15,21.95,30.52,9438
05/04/2025 16,21.59,30.52,9443
05/04/2025 17,25.07,30.51,9525
05/04/2025 18,34.91,30.52,9599
05/04/2025 19,38.11,30.5,9537
05/04/2025 20,39.88,30.35,9468
05/04/2025 21,39.12,30.18,9436
05/04/2025 22,28.38,30.09,9485
05/04/2025 23,21.85,30.06,9267
05/04/2025 24,17.06,30.04,8936
05/05/2025 01,19.67,30.05,8835
05/05/2025 02,17.96,30.05,8794
05/05/2025 03,15.99,30.05,8790
05/05/2025 04,15.71,30.04,8807
05/05/2025 05,16.17,30.02,8894
05/05/2025 06,15.07,30,9079
05/05/2025 07,15.53,29.98,9344
05/05/2025 08,16.3,29.97,9652
05/05/2025 09,15.96,29.97,9739
05/05/2025 10,16.14,29.97,9733
05/05/2025 11,15.87,29.97,9698
05/05/2025 12,16.24,29.98,9765
05/05/2025 13,20.3,29.99,9767
05/05/2025 14,21.25,30.01,9758
05/05/2025 15,23.81,30.04,9696
05/05/2025 16,27.01,30.06,9686
05/05/2025 17,25.63,30.08,9786
05/05/2025 18,26.73,30.09,9758
05/05/2025 19,30.53,30.09,9657
05/05/2025 20,382.58,30.46,9639
05/05/2025 21,822.53,31.51,9546
05/05/2025 22,825.1,32.58,9511
05/05/2025 23,208.34,32.78,9291
05/05/2025 24,41.64,32.77,9019
05/06/2025 01,37.06,32.75,8879
05/06/2025 02,30.14,32.75,8783
05/06/2025 03,28.41,32.74,8752
05/06/2025 04,21.71,32.73,8767
05/06/2025 05,20.37,32.72,8770
05/06/2025 06,19.9,32.7,8884
05/06/2025 07,25.76,32.67,9173
05/06/2025 08,24,32.65,9477
05/06/2025 09,28.49,32.66,9564
05/06/2025 10,17.02,32.65,9595
05/06/2025 11,7.37,32.63,9720
05/06/2025 12,0,32.61,9806
05/06/2025 13,1.39,32.58,9808
05/06/2025 14,2.43,32.55,9848
05/06/2025 15,0.3,32.52,9889
05/06/2025 16,0.01,32.49,9944
05/06/2025 17,0.01,32.46,9950
05/06/2025 18,0,32.42,9997
05/06/2025 19,1.33,32.4,9893
05/06/2025 20,21.11,32.39,9792
05/06/2025 21,25.29,32.4,9705
05/06/2025 22,20.19,32.41,9731
05/06/2025 23,10.55,32.42,9560
05/06/2025 24,0.01,32.41,9238
05/07/2025 01,0,32.4,8994
05/07/2025 02,0.01,32.4,8847
05/07/2025 03,0.01,32.4,8776
05/07/2025 04,5.45,32.4,8728
05/07/2025 05,0,32.4,8697
05/07/2025 06,8.91,32.4,8869
05/07/2025 07,0.01,32.37,9131
05/07/2025 08,0,32.34,9492
05/07/2025 09,0,32.3,9646
05/07/2025 10,0,32.26,9762
05/07/2025 11,0,32.21,9825
05/07/2025 12,0,32.16,9858
05/07/2025 13,3.61,32.15,9895
05/07/2025 14,21.37,32.17,9903
05/07/2025 15,27.53,32.19,9865
05/07/2025 16,34.17,32.22,9799
05/07/2025 17,28.05,32.26,9853
05/07/2025 18,25.65,32.3,9787
05/07/2025 19,29.36,32.34,9587
05/07/2025 20,64.09,32.42,9466
05/07/2025 21,68.01,32.49,9446
05/07/2025 22,47.49,32.55,9553
05/07/2025 23,61.86,32.63,9376
05/07/2025 24,63.99,32.7,9101
05/08/2025 01,36.29,32.73,8865
05/08/2025 02,24,32.74,8797
05/08/2025 03,24.98,32.75,8734
05/08/2025 04,26.52,32.76,8681
05/08/2025 05,17.52,32.74,8824
05/08/2025 06,14.81,32.73,8974
05/08/2025 07,0,32.67,9236
05/08/2025 08,4.69,32.65,9673
05/08/2025 09,0,32.64,9774
05/08/2025 10,0.73,32.62,9848
05/08/2025 11,0,32.58,9964
05/08/2025 12,0,32.55,9948
05/08/2025 13,0,32.53,9838
05/08/2025 14,0,32.51,9867
05/08/2025 15,0,32.49,9895
05/08/2025 16,0,32.49,9882
05/08/2025 17,0,32.48,9929
05/08/2025 18,0,32.48,9886
05/08/2025 19,0,32.47,9697
05/08/2025 20,5.49,32.45,9679
05/08/2025 21,20.32,32.4,9583
05/08/2025 22,20.93,32.36,9573
05/08/2025 23,22.86,32.31,9439
05/08/2025 24,25.94,32.3,9222
05/09/2025 01,27.3,32.28,9001
05/09/2025 02,26.25,32.25,8863
05/09/2025 03,32.42,32.26,8781
05/09/2025 04,39.7,32.3,8753
05/09/2025 05,43.06,32.35,8710
05/09/2025 06,42.21,32.38,8815
05/09/2025 07,62.32,32.43,9023
05/09/2025 08,40.26,32.45,9383
05/09/2025 09,21.83,32.44,9586
05/09/2025 10,16.51,32.43,9653
05/09/2025 11,14.89,32.41,9770
05/09/2025 12,17.09,32.4,9801
05/09/2025 13,21.8,32.39,9750
05/09/2025 14,26.19,32.38,9735
05/09/2025 15,25.84,32.37,9795
05/09/2025 16,24.74,32.37,9802
05/09/2025 17,21.87,32.36,9793
05/09/2025 18,23.32,32.35,9841
05/09/2025 19,24.92,32.34,9745
05/09/2025 20,24.02,32.31,9647
05/09/2025 21,25.78,32.28,9549
05/09/2025 22,31.98,32.26,9569
05/09/2025 23,35.64,32.28,9409
05/09/2025 24,61.91,32.34,9100
05/10/2025 01,34.95,32.35,8852
05/10/2025 02,37.73,32.38,8709
05/10/2025 03,24.12,32.4,8609
05/10/2025 04,21.1,32.4,8590
05/10/2025 05,20.53,32.39,8657
05/10/2025 06,20.49,32.34,8677
05/10/2025 07,43.4,32.09,8653
05/10/2025 08,71.69,31.59,8745
05/10/2025 09,59.73,31.53,8984
05/10/2025 10,38.18,31.52,9157
05/10/2025 11,31.34,31.48,9269
05/10/2025 12,26.11,31.47,9333
05/10/2025 13,25.49,31.46,9354
05/10/2025 14,26.06,31.45,9380
05/10/2025 15,27.63,31.45,9381
05/10/2025 16,31.95,31.46,9392
05/10/2025 17,30.57,31.46,9478
05/10/2025 18,40.85,31.47,9617
05/10/2025 19,21.69,31.45,9594
05/10/2025 20,20.73,31.43,9533
05/10/2025 21,51.5,31.47,9394
05/10/2025 22,42.51,31.51,9435
05/10/2025 23,49.36,31.56,9332
05/10/2025 24,47.96,31.61,9040
05/11/2025 01,36.61,31.66,8805
05/11/2025 02,34.51,31.71,8634
05/11/2025 03,19.38,31.73,8572
05/11/2025 04,15.16,31.76,8583
05/11/2025 05,1,31.76,8616
05/11/2025 06,0,31.76,8575
05/11/2025 07,2.63,31.76,8517
05/11/2025 08,18.32,31.78,8632
05/11/2025 09,21.23,31.79,8843
05/11/2025 10,20.09,31.8,8995
05/11/2025 11,20.86,31.83,9095
05/11/2025 12,23.76,31.87,9127
05/11/2025 13,41.25,31.91,9218
05/11/2025 14,27.93,31.93,9354
05/11/2025 15,25.51,31.94,9399
05/11/2025 16,21.95,31.96,9438
05/11/2025 17,26.15,32,9463
05/11/2025 18,25.46,32.04,9560
05/11/2025 19,35.23,32.06,9555
05/11/2025 20,148.79,32.2,9432
05/11/2025 21,183.36,32.41,9323
05/11/2025 22,191.72,32.65,9292
05/11/2025 23,41.62,32.7,9126
05/11/2025 24,20.32,32.7,8959
05/12/2025 01,24.3,32.7,8684
05/12/2025 02,26.89,32.69,8563
05/12/2025 03,28.1,32.67,8585
05/12/2025 04,20.6,32.64,8594
05/12/2025 05,19.51,32.61,8603
05/12/2025 06,21.07,32.58,8723
05/12/2025 07,18.7,32.54,9081
05/12/2025 08,23.49,32.53,9457
05/12/2025 09,27.9,32.54,9641
05/12/2025 10,177.5,32.76,9715
05/12/2025 11,149.31,32.95,9704
05/12/2025 12,58.39,33.01,9802
05/12/2025 13,23.32,33.02,9943
05/12/2025 14,15.93,33.03,10007
05/12/2025 15,3.14,33.02,9971
05/12/2025 16,14.52,33.01,9869
05/12/2025 17,0.01,33,9899
05/12/2025 18,2.73,33,9991
05/12/2025 19,0,33,9855
05/12/2025 20,6.78,33.01,9729
05/12/2025 21,29.89,33.04,9615
05/12/2025 22,39.54,33.07,9499
05/12/2025 23,35.4,33.11,9371
05/12/2025 24,13.69,33.13,9229
05/13/2025 01,12.25,33.15,9071
05/13/2025 02,15.95,33.17,8953
05/13/2025 03,18.52,33.19,8866
05/13/2025 04,20.19,33.22,8803
05/13/2025 05,19.9,33.25,8803
05/13/2025 06,21.4,33.28,8935
05/13/2025 07,25.4,33.3,9186
05/13/2025 08,23.66,33.31,9435
05/13/2025 09,17.95,33.32,9473
05/13/2025 10,15.18,33.31,9523
05/13/2025 11,19.39,33.32,9601
05/13/2025 12,20.88,33.35,9669
05/13/2025 13,35.69,33.38,9617
05/13/2025 14,42.83,33.42,9651
05/13/2025 15,36.92,33.46,9652
05/13/2025 16,30.99,33.51,9659
05/13/2025 17,85.7,33.62,9689
05/13/2025 18,48.46,33.69,9625
05/13/2025 19,84.09,33.8,9483
05/13/2025 20,468.02,34.4,9398
05/13/2025 21,703.05,35.29,9347
05/13/2025 22,731.4,36.21,9388
05/13/2025 23,124.13,36.31,9174
05/13/2025 24,64.56,36.34,8861
05/14/2025 01,37.45,36.32,8667
05/14/2025 02,36.23,36.33,8595
05/14/2025 03,29.95,36.32,8537
05/14/2025 04,27.41,36.31,8507
05/14/2025 05,26.83,36.28,8589
05/14/2025 06,25.58,36.22,8718
05/14/2025 07,22.58,36.07,9019
05/14/2025 08,18.08,35.85,9347
05/14/2025 09,17.11,35.82,9457
05/14/2025 10,19.75,35.8,9552
05/14/2025 11,22.69,35.77,9747
05/14/2025 12,22.61,35.75,9762
05/14/2025 13,23.16,35.72,9817
05/14/2025 14,26.58,35.72,9844
05/14/2025 15,24.71,35.72,9815
05/14/2025 16,25.8,35.74,9722
05/14/2025 17,17.73,35.74,9772
05/14/2025 18,4.5,35.72,9822
05/14/2025 19,0.01,35.67,9692
05/14/2025 20,13.39,35.65,9618
05/14/2025 21,71.11,35.71,9543
05/14/2025 22,35.25,35.74,9540
05/14/2025 23,24.51,35.76,9364
05/14/2025 24,23.76,35.79,9116
05/15/2025 01,38.87,35.85,8932
05/15/2025 02,28.24,35.89,8797
05/15/2025 03,21.19,35.92,8694
05/15/2025 04,16.51,35.94,8656
05/15/2025 05,17.51,35.95,8730
05/15/2025 06,21.28,35.95,8924
05/15/2025 07,20.02,35.95,9263
05/15/2025 08,16.42,35.95,9625
05/15/2025 09,18.4,35.95,9763
05/15/2025 10,15.6,35.95,9870
05/15/2025 11,0,35.93,9922
05/15/2025 12,0,35.92,9936
05/15/2025 13,0,35.9,9905
05/15/2025 14,0,35.88,9850
05/15/2025 15,0,35.86,9808
05/15/2025 16,0,35.85,9770
05/15/2025 17,0.82,35.83,9817
05/15/2025 18,8.6,35.81,9704
05/15/2025 19,12.08,35.8,9535
05/15/2025 20,20.92,35.8,9508
05/15/2025 21,30.68,35.82,9502
05/15/2025 22,89.88,35.92,9494
05/15/2025 23,265.16,36.27,9262
05/15/2025 24,33.75,36.29,9109
05/16/2025 01,28.98,36.32,8937
05/16/2025 02,30.09,36.36,8798
05/16/2025 03,30.24,36.37,8723
05/16/2025 04,43.1,36.41,8705
05/16/2025 05,55.53,36.46,8758
05/16/2025 06,67.84,36.53,8812
05/16/2025 07,62.55,36.59,9008
05/16/2025 08,59.17,36.66,9346
05/16/2025 09,30.16,36.69,9555
05/16/2025 10,28.58,36.71,9642
05/16/2025 11,25.41,36.72,9700
05/16/2025 12,28.41,36.72,9688
05/16/2025 13,27.76,36.72,9654
05/16/2025 14,25.39,36.72,9586
05/16/2025 15,26.02,36.73,9567
05/16/2025 16,25.05,36.75,9505
05/16/2025 17,27.49,36.78,9545
05/16/2025 18,25.07,36.81,9536
05/16/2025 19,32.47,36.86,9462
05/16/2025 20,57.73,36.94,9412
05/16/2025 21,64.77,37,9380
05/16/2025 22,37.84,37.01,9374
05/16/2025 23,38.35,37.01,9265
05/16/2025 24,30.54,37.01,9027
05/17/2025 01,96.83,37.1,8869
05/17/2025 02,56.27,37.13,8697
05/17/2025 03,33.56,37.14,8600
05/17/2025 04,25.35,37.14,8527
05/17/2025 05,20.56,37.13,8479
05/17/2025 06,22.21,37.12,8505
05/17/2025 07,23.68,37.12,8564
05/17/2025 08,25.46,37.11,8707
05/17/2025 09,25.63,37.1,8912
05/17/2025 10,26.01,37.11,9081
05/17/2025 11,30.17,37.13,9153
05/17/2025 12,26.71,37.15,9175
05/17/2025 13,23.17,37.17,9156
05/17/2025 14,22.32,37.18,9165
05/17/2025 15,23.25,37.19,9133
05/17/2025 16,21.15,37.2,9100
05/17/2025 17,21.93,37.22,9181
05/17/2025 18,23.58,37.25,9279
05/17/2025 19,20.58,37.26,9296
05/17/2025 20,21.95,37.24,9232
05/17/2025 21,22.11,37.18,9203
05/17/2025 22,23.39,37.12,9225
05/17/2025 23,17.66,37.03,9185
05/17/2025 24,7.05,36.84,8986
05/18/2025 01,10.11,36.68,8802
05/18/2025 02,13.32,36.63,8654
05/18/2025 03,13.2,36.58,8542
05/18/2025 04,13.35,36.54,8493
05/18/2025 05,13.32,36.48,8482
05/18/2025 06,13.59,36.42,8461
05/18/2025 07,16.5,36.36,8527
05/18/2025 08,16.59,36.31,8650
05/18/2025 09,13.87,36.29,8852
05/18/2025 10,14.72,36.27,8997
05/18/2025 11,14.49,36.25,9084
05/18/2025 12,18.44,36.25,9211
05/18/2025 13,14.97,36.23,9272
05/18/2025 14,14.35,36.22,9309
05/18/2025 15,4.4,36.19,9328
05/18/2025 16,0,36.17,9320
05/18/2025 17,0,36.15,9422
05/18/2025 18,0.22,36.14,9537
05/18/2025 19,15.23,36.14,9440
05/18/2025 20,22.98,36.13,9321
05/18/2025 21,27.65,36.13,9232
05/18/2025 22,29.18,36.17,9259
05/18/2025 23,39.28,36.23,9127
05/18/2025 24,39.28,36.28,8879
05/19/2025 01,47.67,36.35,8652
05/19/2025 02,56.99,36.43,8532
05/19/2025 03,37.36,36.48,8484
05/19/2025 04,61.02,36.56,8496
05/19/2025 05,53.63,36.63,8499
05/19/2025 06,44.86,36.69,8498
05/19/2025 07,41.12,36.75,8497
05/19/2025 08,41.23,36.8,8659
05/19/2025 09,34.46,36.85,8923
05/19/2025 10,23.41,36.88,9126
05/19/2025 11,21.13,36.91,9289
05/19/2025 12,19.9,36.94,9342
05/19/2025 13,20.13,36.97,9347
05/19/2025 14,20.02,36.97,9422
05/19/2025 15,19.49,36.96,9408
05/19/2025 16,18.61,36.96,9432
05/19/2025 17,17.92,36.96,9537
05/19/2025 18,16.35,36.97,9603
05/19/2025 19,14.25,36.97,9525
05/19/2025 20,15.42,36.96,9508
05/19/2025 21,15.98,36.95,9502
05/19/2025 22,15.56,36.94,9484
05/19/2025 23,17.08,36.93,9391
05/19/2025 24,14.9,36.92,9093
05/20/2025 01,15.96,36.9,8895
05/20/2025 02,12.99,36.87,8784
05/20/2025 03,12.42,36.86,8692
05/20/2025 04,12.57,36.85,8607
05/20/2025 05,13.71,36.83,8633
05/20/2025 06,15.62,36.81,8791
05/20/2025 07,18.56,36.79,9109
05/20/2025 08,21.38,36.77,9505
05/20/2025 09,20.37,36.75,9704
05/20/2025 10,19.54,36.74,9712
05/20/2025 11,16.51,36.72,9842
05/20/2025 12,18.33,36.71,9901
05/20/2025 13,18.48,36.7,9958
05/20/2025 14,19.98,36.68,9981
05/20/2025 15,20.6,36.66,9905
05/20/2025 16,18.41,36.64,9837
05/20/2025 17,17.06,36.61,9871
05/20/2025 18,14.34,36.57,9879
05/20/2025 19,15.12,36.51,9736
05/20/2025 20,10.11,36.34,9698
05/20/2025 21,15.79,36.18,9582
05/20/2025 22,22.42,35.96,9535
05/20/2025 23,24.43,35.87,9333
05/20/2025 24,26.19,35.75,9062
05/21/2025 01,21.53,35.67,8846
05/21/2025 02,20.63,35.62,8717
05/21/2025 03,20.68,35.59,8637
05/21/2025 04,19.35,35.55,8621
05/21/2025 05,17.99,35.48,8647
05/21/2025 06,15.59,35.42,8768
05/21/2025 07,18.86,35.32,9105
05/21/2025 08,22.63,35.23,9520
05/21/2025 09,26.67,35.13,9694
05/21/2025 10,20.79,34.94,9786
05/21/2025 11,21.24,34.89,9806
05/21/2025 12,21.96,34.87,9873
05/21/2025 13,21.54,34.86,9858
05/21/2025 14,18.6,34.85,9824
05/21/2025 15,9.84,34.84,9846
05/21/2025 16,17.87,34.83,9804
05/21/2025 17,21.12,34.82,9883
05/21/2025 18,19.22,34.81,9885
05/21/2025 19,17.33,34.79,9786
05/21/2025 20,61.49,34.82,9742
05/21/2025 21,178.85,35.02,9647
05/21/2025 22,171.78,35.21,9546
05/21/2025 23,163.27,35.38,9347
05/21/2025 24,56.27,35.42,9132
05/22/2025 01,59.63,35.45,8969
05/22/2025 02,46.73,35.47,8832
05/22/2025 03,53.84,35.5,8766
05/22/2025 04,58.62,35.53,8766
05/22/2025 05,61.72,35.57,8816
05/22/2025 06,62.37,35.62,8894
05/22/2025 07,60.69,35.66,9104
05/22/2025 08,32.19,35.64,9393
05/22/2025 09,25.64,35.61,9581
05/22/2025 10,26.74,35.6,9625
05/22/2025 11,27.97,35.6,9598
05/22/2025 12,26.96,35.6,9614
05/22/2025 13,26,35.6,9651
05/22/2025 14,26,35.6,9632
05/22/2025 15,25.44,35.6,9580
05/22/2025 16,24.16,35.6,9622
05/22/2025 17,29.77,35.6,9762
05/22/2025 18,28.65,35.59,9717
05/22/2025 19,37.45,35.58,9553
05/22/2025 20,47.9,35.53,9494
05/22/2025 21,60.15,35.43,9410
05/22/2025 22,59.32,35.42,9434
05/22/2025 23,33.87,35.41,9442
05/22/2025 24,21.62,35.41,9192
05/23/2025 01,24.53,35.41,9002
05/23/2025 02,26.19,35.41,8860
05/23/2025 03,24.14,35.41,8761
05/23/2025 04,22.31,35.4,8732
05/23/2025 05,30.59,35.4,8770
05/23/2025 06,35.99,35.41,8857
05/23/2025 07,32.99,35.4,9127
05/23/2025 08,38.83,35.4,9469
05/23/2025 09,56.18,35.44,9592
05/23/2025 10,49.55,35.47,9654
05/23/2025 11,50.76,35.5,9700
05/23/2025 12,42.19,35.53,9756
05/23/2025 13,105.18,35.64,9757
05/23/2025 14,54.95,35.67,9792
05/23/2025 15,55.24,35.69,9847
05/23/2025 16,34.47,35.69,9775
05/23/2025 17,34.35,35.68,9744
05/23/2025 18,49.71,35.68,9682
05/23/2025 19,56.92,35.7,9620
05/23/2025 20,82.64,35.67,9579
05/23/2025 21,97.62,35.61,9527
05/23/2025 22,113.59,35.6,9442
05/23/2025 23,55.27,35.59,9353
05/23/2025 24,33.04,35.55,9091
05/24/2025 01,42.22,35.54,8894
05/24/2025 02,27.61,35.52,8682
05/24/2025 03,27.97,35.5,8555
05/24/2025 04,27.73,35.45,8504
05/24/2025 05,27.89,35.4,8544
05/24/2025 06,27.5,35.3,8519
05/24/2025 07,26.3,35.17,8572
05/24/2025 08,23.85,35.1,8758
05/24/2025 09,22.19,35.08,8980
05/24/2025 10,20.41,35.07,9155
05/24/2025 11,18.17,35.06,9318
05/24/2025 12,18.14,35.04,9412
05/24/2025 13,18.1,35.02,9377
05/24/2025 14,18.89,35,9396
05/24/2025 15,20.21,34.99,9375
05/24/2025 16,25.23,34.98,9379
05/24/2025 17,28.31,34.97,9454
05/24/2025 18,37.07,34.97,9570
05/24/2025 19,39.55,34.98,9524
05/24/2025 20,39.55,34.97,9447
05/24/2025 21,51.42,34.96,9364
05/24/2025 22,29.29,34.96,9407
05/24/2025 23,18.34,34.96,9402
05/24/2025 24,9.62,34.94,9143
05/25/2025 01,17.62,34.96,8918
05/25/2025 02,20.65,34.97,8739
05/25/2025 03,20.91,34.99,8603
05/25/2025 04,22.08,35,8520
05/25/2025 05,24.34,35.01,8508
05/25/2025 06,24.2,35.01,8459
05/25/2025 07,22.38,35.01,8464
05/25/2025 08,21.79,35.02,8663
05/25/2025 09,25.77,35.02,8912
05/25/2025 10,19.41,35.03,9115
05/25/2025 11,2.32,35.03,9331
05/25/2025 12,0,35.03,9421
05/25/2025 13,1.1,35.03,9495
05/25/2025 14,17.51,35.06,9565
05/25/2025 15,26.4,35.09,9586
05/25/2025 16,24.5,35.13,9618
05/25/2025 17,23.23,35.16,9791
05/25/2025 18,22.67,35.19,9991
05/25/2025 19,22.08,35.22,10052
05/25/2025 20,24.23,35.23,9977
05/25/2025 21,26.92,35.24,9873
05/25/2025 22,14.76,35.23,9794
05/25/2025 23,2.52,35.22,9617
05/25/2025 24,5.07,35.21,9223
05/26/2025 01,3.13,35.21,8949
05/26/2025 02,0,35.21,8765
05/26/2025 03,8.78,35.22,8604
05/26/2025 04,3.45,35.2,8526
05/26/2025 05,3.35,35.18,8499
05/26/2025 06,1.14,35.16,8538
05/26/2025 07,0,35.13,8869
05/26/2025 08,0,35.1,9479
05/26/2025 09,13.11,35.1,9811
05/26/2025 10,16.45,35.1,10075
05/26/2025 11,0,35.07,10261
05/26/2025 12,0,35.04,10353
05/26/2025 13,0,35,10434
05/26/2025 14,13.01,34.98,10570
05/26/2025 15,18.73,34.97,10682
05/26/2025 16,22.19,34.94,10690
05/26/2025 17,21.06,34.92,10811
05/26/2025 18,14.73,34.9,10797
05/26/2025 19,13.74,34.84,10517
05/26/2025 20,18.06,34.62,10217
05/26/2025 21,18.76,34.51,10106
05/26/2025 22,20.39,34.46,9862
05/26/2025 23,4,34.38,9547
05/26/2025 24,0.42,34.18,9113
05/27/2025 01,20,34.14,8779
05/27/2025 02,34.51,34.14,8569
05/27/2025 03,24.16,34.11,8576
05/27/2025 04,20.18,34.11,8588
05/27/2025 05,2.83,34.1,8633
05/27/2025 06,0,34.1,8676
05/27/2025 07,0,34.1,9040
05/27/2025 08,0,34.1,9552
05/27/2025 09,1.65,34.1,9761
05/27/2025 10,2.68,34.1,9886
05/27/2025 11,14.39,34.11,9916
05/27/2025 12,21.73,34.14,10003
05/27/2025 13,34.38,34.18,10109
05/27/2025 14,55.74,34.24,10169
05/27/2025 15,58.83,34.3,10240
05/27/2025 16,54.12,34.35,10285
05/27/2025 17,27.55,34.37,10357
05/27/2025 18,28.65,34.39,10433
05/27/2025 19,44.5,34.42,10310
05/27/2025 20,502.28,35.08,10213
05/27/2025 21,747.25,36.07,10062
05/27/2025 22,652.37,36.78,9908
05/27/2025 23,224.18,36.92,9669
05/27/2025 24,66.99,36.74,9319
05/28/2025 01,57.64,36.68,9033
05/28/2025 02,56.59,36.65,8896
05/28/2025 03,55.76,36.54,8764
05/28/2025 04,52.46,36.44,8703
05/28/2025 05,58.48,36.4,8707
05/28/2025 06,62.12,36.29,8763
05/28/2025 07,46.71,36.16,9058
05/28/2025 08,27.79,36.13,9520
05/28/2025 09,24.68,36.13,9786
05/28/2025 10,27.62,36.14,10000
05/28/2025 11,29.98,36.15,10192
05/28/2025 12,58.41,36.2,10376
05/28/2025 13,71.29,36.27,10439
05/28/2025 14,86.74,36.36,10529
05/28/2025 15,109.78,36.49,10627
05/28/2025 16,89.51,36.6,10681
05/28/2025 17,147.5,36.77,10841
05/28/2025 18,782.69,37.83,10879
05/28/2025 19,808.5,38.93,10746
05/28/2025 20,930.2,40.2,10628
05/28/2025 21,950.2,41.51,10451
05/28/2025 22,859.12,42.7,10187
05/28/2025 23,324.3,43.15,9942
05/28/2025 24,23.76,43.19,9569
05/29/2025 01,15.6,43.21,9304
05/29/2025 02,5.43,43.21,9154
05/29/2025 03,0,43.21,8986
05/29/2025 04,0,43.21,8976
05/29/2025 05,0,43.21,8942
05/29/2025 06,0,43.19,8928
05/29/2025 07,0,43.16,9236
05/29/2025 08,0,43.13,9776
05/29/2025 09,11.27,43.1,10104
05/29/2025 10,14,43.08,10393
05/29/2025 11,5.82,43.06,10663
05/29/2025 12,0.77,43.03,10849
05/29/2025 13,10.44,43.02,10977
05/29/2025 14,20.66,43.02,11067
05/29/2025 15,33.74,43.04,11148
05/29/2025 16,58.79,43.1,11225
05/29/2025 17,33.34,43.1,11362
05/29/2025 18,19.47,43.08,11327
05/29/2025 19,13.73,43.07,11253
05/29/2025 20,7.59,43.06,10969
05/29/2025 21,9.88,43.05,10575
05/29/2025 22,7.92,43.03,10324
05/29/2025 23,11.07,43.02,9982
05/29/2025 24,12.62,43.01,9489
05/30/2025 01,9.26,42.97,9143
05/30/2025 02,0.39,42.93,8994
05/30/2025 03,0,42.9,8887
05/30/2025 04,0,42.87,8794
05/30/2025 05,0,42.83,8743
05/30/2025 06,6.65,42.8,8653
05/30/2025 07,17.62,42.8,8883
05/30/2025 08,20.9,42.77,9339
05/30/2025 09,12.67,42.7,9594
05/30/2025 10,18.23,42.66,9665
05/30/2025 11,33.59,42.65,9733
05/30/2025 12,23.13,42.63,9826
05/30/2025 13,15.01,42.59,9824
05/30/2025 14,10.41,42.54,9972
05/30/2025 15,15.79,42.52,10062
05/30/2025 16,17.64,42.5,10158
05/30/2025 17,21.8,42.46,10268
05/30/2025 18,31.97,42.45,10380
05/30/2025 19,24.37,42.45,10333
05/30/2025 20,62.71,42.42,10235
05/30/2025 21,119.3,42.43,10040
05/30/2025 22,40.32,42.27,9837
05/30/2025 23,24.64,42.16,9671
05/30/2025 24,31.24,42.09,9316
05/31/2025 01,19.13,42.06,9053
05/31/2025 02,12.52,42.02,8888
05/31/2025 03,8.57,41.98,8742
05/31/2025 04,9.87,41.95,8690
05/31/2025 05,9.96,41.91,8678
05/31/2025 06,9.98,41.87,8643
05/31/2025 07,10.15,41.82,8718
05/31/2025 08,8.02,41.78,8920
05/31/2025 09,13.42,41.76,9191
05/31/2025 10,16.23,41.75,9420
05/31/2025 11,16.41,41.75,9663
05/31/2025 12,12.84,41.73,9955
05/31/2025 13,1.94,41.69,10065
05/31/2025 14,1.47,41.65,10047
05/31/2025 15,9.22,41.62,10203
05/31/2025 16,4.07,41.59,10426
05/31/2025 17,3.49,41.57,10579
05/31/2025 18,0,41.52,10671
05/31/2025 19,0,41.47,10595
05/31/2025 20,1.53,41.36,10381
05/31/2025 21,11.77,41.31,10115
05/31/2025 22,12.43,41.31,9919
05/31/2025 23,0.38,41.3,9565
05/31/2025 24,0,41.29,9175
06/01/2025 01,0,41.29,8808
06/01/2025 02,0,41.29,8610
06/01/2025 03,0,41.29,8416
06/01/2025 04,1.25,41.27,8333
06/01/2025 05,1.15,41.25,8361
06/01/2025 06,0,41.22,8295
06/01/2025 07,0,41.19,8320
06/01/2025 08,4.96,41.17,8486
06/01/2025 09,11.38,41.16,8703
06/01/2025 10,15.67,41.15,8900
06/01/2025 11,7.22,41.13,9157
06/01/2025 12,0,41.09,9310
06/01/2025 13,2.5,41.06,9357
06/01/2025 14,0,41.03,9321
06/01/2025 15,4.72,41,9301
06/01/2025 16,6.4,40.97,9385
06/01/2025 17,0,40.94,9438
06/01/2025 18,10.17,40.92,9560
06/01/2025 19,10.7,40.89,9549
06/01/2025 20,13.78,40.76,9492
06/01/2025 21,19.99,40.55,9420
06/01/2025 22,26.34,40.44,9335
06/01/2025 23,23.56,40.43,9204
06/01/2025 24,21.94,40.43,8913
06/02/2025 01,21.31,40.43,8721
06/02/2025 02,16.75,40.43,8625
06/02/2025 03,14.94,40.43,8577
06/02/2025 04,13.63,40.42,8538
06/02/2025 05,8.68,40.41,8572
06/02/2025 06,13.36,40.4,8689
06/02/2025 07,23.37,40.4,8975
06/02/2025 08,48.29,40.44,9380
06/02/2025 09,31.26,40.45,9549
06/02/2025 10,21.69,40.44,9685
06/02/2025 11,8.98,40.41,9806
06/02/2025 12,6.58,40.38,9896
06/02/2025 13,7.92,40.35,9875
06/02/2025 14,4.1,40.32,9910
06/02/2025 15,3.18,40.28,9910
06/02/2025 16,2.09,40.25,9921
06/02/2025 17,1.48,40.22,10016
06/02/2025 18,2.58,40.19,10044
06/02/2025 19,0.7,40.15,9868
06/02/2025 20,7.99,40.11,9722
06/02/2025 21,16.85,40.09,9696
06/02/2025 22,14.19,40.06,9568
06/02/2025 23,12.76,40.05,9432
06/02/2025 24,12.05,40.05,9124
06/03/2025 01,11.02,40.06,8887
06/03/2025 02,8.56,40.07,8742
06/03/2025 03,7.58,40.08,8682
06/03/2025 04,3.01,40.09,8618
06/03/2025 05,3.62,40.09,8580
06/03/2025 06,5.82,40.1,8666
06/03/2025 07,10.16,40.12,8969
06/03/2025 08,10.14,40.13,9296
06/03/2025 09,7.66,40.14,9450
06/03/2025 10,8.5,40.15,9552
06/03/2025 11,6.5,40.16,9666
06/03/2025 12,7.02,40.15,9747
06/03/2025 13,4.14,40.13,9762
06/03/2025 14,5.17,40.12,9829
06/03/2025 15,3.35,40.09,9837
06/03/2025 16,7.49,40.07,9836
06/03/2025 17,4.31,40.04,9939
06/03/2025 18,7.67,40,9851
06/03/2025 19,13.37,39.97,9674
06/03/2025 20,21.14,39.94,9627
06/03/2025 21,22.7,39.92,9579
06/03/2025 22,48.43,39.95,9508
06/03/2025 23,29.6,39.96,9412
06/03/2025 24,21.52,39.96,9154
06/04/2025 01,21.73,39.97,8964
06/04/2025 02,18.82,39.97,8827
06/04/2025 03,14.42,39.97,8754
06/04/2025 04,16.2,39.97,8759
06/04/2025 05,18.07,39.97,8772
06/04/2025 06,16.8,39.97,8821
06/04/2025 07,24.56,39.98,9077
06/04/2025 08,35.89,40.01,9392
06/04/2025 09,20.01,40.02,9551
06/04/2025 10,12.22,40.01,9599
06/04/2025 11,11.79,40.01,9660
06/04/2025 12,15.1,40,9696
06/04/2025 13,23.59,40.01,9752
06/04/2025 14,46.97,40.05,9813
06/04/2025 15,55.11,40.09,9865
06/04/2025 16,53.96,40.13,9910
06/04/2025 17,57.59,40.17,9961
06/04/2025 18,70.25,40.23,10063
06/04/2025 19,68.11,40.28,9960
06/04/2025 20,336.31,40.22,9879
06/04/2025 21,664.11,40,9756
06/04/2025 22,371.68,39.37,9593
06/04/2025 23,95.04,39.21,9469
06/04/2025 24,28.56,39.19,9228
06/05/2025 01,26.51,39.18,8975
06/05/2025 02,19.61,39.16,8834
06/05/2025 03,21.35,39.15,8788
06/05/2025 04,21.25,39.15,8737
06/05/2025 05,22.86,39.16,8710
06/05/2025 06,51.42,39.2,8772
06/05/2025 07,57.81,39.25,9066
06/05/2025 08,62.85,39.3,9450
06/05/2025 09,30.5,39.3,9625
06/05/2025 10,19.66,39.31,9785
06/05/2025 11,19.66,39.32,9945
06/05/2025 12,29.25,39.36,10013
06/05/2025 13,38.5,39.42,10064
06/05/2025 14,75.51,39.52,10152
06/05/2025 15,68.5,39.61,10170
06/05/2025 16,71.79,39.71,10251
06/05/2025 17,32.21,39.76,10339
06/05/2025 18,39.07,39.81,10394
06/05/2025 19,27.44,39.85,10322
06/05/2025 20,69.44,39.91,10234
06/05/2025 21,162.72,40.1,10065
06/05/2025 22,17.12,40.1,10029
06/05/2025 23,9.55,40.1,9932
06/05/2025 24,2.7,40.1,9612
06/06/2025 01,1.58,40.1,9361
06/06/2025 02,0,40.1,9190
06/06/2025 03,0.37,40.11,9062
06/06/2025 04,0,40.1,9008
06/06/2025 05,0,40.1,9010
06/06/2025 06,0.01,40.09,8939
06/06/2025 07,5.69,40.09,9164
06/06/2025 08,13.24,40.11,9585
06/06/2025 09,28.76,40.15,9876
06/06/2025 10,78.91,40.26,9971
06/06/2025 11,38.01,40.31,10056
06/06/2025 12,15.58,40.34,10342
06/06/2025 13,14.76,40.35,10448
06/06/2025 14,15.28,40.34,10552
06/06/2025 15,13.37,40.32,10587
06/06/2025 16,11.94,40.29,10559
06/06/2025 17,10.54,40.27,10481
06/06/2025 18,9.79,40.25,10303
06/06/2025 19,4.73,40.21,10126
06/06/2025 20,3.67,40.13,10066
06/06/2025 21,9.67,40.05,9921
06/06/2025 22,9.86,39.99,9752
06/06/2025 23,8.11,39.92,9695
06/06/2025 24,1.51,39.83,9448
06/07/2025 01,0,39.78,9141
06/07/2025 02,0.04,39.75,8945
06/07/2025 03,5.54,39.72,8777
06/07/2025 04,12.73,39.7,8683
06/07/2025 05,10.03,39.69,8637
06/07/2025 06,8.39,39.68,8597
06/07/2025 07,11.14,39.7,8656
06/07/2025 08,11.38,39.71,8828
06/07/2025 09,9.54,39.72,9109
06/07/2025 10,15.65,39.74,9322
06/07/2025 11,17.07,39.77,9433
06/07/2025 12,11.61,39.78,9501
06/07/2025 13,5.15,39.79,9533
06/07/2025 14,0,39.79,9559
06/07/2025 15,0,39.79,9615
06/07/2025 16,0,39.79,9633
06/07/2025 17,0,39.79,9702
06/07/2025 18,0,39.79,9799
06/07/2025 19,0,39.79,9800
06/07/2025 20,2.04,39.78,9762
06/07/2025 21,6.09,39.76,9688
06/07/2025 22,9.68,39.75,9561
06/07/2025 23,9.9,39.73,9529
06/07/2025 24,6.7,39.7,9283
06/08/2025 01,7.59,39.68,9052
06/08/2025 02,9.35,39.65,8863
06/08/2025 03,10.89,39.62,8756
06/08/2025 04,10.32,39.58,8709
06/08/2025 05,10.58,39.54,8690
06/08/2025 06,12.1,39.5,8613
06/08/2025 07,17.14,39.43,8638
06/08/2025 08,18.15,39.4,8781
06/08/2025 09,24.14,39.41,8977
06/08/2025 10,17.95,39.41,9231
06/08/2025 11,13.57,39.41,9449
06/08/2025 12,8.04,39.39,9608
06/08/2025 13,16.81,39.39,9697
06/08/2025 14,18.2,39.38,9747
06/08/2025 15,20.13,39.37,9843
06/08/2025 16,31.62,39.38,9946
06/08/2025 17,252.28,39.7,10158
06/08/2025 18,589.97,40.48,10272
06/08/2025 19,458.42,41.09,10271
06/08/2025 20,999.98,42.44,10244
06/08/2025 21,999.99,43.79,10098
06/08/2025 22,490.42,44.43,9883
06/08/2025 23,29.87,44.42,9820
06/08/2025 24,3.09,44.34,9535
06/09/2025 01,0,44.29,9221
06/09/2025 02,0,44.24,9029
06/09/2025 03,0.82,44.21,8979
06/09/2025 04,0,44.18,8885
06/09/2025 05,0,44.15,8901
06/09/2025 06,9.92,44.14,8930
06/09/2025 07,13.84,44.09,9285
06/09/2025 08,15.42,44.02,9818
06/09/2025 09,16.43,43.96,10152
06/09/2025 10,17.14,43.93,10317
06/09/2025 11,15.45,43.91,10482
06/09/2025 12,14.11,43.89,10568
06/09/2025 13,15.32,43.87,10633
06/09/2025 14,16.97,43.86,10699
06/09/2025 15,16.5,43.85,10756
06/09/2025 16,18.33,43.83,10844
06/09/2025 17,20.1,43.81,10938
06/09/2025 18,19.54,43.78,10977
06/09/2025 19,17.07,43.78,10902
06/09/2025 20,19.08,43.77,10850
06/09/2025 21,17.8,43.73,10671
06/09/2025 22,12.51,43.69,10430
06/09/2025 23,10.44,43.63,10213
06/09/2025 24,7.55,43.58,9798
06/10/2025 01,8.99,43.54,9458
06/10/2025 02,7.59,43.5,9222
06/10/2025 03,12.48,43.49,9044
06/10/2025 04,15.53,43.49,8976
06/10/2025 05,15.3,43.51,8941
06/10/2025 06,15.97,43.53,8966
06/10/2025 07,21.61,43.56,9252
06/10/2025 08,41.15,43.59,9586
06/10/2025 09,60.46,43.65,9751
06/10/2025 10,24.83,43.65,9842
06/10/2025 11,16.44,43.65,9991
06/10/2025 12,16.39,43.64,10108
06/10/2025 13,20.38,43.61,10189
06/10/2025 14,24.47,43.6,10342
06/10/2025 15,75.85,43.67,10418
06/10/2025 16,76.87,43.75,10495
06/10/2025 17,78.72,43.82,10640
06/10/2025 18,21.33,43.82,10707
06/10/2025 19,22.84,43.8,10609
06/10/2025 20,22.69,43.62,10496
06/10/2025 21,23.12,43.4,10385
06/10/2025 22,20.71,43.16,10187
06/10/2025 23,14.9,43.13,10009
06/10/2025 24,14.89,43.12,9693
06/11/2025 01,20.44,43.11,9391
06/11/2025 02,19.26,43.1,9217
06/11/2025 03,17.49,43.09,9095
06/11/2025 04,19.27,43.09,9061
06/11/2025 05,24.13,43.09,9073
06/11/2025 06,28.38,43.1,9114
06/11/2025 07,31.94,43.12,9376
06/11/2025 08,58,43.17,9703
06/11/2025 09,42.97,43.19,9872
06/11/2025 10,20.01,42.97,10080
06/11/2025 11,21.19,42.79,10228
06/11/2025 12,22.36,42.74,10411
06/11/2025 13,23.37,42.74,10461
06/11/2025 14,23.68,42.75,10490
06/11/2025 15,23.18,42.78,10543
06/11/2025 16,23.77,42.79,10614
06/11/2025 17,23.7,42.83,10740
06/11/2025 18,42.84,42.88,10800
06/11/2025 19,33.91,42.93,10659
06/11/2025 20,25.69,42.96,10528
06/11/2025 21,59.65,43,10405
06/11/2025 22,55.14,43.02,10271
06/11/2025 23,18.25,43,10088
06/11/2025 24,2.03,42.98,9771
06/12/2025 01,0,42.96,9457
06/12/2025 02,15.05,42.96,9247
06/12/2025 03,16.53,42.96,9123
06/12/2025 04,17.91,42.96,9053
06/12/2025 05,16.25,42.95,9086
06/12/2025 06,19.07,42.95,9131
06/12/2025 07,38.38,42.97,9394
06/12/2025 08,469.34,43.58,9802
06/12/2025 09,406.25,44.12,9888
06/12/2025 10,282.76,44.5,9963
06/12/2025 11,76.98,44.58,10085
06/12/2025 12,389.1,45.09,10213
06/12/2025 13,199.13,45.31,10218
06/12/2025 14,895.69,46.5,10204
06/12/2025 15,369.36,46.96,10205
06/12/2025 16,189.68,47.18,10201
06/12/2025 17,68.53,47.16,10225
06/12/2025 18,88.83,47.21,10289
06/12/2025 19,98.08,47.23,10132
06/12/2025 20,60.24,46.67,10025
06/12/2025 21,40,45.74,9931
06/12/2025 22,56.98,44.81,9880
06/12/2025 23,45.98,44.7,9749
06/12/2025 24,35.97,44.66,9375
06/13/2025 01,31.81,44.65,9166
06/13/2025 02,21.16,44.63,9076
06/13/2025 03,18.48,44.61,9031
06/13/2025 04,15.45,44.6,8989
06/13/2025 05,13.57,44.58,8976
06/13/2025 06,15.31,44.57,9003
06/13/2025 07,22.62,44.57,9259
06/13/2025 08,33.96,44.59,9649
06/13/2025 09,26.91,44.6,9909
06/13/2025 10,22.12,44.6,10046
06/13/2025 11,16.36,44.6,10191
06/13/2025 12,12.44,44.58,10351
06/13/2025 13,15.9,44.57,10340
06/13/2025 14,21.86,44.57,10319
06/13/2025 15,22.42,44.56,10377
06/13/2025 16,23.71,44.56,10382
06/13/2025 17,16.06,44.56,10434
06/13/2025 18,13.48,44.57,10440
06/13/2025 19,12.4,44.59,10272
06/13/2025 20,15.6,44.59,10093
06/13/2025 21,24.21,44.52,9915
06/13/2025 22,14.75,44.5,9781
06/13/2025 23,15.19,44.48,9703
06/13/2025 24,25.67,44.49,9440
06/14/2025 01,46.14,44.5,9166
06/14/2025 02,48.49,44.52,9005
06/14/2025 03,15.47,44.52,8890
06/14/2025 04,16.1,44.52,8807
06/14/2025 05,15.77,44.51,8775
06/14/2025 06,12.8,44.5,8717
06/14/2025 07,12.01,44.49,8785
06/14/2025 08,12.6,44.48,9010
06/14/2025 09,15.91,44.48,9232
06/14/2025 10,17.97,44.48,9480
06/14/2025 11,20,44.51,9635
06/14/2025 12,25.07,44.55,9714
06/14/2025 13,25.42,44.58,9721
06/14/2025 14,19.91,44.61,9665
06/14/2025 15,19.14,44.64,9609
06/14/2025 16,33.25,44.68,9655
06/14/2025 17,47.64,44.75,9751
06/14/2025 18,31.79,44.78,9826
06/14/2025 19,32.53,44.81,9797
06/14/2025 20,26.17,44.82,9692
06/14/2025 21,83.26,44.89,9587
06/14/2025 22,189.29,45.03,9466
06/14/2025 23,725.28,45.67,9378
06/14/2025 24,102.15,45.76,9121
06/15/2025 01,22.5,45.75,8953
06/15/2025 02,19.19,45.74,8837
06/15/2025 03,19.48,45.72,8683
06/15/2025 04,38.06,45.71,8614
06/15/2025 05,34.54,45.69,8596
06/15/2025 06,34.54,45.64,8563
06/15/2025 07,32.82,45.6,8629
06/15/2025 08,18.72,45.54,8796
06/15/2025 09,16.48,45.52,9047
06/15/2025 10,16.49,45.51,9306
06/15/2025 11,16.86,45.49,9480
06/15/2025 12,17.42,45.48,9582
06/15/2025 13,21.84,45.47,9643
06/15/2025 14,27.14,45.47,9728
06/15/2025 15,34.43,45.48,9784
06/15/2025 16,45.11,45.51,9852
06/15/2025 17,33.76,45.52,9963
06/15/2025 18,20.19,45.51,10075
06/15/2025 19,13.12,45.49,9993
06/15/2025 20,23.53,45.44,9838
06/15/2025 21,16.6,45.37,9748
06/15/2025 22,8.33,45.33,9654
06/15/2025 23,3.95,45.28,9519
06/15/2025 24,38.17,45.3,9233
06/16/2025 01,31.12,45.2,8977
06/16/2025 02,47.82,45.19,8811
06/16/2025 03,36.1,45.2,8709
06/16/2025 04,45.07,45.22,8706
06/16/2025 05,83.64,45.31,8731
06/16/2025 06,60.12,45.36,8820
06/16/2025 07,86.77,45.45,9145
06/16/2025 08,38.19,45.47,9610
06/16/2025 09,26.71,45.47,9885
06/16/2025 10,23.79,45.47,10027
06/16/2025 11,55.34,45.5,10108
06/16/2025 12,66.88,45.56,10191
06/16/2025 13,78.62,45.63,10253
06/16/2025 14,51.91,45.68,10319
06/16/2025 15,77.06,45.75,10394
06/16/2025 16,98.37,45.86,10493
06/16/2025 17,100.82,45.97,10619
06/16/2025 18,82.16,46.05,10694
06/16/2025 19,529.54,46.76,10574
06/16/2025 20,859.39,47.92,10434
06/16/2025 21,906.8,49.15,10242
06/16/2025 22,701.51,50.09,9986
06/16/2025 23,130.77,50.25,9798
06/16/2025 24,41.46,50.29,9450
06/17/2025 01,38.09,50.33,9103
06/17/2025 02,37.1,50.37,8970
06/17/2025 03,22.88,50.38,8873
06/17/2025 04,20.98,50.39,8836
06/17/2025 05,22.94,50.4,8828
06/17/2025 06,15.03,50.41,8861
06/17/2025 07,22.06,50.41,9134
06/17/2025 08,34.19,50.44,9534
06/17/2025 09,23.68,50.45,9777
06/17/2025 10,99.76,50.57,9884
06/17/2025 11,123.36,50.72,10043
06/17/2025 12,54.12,50.77,10215
06/17/2025 13,26.96,50.79,10341
06/17/2025 14,23.38,50.8,10495
06/17/2025 15,40.57,50.85,10604
06/17/2025 16,20.69,50.88,10655
06/17/2025 17,79.94,50.99,10668
06/17/2025 18,657.07,51.9,10551
06/17/2025 19,341.7,52.36,10342
06/17/2025 20,36.98,52.37,10277
06/17/2025 21,31.44,52.38,10134
06/17/2025 22,17.26,52.36,10077
06/17/2025 23,18,52.33,9889
06/17/2025 24,130.44,52.46,9519
06/18/2025 01,216.08,52.69,9213
06/18/2025 02,51.51,52.69,9117
06/18/2025 03,30.05,52.68,9073
06/18/2025 04,35.29,52.64,9068
06/18/2025 05,51.43,52.64,9076
06/18/2025 06,52.66,52.65,9094
06/18/2025 07,51.58,52.66,9367
06/18/2025 08,43.9,52.67,9752
06/18/2025 09,34.52,52.67,9968
06/18/2025 10,31.8,52.68,10131
06/18/2025 11,44.77,52.71,10233
06/18/2025 12,36.3,52.73,10394
06/18/2025 13,37.46,52.76,10404
06/18/2025 14,91.39,52.86,10393
06/18/2025 15,86.14,52.95,10406
06/18/2025 16,75.84,53.03,10449
06/18/2025 17,64.02,53.09,10542
06/18/2025 18,30.75,53.11,10566
06/18/2025 19,20.06,53.12,10368
06/18/2025 20,19.43,53.13,10272
06/18/2025 21,28.76,53.14,10189
06/18/2025 22,34.75,53.17,10053
06/18/2025 23,24.32,53.18,9868
06/18/2025 24,4.52,53.17,9579
06/19/2025 01,0,53.14,9312
06/19/2025 02,7.82,53.14,9078
06/19/2025 03,14.74,53.14,8944
06/19/2025 04,14.89,53.14,8928
06/19/2025 05,19.29,53.15,8953
06/19/2025 06,22.73,53.16,8981
06/19/2025 07,40.81,53.19,9260
06/19/2025 08,41.53,53.22,9622
06/19/2025 09,31.02,53.24,9828
06/19/2025 10,22.38,53.24,9998
06/19/2025 11,20.05,53.24,10094
06/19/2025 12,17.91,53.24,10141
06/19/2025 13,18.18,53.24,10199
06/19/2025 14,18.33,53.24,10204
06/19/2025 15,18.12,53.24,10201
06/19/2025 16,18.25,53.24,10236
06/19/2025 17,19.46,53.24,10368
06/19/2025 18,23.89,53.25,10405
06/19/2025 19,27.31,53.27,10261
06/19/2025 20,22.11,53.29,10179
06/19/2025 21,15.87,53.29,10038
06/19/2025 22,13.88,53.28,9834
06/19/2025 23,16.72,53.27,9666
06/19/2025 24,23.21,53.26,9334
06/20/2025 01,28.4,53.27,9115
06/20/2025 02,28.18,53.28,8951
06/20/2025 03,26.09,53.29,8828
06/20/2025 04,27.65,53.3,8820
06/20/2025 05,27.93,53.31,8838
06/20/2025 06,30.43,53.33,8890
06/20/2025 07,31.52,53.35,9130
06/20/2025 08,55.87,53.4,9510
06/20/2025 09,90.98,53.49,9690
06/20/2025 10,235.32,53.79,9803
06/20/2025 11,246.42,54.1,9882
06/20/2025 12,686.26,55.02,9987
06/20/2025 13,912.33,56.26,9915
06/20/2025 14,837.5,57.4,9915
06/20/2025 15,605.64,58.22,9944
06/20/2025 16,58.08,58.28,9986
06/20/2025 17,75.28,58.35,10041
06/20/2025 18,35.51,58.38,9934
06/20/2025 19,56.56,58.43,9784
06/20/2025 20,37.87,58.4,9721
06/20/2025 21,34.83,58.2,9612
06/20/2025 22,27.05,58,9550
06/20/2025 23,19.2,57.8,9381
06/20/2025 24,14.51,57.74,9144
06/21/2025 01,18.13,57.68,8941
06/21/2025 02,17.38,57.64,8812
06/21/2025 03,10.76,57.58,8742
06/21/2025 04,3.76,57.5,8762
06/21/2025 05,0,57.42,8756
06/21/2025 06,0,57.33,8772
06/21/2025 07,0,57.25,8861
06/21/2025 08,1.42,57.21,9061
06/21/2025 09,9.34,57.18,9288
06/21/2025 10,9.22,57.16,9550
06/21/2025 11,8.78,57.13,9704
06/21/2025 12,3.17,57.1,9828
06/21/2025 13,2.73,57.07,9786
06/21/2025 14,11.58,57.05,9778
06/21/2025 15,14.76,57.03,9814
06/21/2025 16,12.34,57.02,9773
06/21/2025 17,9.71,56.99,9787
06/21/2025 18,9.74,56.96,9808
06/21/2025 19,9.64,56.92,9759
06/21/2025 20,10.46,56.87,9695
06/21/2025 21,9.72,56.8,9631
06/21/2025 22,11.85,56.73,9523
06/21/2025 23,10.1,56.7,9490
06/21/2025 24,4.53,56.68,9268
06/22/2025 01,0,56.64,9043
06/22/2025 02,0,56.61,8915
06/22/2025 03,0,56.57,8872
06/22/2025 04,6.73,56.55,8832
06/22/2025 05,10.02,56.52,8808
06/22/2025 06,10.46,56.49,8727
06/22/2025 07,11.12,56.46,8734
06/22/2025 08,11.08,56.42,8826
06/22/2025 09,10.01,56.35,8972
06/22/2025 10,10.29,56.3,9104
06/22/2025 11,12.65,56.25,9235
06/22/2025 12,13.74,56.21,9321
06/22/2025 13,21.61,56.09,9431
06/22/2025 14,24.46,56.05,9486
06/22/2025 15,26.21,56.01,9368
06/22/2025 16,34.13,56.01,9334
06/22/2025 17,32.67,56.01,9463
06/22/2025 18,32.44,55.98,9663
06/22/2025 19,38.15,55.96,9619
06/22/2025 20,33.22,55.89,9593
06/22/2025 21,34.83,55.8,9572
06/22/2025 22,39.75,55.7,9552
06/22/2025 23,30.93,55.66,9407
06/22/2025 24,20.91,55.65,9086
06/23/2025 01,12.09,55.61,8892
06/23/2025 02,11.29,55.58,8787
06/23/2025 03,11.21,55.56,8763
06/23/2025 04,11,55.54,8770
06/23/2025 05,11.58,55.51,8818
06/23/2025 06,12.47,55.49,8907
06/23/2025 07,13.74,55.48,9172
06/23/2025 08,15.35,55.46,9524
06/23/2025 09,15.75,55.45,9756
06/23/2025 10,15.65,55.45,9848
06/23/2025 11,15.71,55.44,9937
06/23/2025 12,13.73,55.44,9981
06/23/2025 13,12.17,55.43,9941
06/23/2025 14,11.16,55.42,9922
06/23/2025 15,8.91,55.4,10003
06/23/2025 16,8.95,55.38,10007
06/23/2025 17,4.76,55.35,10130
06/23/2025 18,1.75,55.3,10148
06/23/2025 19,10.54,55.26,9997
06/23/2025 20,10.49,55.22,9906
06/23/2025 21,12.75,55.17,9835
06/23/2025 22,28.9,55.16,9772
06/23/2025 23,32.29,55.18,9655
06/23/2025 24,30.21,55.21,9389
06/24/2025 01,29.04,55.23,9194
06/24/2025 02,29.83,55.24,9067
06/24/2025 03,14.81,55.23,8970
06/24/2025 04,10.84,55.22,8906
06/24/2025 05,21.25,55.21,8886
06/24/2025 06,26.49,55.22,8931
06/24/2025 07,26.49,55.22,9186
06/24/2025 08,11.61,55.21,9516
06/24/2025 09,11.61,55.19,9660
06/24/2025 10,10.76,55.18,9694
06/24/2025 11,8.28,55.18,9733
06/24/2025 12,4.67,55.19,9837
06/24/2025 13,9.68,55.2,9938
06/24/2025 14,9.82,55.19,9977
06/24/2025 15,9.23,55.17,10014
06/24/2025 16,12.74,55.15,10108
06/24/2025 17,23.9,55.15,10261
06/24/2025 18,49.52,55.19,10333
06/24/2025 19,39.16,55.21,10244
06/24/2025 20,51.21,55.25,10211
06/24/2025 21,35.13,55.26,10182
06/24/2025 22,25.82,55.28,10044
06/24/2025 23,7.83,55.29,9918
06/24/2025 24,0,55.28,9597
06/25/2025 01,2.53,55.28,9255
06/25/2025 02,1.18,55.28,9049
06/25/2025 03,0,55.27,8885
06/25/2025 04,0,55.26,8826
06/25/2025 05,3.67,55.26,8868
06/25/2025 06,6.7,55.27,8959
06/25/2025 07,9.31,55.28,9242
06/25/2025 08,13.99,55.3,9607
06/25/2025 09,22.12,55.31,9827
06/25/2025 10,16.41,55.31,9983
06/25/2025 11,15.85,55.34,10138
06/25/2025 12,18.85,55.36,10218
06/25/2025 13,19,55.39,10327
06/25/2025 14,11.66,55.39,10310
06/25/2025 15,6.7,55.37,10380
06/25/2025 16,7.14,55.35,10530
06/25/2025 17,9.74,55.33,10593
06/25/2025 18,12.74,55.33,10533
06/25/2025 19,13.84,55.33,10377
06/25/2025 20,15.2,55.33,10244
06/25/2025 21,8.4,55.31,10152
06/25/2025 22,8.24,55.3,10017
06/25/2025 23,26.24,55.33,9887
06/25/2025 24,247.2,55.67,9547
06/26/2025 01,110.98,55.8,9253
06/26/2025 02,53.01,55.82,9111
06/26/2025 03,39.84,55.84,9015
06/26/2025 04,20.79,55.84,8998
06/26/2025 05,13.68,55.86,8997
06/26/2025 06,16.05,55.88,9024
06/26/2025 07,19.48,55.91,9252
06/26/2025 08,12.47,55.93,9658
06/26/2025 09,16.6,55.95,9933
06/26/2025 10,13.34,55.96,10135
06/26/2025 11,10.01,55.96,10293
06/26/2025 12,7.62,55.94,10432
06/26/2025 13,6,55.9,10534
06/26/2025 14,5.97,55.83,10494
06/26/2025 15,5.23,55.75,10516
06/26/2025 16,6.38,55.69,10628
06/26/2025 17,8.42,55.66,10702
06/26/2025 18,9.31,55.63,10665
06/26/2025 19,7.19,55.58,10493
06/26/2025 20,19.42,54.91,10445
06/26/2025 21,43.78,53.93,10359
06/26/2025 22,42.54,53.09,10216
06/26/2025 23,19.06,52.8,10040
06/26/2025 24,10.83,52.72,9714
06/27/2025 01,13.32,52.66,9386
06/27/2025 02,19.02,52.61,9131
06/27/2025 03,16.19,52.56,9024
06/27/2025 04,6.77,52.49,8958
06/27/2025 05,4.69,52.42,8942
06/27/2025 06,5.15,52.34,8918
06/27/2025 07,5.05,52.28,9179
06/27/2025 08,4.43,52.25,9590
06/27/2025 09,15.02,52.23,9963
06/27/2025 10,16.71,52.22,10244
06/27/2025 11,11.74,52.19,10421
06/27/2025 12,10.2,52.13,10575
06/27/2025 13,9.39,52.04,10731
06/27/2025 14,10.45,51.94,10767
06/27/2025 15,3.24,51.79,10771
06/27/2025 16,0.57,51.66,10726
06/27/2025 17,0,51.46,10769
06/27/2025 18,0,50.37,10710
06/27/2025 19,2.98,49.25,10600
06/27/2025 20,6.66,47.97,10492
06/27/2025 21,11.47,46.67,10281
06/27/2025 22,4.87,45.48,10096
06/27/2025 23,17.52,45.05,9994
06/27/2025 24,15.51,45.04,9735
06/28/2025 01,10.3,45.04,9392
06/28/2025 02,4.71,45.03,9142
06/28/2025 03,4.48,45.04,8966
06/28/2025 04,4.99,45.05,8860
06/28/2025 05,3.07,45.05,8832
06/28/2025 06,3.41,45.06,8876
06/28/2025 07,7.3,45.07,8965
06/28/2025 08,9.03,45.08,9216
06/28/2025 09,12.71,45.08,9552
06/28/2025 10,14.39,45.08,9819
06/28/2025 11,7.83,45.08,9926
06/28/2025 12,7.62,45.09,9970
06/28/2025 13,7.41,45.09,10002
06/28/2025 14,7.41,45.07,10026
06/28/2025 15,7.17,45.03,9855
06/28/2025 16,8.71,44.96,9877
06/28/2025 17,8.94,44.93,9943
06/28/2025 18,11.37,44.92,10075
06/28/2025 19,10.46,44.92,10110
06/28/2025 20,7.37,44.91,10011
06/28/2025 21,13.61,44.92,10023
06/28/2025 22,122.92,45.08,9802
06/28/2025 23,78.44,45.17,9539
06/28/2025 24,40.49,45.21,9410
06/29/2025 01,11.22,45.21,9202
06/29/2025 02,8.87,45.23,9031
06/29/2025 03,11.63,45.24,8955
06/29/2025 04,9.31,45.26,8894
06/29/2025 05,9.06,45.27,8836
06/29/2025 06,8.16,45.27,8758
06/29/2025 07,6.94,45.26,8799
06/29/2025 08,5.5,45.23,8910
06/29/2025 09,6.93,45.23,9167
06/29/2025 10,6.95,45.21,9407
06/29/2025 11,6.99,45.17,9603
06/29/2025 12,8.2,45.15,9744
06/29/2025 13,10.42,45.15,9865
06/29/2025 14,10.42,45.15,9883
06/29/2025 15,10.42,45.14,9939
06/29/2025 16,12.27,45.13,10072
06/29/2025 17,14.14,45.12,10226
06/29/2025 18,17.38,45.1,10352
06/29/2025 19,9.83,45.08,10214
06/29/2025 20,15.35,45.01,10103
06/29/2025 21,45.89,44.91,10110
06/29/2025 22,25.91,44.89,9956
06/29/2025 23,22.1,44.89,9813
06/29/2025 24,31.48,44.89,9506
06/30/2025 01,31.88,44.91,9221
06/30/2025 02,21.66,44.92,9064
06/30/2025 03,20.14,44.94,8958
06/30/2025 04,20.97,44.95,8936
06/30/2025 05,27.11,44.98,8964
06/30/2025 06,19.82,44.99,8925
06/30/2025 07,18.17,45,9105
06/30/2025 08,16.2,45.01,9442
06/30/2025 09,17.22,45.02,9808
06/30/2025 10,18.44,45.02,10071
06/30/2025 11,19.53,45.02,10299
06/30/2025 12,18.78,45.03,10397
06/30/2025 13,19.51,45.06,10486
06/30/2025 14,25.64,45.09,10631
06/30/2025 15,25.71,45.11,10765
06/30/2025 16,42.04,45.17,10926
06/30/2025 17,32.97,45.21,10975
06/30/2025 18,25.11,45.24,11021
06/30/2025 19,21.06,45.27,10966
06/30/2025 20,205.52,45.55,10927
06/30/2025 21,378.2,46.06,10661
06/30/2025 22,417.02,46.62,10468
06/30/2025 23,52.28,46.7,10291
06/30/2025 24,35.34,46.75,9959
07/01/2025 01,29.06,46.79,9649
07/01/2025 02,30.06,46.83,9450
07/01/2025 03,28.61,46.87,9300
07/01/2025 04,27.08,46.9,9127
07/01/2025 05,24.57,46.94,9072
07/01/2025 06,17.39,46.96,8971
07/01/2025 07,20.36,46.99,9055
07/01/2025 08,22.53,47.01,9281
07/01/2025 09,19.47,47.02,9498
07/01/2025 10,19.28,47.03,9822
07/01/2025 11,25.6,47.06,10079
07/01/2025 12,28.95,47.1,10299
07/01/2025 13,29.48,47.13,10468
07/01/2025 14,28.54,47.17,10601
07/01/2025 15,28.2,47.2,10642
07/01/2025 16,28.57,47.24,10774
07/01/2025 17,28.69,47.28,10948
07/01/2025 18,29.12,47.3,11011
07/01/2025 19,30.02,47.33,10987
07/01/2025 20,41.08,47.37,10926
07/01/2025 21,61.19,47.42,10816
07/01/2025 22,23.98,47.42,10631
07/01/2025 23,16.64,47.41,10421
07/01/2025 24,13.68,47.4,10123
07/02/2025 01,11.75,47.39,9791
07/02/2025 02,8.59,47.37,9593
07/02/2025 03,8.03,47.37,9388
07/02/2025 04,8.16,47.36,9288
07/02/2025 05,9.16,47.36,9219
07/02/2025 06,11.62,47.36,9189
07/02/2025 07,14.23,47.34,9462
07/02/2025 08,15.81,47.3,9939
07/02/2025 09,17.34,47.28,10357
07/02/2025 10,19.15,47.28,10672
07/02/2025 11,29.63,47.3,11017
07/02/2025 12,44.65,47.36,11287
07/02/2025 13,44.11,47.41,11471
07/02/2025 14,30.68,47.44,11568
07/02/2025 15,30.7,47.48,11649
07/02/2025 16,26.29,47.52,11810
07/02/2025 17,26.87,47.55,11894
07/02/2025 18,27.54,47.59,11819
07/02/2025 19,30.89,47.63,11565
07/02/2025 20,45.45,47.68,11363
07/02/2025 21,35.94,47.71,11096
07/02/2025 22,61.32,47.77,10830
07/02/2025 23,45.86,47.82,10629
07/02/2025 24,29.26,47.84,10184
07/03/2025 01,18.59,47.85,9789
07/03/2025 02,15.9,47.86,9485
07/03/2025 03,17,47.88,9269
07/03/2025 04,12.31,47.89,9155
07/03/2025 05,5.5,47.89,9127
07/03/2025 06,3.46,47.89,9193
07/03/2025 07,8.67,47.89,9489
07/03/2025 08,12.04,47.89,9886
07/03/2025 09,20.31,47.91,10170
07/03/2025 10,25.2,47.93,10352
07/03/2025 11,32.16,47.96,10479
07/03/2025 12,25.51,47.99,10602
07/03/2025 13,19.36,48.01,10686
07/03/2025 14,17.44,48.03,10776
07/03/2025 15,26.18,48.06,10818
07/03/2025 16,17.23,48.07,10901
07/03/2025 17,14.65,48.09,11044
07/03/2025 18,10.06,48.09,10828
07/03/2025 19,11.3,48.09,10687
07/03/2025 20,11.8,48.08,10467
07/03/2025 21,14.72,48.06,10226
07/03/2025 22,12.4,48.01,10089
07/03/2025 23,13.51,47.99,9981
07/03/2025 24,12.09,47.98,9660
07/04/2025 01,11.33,47.96,9345
07/04/2025 02,12.2,47.96,9210
07/04/2025 03,15.26,47.96,9104
07/04/2025 04,23.72,47.97,8981
07/04/2025 05,25.65,47.98,8957
07/04/2025 06,26.1,47.99,9001
07/04/2025 07,25.64,47.99,9217
07/04/2025 08,31.9,47.99,9608
07/04/2025 09,28.78,48,9816
07/04/2025 10,24.48,48.02,9929
07/04/2025 11,25.69,48.03,10100
07/04/2025 12,24.28,48.05,10149
07/04/2025 13,24.25,48.05,10135
07/04/2025 14,24.93,48.02,10136
07/04/2025 15,25.78,47.98,10187
07/04/2025 16,30.79,47.95,10267
07/04/2025 17,28.99,47.91,10260
07/04/2025 18,28.98,47.85,10255
07/04/2025 19,27.11,47.79,10112
07/04/2025 20,27.75,47.36,10001
07/04/2025 21,29.43,46.48,9916
07/04/2025 22,22.86,46,9855
07/04/2025 23,22.88,45.9,9861
07/04/2025 24,22.73,45.89,9621
07/05/2025 01,19.54,45.88,9372
07/05/2025 02,16.47,45.87,9178
07/05/2025 03,21.88,45.87,9053
07/05/2025 04,24.63,45.88,8982
07/05/2025 05,26.66,45.88,8955
07/05/2025 06,27.4,45.85,8928
07/05/2025 07,27.42,45.81,8958
07/05/2025 08,26.06,45.76,9110
07/05/2025 09,25.5,45.75,9289
07/05/2025 10,25.53,45.76,9482
07/05/2025 11,23.46,45.76,9658
07/05/2025 12,25.13,45.76,9808
07/05/2025 13,24.19,45.74,9894
07/05/2025 14,23.29,45.67,9971
07/05/2025 15,21.1,45.6,10043
07/05/2025 16,21.57,45.53,9978
07/05/2025 17,20.53,45.51,10030
07/05/2025 18,18.72,45.49,10097
07/05/2025 19,24.29,45.48,10056
07/05/2025 20,23.24,45.42,9956
07/05/2025 21,33.72,45.24,9868
07/05/2025 22,37.46,45.27,9814
07/05/2025 23,29.66,45.29,9804
07/05/2025 24,24.41,45.33,9565
07/06/2025 01,23.8,45.36,9304
07/06/2025 02,21.37,45.39,9130
07/06/2025 03,19.98,45.41,9021
07/06/2025 04,21.25,45.44,8916
07/06/2025 05,24.44,45.48,8924
07/06/2025 06,24.58,45.51,8882
07/06/2025 07,23.47,45.54,8907
07/06/2025 08,23.69,45.55,9082
07/06/2025 09,36.48,45.56,9257
07/06/2025 10,38.49,45.5,9446
07/06/2025 11,28.02,45.49,9550
07/06/2025 12,21.9,45.5,9619
07/06/2025 13,14.23,45.5,9718
07/06/2025 14,15.78,45.5,9780
07/06/2025 15,17.14,45.5,9821
07/06/2025 16,17.56,45.51,9886
07/06/2025 17,17.77,45.52,9983
07/06/2025 18,19.66,45.54,10130
07/06/2025 19,20.5,45.56,10011
07/06/2025 20,18.71,45.58,9923
07/06/2025 21,33.37,45.61,9845
07/06/2025 22,38.18,45.65,9739
07/06/2025 23,52.11,45.71,9646
07/06/2025 24,70.62,45.81,9346
07/07/2025 01,50.34,45.88,9105
07/07/2025 02,36.54,45.93,8959
07/07/2025 03,35.83,45.97,8911
07/07/2025 04,35.44,46,8876
07/07/2025 05,36.53,46.04,8896
07/07/2025 06,43.66,46.09,8952
07/07/2025 07,49.16,46.14,9188
07/07/2025 08,35.18,46.17,9559
07/07/2025 09,34.81,46.21,9831
07/07/2025 10,27.47,46.23,10055
07/07/2025 11,26.64,46.24,10250
07/07/2025 12,33,46.27,10457
07/07/2025 13,34.42,46.31,10536
07/07/2025 14,35.51,46.36,10624
07/07/2025 15,36.69,46.41,10738
07/07/2025 16,36.33,46.46,10822
07/07/2025 17,36.18,46.51,10970
07/07/2025 18,36.39,46.56,11081
07/07/2025 19,36.44,46.61,10987
07/07/2025 20,109.26,46.76,10907
07/07/2025 21,142.48,46.95,10681
07/07/2025 22,40.83,46.99,10527
07/07/2025 23,24.11,47.01,10358
07/07/2025 24,12.47,47.02,10111
07/08/2025 01,9.87,47.02,9768
07/08/2025 02,9.6,47.02,9566
07/08/2025 03,8.69,47.02,9324
07/08/2025 04,8.6,47.02,9169
07/08/2025 05,8.79,47.02,9145
07/08/2025 06,13.56,47.02,9236
07/08/2025 07,14.19,47.01,9516
07/08/2025 08,16.83,47.01,9925
07/08/2025 09,21.46,47.01,10272
07/08/2025 10,26.02,47.02,10532
07/08/2025 11,27.19,47.04,10819
07/08/2025 12,30.98,47.07,11061
07/08/2025 13,87.17,47.17,11333
07/08/2025 14,33.14,47.19,11514
07/08/2025 15,33.87,47.21,11610
07/08/2025 16,30.45,47.21,11755
07/08/2025 17,27.5,46.89,11816
07/08/2025 18,23.42,46.11,11876
07/08/2025 19,21.01,45.5,11738
07/08/2025 20,24.58,44.15,11663
07/08/2025 21,26.29,42.79,11458
07/08/2025 22,15.73,42.13,11132
07/08/2025 23,15.66,42.11,10904
07/08/2025 24,14.41,42.13,10457
07/09/2025 01,11.07,42.14,10060
07/09/2025 02,14.1,42.16,9701
07/09/2025 03,12.58,42.18,9492
07/09/2025 04,11.91,42.2,9397
07/09/2025 05,13.95,42.22,9403
07/09/2025 06,12.58,42.22,9441
07/09/2025 07,14.64,42.22,9640
07/09/2025 08,9.86,42.21,10004
07/09/2025 09,12.14,42.21,10263
07/09/2025 10,15.3,42.21,10433
07/09/2025 11,16.85,42.21,10654
07/09/2025 12,16.34,42.21,10798
07/09/2025 13,13.56,42.21,10940
07/09/2025 14,16.97,42.21,11059
07/09/2025 15,21.72,42.22,11153
07/09/2025 16,22.26,42.22,11267
07/09/2025 17,32.86,42.24,11275
07/09/2025 18,43.45,42.27,11247
07/09/2025 19,28.72,42.29,11034
07/09/2025 20,16.53,42.28,10888
07/09/2025 21,17.26,42.28,10840
07/09/2025 22,20.18,42.29,10616
07/09/2025 23,19.96,42.31,10438
07/09/2025 24,24.37,42.33,10072
07/10/2025 01,29.5,42.36,9701
07/10/2025 02,29.71,42.39,9489
07/10/2025 03,26.37,42.41,9367
07/10/2025 04,28.54,42.43,9284
07/10/2025 05,27.35,42.44,9265
07/10/2025 06,25.69,42.46,9333
07/10/2025 07,23.5,42.46,9523
07/10/2025 08,26.8,42.44,9893
07/10/2025 09,24.88,42.39,10152
07/10/2025 10,19.24,42.38,10261
07/10/2025 11,23.87,42.39,10319
07/10/2025 12,29.09,42.41,10453
07/10/2025 13,21.41,42.41,10500
07/10/2025 14,13.13,42.4,10553
07/10/2025 15,11.17,42.31,10591
07/10/2025 16,11.21,42.22,10505
07/10/2025 17,14.62,42.13,10494
07/10/2025 18,20.38,42.13,10487
07/10/2025 19,28.82,42.13,10408
07/10/2025 20,29.76,42.14,10271
07/10/2025 21,61.35,42.2,10140
07/10/2025 22,44.28,42.23,10008
07/10/2025 23,24.41,42.24,9919
07/10/2025 24,16.14,42.24,9656
07/11/2025 01,17.56,42.24,9397
07/11/2025 02,18.96,42.24,9213
07/11/2025 03,21.03,42.24,9134
07/11/2025 04,24.05,42.25,9085
07/11/2025 05,24.56,42.25,9114
07/11/2025 06,23.36,42.24,9142
07/11/2025 07,23.06,42.23,9238
07/11/2025 08,22.74,42.18,9596
07/11/2025 09,21.46,42.15,9846
07/11/2025 10,22.91,42.16,10078
07/11/2025 11,27.01,42.17,10319
07/11/2025 12,24.5,42.17,10434
07/11/2025 13,28.8,42.18,10590
07/11/2025 14,29.08,42.18,10681
07/11/2025 15,28.87,42.19,10784
07/11/2025 16,28.94,42.2,10909
07/11/2025 17,28.69,42.21,10970
07/11/2025 18,30.3,42.19,11034
07/11/2025 19,27.55,42.18,10941
07/11/2025 20,40.02,42.2,10812
07/11/2025 21,30.49,42.16,10627
07/11/2025 22,27,42.12,10391
07/11/2025 23,23.94,42.13,10261
07/11/2025 24,21.24,42.15,9932
07/12/2025 01,14.6,42.17,9652
07/12/2025 02,8.9,42.17,9411
07/12/2025 03,9.02,42.16,9279
07/12/2025 04,14.61,42.15,9188
07/12/2025 05,19.16,42.16,9138
07/12/2025 06,15.12,42.15,9095
07/12/2025 07,14.77,42.12,9079
07/12/2025 08,21.28,41.49,9303
07/12/2025 09,20.05,40.96,9634
07/12/2025 10,12.56,40.58,9910
07/12/2025 11,9.23,40.49,10085
07/12/2025 12,10.46,39.96,10247
07/12/2025 13,21.82,39.72,10366
07/12/2025 14,31.78,38.52,10461
07/12/2025 15,38.01,38.06,10579
07/12/2025 16,46.62,37.86,10726
07/12/2025 17,32.05,37.81,10851
07/12/2025 18,31.74,37.73,10990
07/12/2025 19,25.62,37.63,10934
07/12/2025 20,33.31,37.59,10827
07/12/2025 21,547.19,38.29,10630
07/12/2025 22,696.24,39.18,10382
07/12/2025 23,999.99,40.51,10207
07/12/2025 24,942.63,41.77,9922
07/13/2025 01,118.16,41.89,9577
07/13/2025 02,36.2,41.91,9463
07/13/2025 03,25.77,41.92,9335
07/13/2025 04,24.68,41.93,9199
07/13/2025 05,23.31,41.94,9132
07/13/2025 06,25.53,41.96,9103
07/13/2025 07,25.43,41.96,9107
07/13/2025 08,24.15,41.95,9247
07/13/2025 09,9.43,41.92,9460
07/13/2025 10,8.8,41.91,9728
07/13/2025 11,7.41,41.89,9930
07/13/2025 12,9.78,41.89,10112
07/13/2025 13,20.93,41.9,10309
07/13/2025 14,29.67,41.91,10451
07/13/2025 15,43.41,41.94,10555
07/13/2025 16,34.7,41.95,10628
07/13/2025 17,216.19,42.23,10711
07/13/2025 18,592.16,43.03,10629
07/13/2025 19,56.28,43.09,10533
07/13/2025 20,29.87,43.11,10407
07/13/2025 21,27.42,43.12,10241
07/13/2025 22,25.64,43.13,10031
07/13/2025 23,24.42,43.15,9884
07/13/2025 24,17.34,43.13,9602
07/14/2025 01,22.29,43.1,9357
07/14/2025 02,23.55,43.07,9182
07/14/2025 03,28.28,43.08,9096
07/14/2025 04,20.53,43.09,9031
07/14/2025 05,16.21,43.09,8997
07/14/2025 06,15,43.09,9096
07/14/2025 07,17.63,43.1,9356
07/14/2025 08,14.83,43.11,9670
07/14/2025 09,24.71,43.12,10024
07/14/2025 10,28.65,43.13,10263
07/14/2025 11,29.11,43.15,10378
07/14/2025 12,29.01,43.15,10477
07/14/2025 13,25.5,43.15,10489
07/14/2025 14,28.98,43.16,10535
07/14/2025 15,29.15,43.18,10535
07/14/2025 16,24.97,43.17,10570
07/14/2025 17,22.23,43.13,10571
07/14/2025 18,19.25,43.11,10541
07/14/2025 19,19.08,43.09,10352
07/14/2025 20,16.37,43.08,10238
07/14/2025 21,20.07,42.99,10155
07/14/2025 22,25.38,42.77,9958
07/14/2025 23,23.03,41.79,9777
07/14/2025 24,19.07,41.67,9481
07/15/2025 01,15.86,41.67,9221
07/15/2025 02,12.98,41.66,9073
07/15/2025 03,13.06,41.65,8999
07/15/2025 04,17.69,41.62,8954
07/15/2025 05,19.76,41.6,8971
07/15/2025 06,18.74,41.58,8987
07/15/2025 07,22.5,41.56,9151
07/15/2025 08,22.9,41.57,9462
07/15/2025 09,22.86,41.58,9669
07/15/2025 10,21.94,41.59,9803
07/15/2025 11,22.29,41.59,9972
07/15/2025 12,24.65,41.6,10099
07/15/2025 13,25.63,41.61,10142
07/15/2025 14,26.33,41.61,10195
07/15/2025 15,23.58,41.59,10288
07/15/2025 16,23.88,41.56,10333
07/15/2025 17,30.34,41.56,10455
07/15/2025 18,29.38,41.57,10489
07/15/2025 19,33.68,41.6,10448
07/15/2025 20,38.64,41.62,10398
07/15/2025 21,45.39,41.66,10281
07/15/2025 22,33.42,41.69,10063
07/15/2025 23,31.98,41.73,9893
07/15/2025 24,27.02,41.72,9583
07/16/2025 01,23.21,41.71,9296
07/16/2025 02,26.5,41.68,9177
07/16/2025 03,25.41,41.66,9078
07/16/2025 04,25.1,41.63,9000
07/16/2025 05,25.31,41.55,9030
07/16/2025 06,27.75,41.51,9133
07/16/2025 07,25.3,41.42,9316
07/16/2025 08,17.72,41.4,9605
07/16/2025 09,18.34,41.38,9808
07/16/2025 10,18.37,41.38,9965
07/16/2025 11,13.83,41.32,10135
07/16/2025 12,8.84,41.24,10262
07/16/2025 13,9.65,41.14,10273
07/16/2025 14,10.25,41.08,10357
07/16/2025 15,11.62,40.99,10453
07/16/2025 16,12.24,40.87,10587
07/16/2025 17,12.38,40.75,10637
07/16/2025 18,13.95,40.66,10674
07/16/2025 19,15.53,39.94,10538
07/16/2025 20,30.09,38.79,10445
07/16/2025 21,26.5,37.57,10288
07/16/2025 22,17.82,36.62,10175
07/16/2025 23,13.2,36.45,10057
07/16/2025 24,6.82,36.41,9713
07/17/2025 01,4.09,36.36,9395
07/17/2025 02,3.66,36.31,9163
07/17/2025 03,7.4,36.29,9077
07/17/2025 04,7.87,36.27,8940
07/17/2025 05,8.87,36.25,8915
07/17/2025 06,12.08,36.25,8983
07/17/2025 07,16.11,36.24,9199
07/17/2025 08,22.78,36.23,9556
07/17/2025 09,31.34,36.24,9912
07/17/2025 10,27.22,36.14,10076
07/17/2025 11,23.38,36,10187
07/17/2025 12,49,35.99,10296
07/17/2025 13,49.54,36.02,10375
07/17/2025 14,35.61,36.04,10478
07/17/2025 15,33.12,36.03,10497
07/17/2025 16,38.68,36.05,10526
07/17/2025 17,151.22,36.15,10507
07/17/2025 18,19.8,35.27,10594
07/17/2025 19,22.86,34.82,10504
07/17/2025 20,22.35,34.8,10351
07/17/2025 21,41.56,34.82,10184
07/17/2025 22,67.92,34.89,10084
07/17/2025 23,57.62,34.94,10025
07/17/2025 24,31.07,34.8,9712
07/18/2025 01,27.27,34.54,9460
07/18/2025 02,26.73,34.51,9295
07/18/2025 03,25.79,34.5,9151
07/18/2025 04,24.61,34.49,9070
07/18/2025 05,24.3,34.45,9091
07/18/2025 06,24.26,34.41,9117
07/18/2025 07,24.4,34.37,9251
07/18/2025 08,20.66,34.34,9557
07/18/2025 09,18.79,34.32,9863
07/18/2025 10,18.56,34.3,9986
07/18/2025 11,19.56,34.26,10167
07/18/2025 12,18.41,34.24,10362
07/18/2025 13,18.55,34.21,10435
07/18/2025 14,21.12,34.12,10476
07/18/2025 15,26.49,34.03,10516
07/18/2025 16,27.32,33.97,10547
07/18/2025 17,27.42,33.92,10618
07/18/2025 18,26.86,33.91,10560
07/18/2025 19,24.22,33.92,10338
07/18/2025 20,25.51,33.92,10216
07/18/2025 21,17.75,33.91,10100
07/18/2025 22,5.5,33.87,10072
07/18/2025 23,5.12,33.84,9987
07/18/2025 24,4.67,33.84,9729
07/19/2025 01,0.26,33.84,9449
07/19/2025 02,1.88,33.83,9258
07/19/2025 03,0.76,33.81,9093
07/19/2025 04,8.61,33.81,9014
07/19/2025 05,15.97,33.8,8986
07/19/2025 06,26.03,33.81,9035
07/19/2025 07,16.58,33.77,9005
07/19/2025 08,13.17,33.73,9242
07/19/2025 09,23.33,33.72,9463
07/19/2025 10,48.61,33.76,9702
07/19/2025 11,36.45,33.78,9902
07/19/2025 12,20.84,33.79,9997
07/19/2025 13,16.75,33.78,10024
07/19/2025 14,17.94,33.78,10107
07/19/2025 15,18.38,33.78,10047
07/19/2025 16,17.9,33.78,10069
07/19/2025 17,16.77,33.78,10171
07/19/2025 18,16.09,33.77,10233
07/19/2025 19,18.08,33.76,10097
07/19/2025 20,18.96,33.75,10037
07/19/2025 21,19.84,33.76,9959
07/19/2025 22,19.52,33.76,9908
07/19/2025 23,28.58,33.78,9851
07/19/2025 24,31.96,33.79,9618
07/20/2025 01,40.56,33.81,9413
07/20/2025 02,39.94,33.83,9240
07/20/2025 03,25.68,33.83,9115
07/20/2025 04,22.02,33.82,9023
07/20/2025 05,16.97,33.8,8994
07/20/2025 06,22.55,33.79,8976
07/20/2025 07,22.3,33.78,8996
07/20/2025 08,23.76,33.73,9148
07/20/2025 09,27.09,33.65,9365
07/20/2025 10,29.02,33.36,9568
07/20/2025 11,25.06,33.05,9713
07/20/2025 12,18.86,32.12,9838
07/20/2025 13,15.59,30.88,9929
07/20/2025 14,14.04,29.74,9976
07/20/2025 15,21.9,28.92,10046
07/20/2025 16,23.15,28.88,10160
07/20/2025 17,25.45,28.81,10184
07/20/2025 18,26.59,28.79,10234
07/20/2025 19,28.33,28.76,10208
07/20/2025 20,34.49,28.75,10175
07/20/2025 21,31.97,28.75,10011
07/20/2025 22,27.61,28.75,9928
07/20/2025 23,24.08,28.75,9853
07/20/2025 24,27.58,28.77,9604
07/21/2025 01,28.42,28.79,9372
07/21/2025 02,30.55,28.8,9237
07/21/2025 03,28.56,28.83,9153
07/21/2025 04,29.23,28.86,9141
07/21/2025 05,29.23,28.91,9123
07/21/2025 06,40.98,28.96,9292
07/21/2025 07,40.12,29.02,9552
07/21/2025 08,29.21,29.06,9847
07/21/2025 09,36.63,29.09,10150
07/21/2025 10,56.3,29.16,10288
07/21/2025 11,56.79,29.23,10388
07/21/2025 12,34.72,29.27,10486
07/21/2025 13,24.19,29.3,10585
07/21/2025 14,23.21,29.32,10620
07/21/2025 15,27.48,29.33,10642
07/21/2025 16,58.26,29.4,10639
07/21/2025 17,63.33,29.47,10592
07/21/2025 18,51.32,29.53,10532
07/21/2025 19,24.27,29.55,10403
07/21/2025 20,29.5,29.58,10311
07/21/2025 21,25.73,29.6,10204
07/21/2025 22,27.99,29.62,10110
07/21/2025 23,24.52,29.64,9950
07/21/2025 24,22.5,29.67,9712
07/22/2025 01,19.46,29.69,9459
07/22/2025 02,18.27,29.72,9326
07/22/2025 03,18.26,29.74,9222
07/22/2025 04,16.12,29.76,9164
07/22/2025 05,14.65,29.76,9182
07/22/2025 06,10.43,29.76,9258
07/22/2025 07,13.27,29.77,9459
07/22/2025 08,14.53,29.77,9746
07/22/2025 09,16.29,29.78,10012
07/22/2025 10,18.74,29.79,10163
07/22/2025 11,19.06,29.8,10269
07/22/2025 12,19.31,29.81,10306
07/22/2025 13,18.57,29.8,10347
07/22/2025 14,18.23,29.8,10370
07/22/2025 15,18.9,29.79,10349
07/22/2025 16,18.61,29.76,10386
07/22/2025 17,19.89,29.75,10428
07/22/2025 18,23.18,29.73,10418
07/22/2025 19,22.93,29.71,10317
07/22/2025 20,23.29,29.7,10349
07/22/2025 21,42.34,29.71,10239
07/22/2025 22,30.09,29.7,10169
07/22/2025 23,27.48,29.69,10074
07/22/2025 24,47.18,29.73,9744
07/23/2025 01,23.92,29.74,9452
07/23/2025 02,22.51,29.76,9309
07/23/2025 03,22.41,29.77,9271
07/23/2025 04,22.5,29.79,9241
07/23/2025 05,22.41,29.81,9284
07/23/2025 06,22.67,29.82,9352
07/23/2025 07,24.2,29.83,9553
07/23/2025 08,18.56,29.84,9847
07/23/2025 09,15.91,29.84,9966
07/23/2025 10,14.12,29.84,9955
07/23/2025 11,13.64,29.83,10026
07/23/2025 12,13.64,29.83,10096
07/23/2025 13,13.51,29.84,10161
07/23/2025 14,15.34,29.84,10253
07/23/2025 15,15.85,29.85,10452
07/23/2025 16,15.48,29.86,10573
07/23/2025 17,16.66,29.88,10579
07/23/2025 18,20.12,29.9,10634
07/23/2025 19,22.63,29.92,10525
07/23/2025 20,43.56,29.97,10412
07/23/2025 21,74.71,30.05,10329
07/23/2025 22,50.82,30.08,10255
07/23/2025 23,18.54,30.06,10136
07/23/2025 24,11.54,30.04,9801
07/24/2025 01,6.51,30.01,9551
07/24/2025 02,1.23,29.97,9385
07/24/2025 03,0,29.94,9273
07/24/2025 04,0,29.93,9196
07/24/2025 05,0,29.9,9170
07/24/2025 06,2.48,29.87,9239
07/24/2025 07,4.24,29.84,9451
07/24/2025 08,4.85,29.83,9859
07/24/2025 09,3.69,29.82,10190
07/24/2025 10,7.3,29.81,10380
07/24/2025 11,5.92,29.81,10645
07/24/2025 12,9.59,29.81,10805
07/24/2025 13,11.64,29.82,10946
07/24/2025 14,10.88,29.82,11064
07/24/2025 15,10.6,29.82,11176
07/24/2025 16,16.18,29.83,11293
07/24/2025 17,14.17,29.81,11271
07/24/2025 18,16.6,29.77,11216
07/24/2025 19,15.16,29.73,11001
07/24/2025 20,21.86,29.69,10922
07/24/2025 21,25.97,29.68,10827
07/24/2025 22,25.43,29.68,10680
07/24/2025 23,14.6,29.69,10416
07/24/2025 24,6.88,29.7,9933
07/25/2025 01,2.58,29.7,9562
07/25/2025 02,0,29.7,9351
07/25/2025 03,0,29.7,9252
07/25/2025 04,0,29.7,9229
07/25/2025 05,0,29.69,9146
07/25/2025 06,0,29.68,9292
07/25/2025 07,0,29.67,9525
07/25/2025 08,2.1,29.65,9861
07/25/2025 09,9.3,29.63,10090
07/25/2025 10,13.11,29.63,10258
07/25/2025 11,13.65,29.63,10357
07/25/2025 12,13.3,29.62,10500
07/25/2025 13,13.59,29.61,10578
07/25/2025 14,16.36,29.62,10589
07/25/2025 15,15.31,29.63,10548
07/25/2025 16,12.77,29.64,10479
07/25/2025 17,7.8,29.64,10448
07/25/2025 18,6.26,29.63,10426
07/25/2025 19,1.29,29.61,10258
07/25/2025 20,0.78,29.59,10158
07/25/2025 21,7.77,29.59,9970
07/25/2025 22,8.32,29.59,9872
07/25/2025 23,9.22,29.56,9790
07/25/2025 24,7.5,29.23,9555
07/26/2025 01,5.39,29.08,9282
07/26/2025 02,3.99,29.02,9129
07/26/2025 03,4.96,28.97,9012
07/26/2025 04,8.1,28.95,8975
07/26/2025 05,7.71,28.94,8985
07/26/2025 06,7.79,28.93,8986
07/26/2025 07,8.53,28.92,8981
07/26/2025 08,10.61,28.91,9120
07/26/2025 09,12.53,28.91,9393
07/26/2025 10,13.79,28.91,9642
07/26/2025 11,13.74,28.91,9800
07/26/2025 12,12.32,28.92,9912
07/26/2025 13,12.54,28.93,9956
07/26/2025 14,11.25,28.94,9917
07/26/2025 15,11.71,28.95,9913
07/26/2025 16,11.86,28.95,9974
07/26/2025 17,12.55,28.96,10059
07/26/2025 18,11.46,28.96,10153
07/26/2025 19,6.96,28.96,10074
07/26/2025 20,7.08,28.94,9961
07/26/2025 21,9.39,28.9,9857
07/26/2025 22,5.89,28.85,9805
07/26/2025 23,5.81,28.83,9631
07/26/2025 24,5.17,28.82,9418
07/27/2025 01,0.27,28.8,9183
07/27/2025 02,0.45,28.78,9024
07/27/2025 03,6.04,28.76,9011
07/27/2025 04,7.52,28.76,9007
07/27/2025 05,13.81,28.77,9034
07/27/2025 06,18.19,28.79,9118
07/27/2025 07,12.59,28.8,9069
07/27/2025 08,9.17,28.81,9190
07/27/2025 09,11.85,28.81,9390
07/27/2025 10,12.77,28.8,9576
07/27/2025 11,13.79,28.8,9717
07/27/2025 12,12.29,28.81,9848
07/27/2025 13,12.18,28.81,9935
07/27/2025 14,12.96,28.81,9963
07/27/2025 15,10.25,28.82,9949
07/27/2025 16,6.5,28.83,10003
07/27/2025 17,6.45,28.84,10111
07/27/2025 18,10.82,28.86,10205
07/27/2025 19,11.09,28.87,10119
07/27/2025 20,13.08,28.88,10041
07/27/2025 21,12.32,28.88,9989
07/27/2025 22,22.63,28.9,10018
07/27/2025 23,25.85,28.91,9925
07/27/2025 24,18.8,28.92,9652
07/28/2025 01,16.44,28.93,9427
07/28/2025 02,9,28.93,9227
07/28/2025 03,11.1,28.94,9184
07/28/2025 04,8.48,28.95,9109
07/28/2025 05,8.56,28.95,9129
07/28/2025 06,11.28,28.96,9231
07/28/2025 07,12.51,28.97,9476
07/28/2025 08,16.31,28.98,9831
07/28/2025 09,15.92,28.99,10052
07/28/2025 10,14.88,28.99,10205
07/28/2025 11,12.1,28.99,10284
07/28/2025 12,19.41,29.01,10402
07/28/2025 13,21.83,29.03,10459
07/28/2025 14,20.3,29.05,10475
07/28/2025 15,15.8,29.06,10466
07/28/2025 16,12.71,29.06,10453
07/28/2025 17,16.93,29.08,10495
07/28/2025 18,18.2,29.09,10575
07/28/2025 19,25.21,29.11,10573
07/28/2025 20,26.14,29.13,10524
07/28/2025 21,23.13,29.15,10428
07/28/2025 22,15.22,29,10264
07/28/2025 23,8.05,28.9,10064
07/28/2025 24,4.4,28.85,9720
07/29/2025 01,1.08,28.83,9445
07/29/2025 02,0,28.82,9275
07/29/2025 03,0,28.81,9150
07/29/2025 04,1.93,28.79,9038
07/29/2025 05,3.49,28.79,9062
07/29/2025 06,5.72,28.78,9171
07/29/2025 07,7.42,28.78,9371
07/29/2025 08,10.93,28.79,9737
07/29/2025 09,11.69,28.8,9978
07/29/2025 10,12.02,28.81,10177
07/29/2025 11,12.11,28.81,10385
07/29/2025 12,12.92,28.82,10580
07/29/2025 13,15.92,28.83,10712
07/29/2025 14,17.2,28.84,10775
07/29/2025 15,87.03,28.94,10829
07/29/2025 16,45.45,28.99,10925
07/29/2025 17,195.31,29.24,11021
07/29/2025 18,49.81,29.29,11061
07/29/2025 19,48.69,29.34,11023
07/29/2025 20,55.7,29.4,10905
07/29/2025 21,375.6,29.85,10701
07/29/2025 22,114.37,29.98,10514
07/29/2025 23,12.02,29.96,10249
07/29/2025 24,0.7,29.92,9857
07/30/2025 01,0,29.88,9526
07/30/2025 02,0,29.85,9282
07/30/2025 03,2.77,29.82,9219
07/30/2025 04,3.33,29.8,9225
07/30/2025 05,3.78,29.76,9221
07/30/2025 06,4.23,29.74,9296
07/30/2025 07,5.92,29.73,9520
07/30/2025 08,4.23,29.71,9910
07/30/2025 09,5.67,29.69,10224
07/30/2025 10,10.32,29.68,10474
07/30/2025 11,10.92,29.67,10797
07/30/2025 12,13.89,29.66,11026
07/30/2025 13,19.26,29.66,11152
07/30/2025 14,21.46,29.66,11217
07/30/2025 15,20,29.65,11335
07/30/2025 16,23.88,29.62,11375
07/30/2025 17,71.53,29.68,11480
07/30/2025 18,337.5,30.11,11516
07/30/2025 19,271.25,30.46,11406
07/30/2025 20,817.99,31.31,11228
07/30/2025 21,414.32,31.36,10966
07/30/2025 22,10.86,30.79,10883
07/30/2025 23,1.19,30.72,10664
07/30/2025 24,0,30.67,10276
07/31/2025 01,0,30.63,9969
07/31/2025 02,0,30.59,9733
07/31/2025 03,0,30.55,9537
07/31/2025 04,0,30.52,9441
07/31/2025 05,0,30.48,9407
07/31/2025 06,0.01,30.46,9471
07/31/2025 07,3.97,30.43,9632
07/31/2025 08,11.03,30.42,10029
07/31/2025 09,15.01,30.41,10408
07/31/2025 10,15.32,30.41,10678
07/31/2025 11,17.59,30.4,10971
07/31/2025 12,18.23,30.38,11200
07/31/2025 13,20.11,30.37,11329
07/31/2025 14,23.15,30.36,11412
07/31/2025 15,63.34,30.41,11473
07/31/2025 16,54.17,30.44,11561
07/31/2025 17,744.74,31.44,11542
07/31/2025 18,51.15,31.47,11540
07/31/2025 19,18.89,31.45,11407
07/31/2025 20,18.49,31.42,11309
07/31/2025 21,20.31,31.37,11135
07/31/2025 22,9.99,31.35,10941
07/31/2025 23,2.01,31.33,10683
07/31/2025 24,9.31,31.32,10289
08/01/2025 01,10.67,31.32,9956
08/01/2025 02,11.72,31.32,9623
08/01/2025 03,16.09,31.33,9491
08/01/2025 04,17.81,31.35,9422
08/01/2025 05,17.31,31.36,9382
08/01/2025 06,17.35,31.37,9403
08/01/2025 07,16.91,31.37,9549
08/01/2025 08,15.78,31.37,9868
08/01/2025 09,16.95,31.37,10201
08/01/2025 10,17.48,31.37,10550
08/01/2025 11,16.49,31.35,10767
08/01/2025 12,21.91,31.32,11040
08/01/2025 13,34.2,31.3,11220
08/01/2025 14,90.05,31.39,11331
08/01/2025 15,23.12,31.38,11336
08/01/2025 16,17.9,31.36,11387
08/01/2025 17,14.91,31.35,11444
08/01/2025 18,27.49,31.35,11435
08/01/2025 19,18.45,31.33,11237
08/01/2025 20,629.41,32.14,10991
08/01/2025 21,879.37,33.31,10771
08/01/2025 22,206.83,33.52,10630
08/01/2025 23,23.92,33.48,10529
08/01/2025 24,64.13,33.53,10204
08/02/2025 01,84.51,33.62,9893
08/02/2025 02,257.47,33.96,9616
08/02/2025 03,110.52,34.09,9410
08/02/2025 04,24.4,34.11,9316
08/02/2025 05,24.44,34.13,9320
08/02/2025 06,24.86,34.16,9324
08/02/2025 07,43.46,34.21,9320
08/02/2025 08,32.27,34.24,9544
08/02/2025 09,17.93,34.24,9829
08/02/2025 10,18.48,34.23,10149
08/02/2025 11,17.34,34.21,10370
08/02/2025 12,23.36,34.2,10649
08/02/2025 13,68.41,34.27,10862
08/02/2025 14,32.86,34.29,10954
08/02/2025 15,33.8,34.3,10994
08/02/2025 16,13.09,34.3,10992
08/02/2025 17,14.34,34.3,10933
08/02/2025 18,40.48,34.34,10866
08/02/2025 19,76.46,34.43,10794
08/02/2025 20,99.39,34.55,10669
08/02/2025 21,85.88,34.65,10493
08/02/2025 22,19.07,34.66,10463
08/02/2025 23,42,34.7,10288
08/02/2025 24,132.09,34.87,9902
08/03/2025 01,76.72,34.96,9684
08/03/2025 02,24.87,34.97,9574
08/03/2025 03,23.54,34.99,9461
08/03/2025 04,15.21,34.97,9316
08/03/2025 05,13.28,34.96,9220
08/03/2025 06,13.61,34.94,9229
08/03/2025 07,13.81,34.92,9207
08/03/2025 08,10.53,34.89,9305
08/03/2025 09,7.34,34.86,9506
08/03/2025 10,6.43,34.84,9695
08/03/2025 11,13.6,34.82,9917
08/03/2025 12,14.34,34.81,10138
08/03/2025 13,32.13,34.82,10265
08/03/2025 14,23.65,34.82,10360
08/03/2025 15,23.64,34.81,10407
08/03/2025 16,14.16,34.79,10359
08/03/2025 17,15.77,34.77,10430
08/03/2025 18,7.25,34.74,10453
08/03/2025 19,17.51,34.73,10383
08/03/2025 20,12.94,34.71,10288
08/03/2025 21,15.07,34.69,10145
08/03/2025 22,19.52,34.68,10133
08/03/2025 23,47.35,34.72,9940
08/03/2025 24,70.08,34.78,9662
08/04/2025 01,24.16,34.79,9490
08/04/2025 02,23.89,34.8,9311
08/04/2025 03,16.82,34.79,9126
08/04/2025 04,14.81,34.78,9006
08/04/2025 05,16.64,34.77,9010
08/04/2025 06,17.44,34.75,9106
08/04/2025 07,20.92,34.74,9152
08/04/2025 08,20,34.73,9308
08/04/2025 09,13.6,34.72,9508
08/04/2025 10,12.6,34.7,9717
08/04/2025 11,9.82,34.68,9932
08/04/2025 12,10.33,34.66,10124
08/04/2025 13,12.32,34.64,10248
08/04/2025 14,14.55,34.63,10411
08/04/2025 15,16.33,34.63,10412
08/04/2025 16,15.14,34.62,10370
08/04/2025 17,13.78,34.61,10310
08/04/2025 18,5.22,34.59,10365
08/04/2025 19,9.99,34.57,10202
08/04/2025 20,6.99,34.55,10090
08/04/2025 21,7.64,34.51,10045
08/04/2025 22,17.85,34.48,10041
08/04/2025 23,17.84,34.47,9876
08/04/2025 24,125.01,34.61,9515
08/05/2025 01,50.98,34.64,9232
08/05/2025 02,21.91,34.64,9073
08/05/2025 03,15.53,34.64,8907
08/05/2025 04,14.93,34.63,8867
08/05/2025 05,19.89,34.62,8994
08/05/2025 06,23.84,34.62,9152
08/05/2025 07,66.3,34.68,9402
08/05/2025 08,88.37,34.77,9745
08/05/2025 09,39.9,34.78,9993
08/05/2025 10,24.1,34.76,10207
08/05/2025 11,18.27,34.74,10447
08/05/2025 12,18.5,34.74,10676
08/05/2025 13,19.75,34.75,10786
08/05/2025 14,28.05,34.76,10961
08/05/2025 15,62.03,34.82,11014
08/05/2025 16,52.25,34.87,11057
08/05/2025 17,70.08,34.95,11153
08/05/2025 18,143.55,35.12,11107
08/05/2025 19,837.76,36.25,10898
08/05/2025 20,739.03,37.25,10706
08/05/2025 21,637.8,38.09,10492
08/05/2025 22,608.91,38.89,10345
08/05/2025 23,57.37,38.89,10155
08/05/2025 24,24.47,38.83,9862
08/06/2025 01,18.27,38.78,9598
08/06/2025 02,14.48,38.75,9397
08/06/2025 03,14.78,38.72,9246
08/06/2025 04,14.68,38.7,9149
08/06/2025 05,15.46,38.67,9116
08/06/2025 06,16.41,38.63,9183
08/06/2025 07,17.72,38.58,9390
08/06/2025 08,47.31,38.6,9739
08/06/2025 09,12.83,38.57,9996
08/06/2025 10,14.55,38.55,10272
08/06/2025 11,16.1,38.54,10502
08/06/2025 12,22.15,38.52,10720
08/06/2025 13,18.68,38.5,10889
08/06/2025 14,21.7,38.48,11041
08/06/2025 15,39.76,38.49,11126
08/06/2025 16,33.86,38.48,11156
08/06/2025 17,19.57,38.46,11219
08/06/2025 18,16.95,38.43,11229
08/06/2025 19,16.48,38.41,11076
08/06/2025 20,16.23,38.28,10874
08/06/2025 21,14.36,38.1,10619
08/06/2025 22,10.09,38.06,10480
08/06/2025 23,6.46,38.03,10283
08/06/2025 24,6.29,38.02,9899
08/07/2025 01,7.38,38.02,9569
08/07/2025 02,8.53,38.02,9395
08/07/2025 03,6.25,38.01,9262
08/07/2025 04,4.98,38.01,9159
08/07/2025 05,5.98,38,9124
08/07/2025 06,6.06,37.99,9215
08/07/2025 07,7.32,37.98,9450
08/07/2025 08,5.47,37.97,9780
08/07/2025 09,0.97,37.94,10047
08/07/2025 10,0,37.9,10226
08/07/2025 11,0,37.87,10378
08/07/2025 12,3.57,37.83,10534
08/07/2025 13,5.91,37.72,10674
08/07/2025 14,18.1,37.7,10739
08/07/2025 15,15.73,37.67,10704
08/07/2025 16,16,37.65,10711
08/07/2025 17,18.86,37.64,10733
08/07/2025 18,14.07,37.62,10658
08/07/2025 19,15.1,37.62,10474
08/07/2025 20,14.09,37.6,10358
08/07/2025 21,10.44,37.58,10304
08/07/2025 22,9.72,37.57,10258
08/07/2025 23,6.44,37.56,10028
08/07/2025 24,8.77,37.55,9738
08/08/2025 01,12.81,37.55,9516
08/08/2025 02,8.86,37.55,9341
08/08/2025 03,9.91,37.54,9214
08/08/2025 04,13.77,37.54,9181
08/08/2025 05,7.5,37.54,9183
08/08/2025 06,7.23,37.53,9246
08/08/2025 07,10.84,37.52,9498
08/08/2025 08,4.99,37.52,9826
08/08/2025 09,6.76,37.51,10120
08/08/2025 10,6.7,37.5,10322
08/08/2025 11,5.31,37.48,10542
08/08/2025 12,1.21,37.46,10652
08/08/2025 13,0,37.44,10639
08/08/2025 14,0,37.42,10661
08/08/2025 15,0,37.39,10565
08/08/2025 16,0,37.36,10427
08/08/2025 17,3.26,37.32,10438
08/08/2025 18,4.16,37.26,10455
08/08/2025 19,3.47,37.23,10375
08/08/2025 20,4.51,37.21,10297
08/08/2025 21,7.41,37.2,10216
08/08/2025 22,11.24,37.18,10223
08/08/2025 23,6.15,37.16,10063
08/08/2025 24,4.07,37.14,9759
08/09/2025 01,3.65,37.1,9451
08/09/2025 02,2.76,37.06,9251
08/09/2025 03,1.29,37.03,9138
08/09/2025 04,0,36.99,9063
08/09/2025 05,0,36.95,9017
08/09/2025 06,0.62,36.92,9085
08/09/2025 07,2.68,36.89,9104
08/09/2025 08,2.64,36.85,9243
08/09/2025 09,3.44,36.82,9469
08/09/2025 10,8.66,36.81,9598
08/09/2025 11,9.59,36.79,9829
08/09/2025 12,15.17,36.77,10002
08/09/2025 13,16.17,36.76,10104
08/09/2025 14,17.62,36.77,10154
08/09/2025 15,17.19,36.78,10213
08/09/2025 16,16.64,36.78,10308
08/09/2025 17,16.89,36.79,10401
08/09/2025 18,15.58,36.78,10604
08/09/2025 19,22.34,36.77,10551
08/09/2025 20,138.49,36.92,10442
08/09/2025 21,244.69,37.18,10275
08/09/2025 22,275.32,37.5,10205
08/09/2025 23,44.26,37.53,10094
08/09/2025 24,19.14,37.53,9889
08/10/2025 01,34.88,37.55,9606
08/10/2025 02,28.33,37.57,9385
08/10/2025 03,16.44,37.56,9264
08/10/2025 04,12.47,37.54,9119
08/10/2025 05,22.37,37.54,9228
08/10/2025 06,44.21,37.57,9220
08/10/2025 07,18.68,37.56,9226
08/10/2025 08,18.22,37.56,9331
08/10/2025 09,14.82,37.55,9482
08/10/2025 10,14.84,37.54,9655
08/10/2025 11,14.39,37.52,9891
08/10/2025 12,14.94,37.51,10099
08/10/2025 13,14.6,37.49,10278
08/10/2025 14,15.43,37.47,10467
08/10/2025 15,14.11,37.45,10614
08/10/2025 16,14.52,37.43,10693
08/10/2025 17,15.4,37.41,10764
08/10/2025 18,17.41,37.39,10974
08/10/2025 19,21.18,37.38,10891
08/10/2025 20,43.56,37.39,10811
08/10/2025 21,57.18,37.42,10648
08/10/2025 22,36.35,37.44,10509
08/10/2025 23,7.59,37.41,10259
08/10/2025 24,4.31,37.39,9859
08/11/2025 01,3.39,37.38,9557
08/11/2025 02,10.33,37.38,9407
08/11/2025 03,15.52,37.39,9357
08/11/2025 04,14.83,37.39,9293
08/11/2025 05,9.72,37.37,9263
08/11/2025 06,3.69,37.36,9400
08/11/2025 07,3.86,37.34,9667
08/11/2025 08,5.37,37.32,10008
08/11/2025 09,10.61,37.31,10320
08/11/2025 10,4.75,37.3,10453
08/11/2025 11,7.91,37.29,10561
08/11/2025 12,10.67,37.29,10693
08/11/2025 13,11.78,37.28,10829
08/11/2025 14,12.39,37.25,10919
08/11/2025 15,15.8,37.22,11015
08/11/2025 16,18.89,37.18,11114
08/11/2025 17,16.13,37.16,11176
08/11/2025 18,12.31,37.14,11240
08/11/2025 19,14.23,37.12,11080
08/11/2025 20,164.76,37.3,10865
08/11/2025 21,212.7,36.84,10553
08/11/2025 22,614.33,36.72,10425
08/11/2025 23,88.99,35.46,10178
08/11/2025 24,105.22,34.3,9834
08/12/2025 01,36.7,34.18,9682
08/12/2025 02,44.67,34.19,9547
08/12/2025 03,24.91,34.19,9428
08/12/2025 04,21.46,34.19,9335
08/12/2025 05,20.48,34.18,9329
08/12/2025 06,24.32,34.18,9427
08/12/2025 07,26.06,34.18,9599
08/12/2025 08,14.76,34.17,9866
08/12/2025 09,11.26,34.17,10203
08/12/2025 10,10.97,34.18,10371
08/12/2025 11,12.32,34.18,10540
08/12/2025 12,12.46,34.19,10689
08/12/2025 13,17.43,34.18,10838
08/12/2025 14,19.67,34.17,10980
08/12/2025 15,20.05,34.14,11088
08/12/2025 16,20.46,34.12,11136
08/12/2025 17,20.35,33.84,11325
08/12/2025 18,43.56,33.08,11304
08/12/2025 19,46.8,33.07,11225
08/12/2025 20,186.34,33.29,11045
08/12/2025 21,198.47,33.52,10878
08/12/2025 22,19.13,33.51,10783
08/12/2025 23,17.57,33.51,10553
08/12/2025 24,11.33,33.5,10074
08/13/2025 01,12.94,33.48,9846
08/13/2025 02,13.69,33.47,9628
08/13/2025 03,13.63,33.45,9545
08/13/2025 04,10.98,33.44,9437
08/13/2025 05,12.87,33.43,9381
08/13/2025 06,15.14,33.43,9494
08/13/2025 07,17.4,33.43,9659
08/13/2025 08,17.62,33.44,9986
08/13/2025 09,17.8,33.43,10290
08/13/2025 10,18.38,33.41,10497
08/13/2025 11,20.06,33.4,10691
08/13/2025 12,11.01,33.37,10864
08/13/2025 13,6.69,33.35,10936
08/13/2025 14,0.44,33.31,11075
08/13/2025 15,0,33.27,11101
08/13/2025 16,0,33.23,11172
08/13/2025 17,0,33.2,11174
08/13/2025 18,0,33.18,11098
08/13/2025 19,0,33.15,10724
08/13/2025 20,1.14,33.13,10551
08/13/2025 21,1.34,33.1,10403
08/13/2025 22,0.69,33.07,10366
08/13/2025 23,0,33.04,10062
08/13/2025 24,6.08,33.02,9777
08/14/2025 01,6.57,33,9476
08/14/2025 02,3.4,32.99,9317
08/14/2025 03,4.85,32.98,9186
08/14/2025 04,6.49,32.96,9075
08/14/2025 05,13.32,32.96,9055
08/14/2025 06,15.39,32.95,9173
08/14/2025 07,14.26,32.94,9355
08/14/2025 08,10.96,32.92,9617
08/14/2025 09,9.49,32.9,9823
08/14/2025 10,8.05,32.89,9989
08/14/2025 11,11.44,32.87,10137
08/14/2025 12,14.19,32.86,10196
08/14/2025 13,9.38,32.83,10253
08/14/2025 14,7.18,32.81,10131
08/14/2025 15,7.96,32.78,10188
08/14/2025 16,12.75,32.77,10277
08/14/2025 17,9.84,32.74,10353
08/14/2025 18,9.44,32.71,10314
08/14/2025 19,8.02,32.68,10206
08/14/2025 20,17.51,32.65,10138
08/14/2025 21,20.84,32.61,10063
08/14/2025 22,58.02,32.65,10108
08/14/2025 23,30.66,32.65,9912
08/14/2025 24,24.11,32.64,9587
08/15/2025 01,19.99,32.64,9332
08/15/2025 02,19.78,32.63,9200
08/15/2025 03,16.99,32.62,9098
08/15/2025 04,16.17,32.6,9036
08/15/2025 05,13.16,32.59,9091
08/15/2025 06,15.25,32.57,9192
08/15/2025 07,13.88,32.55,9389
08/15/2025 08,10.61,32.54,9675
08/15/2025 09,10.53,32.53,9943
08/15/2025 10,10.7,32.52,10139
08/15/2025 11,7.11,32.51,10252
08/15/2025 12,7.83,32.51,10330
08/15/2025 13,6.46,32.51,10338
08/15/2025 14,3.71,32.5,10327
08/15/2025 15,0.07,32.48,10408
08/15/2025 16,0,32.47,10395
08/15/2025 17,0,32.45,10503
08/15/2025 18,0,32.43,10589
08/15/2025 19,1.62,32.41,10403
08/15/2025 20,9.8,32.38,10187
08/15/2025 21,15.68,32.37,10153
08/15/2025 22,15.72,32.36,10144
08/15/2025 23,13.78,32.36,9947
08/15/2025 24,12.1,32.37,9669
08/16/2025 01,12.09,32.38,9413
08/16/2025 02,12.66,32.4,9274
08/16/2025 03,13.78,32.4,9193
08/16/2025 04,13.41,32.41,9103
08/16/2025 05,10.03,32.41,9046
08/16/2025 06,7.27,32.41,9130
08/16/2025 07,7.49,32.39,9206
08/16/2025 08,6.89,32.37,9353
08/16/2025 09,7.12,32.34,9595
08/16/2025 10,7.77,32.31,9805
08/16/2025 11,7.67,32.29,9956
08/16/2025 12,2.85,32.23,10074
08/16/2025 13,0.01,32.16,10137
08/16/2025 14,0,32.11,10165
08/16/2025 15,0,32.06,10236
08/16/2025 16,0,32.01,10200
08/16/2025 17,0,31.8,10167
08/16/2025 18,0,31.77,10243
08/16/2025 19,0,31.74,10245
08/16/2025 20,1.79,31.71,10127
08/16/2025 21,5.89,31.66,10046
08/16/2025 22,6.78,31.58,9966
08/16/2025 23,0.96,31.5,9696
08/16/2025 24,0,31.45,9422
08/17/2025 01,0,31.42,9208
08/17/2025 02,0,31.38,9076
08/17/2025 03,0,31.34,8948
08/17/2025 04,0,31.31,8882
08/17/2025 05,0,31.28,8841
08/17/2025 06,0.1,31.24,8861
08/17/2025 07,3.08,31.21,8919
08/17/2025 08,5.31,31.19,9061
08/17/2025 09,7.13,31.17,9325
08/17/2025 10,8.44,31.16,9612
08/17/2025 11,8.02,31.14,9809
08/17/2025 12,7.98,31.13,9992
08/17/2025 13,10.87,31.12,10154
08/17/2025 14,14.15,31.11,10283
08/17/2025 15,19.23,31.1,10379
08/17/2025 16,15.16,31.08,10437
08/17/2025 17,13.36,31.06,10627
08/17/2025 18,15.46,31.05,10856
08/17/2025 19,73.13,31.12,10841
08/17/2025 20,251.81,31.43,10715
08/17/2025 21,649,32.31,10555
08/17/2025 22,49.16,32.37,10400
08/17/2025 23,32.83,32.41,10178
08/17/2025 24,23.11,32.43,9836
08/18/2025 01,18.18,32.46,9552
08/18/2025 02,16.83,32.48,9385
08/18/2025 03,13.83,32.49,9232
08/18/2025 04,14.36,32.5,9157
08/18/2025 05,20.09,32.51,9223
08/18/2025 06,22.03,32.5,9447
08/18/2025 07,22.18,32.51,9663
08/18/2025 08,27.98,32.53,9946
08/18/2025 09,21.99,32.53,10132
08/18/2025 10,26.81,32.5,10345
08/18/2025 11,19.69,32.48,10456
08/18/2025 12,16.18,32.47,10638
08/18/2025 13,19.76,32.47,10852
08/18/2025 14,20.39,32.48,10889
08/18/2025 15,19.02,32.48,10983
08/18/2025 16,19.49,32.48,11049
08/18/2025 17,20.79,32.49,11177
08/18/2025 18,19.71,32.49,11380
08/18/2025 19,42.71,32.52,11236
08/18/2025 20,208.31,32.79,10910
08/18/2025 21,291.65,33.17,10664
08/18/2025 22,50.55,33.21,10554
08/18/2025 23,36.13,33.22,10292
08/18/2025 24,51.74,33.25,9929
08/19/2025 01,27.97,33.23,9578
08/19/2025 02,19.71,33.2,9377
08/19/2025 03,18.77,33.19,9328
08/19/2025 04,20.57,33.19,9329
08/19/2025 05,21.37,33.2,9330
08/19/2025 06,21.35,33.19,9414
08/19/2025 07,35.52,33.21,9650
08/19/2025 08,49.87,33.25,9932
08/19/2025 09,20.44,33.24,10140
08/19/2025 10,14.21,33.22,10309
08/19/2025 11,14.53,33.2,10435
08/19/2025 12,16.44,33.2,10572
08/19/2025 13,19.45,33.21,10698
08/19/2025 14,21.98,33.22,10874
08/19/2025 15,22.69,33.22,10967
08/19/2025 16,56.77,33.26,11160
08/19/2025 17,28.8,33.27,11298
08/19/2025 18,101.78,33.37,11350
08/19/2025 19,40.74,33.39,11205
08/19/2025 20,825.86,34.49,10936
08/19/2025 21,775.28,35.52,10733
08/19/2025 22,56.2,35.56,10698
08/19/2025 23,32.94,35.57,10429
08/19/2025 24,26.05,35.57,9979
08/20/2025 01,31.75,35.58,9806
08/20/2025 02,23.63,35.57,9603
08/20/2025 03,15.73,35.55,9411
08/20/2025 04,13.47,35.53,9327
08/20/2025 05,17.52,35.51,9299
08/20/2025 06,13.24,35.47,9449
08/20/2025 07,17.4,35.44,9636
08/20/2025 08,12.57,35.42,9933
08/20/2025 09,10.26,35.38,10203
08/20/2025 10,9.61,35.32,10346
08/20/2025 11,9.18,35.25,10473
08/20/2025 12,10.64,35.22,10619
08/20/2025 13,11.38,35.2,10661
08/20/2025 14,16.95,35.19,10780
08/20/2025 15,19.9,35.18,10813
08/20/2025 16,21.54,35.13,10893
08/20/2025 17,18.65,35.07,10897
08/20/2025 18,14.15,35.02,10799
08/20/2025 19,11.66,35,10596
08/20/2025 20,6.33,34.97,10468
08/20/2025 21,20.73,34.96,10336
08/20/2025 22,22.38,34.95,10292
08/20/2025 23,19.84,34.94,10001
08/20/2025 24,14.75,34.93,9622
08/21/2025 01,8.73,34.92,9344
08/21/2025 02,6.78,34.9,9216
08/21/2025 03,7.96,34.89,9142
08/21/2025 04,8.1,34.88,9108
08/21/2025 05,15.23,34.88,9156
08/21/2025 06,21.11,34.89,9346
08/21/2025 07,23.33,34.91,9598
08/21/2025 08,18.82,34.91,9798
08/21/2025 09,20.01,34.92,10007
08/21/2025 10,20.26,34.92,10097
08/21/2025 11,17.92,34.92,10226
08/21/2025 12,16,34.91,10341
08/21/2025 13,15.83,34.91,10360
08/21/2025 14,15.84,34.91,10415
08/21/2025 15,13.77,34.9,10437
08/21/2025 16,10.35,34.89,10435
08/21/2025 17,9.23,34.87,10480
08/21/2025 18,9.23,34.85,10521
08/21/2025 19,9.93,34.84,10383
08/21/2025 20,12.49,34.82,10239
08/21/2025 21,15.83,34.78,10252
08/21/2025 22,14.88,34.76,10227
08/21/2025 23,14.9,34.75,9975
08/21/2025 24,10.71,34.7,9678
08/22/2025 01,9.61,34.68,9433
08/22/2025 02,6.31,34.65,9315
08/22/2025 03,5.92,34.63,9181
08/22/2025 04,6.13,34.61,9164
08/22/2025 05,5.99,34.58,9157
08/22/2025 06,7.3,34.56,9276
08/22/2025 07,12.59,34.55,9489
08/22/2025 08,15.41,34.54,9806
08/22/2025 09,18.6,34.55,10022
08/22/2025 10,16.59,34.55,10159
08/22/2025 11,19.8,34.56,10221
08/22/2025 12,21.1,34.57,10378
08/22/2025 13,19.82,34.58,10393
08/22/2025 14,20.59,34.58,10499
08/22/2025 15,22.21,34.59,10537
08/22/2025 16,20.11,34.6,10611
08/22/2025 17,18.69,34.6,10623
08/22/2025 18,18.86,34.6,10713
08/22/2025 19,30.17,34.61,10663
08/22/2025 20,62.98,34.64,10566
08/22/2025 21,63.85,34.62,10288
08/22/2025 22,50.85,34.62,10274
08/22/2025 23,24.37,34.63,10044
08/22/2025 24,23.05,34.65,9785
08/23/2025 01,25.17,34.67,9527
08/23/2025 02,23.1,34.7,9330
08/23/2025 03,18.12,34.73,9178
08/23/2025 04,17.36,34.75,9120
08/23/2025 05,17.51,34.78,9123
08/23/2025 06,19.71,34.8,9189
08/23/2025 07,23.79,34.83,9261
08/23/2025 08,24.54,34.86,9381
08/23/2025 09,17.97,34.88,9559
08/23/2025 10,15.77,34.89,9710
08/23/2025 11,16.27,34.9,9878
08/23/2025 12,16.93,34.91,9993
08/23/2025 13,16.96,34.92,10078
08/23/2025 14,18.33,34.93,10183
08/23/2025 15,23.66,34.95,10295
08/23/2025 16,24.47,34.96,10406
08/23/2025 17,23.4,34.97,10557
08/23/2025 18,20.92,34.98,10684
08/23/2025 19,24.65,34.99,10659
08/23/2025 20,46.19,35.03,10519
08/23/2025 21,31.94,35.03,10369
08/23/2025 22,13.17,35.02,10310
08/23/2025 23,5.59,35,10037
08/23/2025 24,2.44,35,9762
08/24/2025 01,1.78,35,9509
08/24/2025 02,0.98,35,9388
08/24/2025 03,0,35,9240
08/24/2025 04,0,35,9140
08/24/2025 05,0,35,9091
08/24/2025 06,0.01,35,9137
08/24/2025 07,2.89,35,9142
08/24/2025 08,0,35,9233
08/24/2025 09,0.01,34.99,9443
08/24/2025 10,1.83,34.97,9655
08/24/2025 11,11.79,34.97,9878
08/24/2025 12,15.34,34.97,10077
08/24/2025 13,12.59,34.97,10250
08/24/2025 14,15.05,34.97,10392
08/24/2025 15,18.27,34.97,10491
08/24/2025 16,33.19,35,10688
08/24/2025 17,27.53,35.03,10925
08/24/2025 18,27.56,35.06,11109
08/24/2025 19,307.76,35.48,10960
08/24/2025 20,639.3,36.37,10732
08/24/2025 21,307.86,36.79,10537
08/24/2025 22,23.99,36.81,10586
08/24/2025 23,10.97,36.81,10361
08/24/2025 24,7.96,36.81,9978
08/25/2025 01,8.27,36.82,9644
08/25/2025 02,8.62,36.82,9447
08/25/2025 03,9.95,36.83,9322
08/25/2025 04,11.7,36.83,9270
08/25/2025 05,15.08,36.84,9279
08/25/2025 06,21.61,36.86,9424
08/25/2025 07,40.89,36.91,9694
08/25/2025 08,25.62,36.93,9980
08/25/2025 09,15.05,36.93,10259
08/25/2025 10,19.32,36.94,10553
08/25/2025 11,38.06,36.97,10869
08/25/2025 12,40.53,37.01,11095
08/25/2025 13,44.71,37.06,11269
08/25/2025 14,101.84,37.18,11398
08/25/2025 15,57.37,37.25,11537
08/25/2025 16,76.11,37.34,11634
08/25/2025 17,106.41,37.47,11725
08/25/2025 18,182.52,37.7,11796
08/25/2025 19,710.85,38.68,11666
08/25/2025 20,912.56,39.94,11436
08/25/2025 21,809.21,41.05,11193
08/25/2025 22,65.57,41.13,11041
08/25/2025 23,29.9,41.17,10677
08/25/2025 24,21.82,41.19,10278
08/26/2025 01,20.03,41.22,9936
08/26/2025 02,17.87,41.24,9676
08/26/2025 03,19.33,41.26,9535
08/26/2025 04,16.09,41.27,9439
08/26/2025 05,20.13,41.28,9419
08/26/2025 06,21.05,41.28,9590
08/26/2025 07,21.03,41.3,9863
08/26/2025 08,20.31,41.31,10130
08/26/2025 09,20.97,41.32,10438
08/26/2025 10,21.6,41.34,10713
08/26/2025 11,23.88,41.35,10950
08/26/2025 12,30.76,41.38,11212
08/26/2025 13,34.86,41.41,11437
08/26/2025 14,47.66,41.46,11603
08/26/2025 15,51.48,41.51,11758
08/26/2025 16,62.24,41.59,11839
08/26/2025 17,528.97,42.32,11842
08/26/2025 18,143.17,42.5,11874
08/26/2025 19,536.5,43.23,11749
08/26/2025 20,904.34,44.47,11630
08/26/2025 21,767.8,45.52,11400
08/26/2025 22,48.12,45.55,11178
08/26/2025 23,17.58,45.54,10808
08/26/2025 24,14.17,45.53,10390
08/27/2025 01,4.42,45.52,10086
08/27/2025 02,0.02,45.51,9874
08/27/2025 03,3.02,45.49,9684
08/27/2025 04,15.18,45.5,9524
08/27/2025 05,21.07,45.52,9435
08/27/2025 06,25.01,45.54,9610
08/27/2025 07,26.88,45.56,9892
08/27/2025 08,32.98,45.58,10197
08/27/2025 09,24.2,45.59,10496
08/27/2025 10,22.45,45.6,10797
08/27/2025 11,24.64,45.62,11107
08/27/2025 12,33.26,45.64,11436
08/27/2025 13,36.45,45.66,11580
08/27/2025 14,38.92,45.69,11755
08/27/2025 15,25.7,45.7,11852
08/27/2025 16,25.96,45.72,11946
08/27/2025 17,47.47,45.76,11981
08/27/2025 18,93.15,45.87,12005
08/27/2025 19,267.18,46.2,11864
08/27/2025 20,530.08,46.9,11635
08/27/2025 21,70.97,46.97,11404
08/27/2025 22,38.1,47,11303
08/27/2025 23,19.41,47.02,10971
08/27/2025 24,16.22,47.03,10491
08/28/2025 01,9.77,47.04,10115
08/28/2025 02,9.28,47.06,9844
08/28/2025 03,10.6,47.07,9663
08/28/2025 04,12.12,47.09,9557
08/28/2025 05,16.09,47.1,9503
08/28/2025 06,27.47,47.13,9578
08/28/2025 07,46.48,47.19,9806
08/28/2025 08,50.42,47.24,10109
08/28/2025 09,26.73,47.26,10397
08/28/2025 10,23.56,47.28,10658
08/28/2025 11,38.3,47.32,10943
08/28/2025 12,102.9,47.44,11162
08/28/2025 13,44.01,47.48,11298
08/28/2025 14,186.27,47.72,11434
08/28/2025 15,65.08,47.68,11548
08/28/2025 16,142.09,47.82,11699
08/28/2025 17,682.29,48.5,11680
08/28/2025 18,253.72,48.78,11725
08/28/2025 19,789.76,49.81,11464
08/28/2025 20,735.1,50.75,11292
08/28/2025 21,90.83,50.36,11200
08/28/2025 22,402.79,50.76,11067
08/28/2025 23,43.47,50.8,10720
08/28/2025 24,34.19,50.85,10391
08/29/2025 01,26.67,50.88,10079
08/29/2025 02,34.98,50.93,9894
08/29/2025 03,55.18,51.01,9712
08/29/2025 04,36.18,51.05,9601
08/29/2025 05,27.79,51.08,9561
08/29/2025 06,32.97,51.12,9657
08/29/2025 07,32.98,51.16,9920
08/29/2025 08,32.96,51.2,10186
08/29/2025 09,28.08,51.23,10511
08/29/2025 10,21.67,51.25,10877
08/29/2025 11,22.55,51.26,11180
08/29/2025 12,25.85,51.28,11440
08/29/2025 13,46.27,51.32,11632
08/29/2025 14,77.58,51.4,11735
08/29/2025 15,65.69,51.46,11761
08/29/2025 16,59.55,51.51,11867
08/29/2025 17,80.87,51.52,11901
08/29/2025 18,147.55,51.26,11873
08/29/2025 19,476.02,51.54,11643
08/29/2025 20,814.25,51.54,11383
08/29/2025 21,64.69,51.05,11150
08/29/2025 22,34.91,51.09,11170
08/29/2025 23,22.26,51.12,10830
08/29/2025 24,25.09,51.15,10415
08/30/2025 01,24.66,51.18,10096
08/30/2025 02,40.91,51.24,9788
08/30/2025 03,36.35,51.29,9638
08/30/2025 04,35.55,51.34,9570
08/30/2025 05,40.53,51.4,9548
08/30/2025 06,31.21,51.44,9560
08/30/2025 07,29.71,51.48,9580
08/30/2025 08,18.73,51.49,9569
08/30/2025 09,10.6,51.48,9812
08/30/2025 10,18.84,51.49,10145
08/30/2025 11,23.4,51.49,10441
08/30/2025 12,27.34,51.51,10659
08/30/2025 13,39.29,51.53,10862
08/30/2025 14,43.66,51.56,11034
08/30/2025 15,32.04,51.52,11181
08/30/2025 16,25.26,51.48,11338
08/30/2025 17,34.07,50.49,11416
08/30/2025 18,55.6,50.5,11387
08/30/2025 19,105.11,50.62,11172
08/30/2025 20,98.13,50.73,10907
08/30/2025 21,67.74,50.79,10747
08/30/2025 22,26.25,50.82,10704
08/30/2025 23,34.42,50.86,10474
08/30/2025 24,83.88,50.96,10165
08/31/2025 01,23.96,50.98,9869
08/31/2025 02,23.37,51,9685
08/31/2025 03,24.73,51.01,9483
08/31/2025 04,35.91,51.04,9374
08/31/2025 05,58.37,51.09,9317
08/31/2025 06,43.44,51.13,9342
08/31/2025 07,38.62,51.16,9391
08/31/2025 08,23.26,51.17,9446
08/31/2025 09,20.9,51.18,9631
08/31/2025 10,21.34,51.18,9901
08/31/2025 11,21.34,51.19,10124
08/31/2025 12,20.75,51.19,10323
08/31/2025 13,22.84,51.17,10471
08/31/2025 14,24.46,51.08,10663
08/31/2025 15,22.85,51.08,10800
08/31/2025 16,22.09,51.08,10975
08/31/2025 17,21.6,51.09,11128
08/31/2025 18,22.1,51.09,11238
08/31/2025 19,23.15,51.09,11133
08/31/2025 20,50.15,50.29,10921
08/31/2025 21,50.6,49.14,10767
08/31/2025 22,67.08,48.94,10613
08/31/2025 23,31.31,48.95,10339
08/31/2025 24,48.06,48.93,10004
09/01/2025 01,25.31,48.85,9697
09/01/2025 02,24.8,48.53,9505
09/01/2025 03,24.76,48.41,9365
09/01/2025 04,24.86,48.41,9316
09/01/2025 05,28.74,48.41,9302
09/01/2025 06,33.56,48.43,9348
09/01/2025 07,36.11,48.42,9391
09/01/2025 08,30.33,48.41,9374
09/01/2025 09,23.1,48.42,9538
09/01/2025 10,21.74,48.42,9808
09/01/2025 11,22.59,48.43,10103
09/01/2025 12,24.97,48.43,10360
09/01/2025 13,25.28,48.37,10565
09/01/2025 14,25.08,48.36,10681
09/01/2025 15,32.79,48.36,10830
09/01/2025 16,34.82,48.39,10922
09/01/2025 17,53.91,48.45,11041
09/01/2025 18,47.76,48.46,11181
09/01/2025 19,64.83,48.44,11061
09/01/2025 20,58.29,48.38,10962
09/01/2025 21,292.08,48.67,10902
09/01/2025 22,414.95,49.22,10623
09/01/2025 23,568.23,49.95,10209
09/01/2025 24,24.66,49.8,9828
09/02/2025 01,28.8,49.74,9662
09/02/2025 02,29.28,49.74,9519
09/02/2025 03,22.15,49.74,9427
09/02/2025 04,26.15,49.75,9374
09/02/2025 05,27.17,49.77,9392
09/02/2025 06,36.57,49.81,9488
09/02/2025 07,70.94,49.88,9831
09/02/2025 08,68.84,49.97,10101
09/02/2025 09,65.57,50.05,10254
09/02/2025 10,83.89,50.15,10367
09/02/2025 11,82.8,50.25,10361
09/02/2025 12,48.01,50.3,10485
09/02/2025 13,68.52,50.35,10638
09/02/2025 14,70.76,50.41,10779
09/02/2025 15,72.16,50.48,10934
09/02/2025 16,104.85,50.61,10975
09/02/2025 17,79.77,50.7,11110
09/02/2025 18,61.11,50.77,11227
09/02/2025 19,163.56,50.97,11078
09/02/2025 20,553.03,51.72,10809
09/02/2025 21,866.54,52.91,10679
09/02/2025 22,539.02,53.63,10497
09/02/2025 23,29.82,53.6,10161
09/02/2025 24,24.82,53.54,9893
09/03/2025 01,21.29,53.54,9650
09/03/2025 02,15.68,53.52,9513
09/03/2025 03,9.28,53.51,9483
09/03/2025 04,8.12,53.51,9387
09/03/2025 05,6.89,53.49,9354
09/03/2025 06,9.65,53.48,9457
09/03/2025 07,14,53.47,9786
09/03/2025 08,1.71,53.45,10053
09/03/2025 09,2.84,53.43,10194
09/03/2025 10,13.75,53.43,10300
09/03/2025 11,33.79,53.47,10389
09/03/2025 12,54.49,53.53,10526
09/03/2025 13,38.89,53.56,10621
09/03/2025 14,58.6,53.63,10724
09/03/2025 15,78.81,53.71,10697
09/03/2025 16,70.82,53.79,10775
09/03/2025 17,260.18,54.13,10797
09/03/2025 18,47.19,54.19,10908
09/03/2025 19,53.64,54.25,10903
09/03/2025 20,58.04,54.32,10773
09/03/2025 21,30.59,54.35,10781
09/03/2025 22,32.82,54.37,10654
09/03/2025 23,27.48,54.39,10248
09/03/2025 24,15.11,54.23,9899
09/04/2025 01,9.97,54.18,9642
09/04/2025 02,7.07,54.16,9434
09/04/2025 03,4.69,54.14,9297
09/04/2025 04,1.68,54.12,9259
09/04/2025 05,0.53,54.1,9281
09/04/2025 06,1.06,54.07,9429
09/04/2025 07,4.99,53.98,9790
09/04/2025 08,8.37,53.87,10090
09/04/2025 09,7.75,53.82,10201
09/04/2025 10,5.5,53.8,10332
09/04/2025 11,6.91,53.78,10366
09/04/2025 12,7.75,53.77,10463
09/04/2025 13,7.65,53.75,10496
09/04/2025 14,9.54,53.73,10598
09/04/2025 15,7.77,53.65,10564
09/04/2025 16,6.44,53.59,10623
09/04/2025 17,7.72,53.5,10756
09/04/2025 18,8.14,53.31,10765
09/04/2025 19,16.49,52.17,10603
09/04/2025 20,59.72,51.23,10501
09/04/2025 21,65.79,50.43,10419
09/04/2025 22,65.93,49.68,10264
09/04/2025 23,71.25,49.7,9909
09/04/2025 24,83.47,49.78,9599
09/05/2025 01,48.03,49.82,9363
09/05/2025 02,51.54,49.87,9316
09/05/2025 03,66.19,49.94,9187
09/05/2025 04,62.1,50.01,9140
09/05/2025 05,60,50.07,9176
09/05/2025 06,75.85,50.15,9334
09/05/2025 07,117.54,50.29,9603
09/05/2025 08,71.43,50.33,9903
09/05/2025 09,39.61,50.36,10068
09/05/2025 10,23.83,50.38,10142
09/05/2025 11,22.51,50.39,10226
09/05/2025 12,23.23,50.39,10300
09/05/2025 13,23.08,50.39,10347
09/05/2025 14,30.74,50.41,10457
09/05/2025 15,32.27,50.4,10499
09/05/2025 16,32.43,50.39,10586
09/05/2025 17,32.15,50.41,10652
09/05/2025 18,46.4,50.45,10651
09/05/2025 19,161.28,50.65,10499
09/05/2025 20,137.03,50.82,10292
09/05/2025 21,30.27,50.84,10322
09/05/2025 22,24.14,50.86,10230
09/05/2025 23,16.17,50.88,9974
09/05/2025 24,9.57,50.88,9720
09/06/2025 01,5.65,50.88,9463
09/06/2025 02,1.45,50.87,9276
09/06/2025 03,1.36,50.86,9146
09/06/2025 04,6.93,50.86,9055
09/06/2025 05,9.76,50.87,8991
09/06/2025 06,12.31,50.88,9010
09/06/2025 07,16.36,50.89,9110
09/06/2025 08,13.83,50.9,9254
09/06/2025 09,16.89,50.92,9499
09/06/2025 10,20.26,50.95,9661
09/06/2025 11,22.45,50.98,9791
09/06/2025 12,22.43,51.01,9916
09/06/2025 13,19.47,51.03,10023
09/06/2025 14,19.17,51.03,10162
09/06/2025 15,23.03,51.04,10239
09/06/2025 16,34.68,51.07,10338
09/06/2025 17,34.33,51.09,10515
09/06/2025 18,54.63,51.14,10609
09/06/2025 19,93.67,51.25,10532
09/06/2025 20,56.57,51.31,10350
09/06/2025 21,25.31,51.33,10325
09/06/2025 22,6.51,51.33,10169
09/06/2025 23,9.7,51.33,9905
09/06/2025 24,6.11,51.33,9600
09/07/2025 01,10.7,51.33,9352
09/07/2025 02,17.01,51.34,9169
09/07/2025 03,21,51.35,9051
09/07/2025 04,22.85,51.37,8987
09/07/2025 05,31.17,51.4,8978
09/07/2025 06,49.86,51.46,8976
09/07/2025 07,36.39,51.49,9029
09/07/2025 08,21.07,51.52,9130
09/07/2025 09,9.14,51.52,9305
09/07/2025 10,18.91,51.54,9535
09/07/2025 11,20.13,51.56,9714
09/07/2025 12,21.21,51.58,9889
09/07/2025 13,22.37,51.62,10075
09/07/2025 14,39.58,51.67,10234
09/07/2025 15,43.06,51.73,10354
09/07/2025 16,27.09,51.77,10363
09/07/2025 17,27.17,51.8,10535
09/07/2025 18,44.81,51.86,10705
09/07/2025 19,65.65,51.94,10647
09/07/2025 20,80.36,52.05,10551
09/07/2025 21,86.53,52.16,10547
09/07/2025 22,79.85,52.25,10319
09/07/2025 23,36.89,52.3,9929
09/07/2025 24,49.71,52.36,9487
09/08/2025 01,21.47,52.38,9193
09/08/2025 02,9.2,52.39,9092
09/08/2025 03,5.98,52.4,9033
09/08/2025 04,21.81,52.43,8990
09/08/2025 05,22.59,52.46,8996
09/08/2025 06,42.2,52.52,9235
09/08/2025 07,198.95,52.79,9544
09/08/2025 08,76.81,52.9,9896
09/08/2025 09,141.08,53.09,10023
09/08/2025 10,63.8,53.16,10151
09/08/2025 11,82.61,53.26,10300
09/08/2025 12,40.5,53.3,10466
09/08/2025 13,214.04,53.57,10610
09/08/2025 14,709.92,54.54,10650
09/08/2025 15,752.75,55.56,10723
09/08/2025 16,831.11,56.69,10819
09/08/2025 17,933.61,57.96,10977
09/08/2025 18,999.99,59.33,11055
09/08/2025 19,999.99,60.69,10869
09/08/2025 20,999.99,61.88,10660
09/08/2025 21,980.07,62.9,10554
09/08/2025 22,944.93,63.84,10296
09/08/2025 23,681.05,64.72,9885
09/08/2025 24,63.86,64.78,9512
09/09/2025 01,35.52,64.78,9387
09/09/2025 02,33.78,64.79,9261
09/09/2025 03,23.83,64.8,9174
09/09/2025 04,23.75,64.82,9103
09/09/2025 05,23.75,64.82,9118
09/09/2025 06,24.08,64.79,9234
09/09/2025 07,38.65,64.82,9596
09/09/2025 08,39.93,64.85,9868
09/09/2025 09,28.39,64.87,9959
09/09/2025 10,23.94,64.88,10075
09/09/2025 11,24.25,64.89,10229
09/09/2025 12,31.26,64.92,10451
09/09/2025 13,25.5,64.93,10592
09/09/2025 14,37.85,64.96,10769
09/09/2025 15,44.94,65,10926
09/09/2025 16,54.66,65.06,11041
09/09/2025 17,58.61,65.12,11184
09/09/2025 18,47.11,65.16,11203
09/09/2025 19,213.5,65.43,10978
09/09/2025 20,93.15,65.5,10637
09/09/2025 21,25.66,65.45,10670
09/09/2025 22,15.15,65.42,10498
09/09/2025 23,9.77,65.43,10087
09/09/2025 24,11.15,65.44,9649
09/10/2025 01,11.94,65.45,9422
09/10/2025 02,10.62,65.45,9246
09/10/2025 03,8.56,65.44,9123
09/10/2025 04,9.17,65.43,8952
09/10/2025 05,8.52,65.43,8925
09/10/2025 06,10.56,65.44,9134
09/10/2025 07,68.11,65.53,9463
09/10/2025 08,101.83,65.66,9761
09/10/2025 09,32.63,65.69,9889
09/10/2025 10,31.55,65.73,10019
09/10/2025 11,70.98,65.82,10107
09/10/2025 12,52.86,65.88,10186
09/10/2025 13,63.25,65.95,10311
09/10/2025 14,42.63,65.99,10457
09/10/2025 15,38.97,66.02,10575
09/10/2025 16,88.26,66.12,10690
09/10/2025 17,35.76,66.15,10817
09/10/2025 18,39.12,66.18,10912
09/10/2025 19,239.05,66.5,10675
09/10/2025 20,214.84,66.57,10454
09/10/2025 21,855.23,67.46,10449
09/10/2025 22,548.41,67.37,10185
09/10/2025 23,48.01,67.31,9855
09/10/2025 24,37.42,67.21,9522
09/11/2025 01,46.35,67.23,9247
09/11/2025 02,26.84,67.2,9069
09/11/2025 03,32.04,67.21,8984
09/11/2025 04,26.59,67.22,8928
09/11/2025 05,45.48,67.26,8971
09/11/2025 06,77.19,67.33,9190
09/11/2025 07,137.83,67.48,9502
09/11/2025 08,59.12,67.55,9710
09/11/2025 09,22.56,67.56,9889
09/11/2025 10,17.81,67.57,10080
09/11/2025 11,20.13,67.58,10229
09/11/2025 12,19.05,67.59,10421
09/11/2025 13,20.51,67.6,10567
09/11/2025 14,22.63,67.6,10727
09/11/2025 15,24.89,67.61,10855
09/11/2025 16,24.06,67.61,10962
09/11/2025 17,28.8,67.62,11065
09/11/2025 18,621.05,68.42,11051
09/11/2025 19,950.53,69.68,10838
09/11/2025 20,970.02,70.77,10663
09/11/2025 21,962.18,71.83,10601
09/11/2025 22,900.06,73.05,10337
09/11/2025 23,341.93,73.5,9877
09/11/2025 24,133.31,73.67,9492
09/12/2025 01,43.52,73.71,9322
09/12/2025 02,32.89,73.74,9263
09/12/2025 03,25.96,73.76,9196
09/12/2025 04,27.16,73.78,9199
09/12/2025 05,34.22,73.81,9183
09/12/2025 06,62.36,73.88,9289
09/12/2025 07,88.29,73.97,9630
09/12/2025 08,29.69,73.99,9947
09/12/2025 09,19.34,73.99,10118
09/12/2025 10,17.48,73.99,10286
09/12/2025 11,17.91,73.99,10494
09/12/2025 12,17.11,74,10672
09/12/2025 13,16.75,74.01,10804
09/12/2025 14,17.29,74.04,10880
09/12/2025 15,17.87,74.06,10923
09/12/2025 16,17.34,74.08,10996
09/12/2025 17,16.2,74.11,11116
09/12/2025 18,35.05,74.16,11103
09/12/2025 19,93.15,74.28,10916
09/12/2025 20,43.31,74.34,10712
09/12/2025 21,17.61,74.37,10681
09/12/2025 22,16.39,74.39,10448
09/12/2025 23,15.31,74.41,10148
09/12/2025 24,15.63,74.42,9771
09/13/2025 01,26.57,74.45,9507
09/13/2025 02,31.9,74.49,9293
09/13/2025 03,19.34,74.51,9229
09/13/2025 04,14.79,74.52,9134
09/13/2025 05,20.1,74.53,9129
09/13/2025 06,30.18,74.55,9148
09/13/2025 07,43.12,74.59,9272
09/13/2025 08,34.99,74.62,9371
09/13/2025 09,20.87,74.64,9600
09/13/2025 10,17.52,74.65,9808
09/13/2025 11,15.77,74.66,10053
09/13/2025 12,16.22,74.66,10231
09/13/2025 13,18.93,74.68,10402
09/13/2025 14,25.22,74.7,10536
09/13/2025 15,41.94,74.75,10664
09/13/2025 16,24.46,74.76,10717
09/13/2025 17,58.53,74.83,10853
09/13/2025 18,379.29,75.35,10827
09/13/2025 19,694.49,76.3,10586
09/13/2025 20,246.96,76.62,10312
09/13/2025 21,53.99,76.66,10308
09/13/2025 22,14.37,76.6,10191
09/13/2025 23,15.91,76.58,9939
09/13/2025 24,9.41,76.56,9707
09/14/2025 01,9.08,76.55,9495
09/14/2025 02,13.19,76.54,9293
09/14/2025 03,13.41,76.53,9138
09/14/2025 04,13.17,76.53,9010
09/14/2025 05,12.82,76.53,8981
09/14/2025 06,13.43,76.53,8993
09/14/2025 07,13.05,76.52,9119
09/14/2025 08,11.15,76.53,9188
09/14/2025 09,10.54,76.53,9348
09/14/2025 10,11.27,76.53,9550
09/14/2025 11,11.69,76.53,9747
09/14/2025 12,10.74,76.54,9919
09/14/2025 13,9.65,76.54,10101
09/14/2025 14,12.58,76.55,10268
09/14/2025 15,21.96,76.58,10378
09/14/2025 16,25.29,76.62,10514
09/14/2025 17,67.19,76.71,10710
09/14/2025 18,180.9,76.96,10847
09/14/2025 19,129.01,77.14,10733
09/14/2025 20,226.62,77.44,10564
09/14/2025 21,50.35,77.49,10536
09/14/2025 22,17.86,77.49,10320
09/14/2025 23,10.17,77.49,10019
09/14/2025 24,6.23,77.48,9603
09/15/2025 01,4.2,77.47,9412
09/15/2025 02,5.62,77.46,9256
09/15/2025 03,9.08,77.45,9188
09/15/2025 04,7.14,77.44,9142
09/15/2025 05,5.58,77.44,9193
09/15/2025 06,4.36,77.43,9333
09/15/2025 07,9.16,77.44,9714
09/15/2025 08,13.57,77.44,10049
09/15/2025 09,14.88,77.46,10208
09/15/2025 10,15.42,77.47,10329
09/15/2025 11,15.16,77.48,10381
09/15/2025 12,9.56,77.49,10543
09/15/2025 13,8.16,77.5,10659
09/15/2025 14,11.54,77.51,10762
09/15/2025 15,13.68,77.53,10808
09/15/2025 16,11.44,77.55,10908
09/15/2025 17,8.15,77.56,11065
09/15/2025 18,6.35,77.57,11140
09/15/2025 19,17.54,77.59,10923
09/15/2025 20,50.44,77.66,10724
09/15/2025 21,137.74,77.84,10630
09/15/2025 22,17.72,77.86,10413
09/15/2025 23,10.61,77.87,10003
09/15/2025 24,19.68,77.9,9617
09/16/2025 01,16.45,77.92,9426
09/16/2025 02,21.52,77.95,9294
09/16/2025 03,17.53,77.98,9150
09/16/2025 04,45.55,78.04,9139
09/16/2025 05,92.71,78.17,9185
09/16/2025 06,95.57,78.3,9265
09/16/2025 07,239.07,78.63,9619
09/16/2025 08,285.09,79.02,9846
09/16/2025 09,52.87,79.08,9988
09/16/2025 10,10.93,79.08,10156
09/16/2025 11,18.06,79.1,10313
09/16/2025 12,18.8,79.11,10410
09/16/2025 13,18.81,79.12,10484
09/16/2025 14,19.08,79.13,10513
09/16/2025 15,19.62,79.13,10613
09/16/2025 16,19.54,79.14,10771
09/16/2025 17,66.92,79.21,10961
09/16/2025 18,643.65,80.08,10955
09/16/2025 19,975.79,81.34,10774
09/16/2025 20,984.33,82.36,10533
09/16/2025 21,971.31,82.8,10481
09/16/2025 22,386.35,83.27,10167
09/16/2025 23,19.54,83.25,9902
09/16/2025 24,14.22,83.24,9607
09/17/2025 01,15.15,83.24,9328
09/17/2025 02,13.03,83.23,9227
09/17/2025 03,14.24,83.23,9160
09/17/2025 04,14.16,83.23,9157
09/17/2025 05,10.49,83.22,9221
09/17/2025 06,11.99,83.2,9380
09/17/2025 07,15.91,83.2,9729
09/17/2025 08,18.07,83.18,10041
09/17/2025 09,11.31,83.17,10174
09/17/2025 10,12.22,83.15,10263
09/17/2025 11,14.37,83.14,10318
09/17/2025 12,14.74,83.14,10401
09/17/2025 13,14.86,83.13,10554
09/17/2025 14,15.2,83.12,10734
09/17/2025 15,15.99,83.12,10824
09/17/2025 16,16.74,83.12,11018
09/17/2025 17,16.8,83.11,11147
09/17/2025 18,16.76,83.11,11216
09/17/2025 19,33.01,83.09,11117
09/17/2025 20,38.28,82.86,10929
09/17/2025 21,7.13,82.46,10967
09/17/2025 22,0.43,82.39,10631
09/17/2025 23,0,82.34,10198
09/17/2025 24,1.3,82.27,9785
09/18/2025 01,0,82.23,9486
09/18/2025 02,0,82.21,9349
09/18/2025 03,0,82.18,9194
09/18/2025 04,0,82.15,9168
09/18/2025 05,0,82.12,9189
09/18/2025 06,2.17,82.09,9347
09/18/2025 07,9.91,82.06,9705
09/18/2025 08,10.34,82,10024
09/18/2025 09,10.62,81.99,10163
09/18/2025 10,12.48,81.99,10225
09/18/2025 11,15.44,81.99,10332
09/18/2025 12,15.39,81.99,10435
09/18/2025 13,16.9,81.98,10517
09/18/2025 14,16.61,81.98,10578
09/18/2025 15,16.91,81.97,10648
09/18/2025 16,16.57,81.91,10729
09/18/2025 17,15.32,81.89,10795
09/18/2025 18,58.18,81.83,10849
09/18/2025 19,519.68,82.5,10609
09/18/2025 20,82.32,81.47,10470
09/18/2025 21,16.19,80.41,10490
09/18/2025 22,10.29,80.35,10319
09/18/2025 23,13.25,80.32,9956
09/18/2025 24,15.69,80.31,9568
09/19/2025 01,28.01,80.3,9355
09/19/2025 02,68.79,80.36,9240
09/19/2025 03,33.9,80.39,9174
09/19/2025 04,17.63,80.39,9144
09/19/2025 05,19.13,80.4,9198
09/19/2025 06,81.74,80.49,9346
09/19/2025 07,86.14,80.59,9685
09/19/2025 08,79.8,80.68,10010
09/19/2025 09,22.35,80.7,10133
09/19/2025 10,15.61,80.71,10287
09/19/2025 11,14.91,80.71,10375
09/19/2025 12,15.06,80.72,10505
09/19/2025 13,29.1,80.74,10597
09/19/2025 14,60.56,80.81,10702
09/19/2025 15,66.73,80.87,10753
09/19/2025 16,77.2,80.95,10828
09/19/2025 17,629.74,81.8,10803
09/19/2025 18,897.23,83.02,10688
09/19/2025 19,957.7,84.34,10489
09/19/2025 20,972.38,85.68,10411
09/19/2025 21,951.9,86.97,10371
09/19/2025 22,347.78,87.42,10075
09/19/2025 23,24.63,87.43,9820
09/19/2025 24,14.48,87.43,9642
09/20/2025 01,12.27,87.43,9414
09/20/2025 02,11.88,87.44,9237
09/20/2025 03,13.24,87.45,9157
09/20/2025 04,12.22,87.46,9090
09/20/2025 05,11.44,87.45,9056
09/20/2025 06,11.26,87.44,9080
09/20/2025 07,11.51,87.42,9208
09/20/2025 08,11.52,87.41,9348
09/20/2025 09,10.23,87.4,9566
09/20/2025 10,8.53,87.38,9781
09/20/2025 11,9.04,87.37,9981
09/20/2025 12,8.41,87.36,10225
09/20/2025 13,8.2,87.35,10341
09/20/2025 14,8.37,87.34,10434
09/20/2025 15,8.4,87.33,10587
09/20/2025 16,9.83,87.33,10741
09/20/2025 17,12.38,87.33,10854
09/20/2025 18,12.76,87.34,10886
09/20/2025 19,28.68,87.36,10696
09/20/2025 20,29.15,87.39,10519
09/20/2025 21,14.94,87.38,10442
09/20/2025 22,10.29,87.38,10224
09/20/2025 23,3.09,87.36,9984
09/20/2025 24,0,87.35,9691
09/21/2025 01,0,87.33,9398
09/21/2025 02,1.75,87.33,9204
09/21/2025 03,1.08,87.32,9116
09/21/2025 04,0.46,87.31,9052
09/21/2025 05,1,87.31,9028
09/21/2025 06,4.47,87.3,9027
09/21/2025 07,6.27,87.29,9122
09/21/2025 08,2.85,87.28,9249
09/21/2025 09,0,87.25,9441
09/21/2025 10,0,87.23,9636
09/21/2025 11,0,87.2,9894
09/21/2025 12,0,87.17,10111
09/21/2025 13,0,87.14,10334
09/21/2025 14,0,87.11,10436
09/21/2025 15,0,87.08,10490
09/21/2025 16,0,87.06,10487
09/21/2025 17,0,87.03,10554
09/21/2025 18,0,87,10586
09/21/2025 19,0,86.96,10450
09/21/2025 20,0,86.87,10363
09/21/2025 21,0,86.79,10377
09/21/2025 22,0,86.71,10121
09/21/2025 23,0,86.68,9722
09/21/2025 24,0,86.65,9365
09/22/2025 01,0,86.61,9170
09/22/2025 02,0,86.58,9124
09/22/2025 03,0,86.56,9092
09/22/2025 04,0,86.53,9040
09/22/2025 05,1.91,86.51,9042
09/22/2025 06,6.85,86.49,9221
09/22/2025 07,11.43,86.48,9667
09/22/2025 08,32.95,86.49,10008
09/22/2025 09,20.51,86.49,10099
09/22/2025 10,12.8,86.49,10139
09/22/2025 11,14.05,86.48,10150
09/22/2025 12,13.73,86.48,10251
09/22/2025 13,52.8,86.53,10291
09/22/2025 14,30.22,86.55,10372
09/22/2025 15,14.12,86.53,10456
09/22/2025 16,11.98,86.51,10560
09/22/2025 17,13.84,86.5,10651
09/22/2025 18,17.1,86.5,10742
09/22/2025 19,94.55,86.59,10567
09/22/2025 20,39.44,86.58,10454
09/22/2025 21,6.29,86.55,10484
09/22/2025 22,0.08,86.53,10189
09/22/2025 23,0,86.52,9832
09/22/2025 24,0,86.52,9526
09/23/2025 01,0,86.52,9311
09/23/2025 02,0,86.52,9177
09/23/2025 03,0,86.52,9033
09/23/2025 04,0,86.52,8997
09/23/2025 05,0,86.52,9058
09/23/2025 06,0,86.52,9198
09/23/2025 07,0.02,86.51,9567
09/23/2025 08,0.01,86.51,9900
09/23/2025 09,0,86.51,10009
09/23/2025 10,0.25,86.51,10147
09/23/2025 11,2.66,86.5,10228
09/23/2025 12,4.83,86.48,10331
09/23/2025 13,7.14,86.47,10398
09/23/2025 14,8.26,86.46,10498
09/23/2025 15,8.58,86.45,10590
09/23/2025 16,9.11,86.42,10657
09/23/2025 17,16.45,86.4,10835
09/23/2025 18,444.11,86.98,10880
09/23/2025 19,900.68,87.8,10571
09/23/2025 20,736.88,87.94,10460
09/23/2025 21,13.55,87.53,10504
09/23/2025 22,4.19,87.5,10332
09/23/2025 23,1.59,87.49,9986
09/23/2025 24,0,87.48,9602
09/24/2025 01,0,87.47,9304
09/24/2025 02,0,87.46,9125
09/24/2025 03,0,87.44,9011
09/24/2025 04,0,87.43,8964
09/24/2025 05,0,87.41,8976
09/24/2025 06,0,87.38,9126
09/24/2025 07,0,87.32,9549
09/24/2025 08,0,87.28,9904
09/24/2025 09,0,87.26,10041
09/24/2025 10,0,87.23,10104
09/24/2025 11,0,87.18,10248
09/24/2025 12,0,87.13,10369
09/24/2025 13,0,87.06,10416
09/24/2025 14,0,86.92,10383
09/24/2025 15,1.42,86.84,10364
09/24/2025 16,6.45,86.75,10338
09/24/2025 17,9.23,86.61,10442
09/24/2025 18,349.27,86.84,10428
09/24/2025 19,486.45,86.53,10164
09/24/2025 20,932.1,86.56,10131
09/24/2025 21,928.41,86.73,10135
09/24/2025 22,895.33,87.88,9899
09/24/2025 23,169.75,88.07,9611
09/24/2025 24,33.71,88.09,9354
09/25/2025 01,13.97,88.08,9251
09/25/2025 02,8.78,88.07,9225
09/25/2025 03,5.06,88.05,9095
09/25/2025 04,3.92,88.03,9005
09/25/2025 05,6.28,88.01,9078
09/25/2025 06,7.43,87.99,9255
09/25/2025 07,7.2,87.97,9673
09/25/2025 08,2.98,87.95,10019
09/25/2025 09,0,87.92,10178
09/25/2025 10,0,87.89,10161
09/25/2025 11,0,87.86,10151
09/25/2025 12,0,87.81,10188
09/25/2025 13,0,87.77,10200
09/25/2025 14,0,87.7,10222
09/25/2025 15,0,87.63,10239
09/25/2025 16,0,87.54,10354
09/25/2025 17,0,86.81,10513
09/25/2025 18,0,86.61,10586
09/25/2025 19,0,85.86,10454
09/25/2025 20,0,84.61,10444
09/25/2025 21,0,83.54,10425
09/25/2025 22,0,83.47,10113
09/25/2025 23,0,83.45,9752
09/25/2025 24,0,83.43,9480
09/26/2025 01,0,83.42,9305
09/26/2025 02,0,83.42,9215
09/26/2025 03,0,83.42,9140
09/26/2025 04,0,83.4,9110
09/26/2025 05,0,83.37,9140
09/26/2025 06,0,83.33,9283
09/26/2025 07,4.89,83.3,9672
09/26/2025 08,26.49,83.29,10016
09/26/2025 09,17.42,83.29,10162
09/26/2025 10,5.13,83.26,10195
09/26/2025 11,5.34,83.23,10248
09/26/2025 12,3.42,83.19,10265
09/26/2025 13,1.17,83.14,10308
09/26/2025 14,0,83.09,10307
09/26/2025 15,0,83.05,10335
09/26/2025 16,0,83.02,10286
09/26/2025 17,0,82.95,10363
09/26/2025 18,1.72,82.83,10370
09/26/2025 19,20.39,82.48,10177
09/26/2025 20,72.02,81.85,10090
09/26/2025 21,17.78,81.77,10089
09/26/2025 22,4.76,81.73,9921
09/26/2025 23,0.16,81.7,9695
09/26/2025 24,0,81.68,9428
09/27/2025 01,0,81.66,9240
09/27/2025 02,0,81.65,9125
09/27/2025 03,0,81.64,8989
09/27/2025 04,0,81.62,8954
09/27/2025 05,0,81.6,8967
09/27/2025 06,0,81.56,9005
09/27/2025 07,0,81.49,9176
09/27/2025 08,0,81.42,9398
09/27/2025 09,0,81.39,9544
09/27/2025 10,0,81.35,9727
09/27/2025 11,0,81.3,9839
09/27/2025 12,0,81.16,9922
09/27/2025 13,2.97,81.1,9912
09/27/2025 14,8.87,80.85,9888
09/27/2025 15,1.44,80.77,9871
09/27/2025 16,0,80.57,9931
09/27/2025 17,0,79.62,10022
09/27/2025 18,0.39,79.27,10137
09/27/2025 19,2.41,78.18,10082
09/27/2025 20,1.77,77.16,10105
09/27/2025 21,1.99,77.03,10097
09/27/2025 22,0,76.47,9880
09/27/2025 23,0,76.41,9656
09/27/2025 24,0,76.37,9432
09/28/2025 01,0,76.33,9218
09/28/2025 02,0,76.28,9111
09/28/2025 03,0,76.2,9087
09/28/2025 04,0,76.15,9047
09/28/2025 05,0,76.12,9030
09/28/2025 06,0,76.07,9048
09/28/2025 07,0.58,76.02,9177
09/28/2025 08,10.94,75.99,9291
09/28/2025 09,30.28,76,9471
09/28/2025 10,25,76,9613
09/28/2025 11,24.15,76,9671
09/28/2025 12,15.89,75.99,9711
09/28/2025 13,20.29,75.95,9717
09/28/2025 14,25.66,75.88,9753
09/28/2025 15,29.24,75.83,9805
09/28/2025 16,20.44,75.78,9782
09/28/2025 17,18.42,75.69,9890
09/28/2025 18,29.13,75.53,10022
09/28/2025 19,46.96,74.93,9979
09/28/2025 20,48.76,73.87,10019
09/28/2025 21,19.13,73.8,10076
09/28/2025 22,18.67,73.78,9889
09/28/2025 23,15.38,73.77,9655
09/28/2025 24,7.84,73.75,9407
09/29/2025 01,4.01,73.72,9233
09/29/2025 02,0.35,73.66,9089
09/29/2025 03,0.01,73.61,9003
09/29/2025 04,0.01,73.56,8982
09/29/2025 05,0.77,73.51,9013
09/29/2025 06,2.93,73.47,9200
09/29/2025 07,8.43,73.44,9593
09/29/2025 08,11.17,73.43,9990
09/29/2025 09,7.66,73.42,10121
09/29/2025 10,2.36,73.4,10231
09/29/2025 11,8.25,73.38,10296
09/29/2025 12,7.53,73.35,10395
09/29/2025 13,6.19,73.31,10503
09/29/2025 14,2.03,73.25,10531
09/29/2025 15,5.11,73.21,10605
09/29/2025 16,6.02,73.18,10690
09/29/2025 17,6.77,73.15,10769
09/29/2025 18,5.58,73.08,10752
09/29/2025 19,9.68,72.94,10547
09/29/2025 20,11.11,72.82,10640
09/29/2025 21,10.93,72.74,10552
09/29/2025 22,6.5,72.72,10232
09/29/2025 23,4.57,72.68,9888
09/29/2025 24,17.3,72.58,9526
09/30/2025 01,16.92,72.57,9277
09/30/2025 02,22.14,72.57,9078
09/30/2025 03,65.78,72.63,8973
09/30/2025 04,138.61,72.77,8847
09/30/2025 05,210.81,72.98,8797
09/30/2025 06,80.83,73.04,8893
09/30/2025 07,225.67,73.3,9181
09/30/2025 08,66.68,73.36,9501
09/30/2025 09,69.74,73.42,9755
09/30/2025 10,25.38,73.43,9966
09/30/2025 11,24.31,73.43,10123
09/30/2025 12,22.92,73.44,10228
09/30/2025 13,22.18,73.44,10269
09/30/2025 14,21.76,73.43,10371
09/30/2025 15,17.51,73.42,10390
09/30/2025 16,11.08,73.41,10461
09/30/2025 17,8.62,73.39,10539
09/30/2025 18,2.31,73.36,10563
09/30/2025 19,5.35,73.34,10434
09/30/2025 20,5.73,73.28,10523
09/30/2025 21,6.34,73.22,10433
09/30/2025 22,10.72,73.14,10151
09/30/2025 23,10.47,73.11,9818
09/30/2025 24,3.49,73.05,9494
10/01/2025 01,2.5,73.01,9315
10/01/2025 02,1.66,72.98,9158
10/01/2025 03,1.61,72.95,9074
10/01/2025 04,0.11,72.92,8918
10/01/2025 05,0.94,72.88,8925
10/01/2025 06,5.27,72.84,9101
10/01/2025 07,5.91,72.8,9528
10/01/2025 08,6.94,72.76,10010
10/01/2025 09,8.48,72.74,10122
10/01/2025 10,6.54,72.72,10155
10/01/2025 11,0.23,72.69,10251
10/01/2025 12,1.81,72.66,10240
10/01/2025 13,0.82,72.62,10271
10/01/2025 14,0.32,72.59,10254
10/01/2025 15,0,72.54,10256
10/01/2025 16,0,72.5,10345
10/01/2025 17,0,72.42,10469
10/01/2025 18,2.96,72.36,10464
10/01/2025 19,19.72,72.3,10257
10/01/2025 20,54.06,72.29,10313
10/01/2025 21,20.75,71.91,10255
10/01/2025 22,9.07,71.35,10028
10/01/2025 23,5.73,70.57,9715
10/01/2025 24,12.27,70.55,9465
10/02/2025 01,16.19,70.53,9282
10/02/2025 02,15.47,70.52,9155
10/02/2025 03,13.51,70.5,9075
10/02/2025 04,17.05,70.49,9064
10/02/2025 05,18.62,70.48,9134
10/02/2025 06,18.37,70.45,9314
10/02/2025 07,22.1,70.39,9729
10/02/2025 08,38.78,70.34,10132
10/02/2025 09,30.87,70.3,10217
10/02/2025 10,24.23,70.21,10205
10/02/2025 11,24.57,70.13,10278
10/02/2025 12,18.46,70.09,10361
10/02/2025 13,26.36,70.03,10355
10/02/2025 14,30.22,69.98,10395
10/02/2025 15,26.55,69.91,10331
10/02/2025 16,26.03,69.8,10382
10/02/2025 17,26,69.73,10436
10/02/2025 18,28.35,69.68,10452
10/02/2025 19,155.11,69.67,10278
10/02/2025 20,155.57,69.12,10265
10/02/2025 21,31.18,67.96,10191
10/02/2025 22,26.72,67.25,9970
10/02/2025 23,33.8,67.25,9691
10/02/2025 24,34.14,67.27,9438
10/03/2025 01,34.16,67.28,9218
10/03/2025 02,27.8,67.3,9093
10/03/2025 03,24.98,67.32,9101
10/03/2025 04,20.61,67.34,9073
10/03/2025 05,19.6,67.36,9102
10/03/2025 06,22.43,67.38,9267
10/03/2025 07,36.44,67.41,9617
10/03/2025 08,60.02,67.49,10009
10/03/2025 09,41.94,67.54,10095
10/03/2025 10,33.16,67.57,10170
10/03/2025 11,30.94,67.56,10132
10/03/2025 12,28.87,67.53,10165
10/03/2025 13,29.06,67.52,10178
10/03/2025 14,27.9,67.47,10203
10/03/2025 15,24.41,67.4,10213
10/03/2025 16,15.11,67.32,10271
10/03/2025 17,12.87,66.98,10294
10/03/2025 18,31.37,66.95,10229
10/03/2025 19,84.6,67,10071
10/03/2025 20,227.1,67.23,10144
10/03/2025 21,32.14,67.23,10123
10/03/2025 22,26.92,67.23,10009
10/03/2025 23,29.48,67.23,9794
10/03/2025 24,17.07,67.23,9491
10/04/2025 01,17.19,67.24,9281
10/04/2025 02,23.05,67.26,9189
10/04/2025 03,24.75,67.29,9144
10/04/2025 04,22.26,67.32,9056
10/04/2025 05,18.1,67.34,9032
10/04/2025 06,18.6,67.37,9068
10/04/2025 07,15.46,67.38,9215
10/04/2025 08,12.23,67.39,9407
10/04/2025 09,20.42,67.41,9566
10/04/2025 10,49.7,67.47,9780
10/04/2025 11,162.82,67.68,9834
10/04/2025 12,86.24,67.79,9823
10/04/2025 13,27.15,67.82,9856
10/04/2025 14,20.59,67.84,9917
10/04/2025 15,21.25,67.85,9907
10/04/2025 16,23.82,67.88,9899
10/04/2025 17,25.39,67.9,10017
10/04/2025 18,19.86,67.92,10130
10/04/2025 19,22.72,67.93,10124
10/04/2025 20,27.06,67.88,10192
10/04/2025 21,122.5,67.96,10089
10/04/2025 22,18.42,67.9,9978
10/04/2025 23,8.55,67.81,9792
10/04/2025 24,0,67.69,9588
10/05/2025 01,0,67.63,9416
10/05/2025 02,0,67.55,9275
10/05/2025 03,0,67.46,9207
10/05/2025 04,0,67.38,9167
10/05/2025 05,0,67.29,9174
10/05/2025 06,10.2,67.2,9224
10/05/2025 07,11.47,67.05,9308
10/05/2025 08,15.6,66.98,9440
10/05/2025 09,28.61,66.96,9603
10/05/2025 10,35.81,66.98,9741
10/05/2025 11,18.69,66.97,9805
10/05/2025 12,12.49,66.96,9773
10/05/2025 13,16.6,66.95,9718
10/05/2025 14,14.42,66.93,9678
10/05/2025 15,8.22,66.89,9654
10/05/2025 16,6.07,66.86,9681
10/05/2025 17,0.97,66.81,9792
10/05/2025 18,12.29,66.77,9935
10/05/2025 19,33.79,66.59,9962
10/05/2025 20,64.05,66.49,10088
10/05/2025 21,22.56,66.48,10083
10/05/2025 22,12.12,66.46,9934
10/05/2025 23,3.28,66.44,9695
10/05/2025 24,3.64,66.43,9479
10/06/2025 01,4.51,66.43,9321
10/06/2025 02,6.63,66.44,9222
10/06/2025 03,9.1,66.45,9151
10/06/2025 04,10.96,66.46,9153
10/06/2025 05,17.7,66.47,9217
10/06/2025 06,19.87,66.48,9387
10/06/2025 07,22.46,66.49,9767
10/06/2025 08,24.12,66.5,10180
10/06/2025 09,36.11,66.53,10341
10/06/2025 10,22.52,66.53,10460
10/06/2025 11,22.35,66.53,10478
10/06/2025 12,21.99,66.53,10499
10/06/2025 13,22.88,66.53,10395
10/06/2025 14,20.99,66.54,10306
10/06/2025 15,24.78,66.54,10339
10/06/2025 16,26.96,66.53,10343
10/06/2025 17,209.8,66.77,10386
10/06/2025 18,600.2,67.53,10344
10/06/2025 19,901.35,68.65,10207
10/06/2025 20,946.14,69.89,10241
10/06/2025 21,310.92,70.28,10148
10/06/2025 22,24.79,70.31,10026
10/06/2025 23,13.68,70.31,9844
10/06/2025 24,21.36,70.34,9566
10/07/2025 01,15.14,70.34,9420
10/07/2025 02,10.79,70.33,9313
10/07/2025 03,8.08,70.32,9242
10/07/2025 04,7.68,70.29,9244
10/07/2025 05,11.64,70.27,9234
10/07/2025 06,16.44,70.22,9377
10/07/2025 07,19.98,70.2,9735
10/07/2025 08,26.03,70.2,10113
10/07/2025 09,22.43,70.22,10228
10/07/2025 10,15.27,70.22,10264
10/07/2025 11,17.56,70.21,10327
10/07/2025 12,20.48,70.21,10386
10/07/2025 13,13.29,70.2,10437
10/07/2025 14,8.67,70.16,10449
10/07/2025 15,6.91,70.11,10451
10/07/2025 16,4.01,70.08,10482
10/07/2025 17,0.4,70.04,10589
10/07/2025 18,10.65,69.99,10563
10/07/2025 19,7.04,69.91,10431
10/07/2025 20,2.75,69.8,10612
10/07/2025 21,0.01,69.68,10540
10/07/2025 22,0.01,69.57,10316
10/07/2025 23,0,69.52,9939
10/07/2025 24,0,69.45,9685
10/08/2025 01,0,69.42,9434
10/08/2025 02,0,69.41,9281
10/08/2025 03,0,69.4,9145
10/08/2025 04,0,69.37,9141
10/08/2025 05,0,69.34,9168
10/08/2025 06,0,69.28,9360
10/08/2025 07,5.72,69.01,9706
10/08/2025 08,8.21,68.92,10076
10/08/2025 09,3,68.72,10298
10/08/2025 10,0,68.64,10336
10/08/2025 11,1.08,68.52,10409
10/08/2025 12,19.48,68.49,10321
10/08/2025 13,27.81,68.23,10266
10/08/2025 14,29.62,67.29,10212
10/08/2025 15,25.32,66.28,10220
10/08/2025 16,21.24,65.15,10267
10/08/2025 17,24.2,63.89,10283
10/08/2025 18,204.55,62.79,10266
10/08/2025 19,843.9,62.57,10084
10/08/2025 20,223.32,61.49,10182
10/08/2025 21,60.69,60.21,10161
10/08/2025 22,44.81,58.96,10081
10/08/2025 23,23.73,58.05,9903
10/08/2025 24,20.9,57.99,9655
10/09/2025 01,26.6,57.98,9551
10/09/2025 02,21.65,57.96,9405
10/09/2025 03,18.33,57.95,9344
10/09/2025 04,16.62,57.94,9312
10/09/2025 05,27.23,57.95,9399
10/09/2025 06,35.81,57.97,9459
10/09/2025 07,417.02,58.49,9739
10/09/2025 08,832.79,59.59,9989
10/09/2025 09,449.96,60.18,10096
10/09/2025 10,33.71,60.19,10259
10/09/2025 11,25.17,60.19,10265
10/09/2025 12,21.59,60.18,10271
10/09/2025 13,20.9,60.17,10206
10/09/2025 14,21.35,60.15,10182
10/09/2025 15,19.71,60.11,10162
10/09/2025 16,20,60.07,10221
10/09/2025 17,24.42,60.02,10302
10/09/2025 18,37.32,60.01,10299
10/09/2025 19,75.68,59.81,10239
10/09/2025 20,47.46,59.75,10355
10/09/2025 21,30.96,59.76,10319
10/09/2025 22,29.67,59.78,10138
10/09/2025 23,27.41,59.8,9847
10/09/2025 24,22.03,59.82,9548
10/10/2025 01,23.4,59.83,9397
10/10/2025 02,21.88,59.85,9321
10/10/2025 03,21.21,59.87,9210
10/10/2025 04,19.14,59.88,9181
10/10/2025 05,20.45,59.9,9202
10/10/2025 06,26.47,59.92,9352
10/10/2025 07,41.43,59.88,9719
10/10/2025 08,53.7,59.82,10074
10/10/2025 09,36.43,59.82,10244
10/10/2025 10,20.3,59.81,10308
10/10/2025 11,27.43,59.74,10248
10/10/2025 12,27.51,59.71,10177
10/10/2025 13,24.28,59.66,10145
10/10/2025 14,17.89,59.62,10231
10/10/2025 15,11.29,59.58,10240
10/10/2025 16,10.07,59.47,10359
10/10/2025 17,17.83,59.45,10400
10/10/2025 18,307.46,59.82,10386
10/10/2025 19,274.98,59.87,10135
10/10/2025 20,30.92,59.62,10289
10/10/2025 21,19.47,58.46,10191
10/10/2025 22,14.37,57.71,10072
10/10/2025 23,12.36,57.66,9867
10/10/2025 24,5.11,57.62,9609
10/11/2025 01,0.3,57.56,9401
10/11/2025 02,4.48,57.52,9213
10/11/2025 03,6.59,57.49,9127
10/11/2025 04,7.78,57.46,9066
10/11/2025 05,7.75,57.41,9025
10/11/2025 06,6.19,57.31,9065
10/11/2025 07,6.76,57.13,9247
10/11/2025 08,7.69,57.06,9497
10/11/2025 09,8.24,57.04,9681
10/11/2025 10,6.88,57.02,9875
10/11/2025 11,5.86,57,9941
10/11/2025 12,5.84,56.99,10011
10/11/2025 13,5.74,56.96,10062
10/11/2025 14,0,56.93,10066
10/11/2025 15,0,56.9,10202
10/11/2025 16,0,56.87,10265
10/11/2025 17,0,56.83,10266
10/11/2025 18,0,55.96,10234
10/11/2025 19,0.28,54.64,10248
10/11/2025 20,5.69,53.3,10332
10/11/2025 21,5.74,51.98,10323
10/11/2025 22,5.63,50.73,10169
10/11/2025 23,1.84,50.26,9887
10/11/2025 24,0,50.08,9662
10/12/2025 01,0,50.01,9464
10/12/2025 02,0,49.97,9309
10/12/2025 03,0,49.93,9260
10/12/2025 04,0,49.9,9234
10/12/2025 05,0,49.85,9256
10/12/2025 06,0.01,49.76,9305
10/12/2025 07,3.94,49.64,9449
10/12/2025 08,6.37,49.61,9646
10/12/2025 09,7.36,49.6,9844
10/12/2025 10,7.76,49.58,10052
10/12/2025 11,15.39,49.58,10248
10/12/2025 12,14.86,49.57,10338
10/12/2025 13,16.84,49.58,10422
10/12/2025 14,11.07,49.57,10434
10/12/2025 15,11.18,49.56,10376
10/12/2025 16,11.38,49.55,10344
10/12/2025 17,11.45,49.54,10405
10/12/2025 18,13.29,49.51,10375
10/12/2025 19,16.95,49.41,10313
10/12/2025 20,11.49,49.36,10346
10/12/2025 21,16,49.36,10257
10/12/2025 22,16.37,49.36,10134
10/12/2025 23,20.62,49.37,9945
10/12/2025 24,18.15,49.37,9727
10/13/2025 01,14.32,49.35,9546
10/13/2025 02,18.93,49.34,9436
10/13/2025 03,24.78,49.34,9392
10/13/2025 04,26.38,49.36,9400
10/13/2025 05,29.48,49.37,9374
10/13/2025 06,26.23,49.37,9423
10/13/2025 07,25.72,49.34,9607
10/13/2025 08,32.65,49.34,9835
10/13/2025 09,37.11,49.36,9882
10/13/2025 10,29.13,49.38,10021
10/13/2025 11,22.98,49.39,10153
10/13/2025 12,22.98,49.4,10237
10/13/2025 13,24.53,49.41,10285
10/13/2025 14,36.89,49.42,10263
10/13/2025 15,37.65,49.42,10237
10/13/2025 16,38.53,49.44,10263
10/13/2025 17,46.39,49.42,10313
10/13/2025 18,46.79,48.96,10389
10/13/2025 19,47.27,48.06,10363
10/13/2025 20,41.98,47.77,10465
10/13/2025 21,38.8,47.75,10419
10/13/2025 22,33.28,47.78,10289
10/13/2025 23,46.16,47.82,9985
10/13/2025 24,24.17,47.84,9734
10/14/2025 01,23.36,47.86,9609
10/14/2025 02,36.11,47.89,9607
10/14/2025 03,39.08,47.93,9528
10/14/2025 04,42.33,47.97,9538
10/14/2025 05,42.3,48.01,9596
10/14/2025 06,45.26,48.05,9753
10/14/2025 07,52.38,48.11,10120
10/14/2025 08,59.47,48.18,10485
10/14/2025 09,100.92,48.3,10539
10/14/2025 10,104,48.43,10531
10/14/2025 11,97.09,48.55,10551
10/14/2025 12,46.6,48.6,10544
10/14/2025 13,40.83,48.64,10508
10/14/2025 14,40.1,48.68,10511
10/14/2025 15,40.42,48.71,10480
10/14/2025 16,39.72,48.73,10510
10/14/2025 17,44.68,48.69,10498
10/14/2025 18,128.24,48.62,10548
10/14/2025 19,100.66,48.58,10535
10/14/2025 20,81.46,48.38,10674
10/14/2025 21,67.54,48.4,10581
10/14/2025 22,41.36,48.44,10416
10/14/2025 23,39.29,48.48,10134
10/14/2025 24,85.99,48.59,9871
10/15/2025 01,38.66,48.64,9710
10/15/2025 02,34.23,48.68,9565
10/15/2025 03,35.32,48.71,9510
10/15/2025 04,35.73,48.75,9539
10/15/2025 05,35.94,48.79,9589
10/15/2025 06,40.14,48.84,9765
10/15/2025 07,37.02,48.88,10121
10/15/2025 08,35.95,48.91,10489
10/15/2025 09,34.81,48.94,10552
10/15/2025 10,23.07,48.95,10416
10/15/2025 11,20.13,48.96,10336
10/15/2025 12,16.4,48.97,10307
10/15/2025 13,16.84,48.98,10225
10/15/2025 14,25.96,49,10155
10/15/2025 15,30.61,49.02,10157
10/15/2025 16,35.53,49.06,10205
10/15/2025 17,28.41,49.08,10224
10/15/2025 18,59.33,49.16,10250
10/15/2025 19,49.23,49.2,10237
10/15/2025 20,37.61,49.18,10326
10/15/2025 21,35.68,49.04,10301
10/15/2025 22,28.88,49.06,10134
10/15/2025 23,34.25,49.09,9875
10/15/2025 24,62.55,49.15,9656
10/16/2025 01,92,49.26,9462
10/16/2025 02,58.8,49.31,9350
10/16/2025 03,32.95,49.33,9362
10/16/2025 04,26.79,49.3,9370
10/16/2025 05,31.23,49.22,9444
10/16/2025 06,41.51,49.14,9630
10/16/2025 07,94.14,48.94,10003
10/16/2025 08,650.8,49.45,10307
10/16/2025 09,557.54,50.15,10311
10/16/2025 10,39.7,50.19,10414
10/16/2025 11,23.47,50.2,10502
10/16/2025 12,29.58,50.21,10442
10/16/2025 13,37.32,50.24,10357
10/16/2025 14,43.49,50.27,10316
10/16/2025 15,34.31,50.29,10331
10/16/2025 16,21.94,50.3,10403
10/16/2025 17,15.34,50.22,10504
10/16/2025 18,21.92,49.36,10534
10/16/2025 19,20.77,48.03,10546
10/16/2025 20,18.4,46.69,10600
10/16/2025 21,13.03,45.36,10490
10/16/2025 22,7.13,44.83,10259
10/16/2025 23,0.52,44.81,9961
10/16/2025 24,2.39,44.79,9653
10/17/2025 01,0,44.77,9454
10/17/2025 02,0,44.75,9412
10/17/2025 03,0,44.73,9388
10/17/2025 04,0,44.71,9384
10/17/2025 05,0,44.7,9417
10/17/2025 06,2.23,44.69,9589
10/17/2025 07,15.99,44.69,9938
10/17/2025 08,30.09,44.7,10343
10/17/2025 09,37.42,44.74,10416
10/17/2025 10,25.45,44.76,10392
10/17/2025 11,17.61,44.76,10438
10/17/2025 12,18.93,44.77,10535
10/17/2025 13,18.82,44.77,10619
10/17/2025 14,15.39,44.77,10612
10/17/2025 15,19.06,44.78,10563
10/17/2025 16,33.52,44.8,10487
10/17/2025 17,32.25,44.82,10485
10/17/2025 18,27.82,44.84,10477
10/17/2025 19,27.37,44.83,10446
10/17/2025 20,33.25,44.82,10612
10/17/2025 21,21.83,44.84,10508
10/17/2025 22,23.16,44.87,10353
10/17/2025 23,12.66,44.89,10135
10/17/2025 24,10.64,44.9,9877
10/18/2025 01,9.7,44.92,9672
10/18/2025 02,6.82,44.93,9619
10/18/2025 03,6.84,44.94,9507
10/18/2025 04,7.97,44.95,9501
10/18/2025 05,7.65,44.96,9493
10/18/2025 06,9.02,44.97,9555
10/18/2025 07,9.48,44.97,9763
10/18/2025 08,9.16,44.97,10014
10/18/2025 09,9.82,44.97,10179
10/18/2025 10,5.81,44.96,10224
10/18/2025 11,4.06,44.94,10209
10/18/2025 12,8.51,44.93,10179
10/18/2025 13,8.84,44.92,10134
10/18/2025 14,16.56,44.92,9995
10/18/2025 15,19.85,44.92,10053
10/18/2025 16,15.48,44.92,10165
10/18/2025 17,17.34,44.92,10188
10/18/2025 18,43.21,44.9,10269
10/18/2025 19,57.84,44.26,10324
10/18/2025 20,24.44,44.18,10418
10/18/2025 21,14.07,44.18,10401
10/18/2025 22,9.76,44.18,10295
10/18/2025 23,9.05,44.17,10064
10/18/2025 24,1.19,44.15,9861
10/19/2025 01,3.36,44.12,9680
10/19/2025 02,5.11,44.03,9506
10/19/2025 03,4.97,43.99,9444
10/19/2025 04,5.93,43.97,9411
10/19/2025 05,0.5,43.95,9415
10/19/2025 06,0,43.83,9455
10/19/2025 07,0,43.71,9595
10/19/2025 08,0,43.6,9797
10/19/2025 09,1.36,43.57,9963
10/19/2025 10,4.37,43.56,10141
10/19/2025 11,2.37,43.54,10254
10/19/2025 12,0.63,43.52,10348
10/19/2025 13,0,43.48,10357
10/19/2025 14,0,43.4,10297
10/19/2025 15,0,43.3,10271
10/19/2025 16,0.72,43.2,10286
10/19/2025 17,18.53,42.35,10346
10/19/2025 18,133.77,41.29,10444
10/19/2025 19,108.97,40.11,10485
10/19/2025 20,52.58,38.83,10585
10/19/2025 21,28.96,37.55,10502
10/19/2025 22,17.39,37.09,10363
10/19/2025 23,12.42,37.07,10076
10/19/2025 24,18.29,37.08,9796
10/20/2025 01,9.91,37.08,9654
10/20/2025 02,10.76,37.07,9501
10/20/2025 03,14.72,37.08,9461
10/20/2025 04,13.17,37.08,9477
10/20/2025 05,11.74,37.08,9496
10/20/2025 06,15.35,37.08,9737
10/20/2025 07,17.76,37.09,10158
10/20/2025 08,9.44,37.09,10637
10/20/2025 09,10.51,37.09,10841
10/20/2025 10,12.04,37.1,10865
10/20/2025 11,13.4,37.1,10905
10/20/2025 12,9.68,37.1,10829
10/20/2025 13,13.71,37.11,10693
10/20/2025 14,17.69,37.12,10644
10/20/2025 15,22.52,37.14,10617
10/20/2025 16,20.56,37.16,10620
10/20/2025 17,24.54,37.18,10666
10/20/2025 18,46.38,37.22,10774
10/20/2025 19,91.81,37.31,10822
10/20/2025 20,46.37,37.33,10837
10/20/2025 21,25.28,37.35,10716
10/20/2025 22,22.6,37.37,10554
10/20/2025 23,20.54,37.39,10304
10/20/2025 24,13.33,37.41,9995
10/21/2025 01,5.21,37.42,9798
10/21/2025 02,0,37.41,9670
10/21/2025 03,0,37.41,9571
10/21/2025 04,0,37.41,9551
10/21/2025 05,0,37.41,9598
10/21/2025 06,0,37.4,9754
10/21/2025 07,12.91,37.41,10147
10/21/2025 08,10.9,37.42,10477
10/21/2025 09,14.49,37.44,10542
10/21/2025 10,12.69,37.46,10525
10/21/2025 11,13.37,37.48,10589
10/21/2025 12,14.17,37.5,10568
10/21/2025 13,14.89,37.52,10512
10/21/2025 14,14.61,37.54,10483
10/21/2025 15,14.07,37.56,10478
10/21/2025 16,19.81,37.59,10516
10/21/2025 17,21.99,37.62,10537
10/21/2025 18,28.41,37.66,10560
10/21/2025 19,31.93,37.7,10578
10/21/2025 20,27.99,37.74,10690
10/21/2025 21,16.97,37.76,10618
10/21/2025 22,14.02,37.78,10410
10/21/2025 23,13.29,37.8,10130
10/21/2025 24,16.55,37.83,9886
10/22/2025 01,17.64,37.85,9713
10/22/2025 02,19.24,37.88,9578
10/22/2025 03,26.1,37.91,9555
10/22/2025 04,33.9,37.96,9583
10/22/2025 05,43.37,38.02,9605
10/22/2025 06,42.53,38.07,9776
10/22/2025 07,44.12,38.11,10139
10/22/2025 08,195,38.34,10430
10/22/2025 09,47.74,38.38,10524
10/22/2025 10,33.43,38.4,10496
10/22/2025 11,30.65,38.43,10508
10/22/2025 12,63.52,38.5,10484
10/22/2025 13,44.99,38.49,10424
10/22/2025 14,38.49,38.5,10457
10/22/2025 15,25.41,38.51,10458
10/22/2025 16,16.76,38.52,10540
10/22/2025 17,22.35,38.53,10623
10/22/2025 18,35.88,38.56,10699
10/22/2025 19,20.16,38.45,10795
10/22/2025 20,19.3,38.43,10882
10/22/2025 21,14.93,38.44,10747
10/22/2025 22,6.38,38.45,10533
10/22/2025 23,0,38.45,10237
10/22/2025 24,0,38.45,9887
10/23/2025 01,0,38.45,9678
10/23/2025 02,0,38.45,9554
10/23/2025 03,0,38.45,9482
10/23/2025 04,0,38.45,9460
10/23/2025 05,0,38.45,9577
10/23/2025 06,0,38.45,9743
10/23/2025 07,3.39,38.45,10123
10/23/2025 08,7.14,38.46,10590
10/23/2025 09,4.12,38.47,10714
10/23/2025 10,0,38.47,10699
10/23/2025 11,0,38.46,10632
10/23/2025 12,12.68,38.47,10530
10/23/2025 13,21.32,38.49,10517
10/23/2025 14,27.47,38.52,10554
10/23/2025 15,24.81,38.54,10591
10/23/2025 16,18.44,38.56,10619
10/23/2025 17,22.08,38.56,10677
10/23/2025 18,39.87,38,10696
10/23/2025 19,39.26,36.81,10724
10/23/2025 20,26.52,35.82,10723
10/23/2025 21,22.86,35.83,10599
10/23/2025 22,17.08,35.85,10452
10/23/2025 23,12.64,35.86,10214
10/23/2025 24,12.49,35.88,9936
10/24/2025 01,16.79,35.91,9734
10/24/2025 02,17.03,35.93,9628
10/24/2025 03,15.91,35.95,9565
10/24/2025 04,8.6,35.96,9528
10/24/2025 05,0,35.96,9588
10/24/2025 06,0,35.96,9750
10/24/2025 07,5.73,35.97,10086
10/24/2025 08,9.25,35.98,10499
10/24/2025 09,16.28,36.01,10724
10/24/2025 10,14.9,36.03,10800
10/24/2025 11,19.8,36.05,10829
10/24/2025 12,24.45,36.09,10761
10/24/2025 13,24.7,36.12,10721
10/24/2025 14,15.57,36.14,10724
10/24/2025 15,8.83,36.15,10725
10/24/2025 16,0,36.15,10730
10/24/2025 17,5.48,36.14,10757
10/24/2025 18,7.68,35.67,10792
10/24/2025 19,16.96,35.01,10782
10/24/2025 20,17.21,33.74,10768
10/24/2025 21,15.43,32.48,10648
10/24/2025 22,15.51,31.25,10468
10/24/2025 23,15.34,31.04,10263
10/24/2025 24,11.89,31.01,9967
10/25/2025 01,0,30.99,9699
10/25/2025 02,0,30.98,9531
10/25/2025 03,0,30.97,9437
10/25/2025 04,0,30.96,9367
10/25/2025 05,0,30.96,9368
10/25/2025 06,0,30.95,9423
10/25/2025 07,0,30.94,9606
10/25/2025 08,0,30.93,9865
10/25/2025 09,0,30.93,10092
10/25/2025 10,0,30.93,10220
10/25/2025 11,0,30.93,10251
10/25/2025 12,0,30.93,10184
10/25/2025 13,0,30.93,10085
10/25/2025 14,12.11,30.95,9985
10/25/2025 15,26.01,30.98,9927
10/25/2025 16,34.55,31.03,9959
10/25/2025 17,47.96,31.1,10064
10/25/2025 18,53.27,31.17,10179
10/25/2025 19,23.21,31.21,10259
10/25/2025 20,28.99,31.25,10289
10/25/2025 21,26.74,31.28,10262
10/25/2025 22,6.88,31.29,10191
10/25/2025 23,5.33,31.3,10018
10/25/2025 24,1,31.3,9860
10/26/2025 01,0,31.3,9638
10/26/2025 02,0,31.3,9521
10/26/2025 03,0,31.3,9480
10/26/2025 04,0,31.3,9445
10/26/2025 05,11.55,31.32,9390
10/26/2025 06,0.01,31.32,9409
10/26/2025 07,0,31.31,9514
10/26/2025 08,0,31.27,9727
10/26/2025 09,0,31.25,9878
10/26/2025 10,0,31.24,10016
10/26/2025 11,0,31.23,10060
10/26/2025 12,0,31.23,10143
10/26/2025 13,0,31.23,10233
10/26/2025 14,0,31.23,10264
10/26/2025 15,0,31.23,10279
10/26/2025 16,0,31.23,10329
10/26/2025 17,0,31.23,10397
10/26/2025 18,8.63,31.24,10609
10/26/2025 19,56.26,31.29,10730
10/26/2025 20,35.88,31.24,10662
10/26/2025 21,17.08,31.24,10564
10/26/2025 22,0,31.23,10402
10/26/2025 23,0,31.23,10093
10/26/2025 24,0,31.23,9799
10/27/2025 01,0,31.23,9576
10/27/2025 02,0,31.23,9457
10/27/2025 03,0,31.23,9395
10/27/2025 04,0,31.23,9413
10/27/2025 05,0,31.23,9443
10/27/2025 06,0,31.23,9634
10/27/2025 07,2.1,31.23,10021
10/27/2025 08,12.86,31.25,10488
10/27/2025 09,14.85,31.27,10758
10/27/2025 10,12.82,31.29,10787
10/27/2025 11,14.39,31.31,10847
10/27/2025 12,12.83,31.33,10906
10/27/2025 13,4.42,31.33,10880
10/27/2025 14,12.32,31.33,10887
10/27/2025 15,14.28,31.35,10859
10/27/2025 16,17.54,31.38,10845
10/27/2025 17,27.35,31.41,10922
10/27/2025 18,42.28,31.47,10921
10/27/2025 19,49.04,31.54,10947
10/27/2025 20,42.89,31.59,10920
10/27/2025 21,28.69,31.63,10749
10/27/2025 22,13.67,31.65,10533
10/27/2025 23,10.69,31.66,10281
10/27/2025 24,10.01,31.68,10037
10/28/2025 01,0.81,31.68,9825
10/28/2025 02,0,31.68,9672
10/28/2025 03,0,31.68,9585
10/28/2025 04,0,31.68,9491
10/28/2025 05,0,31.68,9528
10/28/2025 06,2.73,31.68,9719
10/28/2025 07,17.25,31.71,10094
10/28/2025 08,32.05,31.74,10488
10/28/2025 09,301.68,32.11,10539
10/28/2025 10,34.06,32.13,10541
10/28/2025 11,14.5,32.11,10571
10/28/2025 12,19.24,32.12,10547
10/28/2025 13,24.17,32.12,10511
10/28/2025 14,20.2,32.11,10484
10/28/2025 15,30.15,32.12,10481
10/28/2025 16,13.32,32.11,10483
10/28/2025 17,26.48,32.12,10614
10/28/2025 18,58.82,32.16,10639
10/28/2025 19,50.45,32.16,10739
10/28/2025 20,18.62,32.12,10764
10/28/2025 21,15.73,32.12,10739
10/28/2025 22,6.49,32.1,10588
10/28/2025 23,0.63,32.08,10397
10/28/2025 24,0,32.07,10162
10/29/2025 01,0,32.06,9966
10/29/2025 02,0,32.06,9847
10/29/2025 03,0,32.06,9762
10/29/2025 04,0,32.06,9742
10/29/2025 05,0,32.06,9759
10/29/2025 06,0,32.06,9930
10/29/2025 07,0,32.05,10341
10/29/2025 08,0,32.03,10749
10/29/2025 09,0,32.02,10850
10/29/2025 10,0,32.02,10822
10/29/2025 11,0,32,10824
10/29/2025 12,1.87,32,10718
10/29/2025 13,0,31.99,10692
10/29/2025 14,0,31.99,10678
10/29/2025 15,0,31.98,10631
10/29/2025 16,0,31.97,10659
10/29/2025 17,6.71,31.97,10798
10/29/2025 18,25.67,32,10904
10/29/2025 19,3.58,31.99,10954
10/29/2025 20,2.3,31.98,10948
10/29/2025 21,0,31.96,10866
10/29/2025 22,0.89,31.95,10681
10/29/2025 23,0,31.95,10385
10/29/2025 24,0,31.92,10071
10/30/2025 01,0,31.9,9879
10/30/2025 02,0.31,31.87,9765
10/30/2025 03,8.66,31.79,9682
10/30/2025 04,14.72,31.62,9649
10/30/2025 05,21.78,31.36,9672
10/30/2025 06,25.2,31.28,9854
10/30/2025 07,27.6,31,10290
10/30/2025 08,90.72,31.04,10789
10/30/2025 09,372.91,31.46,10754
10/30/2025 10,154.78,31.64,10704
10/30/2025 11,49.42,31.67,10753
10/30/2025 12,30.88,31.68,10707
10/30/2025 13,21.75,31.68,10673
10/30/2025 14,21.51,31.68,10629
10/30/2025 15,22.65,31.69,10637
10/30/2025 16,27.87,31.71,10684
10/30/2025 17,47.46,31.77,10800
10/30/2025 18,279.59,32.15,10805
10/30/2025 19,63.18,32.23,10808
10/30/2025 20,75,32.33,10763
10/30/2025 21,68.97,32.42,10675
10/30/2025 22,239.72,32.73,10452
10/30/2025 23,70.66,32.82,10196
10/30/2025 24,55.32,32.89,9986
10/31/2025 01,153.95,33.1,9815
10/31/2025 02,117.15,33.26,9696
10/31/2025 03,51.44,33.33,9670
10/31/2025 04,56.08,33.41,9662
10/31/2025 05,53.28,33.48,9696
10/31/2025 06,46.69,33.54,9831
10/31/2025 07,46.95,33.59,10310
10/31/2025 08,131.19,33.77,10768
10/31/2025 09,74.49,33.86,11015
10/31/2025 10,24.39,33.88,11087
10/31/2025 11,3.31,33.89,11089
10/31/2025 12,6.39,33.89,11053
10/31/2025 13,11.01,33.91,10996
10/31/2025 14,5.92,33.92,11045
10/31/2025 15,0,33.92,11040
10/31/2025 16,0,33.92,11075
10/31/2025 17,0,33.92,11140
10/31/2025 18,0,33.91,11097
10/31/2025 19,0,33.88,10991
10/31/2025 20,0,33.81,10839
10/31/2025 21,0,33.78,10733
10/31/2025 22,0,33.77,10551
10/31/2025 23,0,33.76,10302
10/31/2025 24,0,33.74,10096
11/01/2025 01,0,33.72,9888
11/01/2025 02,0,33.7,9815
11/01/2025 03,0,33.68,9721
11/01/2025 04,0,33.66,9638
11/01/2025 05,0,33.63,9608
11/01/2025 06,0,33.61,9677
11/01/2025 07,0,33.57,9833
11/01/2025 08,3.61,33.53,10038
11/01/2025 09,31.92,33.53,10213
11/01/2025 10,49.99,33.56,10218
11/01/2025 11,27.6,33.57,10313
11/01/2025 12,32.68,33.59,10358
11/01/2025 13,27.62,33.59,10387
11/01/2025 14,27.65,33.58,10398
11/01/2025 15,14.79,33.57,10373
11/01/2025 16,2.22,33.54,10483
11/01/2025 17,0.53,33.5,10648
11/01/2025 18,18.95,33.49,10767
11/01/2025 19,16.88,33.3,10804
11/01/2025 20,11.5,33.1,10782
11/01/2025 21,5.95,33.06,10647
11/01/2025 22,0,33.02,10527
11/01/2025 23,0,32.98,10363
11/01/2025 24,0,32.93,10079
11/02/2025 01,0,32.88,9909
11/02/2025 02,0,32.84,9787
11/02/2025 02*,0,32.81,9668
11/02/2025 03,0,32.78,9624
11/02/2025 04,1.56,32.75,9573
11/02/2025 05,23.96,32.76,9596
11/02/2025 06,146.98,32.91,9596
11/02/2025 07,26.18,32.86,9846
11/02/2025 08,1.21,32.81,10174
11/02/2025 09,2.22,32.76,10421
11/02/2025 10,0,32.72,10561
11/02/2025 11,0,32.68,10542
11/02/2025 12,0,32.64,10578
11/02/2025 13,0,32.6,10574
11/02/2025 14,0,32.57,10563
11/02/2025 15,0,32.55,10574
11/02/2025 16,0,32.53,10665
11/02/2025 17,2.12,32.49,10849
11/02/2025 18,1.18,32.37,11183
11/02/2025 19,0,32.06,11113
11/02/2025 20,0,32.01,10982
11/02/2025 21,0,31.97,10860
11/02/2025 22,0,31.93,10603
11/02/2025 23,0,31.91,10258
11/02/2025 24,0,31.89,10002
11/03/2025 01,0,31.85,9860
11/03/2025 02,0,31.82,9801
11/03/2025 03,0,31.79,9756
11/03/2025 04,0,31.76,9714
11/03/2025 05,0,31.74,9787
11/03/2025 06,1.99,31.72,9961
11/03/2025 07,87.69,31.82,10384
11/03/2025 08,115.99,31.96,10760
11/03/2025 09,71.21,31.99,10800
11/03/2025 10,94.61,31.89,10783
11/03/2025 11,514.64,32.49,10701
11/03/2025 12,486.71,33.12,10628
11/03/2025 13,75.62,33.2,10648
11/03/2025 14,24.39,33.21,10643
11/03/2025 15,24.39,33.21,10665
11/03/2025 16,113.39,33.33,10662
11/03/2025 17,488.66,33.98,10751
11/03/2025 18,962.36,35.28,10968
11/03/2025 19,315.19,35.68,10867
11/03/2025 20,52.6,35.59,10813
11/03/2025 21,52.74,35.64,10661
11/03/2025 22,135.87,35.81,10419
11/03/2025 23,66.04,35.9,10100
11/03/2025 24,270.69,36.28,9817
11/04/2025 01,639.67,37.17,9594
11/04/2025 02,139.33,37.36,9563
11/04/2025 03,176.77,37.61,9520
11/04/2025 04,65.12,37.7,9495
11/04/2025 05,40.85,37.74,9511
11/04/2025 06,28.24,37.76,9764
11/04/2025 07,50.24,37.81,10218
11/04/2025 08,62.88,37.86,10633
11/04/2025 09,36.15,37.86,10667
11/04/2025 10,12.18,37.85,10673
11/04/2025 11,18.5,37.86,10589
11/04/2025 12,15.57,37.86,10557
11/04/2025 13,17.04,37.86,10552
11/04/2025 14,18.97,37.88,10576
11/04/2025 15,28.07,37.91,10639
11/04/2025 16,672.8,38.84,10577
11/04/2025 17,977.79,40.18,10693
11/04/2025 18,992.85,41.51,10983
11/04/2025 19,989.45,42.8,10864
11/04/2025 20,988.91,44.14,10765
11/04/2025 21,643.52,45.02,10654
11/04/2025 22,73.03,45.11,10488
11/04/2025 23,49.97,45.18,10213
11/04/2025 24,188.59,45.43,9932
11/05/2025 01,70.83,45.52,9806
11/05/2025 02,172.08,45.75,9740
11/05/2025 03,50.35,45.8,9790
11/05/2025 04,29.01,45.82,9801
11/05/2025 05,17.7,45.82,9832
11/05/2025 06,14.18,45.81,10102
11/05/2025 07,17.47,45.8,10617
11/05/2025 08,21.31,45.78,11057
11/05/2025 09,43.76,45.81,11131
11/05/2025 10,41.23,45.83,11124
11/05/2025 11,23.89,45.83,11110
11/05/2025 12,21.61,45.83,11094
11/05/2025 13,29.46,45.84,11083
11/05/2025 14,23.21,45.84,11110
11/05/2025 15,25.43,45.84,11088
11/05/2025 16,21.28,45.58,11097
11/05/2025 17,30.38,44.79,11259
11/05/2025 18,32.41,43.58,11349
11/05/2025 19,13.79,42.29,11168
11/05/2025 20,7.2,41.86,10990
11/05/2025 21,8.18,41.84,10837
11/05/2025 22,6.5,41.83,10696
11/05/2025 23,0.21,41.8,10441
11/05/2025 24,0,41.78,10202
11/06/2025 01,0,41.76,9977
11/06/2025 02,0,41.75,9896
11/06/2025 03,0,41.74,9795
11/06/2025 04,0,41.73,9750
11/06/2025 05,0,41.7,9849
11/06/2025 06,6.33,41.68,9981
11/06/2025 07,13.55,41.67,10401
11/06/2025 08,13.04,41.65,10888
11/06/2025 09,13.58,41.65,11041
11/06/2025 10,12.74,41.65,11110
11/06/2025 11,4.92,41.62,11158
11/06/2025 12,6.12,41.61,11190
11/06/2025 13,0.75,41.6,11156
11/06/2025 14,0,41.59,11209
11/06/2025 15,0,41.59,11171
11/06/2025 16,3.04,41.59,11099
11/06/2025 17,12.32,41.59,11176
11/06/2025 18,84.46,41.7,11272
11/06/2025 19,26.8,41.73,11099
11/06/2025 20,378.94,42.26,10864
11/06/2025 21,441.38,42.87,10741
11/06/2025 22,841.42,44.04,10522
11/06/2025 23,145.12,44.24,10284
11/06/2025 24,55.91,44.32,10092
11/07/2025 01,244.5,44.66,9855
11/07/2025 02,76.73,44.77,9782
11/07/2025 03,56.89,44.85,9764
11/07/2025 04,48.84,44.91,9786
11/07/2025 05,22.03,44.95,9838
11/07/2025 06,8.23,44.95,10075
11/07/2025 07,11.02,44.95,10511
11/07/2025 08,11.44,44.96,10948
11/07/2025 09,17.46,44.99,11156
11/07/2025 10,24.8,45.02,11272
11/07/2025 11,22.02,45.03,11341
11/07/2025 12,17.86,45.01,11352
11/07/2025 13,10.67,44.99,11298
11/07/2025 14,10.69,44.96,11217
11/07/2025 15,19.23,44.96,11198
11/07/2025 16,23.44,44.96,11176
11/07/2025 17,26.73,44.71,11279
11/07/2025 18,19.59,43.57,11382
11/07/2025 19,13.43,43.28,11226
11/07/2025 20,14.6,43.21,11003
11/07/2025 21,24.38,43.19,10872
11/07/2025 22,38.38,43.21,10700
11/07/2025 23,58.12,43.26,10451
11/07/2025 24,75,43.32,10208
11/08/2025 01,50.02,43.36,10024
11/08/2025 02,53.83,43.41,9935
11/08/2025 03,49.92,43.46,9855
11/08/2025 04,50.83,43.49,9812
11/08/2025 05,50.55,43.51,9792
11/08/2025 06,49.26,43,9858
11/08/2025 07,46.22,41.91,10000
11/08/2025 08,49.15,41.35,10217
11/08/2025 09,46.4,41.37,10374
11/08/2025 10,30.16,41.38,10493
11/08/2025 11,35.75,41.4,10580
11/08/2025 12,34.98,41.42,10597
11/08/2025 13,43.35,41.45,10565
11/08/2025 14,69.44,41.52,10503
11/08/2025 15,73.52,41.59,10426
11/08/2025 16,87.97,41.68,10559
11/08/2025 17,430.99,42.23,10722
11/08/2025 18,309.49,42.55,10878
11/08/2025 19,179.73,42.73,10780
11/08/2025 20,499.94,43.39,10654
11/08/2025 21,109.5,43.5,10582
11/08/2025 22,98.9,43.6,10418
11/08/2025 23,63.11,43.65,10191
11/08/2025 24,48.63,43.69,10008
11/09/2025 01,99.28,43.8,9846
11/09/2025 02,50.58,43.84,9798
11/09/2025 03,39.31,43.86,9753
11/09/2025 04,11.38,43.85,9737
11/09/2025 05,4.13,43.82,9847
11/09/2025 06,13.95,43.78,9912
11/09/2025 07,18.46,43.73,10050
11/09/2025 08,23.02,43.71,10186
11/09/2025 09,22.37,43.72,10344
11/09/2025 10,17.67,43.7,10509
11/09/2025 11,22.33,43.7,10596
11/09/2025 12,20,43.69,10651
11/09/2025 13,13.63,43.68,10675
11/09/2025 14,6.98,43.68,10719
11/09/2025 15,9.39,43.68,10679
11/09/2025 16,13.89,43.67,10755
11/09/2025 17,20.53,43.27,11004
11/09/2025 18,23.11,42.92,11276
11/09/2025 19,12.7,42.9,11090
11/09/2025 20,0.87,42.87,10921
11/09/2025 21,0,42.85,10795
11/09/2025 22,0,42.84,10628
11/09/2025 23,0,42.83,10382
11/09/2025 24,0,42.83,10130
11/10/2025 01,0,42.82,9898
11/10/2025 02,0,42.81,9748
11/10/2025 03,0,42.8,9667
11/10/2025 04,0,42.79,9670
11/10/2025 05,0,42.78,9743
11/10/2025 06,0,42.77,9898
11/10/2025 07,0.86,42.76,10271
11/10/2025 08,8.06,42.76,10693
11/10/2025 09,8.87,42.77,10808
11/10/2025 10,5.94,42.77,10824
11/10/2025 11,4.28,42.76,10900
11/10/2025 12,14.17,42.78,10894
11/10/2025 13,16.64,42.8,10896
11/10/2025 14,17.03,42.82,10903
11/10/2025 15,17.94,42.85,10857
11/10/2025 16,15.8,42.87,10935
11/10/2025 17,17.03,42.89,11083
11/10/2025 18,17.21,42.92,11248
11/10/2025 19,16.47,42.93,11114
11/10/2025 20,15.36,42.95,10941
11/10/2025 21,13.95,42.96,10791
11/10/2025 22,14.9,42.97,10610
11/10/2025 23,12.37,42.99,10379
11/10/2025 24,11.26,43.01,10152
11/11/2025 01,13.89,43.03,9987
11/11/2025 02,18.01,43.05,9834
11/11/2025 03,13.33,43.07,9740
11/11/2025 04,15.93,43.09,9732
11/11/2025 05,25.37,43.13,9792
11/11/2025 06,31.47,43.17,9908
11/11/2025 07,28.07,43.2,10117
11/11/2025 08,16.28,43.21,10305
11/11/2025 09,12.63,43.22,10416
11/11/2025 10,15.94,43.22,10483
11/11/2025 11,17.09,43.22,10519
11/11/2025 12,19.7,43.22,10571
11/11/2025 13,21.74,43.24,10549
11/11/2025 14,37.88,43.28,10501
11/11/2025 15,153.92,43.47,10482
11/11/2025 16,199.81,43.73,10548
11/11/2025 17,98.64,43.85,10802
11/11/2025 18,50.06,43.9,11045
11/11/2025 19,39.5,43.94,10898
11/11/2025 20,32.15,43.96,10757
11/11/2025 21,23.94,43.97,10682
11/11/2025 22,20.94,43.97,10574
11/11/2025 23,15.13,43.97,10279
11/11/2025 24,13.35,43.97,10052
11/12/2025 01,20.46,43.97,9838
11/12/2025 02,27.11,43.97,9749
11/12/2025 03,43.63,44,9693
11/12/2025 04,69.26,44.05,9689
11/12/2025 05,86.48,44.13,9696
11/12/2025 06,63.38,44.19,9845
11/12/2025 07,132,44.32,10188
11/12/2025 08,147.68,44.48,10529
11/12/2025 09,53.48,44.51,10712
11/12/2025 10,48.75,44.55,10760
11/12/2025 11,39.16,44.57,10731
11/12/2025 12,30.71,44.58,10783
11/12/2025 13,21.83,44.56,10727
11/12/2025 14,24.3,44.54,10763
11/12/2025 15,32.32,44.53,10792
11/12/2025 16,37.71,44.52,10842
11/12/2025 17,42.26,44.51,11041
11/12/2025 18,47.53,44.51,11264
11/12/2025 19,35.4,44.5,11124
11/12/2025 20,33.39,44.5,10981
11/12/2025 21,19.82,44.48,10840
11/12/2025 22,17.16,44.44,10656
11/12/2025 23,11.35,44.42,10410
11/12/2025 24,9.71,44.4,10153
11/13/2025 01,9.91,44.36,10063
11/13/2025 02,3.62,44.31,9939
11/13/2025 03,0,44.26,9830
11/13/2025 04,0,44.2,9798
11/13/2025 05,0,44.13,9861
11/13/2025 06,0,44.06,10006
11/13/2025 07,3.54,43.98,10368
11/13/2025 08,12.67,43.86,10781
11/13/2025 09,11.36,43.73,10837
11/13/2025 10,0,43.6,10858
11/13/2025 11,0,43.53,10849
11/13/2025 12,0,43.48,10849
11/13/2025 13,0,43.42,10784
11/13/2025 14,0,43.36,10830
11/13/2025 15,0.3,43.31,10871
11/13/2025 16,1.96,43.25,10993
11/13/2025 17,11.87,43.09,11249
11/13/2025 18,16.63,42.97,11448
11/13/2025 19,2.6,42.86,11215
11/13/2025 20,0,42.77,11028
11/13/2025 21,0,42.71,10928
11/13/2025 22,15.11,42.68,10686
11/13/2025 23,3.92,42.56,10430
11/13/2025 24,0,42.51,10117
11/14/2025 01,0,42.46,9938
11/14/2025 02,0,42.41,9840
11/14/2025 03,11.89,42.38,9834
11/14/2025 04,33.55,42.38,9853
11/14/2025 05,25.55,42.36,9870
11/14/2025 06,40.74,42.36,10111
11/14/2025 07,49.48,42.38,10491
11/14/2025 08,46.88,42.4,10919
11/14/2025 09,41.7,42.42,11009
11/14/2025 10,50.01,42.46,11137
11/14/2025 11,49.91,42.51,11121
11/14/2025 12,43.39,42.55,11066
11/14/2025 13,51.37,42.58,11132
11/14/2025 14,51.66,42.61,11121
11/14/2025 15,50.69,42.63,11077
11/14/2025 16,132.92,42.78,11127
11/14/2025 17,110.88,42.85,11235
11/14/2025 18,52.04,42.85,11397
11/14/2025 19,49.93,42.87,11272
11/14/2025 20,46.75,42.89,11094
11/14/2025 21,41.64,42.9,10921
11/14/2025 22,38.57,42.91,10784
11/14/2025 23,38.83,42.88,10621
11/14/2025 24,38.13,42.8,10388
11/15/2025 01,35.62,42.77,10173
11/15/2025 02,35.37,42.77,10067
11/15/2025 03,35.25,42.79,10025
11/15/2025 04,25.39,42.78,9973
11/15/2025 05,18.73,42.75,9933
11/15/2025 06,19.35,42.64,10006
11/15/2025 07,25.77,41.77,10153
11/15/2025 08,29.47,41.04,10385
11/15/2025 09,26.74,41.02,10548
11/15/2025 10,21.01,41.02,10642
11/15/2025 11,16.82,41,10700
11/15/2025 12,21.26,40.98,10712
11/15/2025 13,23.08,40.95,10686
11/15/2025 14,27.37,40.94,10648
11/15/2025 15,34.83,40.96,10673
11/15/2025 16,95.46,41.07,10692
11/15/2025 17,268.3,41.41,10739
11/15/2025 18,330,41.84,10907
11/15/2025 19,153.63,42.03,10783
11/15/2025 20,51.99,42.08,10765
11/15/2025 21,54.26,42.15,10720
11/15/2025 22,40.72,42.21,10609
11/15/2025 23,35.15,42.25,10431
11/15/2025 24,42.57,42.31,10270
11/16/2025 01,51.79,42.38,10052
11/16/2025 02,49.48,42.45,9967
11/16/2025 03,49.97,42.52,9920
11/16/2025 04,46.22,42.58,9865
11/16/2025 05,36.4,42.63,9825
11/16/2025 06,25.71,42.65,9871
11/16/2025 07,21.63,42.63,10034
11/16/2025 08,25.05,42.62,10274
11/16/2025 09,21.91,42.61,10394
11/16/2025 10,15.78,42.61,10542
11/16/2025 11,15.13,42.6,10593
11/16/2025 12,15.64,42.6,10613
11/16/2025 13,16.98,42.6,10604
11/16/2025 14,18.84,42.6,10614
11/16/2025 15,22.72,42.59,10651
11/16/2025 16,25,42.58,10728
11/16/2025 17,25.06,42.57,11007
11/16/2025 18,25.63,42.57,11227
11/16/2025 19,17.55,42.55,11095
11/16/2025 20,15.26,42.54,10990
11/16/2025 21,15.27,42.53,10913
11/16/2025 22,15.27,42.53,10707
11/16/2025 23,14.6,42.54,10402
11/16/2025 24,14.57,42.54,10098
11/17/2025 01,14.42,42.55,9889
11/17/2025 02,12.67,42.56,9781
11/17/2025 03,13.99,42.57,9726
11/17/2025 04,14.54,42.58,9740
11/17/2025 05,15.06,42.59,9816
11/17/2025 06,15.76,42.6,10044
11/17/2025 07,19.25,42.61,10481
11/17/2025 08,19.48,42.62,10956
11/17/2025 09,27.35,42.65,11076
11/17/2025 10,28.24,42.69,11171
11/17/2025 11,50.84,42.75,11195
11/17/2025 12,52.3,42.81,11163
11/17/2025 13,39.65,42.84,11094
11/17/2025 14,46.66,42.88,11093
11/17/2025 15,52.74,42.93,11081
11/17/2025 16,59.83,42.99,11074
11/17/2025 17,70.63,43.03,11254
11/17/2025 18,49.26,43.01,11436
11/17/2025 19,184.71,43.24,11262
11/17/2025 20,48.03,43.28,11161
11/17/2025 21,33.85,43.32,11044
11/17/2025 22,19.43,43.33,10843
11/17/2025 23,15.34,43.35,10570
11/17/2025 24,18.1,43.37,10313
11/18/2025 01,22.72,43.4,10150
11/18/2025 02,26.15,43.43,10070
11/18/2025 03,30.02,43.46,10042
11/18/2025 04,39.68,43.51,10052
11/18/2025 05,49.33,43.58,10113
11/18/2025 06,49.52,43.65,10275
11/18/2025 07,88.26,43.77,10621
11/18/2025 08,178.91,44.02,10971
11/18/2025 09,83.19,44.13,11002
11/18/2025 10,52.94,44.2,11046
11/18/2025 11,310.61,44.63,11080
11/18/2025 12,114.34,44.79,11108
11/18/2025 13,777.02,45.87,11040
11/18/2025 14,566.41,46.65,11029
11/18/2025 15,265.72,47.02,11043
11/18/2025 16,51.63,47.07,11156
11/18/2025 17,225.16,47.2,11448
11/18/2025 18,209.44,47.34,11542
11/18/2025 19,50.43,47.33,11332
11/18/2025 20,40.68,47.35,11290
11/18/2025 21,50.77,47.39,11169
11/18/2025 22,31.55,47.42,10921
11/18/2025 23,29.22,47.44,10635
11/18/2025 24,25.23,47.46,10360
11/19/2025 01,28.72,47.48,10225
11/19/2025 02,26.3,47.5,10122
11/19/2025 03,30.11,47.52,10032
11/19/2025 04,26.85,47.54,10015
11/19/2025 05,23.92,47.56,10036
11/19/2025 06,32.07,47.58,10218
11/19/2025 07,41.61,47.62,10616
11/19/2025 08,34.5,47.65,11069
11/19/2025 09,28.14,47.68,11131
11/19/2025 10,23.49,47.69,11045
11/19/2025 11,23.36,47.71,11035
11/19/2025 12,30.13,47.73,11001
11/19/2025 13,34.07,47.75,10947
11/19/2025 14,35.55,47.77,10940
11/19/2025 15,37.85,47.8,10966
11/19/2025 16,502.59,48.46,10977
11/19/2025 17,358.55,48.89,11098
11/19/2025 18,602.6,49.6,11318
11/19/2025 19,57.18,49.62,11196
11/19/2025 20,56.93,49.66,11149
11/19/2025 21,121.46,49.8,11035
11/19/2025 22,57.19,49.85,10865
11/19/2025 23,46.05,49.9,10629
11/19/2025 24,39.82,49.94,10378
11/20/2025 01,34.26,49.99,10218
11/20/2025 02,40.56,50.05,10143
11/20/2025 03,42.9,50.11,10095
11/20/2025 04,45.29,50.17,10088
11/20/2025 05,40.57,50.23,10102
11/20/2025 06,40.52,50.26,10318
11/20/2025 07,45.06,50.31,10767
11/20/2025 08,50.75,50.36,11221
11/20/2025 09,63.27,50.43,11264
11/20/2025 10,31.17,50.46,11276
11/20/2025 11,28.86,50.48,11235
11/20/2025 12,30.92,50.5,11202
11/20/2025 13,27.47,50.52,11152
11/20/2025 14,25.1,50.53,11179
11/20/2025 15,26.34,50.54,11226
11/20/2025 16,68.1,50.61,11248
11/20/2025 17,37.01,50.62,11452
11/20/2025 18,19.62,50.6,11701
11/20/2025 19,10,50.58,11553
11/20/2025 20,13.34,50.57,11421
11/20/2025 21,19.86,50.58,11328
11/20/2025 22,19.08,50.59,11125
11/20/2025 23,19,50.59,10754
11/20/2025 24,18.84,50.59,10442
11/21/2025 01,17.63,50.59,10239
11/21/2025 02,20.99,50.58,10132
11/21/2025 03,20.27,50.56,10088
11/21/2025 04,20.31,50.53,10096
11/21/2025 05,22.61,50.5,10129
11/21/2025 06,22.81,50.48,10288
11/21/2025 07,29.63,50.25,10700
11/21/2025 08,28.5,50.22,11124
11/21/2025 09,34.26,50.22,11247
11/21/2025 10,29.94,50.22,11208
11/21/2025 11,24.35,50.16,11200
11/21/2025 12,22.73,50.13,11190
11/21/2025 13,22.97,50.11,11181
11/21/2025 14,22.75,50.11,11200
11/21/2025 15,25.8,50.12,11166
11/21/2025 16,22.9,50.12,11132
11/21/2025 17,23.07,50.1,11242
11/21/2025 18,26.83,50.11,11351
11/21/2025 19,23.11,50.12,11171
11/21/2025 20,23.11,50.13,11040
11/21/2025 21,23,50.15,10958
11/21/2025 22,22.01,50.18,10837
11/21/2025 23,20.78,50.21,10595
11/21/2025 24,21.55,50.24,10364
11/22/2025 01,23.77,50.28,10135
11/22/2025 02,23.09,50.31,10016
11/22/2025 03,30.78,50.35,9963
11/22/2025 04,31.96,50.39,9885
11/22/2025 05,32.35,50.44,9879
11/22/2025 06,32.37,50.48,9959
11/22/2025 07,31.46,50.51,10091
11/22/2025 08,30.54,50.55,10314
11/22/2025 09,29.71,50.59,10523
11/22/2025 10,24.03,50.62,10729
11/22/2025 11,21.84,50.64,10788
11/22/2025 12,20.18,50.64,10751
11/22/2025 13,18.56,50.62,10727
11/22/2025 14,15.4,50.61,10678
11/22/2025 15,16.59,50.61,10718
11/22/2025 16,20.19,50.61,10752
11/22/2025 17,22.66,50.58,10999
11/22/2025 18,23.1,50.56,11233
11/22/2025 19,21.64,50.55,11084
11/22/2025 20,20.61,50.55,10927
11/22/2025 21,20.04,50.55,10838
11/22/2025 22,20.33,50.56,10680
11/22/2025 23,19.06,50.57,10402
11/22/2025 24,17.73,50.57,10180
11/23/2025 01,17.56,50.57,9988
11/23/2025 02,17.61,50.58,9915
11/23/2025 03,17.42,50.59,9847
11/23/2025 04,17.78,50.61,9846
11/23/2025 05,16.65,50.64,9850
11/23/2025 06,16.84,50.65,9889
11/23/2025 07,15.66,50.66,10064
11/23/2025 08,16.4,50.66,10264
11/23/2025 09,18.95,50.67,10391
11/23/2025 10,22.32,50.67,10506
11/23/2025 11,27.74,50.68,10615
11/23/2025 12,33.01,50.69,10734
11/23/2025 13,37.38,50.72,10734
11/23/2025 14,38.92,50.76,10699
11/23/2025 15,45.18,50.82,10701
11/23/2025 16,43.14,50.87,10826
11/23/2025 17,54.82,50.94,11094
11/23/2025 18,72.16,51.02,11286
11/23/2025 19,40.91,51.05,11164
11/23/2025 20,53.56,51.1,11075
11/23/2025 21,55.65,51.16,10937
11/23/2025 22,67.65,51.23,10748
11/23/2025 23,55.9,51.29,10384
11/23/2025 24,55.32,51.37,10113
11/24/2025 01,34.67,51.42,9947
11/24/2025 02,30.18,51.46,9908
11/24/2025 03,33.13,51.5,9919
11/24/2025 04,43.13,51.56,9924
11/24/2025 05,47.41,51.63,9990
11/24/2025 06,38.02,51.68,10187
11/24/2025 07,43.69,51.74,10658
11/24/2025 08,40.19,51.8,11120
11/24/2025 09,55.07,51.88,11275
11/24/2025 10,41.68,51.93,11338
11/24/2025 11,29.56,51.98,11341
11/24/2025 12,26.28,52.01,11307
11/24/2025 13,32.61,52.04,11270
11/24/2025 14,39.91,52.06,11262
11/24/2025 15,38.4,52.06,11275
11/24/2025 16,40.22,52.05,11336
11/24/2025 17,36.48,52.03,11548
11/24/2025 18,37.06,52.05,11759
11/24/2025 19,39.53,52.06,11555
11/24/2025 20,54.86,52.1,11417
11/24/2025 21,46.22,52.16,11299
11/24/2025 22,41.74,52.21,11065
11/24/2025 23,45.58,52.27,10728
11/24/2025 24,64.53,52.36,10417
11/25/2025 01,67.62,52.45,10259
11/25/2025 02,60.63,52.54,10233
11/25/2025 03,52.55,52.61,10172
11/25/2025 04,62.62,52.68,10140
11/25/2025 05,77.3,52.79,10176
11/25/2025 06,67.06,52.88,10353
11/25/2025 07,96.62,53.02,10771
11/25/2025 08,71.37,53.12,11179
11/25/2025 09,81.03,53.23,11315
11/25/2025 10,55.61,53.31,11293
11/25/2025 11,41.85,53.36,11260
11/25/2025 12,45.36,53.43,11267
11/25/2025 13,47.76,53.49,11201
11/25/2025 14,44.54,53.56,11235
11/25/2025 15,45.43,53.62,11180
11/25/2025 16,68.82,53.71,11302
11/25/2025 17,65.74,53.79,11525
11/25/2025 18,65.29,53.81,11719
11/25/2025 19,46.53,53.82,11590
11/25/2025 20,42.17,53.86,11567
11/25/2025 21,39.99,53.91,11422
11/25/2025 22,40.19,53.97,11179
11/25/2025 23,39.93,54.02,10866
11/25/2025 24,39.18,54.08,10553
11/26/2025 01,38.56,54.13,10398
11/26/2025 02,37.75,54.18,10288
11/26/2025 03,38.47,54.24,10262
11/26/2025 04,38.53,54.29,10247
11/26/2025 05,39.54,54.34,10309
11/26/2025 06,41.07,54.4,10483
11/26/2025 07,53.12,54.45,10849
11/26/2025 08,76.88,54.54,11237
11/26/2025 09,80,54.63,11279
11/26/2025 10,60.43,54.7,11305
11/26/2025 11,43.29,54.74,11342
11/26/2025 12,67.37,54.83,11274
11/26/2025 13,65.49,54.9,11253
11/26/2025 14,61.38,54.97,11265
11/26/2025 15,70.34,55.04,11295
11/26/2025 16,66.38,55.09,11416
11/26/2025 17,74.37,55.14,11554
11/26/2025 18,66.59,55.16,11740
11/26/2025 19,56.76,55.18,11598
11/26/2025 20,57.3,55.22,11515
11/26/2025 21,78.12,55.31,11389
11/26/2025 22,63.2,55.38,11226
11/26/2025 23,65.34,55.46,10925
11/26/2025 24,64.39,55.55,10644
11/27/2025 01,56.77,55.63,10460
11/27/2025 02,58.31,55.71,10414
11/27/2025 03,58,55.79,10364
11/27/2025 04,53.92,55.87,10342
11/27/2025 05,55.31,55.94,10379
11/27/2025 06,58.81,56,10577
11/27/2025 07,93.03,56.08,10976
11/27/2025 08,249.83,56.01,11390
11/27/2025 09,65.45,56.05,11485
11/27/2025 10,42,56.09,11534
11/27/2025 11,38.41,56.12,11556
11/27/2025 12,38.74,56.14,11625
11/27/2025 13,39.93,56.16,11572
11/27/2025 14,40.8,56.18,11670
11/27/2025 15,51.77,56.23,11678
11/27/2025 16,118.42,56.36,11736
11/27/2025 17,89.19,56.4,11877
11/27/2025 18,93.01,56.46,11926
11/27/2025 19,75.79,56.54,11782
11/27/2025 20,130.43,56.7,11632
11/27/2025 21,96.5,56.83,11501
11/27/2025 22,80.19,56.94,11268
11/27/2025 23,41.8,56.99,11023
11/27/2025 24,39.71,57.05,10822
11/28/2025 01,39.72,57.1,10652
11/28/2025 02,38.13,57.16,10572
11/28/2025 03,36.92,57.21,10496
11/28/2025 04,35.68,57.26,10436
11/28/2025 05,35.75,57.31,10481
11/28/2025 06,35.37,57.36,10681
11/28/2025 07,35.32,57.41,11019
11/28/2025 08,35.82,57.46,11481
11/28/2025 09,34.73,57.5,11714
11/28/2025 10,34.17,57.55,11759
11/28/2025 11,24.44,57.58,11839
11/28/2025 12,32.73,57.63,11836
11/28/2025 13,23,57.66,11790
11/28/2025 14,22.86,57.69,11815
11/28/2025 15,19.05,57.72,11754
11/28/2025 16,19.14,57.74,11765
11/28/2025 17,18.84,57.73,11897
11/28/2025 18,20.46,57.75,11973
11/28/2025 19,24.61,57.78,11839
11/28/2025 20,92.5,57.91,11801
11/28/2025 21,180.04,58.16,11579
11/28/2025 22,277.37,58.54,11295
11/28/2025 23,150,58.75,11076
11/28/2025 24,132.91,58.94,10809
11/29/2025 01,46.28,59,10707
11/29/2025 02,37.59,59.04,10614
11/29/2025 03,33.54,59.07,10543
11/29/2025 04,31.54,59.08,10544
11/29/2025 05,33.89,59.09,10559
11/29/2025 06,33.55,59.1,10648
11/29/2025 07,30.01,59.02,10816
11/29/2025 08,22.72,58.53,11038
11/29/2025 09,23.27,58.35,11207
11/29/2025 10,22.84,58.31,11390
11/29/2025 11,22.12,58.3,11490
11/29/2025 12,23.3,58.3,11532
11/29/2025 13,23.87,58.3,11492
11/29/2025 14,25.32,58.31,11418
11/29/2025 15,30.39,58.31,11413
11/29/2025 16,38.4,58.3,11522
11/29/2025 17,41.54,57.97,11801
11/29/2025 18,39.79,57.93,11897
11/29/2025 19,37.82,57.88,11727
11/29/2025 20,37.27,57.84,11686
11/29/2025 21,39.28,57.56,11617
11/29/2025 22,38.14,57.52,11459
11/29/2025 23,37.93,57.49,11332
11/29/2025 24,32.39,57.32,11155
11/30/2025 01,38.26,57.21,10982
11/30/2025 02,39.78,57.2,10917
11/30/2025 03,39.82,57.17,10783
11/30/2025 04,39.79,57.16,10742
11/30/2025 05,39.83,57.15,10734
11/30/2025 06,38.69,57.13,10805
11/30/2025 07,34.42,57,10918
11/30/2025 08,31.84,56.94,11091
11/30/2025 09,31.23,56.95,11273
11/30/2025 10,25.9,56.98,11399
11/30/2025 11,22.59,57,11466
11/30/2025 12,23.68,57.02,11513
11/30/2025 13,24.32,57.05,11492
11/30/2025 14,23.37,57.08,11443
11/30/2025 15,23.25,57.11,11426
11/30/2025 16,32.57,57.16,11503
11/30/2025 17,76.36,57.26,11769
11/30/2025 18,94.51,57.39,11944
11/30/2025 19,42.55,57.45,11779
11/30/2025 20,34.67,57.5,11716
11/30/2025 21,35.21,57.55,11608
11/30/2025 22,45.63,57.61,11396
11/30/2025 23,35.78,57.66,11065
11/30/2025 24,42.9,57.72,10785
12/01/2025 01,38.33,57.78,10553
12/01/2025 02,36.68,57.83,10438
12/01/2025 03,37.5,57.88,10355
12/01/2025 04,39.47,57.93,10369
12/01/2025 05,39.55,57.99,10423
12/01/2025 06,39.83,58.04,10588
12/01/2025 07,44.94,58.1,10949
12/01/2025 08,43.11,58.12,11395
12/01/2025 09,39.66,58.1,11511
12/01/2025 10,36.94,58.12,11587
12/01/2025 11,32.23,58.12,11708
12/01/2025 12,24.09,58.11,11779
12/01/2025 13,23.53,58.11,11667
12/01/2025 14,23.62,58.12,11593
12/01/2025 15,23.68,58.15,11564
12/01/2025 16,21.76,58.18,11576
12/01/2025 17,32.98,58.2,11808
12/01/2025 18,26.52,58.21,11962
12/01/2025 19,18.04,58.22,11810
12/01/2025 20,0,58.21,11631
12/01/2025 21,0,58.21,11477
12/01/2025 22,0,58.21,11280
12/01/2025 23,0,58.21,10969
12/01/2025 24,0,58.21,10688
12/02/2025 01,0,58.21,10447
12/02/2025 02,0,58.21,10325
12/02/2025 03,0,58.21,10230
12/02/2025 04,0,58.21,10177
12/02/2025 05,0,58.18,10231
12/02/2025 06,0,57.97,10473
12/02/2025 07,0,57.93,10944
12/02/2025 08,19.15,57.96,11414
12/02/2025 09,13.94,57.98,11537
12/02/2025 10,10.62,57.99,11591
12/02/2025 11,0,57.99,11655
12/02/2025 12,0,57.99,11673
12/02/2025 13,0,57.99,11701
12/02/2025 14,22.5,58.02,11704
12/02/2025 15,25.79,58.06,11714
12/02/2025 16,21.84,58.09,11805
12/02/2025 17,16.21,58.11,12042
12/02/2025 18,34.4,58.15,12111
12/02/2025 19,37.39,58.21,11941
12/02/2025 20,42.52,58.26,11822
12/02/2025 21,74.24,58.37,11658
12/02/2025 22,105.94,58.51,11426
12/02/2025 23,152.98,58.73,11072
12/02/2025 24,63.87,58.82,10799
12/03/2025 01,49.56,58.88,10678
12/03/2025 02,54.13,58.96,10592
12/03/2025 03,57.61,59.04,10535
12/03/2025 04,56.69,59.12,10438
12/03/2025 05,56.89,59.2,10466
12/03/2025 06,48.15,59.26,10641
12/03/2025 07,38.99,59.19,10961
12/03/2025 08,35.27,59.08,11382
12/03/2025 09,31.96,59.03,11455
12/03/2025 10,32.5,58.94,11406
12/03/2025 11,42.36,58.29,11253
12/03/2025 12,38.07,57.66,11399
12/03/2025 13,36.22,57.61,11419
12/03/2025 14,31.09,57.62,11401
12/03/2025 15,31.84,57.63,11425
12/03/2025 16,34.22,57.52,11484
12/03/2025 17,35.52,56.89,11761
12/03/2025 18,35.99,55.6,11952
12/03/2025 19,36.21,55.21,11767
12/03/2025 20,35.27,55.19,11662
12/03/2025 21,34.62,55.16,11480
12/03/2025 22,32.64,55.02,11219
12/03/2025 23,26.6,54.97,10892
12/03/2025 24,20.54,54.62,10614
12/04/2025 01,17.62,53.76,10375
12/04/2025 02,4.64,53.57,10229
12/04/2025 03,0,53.32,10154
12/04/2025 04,0,53.23,10213
12/04/2025 05,0,53.18,10333
12/04/2025 06,5.76,53.14,10500
12/04/2025 07,21.92,53.1,10886
12/04/2025 08,26.47,53.05,11371
12/04/2025 09,35.84,53.05,11498
12/04/2025 10,36.63,53.09,11483
12/04/2025 11,27.57,53.1,11525
12/04/2025 12,22.79,53.11,11549
12/04/2025 13,22.46,53.12,11536
12/04/2025 14,20.11,53.12,11501
12/04/2025 15,20.42,53.11,11484
12/04/2025 16,32.6,52.22,11499
12/04/2025 17,37.24,50.91,11729
12/04/2025 18,38.23,49.59,11878
12/04/2025 19,35.5,48.26,11703
12/04/2025 20,35.92,46.94,11622
12/04/2025 21,35.27,46.09,11489
12/04/2025 22,23.68,46.03,11293
12/04/2025 23,23.76,45.99,11063
12/04/2025 24,21.73,45.76,10766
12/05/2025 01,19.33,45.69,10556
12/05/2025 02,22.88,45.48,10429
12/05/2025 03,34.07,45.46,10348
12/05/2025 04,36.78,45.47,10375
12/05/2025 05,31.23,45.49,10392
12/05/2025 06,22.39,45.5,10530
12/05/2025 07,40.28,45.53,10926
12/05/2025 08,89.4,45.62,11386
12/05/2025 09,58.6,45.64,11536
12/05/2025 10,48.13,45.65,11529
12/05/2025 11,29.35,45.66,11639
12/05/2025 12,34.51,45.68,11715
12/05/2025 13,36.94,45.69,11748
12/05/2025 14,37.97,45.71,11804
12/05/2025 15,37.94,45.73,11890
12/05/2025 16,37.87,45.75,11918
12/05/2025 17,50.19,45.78,12159
12/05/2025 18,41.8,45.79,12221
12/05/2025 19,34.13,45.82,12065
12/05/2025 20,37.04,45.86,11941
12/05/2025 21,41.8,45.91,11834
12/05/2025 22,52.25,45.97,11682
12/05/2025 23,39.08,46.02,11421
12/05/2025 24,37.13,46.08,11157
12/06/2025 01,37.84,46.13,10962
12/06/2025 02,37.12,46.18,10813
12/06/2025 03,42.59,46.24,10724
12/06/2025 04,43.73,46.3,10653
12/06/2025 05,43.18,46.36,10688
12/06/2025 06,41.04,46.41,10741
12/06/2025 07,55.76,46.47,10937
12/06/2025 08,69.65,46.55,11171
12/06/2025 09,113.05,46.68,11235
12/06/2025 10,62.71,46.75,11464
12/06/2025 11,66.94,46.84,11600
12/06/2025 12,59,46.91,11656
12/06/2025 13,54.7,46.99,11671
12/06/2025 14,54.03,47.06,11705
12/06/2025 15,50.54,47.13,11701
12/06/2025 16,38.96,47.18,11733
12/06/2025 17,33.44,47.21,11954
12/06/2025 18,33.58,47.14,12075
12/06/2025 19,36.67,47.16,11904
12/06/2025 20,40.6,46.69,11795
12/06/2025 21,43.12,46.13,11654
12/06/2025 22,39.45,45.02,11482
12/06/2025 23,33.37,44.86,11291
12/06/2025 24,29.34,44.83,11105
12/07/2025 01,36.51,44.54,10924
12/07/2025 02,36.09,44.48,10781
12/07/2025 03,39.36,44.46,10703
12/07/2025 04,42.98,44.45,10679
12/07/2025 05,43.53,44.48,10679
12/07/2025 06,43.68,44.53,10733
12/07/2025 07,37.52,44.56,10826
12/07/2025 08,35.48,44.6,10987
12/07/2025 09,43.72,44.63,11173
12/07/2025 10,58.03,44.68,11298
12/07/2025 11,57.47,44.73,11388
12/07/2025 12,94.25,44.84,11443
12/07/2025 13,108.57,44.97,11419
12/07/2025 14,50.12,45.03,11408
12/07/2025 15,40.26,45.06,11438
12/07/2025 16,35.19,45.07,11563
12/07/2025 17,29.48,45.08,11924
12/07/2025 18,11.6,45.06,12149
12/07/2025 19,0,45.05,12039
12/07/2025 20,0,45.03,11942
12/07/2025 21,12.2,45.01,11803
12/07/2025 22,0,44.96,11581
12/07/2025 23,0,44.87,11245
12/07/2025 24,0,44.77,10969
12/08/2025 01,0,44.7,10751
12/08/2025 02,0,44.63,10635
12/08/2025 03,0,44.56,10542
12/08/2025 04,0,44.49,10514
12/08/2025 05,12.48,44.43,10568
12/08/2025 06,21.2,44.39,10703
12/08/2025 07,30.91,44.37,11103
12/08/2025 08,27.85,44.34,11519
12/08/2025 09,23.25,44.31,11643
12/08/2025 10,0,44.27,11680
12/08/2025 11,0,44.22,11841
12/08/2025 12,0,44.17,11873
12/08/2025 13,0,44.11,11836
12/08/2025 14,12.64,44.03,11818
12/08/2025 15,21.86,43.96,11823
12/08/2025 16,24.1,43.87,11932
12/08/2025 17,29.29,43.31,12174
12/08/2025 18,33.17,42.93,12325
12/08/2025 19,29.5,42.72,12173
12/08/2025 20,24.4,42.06,12041
12/08/2025 21,25.07,41.94,11835
12/08/2025 22,26.09,41.84,11571
12/08/2025 23,23.36,41.79,11219
12/08/2025 24,21.94,41.75,10915
12/09/2025 01,19.4,41.64,10730
12/09/2025 02,16.54,41.59,10567
12/09/2025 03,1.72,41.54,10512
12/09/2025 04,0,41.52,10569
12/09/2025 05,0,41.52,10671
12/09/2025 06,3.17,41.5,10836
12/09/2025 07,33.66,41.52,11254
12/09/2025 08,79.19,41.6,11737
12/09/2025 09,48.36,41.64,11826
12/09/2025 10,37.65,41.67,11874
12/09/2025 11,23.76,41.67,11859
12/09/2025 12,22.35,41.67,11862
12/09/2025 13,31.09,41.7,11863
12/09/2025 14,24.12,41.72,11854
12/09/2025 15,19.93,41.73,11921
12/09/2025 16,33.51,41.76,11954
12/09/2025 17,59.86,41.82,12230
12/09/2025 18,59.64,41.87,12424
12/09/2025 19,60.2,41.93,12242
12/09/2025 20,160.87,42.16,12052
12/09/2025 21,275.05,42.54,11860
12/09/2025 22,298.96,42.95,11585
12/09/2025 23,48.26,43.02,11370
12/09/2025 24,56.35,43.1,11109
12/10/2025 01,48.81,43.17,10871
12/10/2025 02,40.51,43.22,10785
12/10/2025 03,29.39,43.26,10767
12/10/2025 04,22.5,43.29,10756
12/10/2025 05,19.42,43.32,10811
12/10/2025 06,18.81,43.35,10983
12/10/2025 07,17.12,43.37,11389
12/10/2025 08,16.95,43.38,11832
12/10/2025 09,23.7,43.4,11950
12/10/2025 10,25.42,43.43,11880
12/10/2025 11,24.27,43.46,11878
12/10/2025 12,32.47,43.48,11924
12/10/2025 13,33.95,43.51,11859
12/10/2025 14,27.1,43.52,11770
12/10/2025 15,33.84,43.54,11731
12/10/2025 16,51.63,43.59,11803
12/10/2025 17,64.46,43.66,12139
12/10/2025 18,58.54,43.72,12249
12/10/2025 19,52.56,43.77,12101
12/10/2025 20,43.82,43.81,11993
12/10/2025 21,53.1,43.86,11916
12/10/2025 22,43.67,43.9,11732
12/10/2025 23,44.68,43.94,11446
12/10/2025 24,43.63,43.99,11207
12/11/2025 01,48.25,44.04,11091
12/11/2025 02,48.25,44.08,10997
12/11/2025 03,46.7,44.13,10974
12/11/2025 04,40.44,44.16,10987
12/11/2025 05,34.74,44.17,11031
12/11/2025 06,37.38,44.18,11177
12/11/2025 07,36.77,44.19,11644
12/11/2025 08,25.67,44.21,12092
12/11/2025 09,26.94,44.23,12233
12/11/2025 10,39.31,44.26,12360
12/11/2025 11,44.75,44.3,12435
12/11/2025 12,45.56,44.33,12464
12/11/2025 13,40.43,44.36,12485
12/11/2025 14,37.8,44.36,12452
12/11/2025 15,36.24,44.2,12460
12/11/2025 16,37.21,43.97,12493
12/11/2025 17,43.65,43.89,12741
12/11/2025 18,44.2,43.89,12785
12/11/2025 19,42.95,43.89,12615
12/11/2025 20,45.07,43.91,12520
12/11/2025 21,47.06,43.94,12405
12/11/2025 22,52.4,43.98,12184
12/11/2025 23,56.4,44.04,11788
12/11/2025 24,56.51,44.1,11539
12/12/2025 01,54.87,44.15,11347
12/12/2025 02,52.78,44.18,11256
12/12/2025 03,56.53,44.2,11183
12/12/2025 04,57.51,44.19,11115
12/12/2025 05,55.91,44.14,11178
12/12/2025 06,57.23,44.13,11308
12/12/2025 07,54.64,44.03,11617
12/12/2025 08,69.64,43.92,12014
12/12/2025 09,86.31,43.96,12202
12/12/2025 10,82.39,44.01,12278
12/12/2025 11,59.37,44.04,12350
12/12/2025 12,55.32,44.07,12411
12/12/2025 13,55.24,44.12,12386
12/12/2025 14,55.03,44.16,12369
12/12/2025 15,48.95,44.19,12342
12/12/2025 16,46.85,44.2,12355
12/12/2025 17,49.44,44.21,12534
12/12/2025 18,54,44.22,12613
12/12/2025 19,48.46,44.24,12423
12/12/2025 20,47.15,44.25,12293
12/12/2025 21,55.15,44.3,12105
12/12/2025 22,56.81,44.36,11984
12/12/2025 23,56.71,44.42,11749
12/12/2025 24,85.26,44.53,11442
12/13/2025 01,63.43,44.6,11244
12/13/2025 02,62.99,44.68,11111
12/13/2025 03,53.08,44.76,11012
12/13/2025 04,52.43,44.83,10979
12/13/2025 05,69.04,44.93,10988
12/13/2025 06,76.1,45.03,11052
12/13/2025 07,89.67,45.15,11202
12/13/2025 08,104.49,45.28,11400
12/13/2025 09,64.68,45.35,11529
12/13/2025 10,47.27,45.42,11665
12/13/2025 11,43.6,45.48,11646
12/13/2025 12,39.89,45.53,11520
12/13/2025 13,40.99,45.59,11655
12/13/2025 14,39.29,45.65,11761
12/13/2025 15,31.64,45.69,11788
12/13/2025 16,28.67,45.73,11827
12/13/2025 17,31.39,45.75,12058
12/13/2025 18,34.24,45.78,12202
12/13/2025 19,29.87,45.82,12031
12/13/2025 20,24.71,45.85,11796
12/13/2025 21,22.39,45.88,11598
12/13/2025 22,21.85,45.89,11445
12/13/2025 23,21.45,45.92,11254
12/13/2025 24,19.35,45.94,10955
12/14/2025 01,19.68,45.97,10713
12/14/2025 02,20.16,46,10603
12/14/2025 03,19.46,46.01,10488
12/14/2025 04,19.27,45.99,10442
12/14/2025 05,19.53,45.98,10457
12/14/2025 06,20.46,45.95,10504
12/14/2025 07,21.47,45.91,10607
12/14/2025 08,21.42,45.88,10818
12/14/2025 09,22.19,45.85,11047
12/14/2025 10,21.72,45.81,11195
12/14/2025 11,22.12,45.77,11339
12/14/2025 12,19.5,45.74,11472
12/14/2025 13,11.68,45.68,11514
12/14/2025 14,14.52,45.63,11508
12/14/2025 15,20.07,45.59,11423
12/14/2025 16,20.9,45.43,11479
12/14/2025 17,21.76,45.31,11851
12/14/2025 18,21.48,45.27,12098
12/14/2025 19,20.92,45.23,11975
12/14/2025 20,19.81,45.19,11814
12/14/2025 21,20.18,45.16,11642
12/14/2025 22,19.88,45.13,11407
12/14/2025 23,16.9,45.1,11076
12/14/2025 24,21.7,45.08,10854
12/15/2025 01,21.52,45.06,10640
12/15/2025 02,20.99,45.04,10495
12/15/2025 03,16.54,45.02,10456
12/15/2025 04,3.5,44.99,10503
12/15/2025 05,0,44.96,10581
12/15/2025 06,0,44.93,10825
12/15/2025 07,0,44.9,11230
12/15/2025 08,6.72,44.87,11672
12/15/2025 09,0,44.83,11820
12/15/2025 10,0,44.8,11874
12/15/2025 11,0,44.78,11851
12/15/2025 12,0,44.75,11819
12/15/2025 13,0,44.71,11779
12/15/2025 14,0,44.68,11707
12/15/2025 15,0,44.63,11603
12/15/2025 16,1.93,44.5,11613
12/15/2025 17,20.37,44.15,11981
12/15/2025 18,20.14,43.72,12233
12/15/2025 19,12.02,43.53,12100
12/15/2025 20,4.41,43.46,11926
12/15/2025 21,20.01,43.41,11810
12/15/2025 22,17.75,43.38,11550
12/15/2025 23,5.47,43.34,11261
12/15/2025 24,0,43.28,11001
12/16/2025 01,0,43.21,10797
12/16/2025 02,0,43.14,10664
12/16/2025 03,0,43.07,10597
12/16/2025 04,0,43.01,10610
12/16/2025 05,0,42.96,10685
12/16/2025 06,19.2,42.95,10838
12/16/2025 07,48.79,42.98,11253
12/16/2025 08,48.55,43.02,11726
12/16/2025 09,67.13,43.08,11917
12/16/2025 10,39.69,43.11,11851
12/16/2025 11,30.17,43.13,11847
12/16/2025 12,25.61,43.15,11763
12/16/2025 13,19.06,43.15,11670
12/16/2025 14,18.58,43.15,11718
12/16/2025 15,18.12,43.14,11743
12/16/2025 16,14.87,43.13,11847
12/16/2025 17,19.39,43.12,12144
12/16/2025 18,20.85,43.12,12338
12/16/2025 19,19.52,43.12,12175
12/16/2025 20,19.26,43.12,12013
12/16/2025 21,18.52,43.13,11857
12/16/2025 22,18.49,43.13,11646
12/16/2025 23,18.8,43.14,11364
12/16/2025 24,18.28,43.14,11051
12/17/2025 01,13.17,43.14,10791
12/17/2025 02,14.92,43.14,10710
12/17/2025 03,12.6,43.14,10663
12/17/2025 04,3.29,43.13,10644
12/17/2025 05,0.77,43.11,10686
12/17/2025 06,0,43.09,10922
12/17/2025 07,16.5,43.08,11280
12/17/2025 08,20.6,43.08,11728
12/17/2025 09,23.21,43.08,12007
12/17/2025 10,26.28,43.07,12014
12/17/2025 11,20.08,43.03,12093
12/17/2025 12,18.38,42.98,12278
12/17/2025 13,19.46,42.96,12303
12/17/2025 14,21.95,42.92,12299
12/17/2025 15,28.54,42.89,12286
12/17/2025 16,22.49,42.84,12324
12/17/2025 17,20.17,42.77,12598
12/17/2025 18,22.08,42.73,12737
12/17/2025 19,22.09,42.5,12574
12/17/2025 20,25.89,42.47,12367
12/17/2025 21,34.45,42.47,12188
12/17/2025 22,40.3,42.5,11929
12/17/2025 23,62,42.57,11630
12/17/2025 24,103.52,42.69,11316
12/18/2025 01,81.22,42.77,11125
12/18/2025 02,83.45,42.85,11054
12/18/2025 03,37.37,42.86,11005
12/18/2025 04,26.39,42.84,10968
12/18/2025 05,19.84,42.8,11000
12/18/2025 06,18.39,42.75,11204
12/18/2025 07,20.2,42.66,11615
12/18/2025 08,25.25,42.45,12068
12/18/2025 09,26.3,42.37,12233
12/18/2025 10,21.66,42.32,12259
12/18/2025 11,18.15,41.92,12299
12/18/2025 12,19.11,41.79,12238
12/18/2025 13,18.99,40.73,12159
12/18/2025 14,18.99,39.97,12132
12/18/2025 15,19.21,39.63,12154
12/18/2025 16,20.11,39.59,12227
12/18/2025 17,21.34,39.3,12396
12/18/2025 18,21.54,39.04,12539
12/18/2025 19,19.32,39,12423
12/18/2025 20,19.96,38.97,12311
12/18/2025 21,18.41,38.93,12165
12/18/2025 22,18.25,38.91,11931
12/18/2025 23,14.96,38.89,11644
12/18/2025 24,0,38.85,11373
12/19/2025 01,0,38.81,11169
12/19/2025 02,0,38.78,11035
12/19/2025 03,0,38.73,10946
12/19/2025 04,0,38.7,10921
12/19/2025 05,0,38.66,11040
12/19/2025 06,0,38.62,11250
12/19/2025 07,0,38.56,11625
12/19/2025 08,8.74,38.52,12090
12/19/2025 09,27.33,38.52,12327
12/19/2025 10,27.46,38.53,12362
12/19/2025 11,23.42,38.53,12376
12/19/2025 12,23.84,38.52,12330
12/19/2025 13,27.79,38.51,12244
12/19/2025 14,33.83,38.51,12248
12/19/2025 15,26.89,38.49,12264
12/19/2025 16,32.21,37.84,12295
12/19/2025 17,38.62,37.4,12541
12/19/2025 18,39.83,36.62,12709
12/19/2025 19,32.29,36.58,12531
12/19/2025 20,32.8,36.55,12399
12/19/2025 21,33.12,36.42,12277
12/19/2025 22,32.85,36.39,12102
12/19/2025 23,32,36.37,11792
12/19/2025 24,31.93,36.36,11514
12/20/2025 01,32,36.36,11328
12/20/2025 02,33.22,36.35,11193
12/20/2025 03,37.47,36.34,11129
12/20/2025 04,42.33,36.34,11096
12/20/2025 05,43.92,36.34,11121
12/20/2025 06,50.64,36.35,11225
12/20/2025 07,91.87,36.42,11358
12/20/2025 08,82.19,36.46,11487
12/20/2025 09,75,36.48,11713
12/20/2025 10,66.91,36.53,11811
12/20/2025 11,47.38,36.55,11891
12/20/2025 12,41.01,36.57,11923
12/20/2025 13,35.31,36.58,11888
12/20/2025 14,32.72,36.59,11856
12/20/2025 15,33.19,36.6,11830
12/20/2025 16,39.14,36.56,11841
12/20/2025 17,39.93,36.56,12141
12/20/2025 18,31.15,36.58,12303
12/20/2025 19,19.92,36.59,12159
12/20/2025 20,8.19,36.59,12023
12/20/2025 21,1.21,36.56,11933
12/20/2025 22,19.46,36.56,11793
12/20/2025 23,18.87,36.56,11593
12/20/2025 24,7.36,36.54,11338
12/21/2025 01,1.67,36.52,11158
12/21/2025 02,0,36.49,11021
12/21/2025 03,0,36.46,10926
12/21/2025 04,12.95,36.45,10851
12/21/2025 05,17.81,36.45,10834
12/21/2025 06,18.22,36.44,10900
12/21/2025 07,19.37,36.43,11045
12/21/2025 08,18.6,36.41,11261
12/21/2025 09,21.71,36.4,11489
12/21/2025 10,34.51,36.4,11578
12/21/2025 11,41,36.43,11657
12/21/2025 12,41.09,36.45,11737
12/21/2025 13,42.05,36.48,11755
12/21/2025 14,48.43,36.51,11801
12/21/2025 15,71.65,36.58,11829
12/21/2025 16,82.88,36.66,11948
12/21/2025 17,580.41,37.43,12208
12/21/2025 18,751.2,38.44,12304
12/21/2025 19,216.18,38.71,12198
12/21/2025 20,234.44,39,12069
12/21/2025 21,121.67,39.14,11956
12/21/2025 22,72.99,39.21,11799
12/21/2025 23,56.96,39.26,11671
12/21/2025 24,68.98,39.33,11512
12/22/2025 01,92.68,39.42,11315
12/22/2025 02,58.46,39.47,11198
12/22/2025 03,52.82,39.5,11155
12/22/2025 04,54.81,39.53,11145
12/22/2025 05,46.16,39.55,11157
12/22/2025 06,45.98,39.57,11285
12/22/2025 07,56.69,39.61,11582
12/22/2025 08,56.09,39.64,11979
12/22/2025 09,56.5,39.68,12263
12/22/2025 10,55.2,39.72,12370
12/22/2025 11,55.2,39.77,12453
12/22/2025 12,46.39,39.8,12451
12/22/2025 13,44.32,39.84,12425
12/22/2025 14,44.31,39.88,12367
12/22/2025 15,43.91,39.92,12310
12/22/2025 16,133.54,40.08,12278
12/22/2025 17,819.54,41.18,12388
12/22/2025 18,973.67,42.5,12507
12/22/2025 19,624.17,43.34,12382
12/22/2025 20,112.72,43.47,12326
12/22/2025 21,61.49,43.53,12223
12/22/2025 22,42.2,43.56,12090
12/22/2025 23,42.86,43.59,11845
12/22/2025 24,35.58,43.61,11585
12/23/2025 01,25.53,43.62,11366
12/23/2025 02,21.01,43.63,11227
12/23/2025 03,20.91,43.63,11180
12/23/2025 04,19.27,43.64,11181
12/23/2025 05,5.07,43.62,11192
12/23/2025 06,0,43.6,11288
12/23/2025 07,0,43.58,11574
12/23/2025 08,8.5,43.56,11941
12/23/2025 09,20.77,43.57,12191
12/23/2025 10,20.54,43.56,12316
12/23/2025 11,1.78,43.53,12364
12/23/2025 12,0,43.48,12287
12/23/2025 13,8.15,43.44,12187
12/23/2025 14,20.47,43.42,12094
12/23/2025 15,37.11,43.4,12107
12/23/2025 16,40.54,43.4,12221
12/23/2025 17,75.24,43.43,12380
12/23/2025 18,84.99,43.45,12455
12/23/2025 19,120.44,43.56,12269
12/23/2025 20,75,43.59,12199
12/23/2025 21,63.41,43.6,12102
12/23/2025 22,64.17,43.59,12003
12/23/2025 23,54.77,43.59,11783
12/23/2025 24,45.43,43.58,11488
12/24/2025 01,48.27,43.6,11344
12/24/2025 02,44.77,43.62,11166
12/24/2025 03,40.96,43.63,11041
12/24/2025 04,40.06,43.62,10987
12/24/2025 05,39.19,43.61,11028
12/24/2025 06,39.85,43.62,11099
12/24/2025 07,41.27,43.61,11328
12/24/2025 08,49.95,43.63,11667
12/24/2025 09,51.4,43.62,11944
12/24/2025 10,63.55,43.65,12078
12/24/2025 11,51.41,43.68,12253
12/24/2025 12,51.76,43.72,12351
12/24/2025 13,57.55,43.75,12269
12/24/2025 14,50.41,43.77,12238
12/24/2025 15,48.93,43.78,12222
12/24/2025 16,45.16,43.79,12253
12/24/2025 17,48.44,43.8,12388
12/24/2025 18,42.71,43.81,12389
12/24/2025 19,38.19,43.81,12105
12/24/2025 20,39.23,43.79,11945
12/24/2025 21,40.27,43.78,11842
12/24/2025 22,40.76,43.78,11715
12/24/2025 23,41.69,43.77,11576
12/24/2025 24,43.38,43.74,11364
12/25/2025 01,52.52,43.72,11192
12/25/2025 02,67.1,43.73,11058
12/25/2025 03,62.59,43.75,10963
12/25/2025 04,50.94,43.73,10903
12/25/2025 05,45.11,43.68,10866
12/25/2025 06,43.08,43.65,10914
12/25/2025 07,39.06,43.57,11001
12/25/2025 08,28.22,43.51,11170
12/25/2025 09,36.21,43.45,11366
12/25/2025 10,39.51,43.43,11456
12/25/2025 11,42.47,43.43,11555
12/25/2025 12,41.74,43.42,11588
12/25/2025 13,46.63,43.42,11596
12/25/2025 14,41.11,43.42,11574
12/25/2025 15,47.78,43.42,11644
12/25/2025 16,69.78,43.42,11773
12/25/2025 17,80.32,43.44,12019
12/25/2025 18,50.54,43.42,12030
12/25/2025 19,35.72,43.41,11675
12/25/2025 20,40.1,43.4,11550
12/25/2025 21,41.67,43.41,11505
12/25/2025 22,52.99,43.42,11449
12/25/2025 23,45.75,43.43,11290
12/25/2025 24,54.15,43.45,11134
12/26/2025 01,89.39,43.52,11076
12/26/2025 02,53.21,43.54,10998
12/26/2025 03,49.6,43.56,10893
12/26/2025 04,41.37,43.56,10825
12/26/2025 05,37.37,43.56,10779
12/26/2025 06,36.86,43.55,10812
12/26/2025 07,40.35,43.54,10961
12/26/2025 08,46.07,43.49,11159
12/26/2025 09,49.9,43.45,11359
12/26/2025 10,52.13,43.44,11498
12/26/2025 11,56.89,43.46,11649
12/26/2025 12,53.94,43.44,11728
12/26/2025 13,61.79,43.44,11784
12/26/2025 14,92.25,43.48,11763
12/26/2025 15,87.81,43.5,11705
12/26/2025 16,51.16,43.48,11743
12/26/2025 17,61.75,43.46,11942
12/26/2025 18,55.93,43.45,12105
12/26/2025 19,50.16,43.44,12026
12/26/2025 20,48.39,43.43,11912
12/26/2025 21,50.97,43.39,11840
12/26/2025 22,47.61,43.37,11698
12/26/2025 23,43.2,43.34,11503
12/26/2025 24,36.94,43.3,11296
12/27/2025 01,35.52,43.27,11141
12/27/2025 02,35.01,43.24,11047
12/27/2025 03,29.48,43.2,10986
12/27/2025 04,26.32,43.16,10938
12/27/2025 05,24.4,43.12,10881
12/27/2025 06,22.79,43.07,10893
12/27/2025 07,20.31,42.97,10919
12/27/2025 08,20.29,42.65,11127
12/27/2025 09,20.46,42.58,11329
12/27/2025 10,20.22,42.55,11529
12/27/2025 11,18.75,42.53,11749
12/27/2025 12,18.56,42.5,11892
12/27/2025 13,18,42.47,11920
12/27/2025 14,16.31,42.43,11917
12/27/2025 15,10.55,42.38,11896
12/27/2025 16,17.26,42.24,11980
12/27/2025 17,20.97,42.14,12167
12/27/2025 18,26.84,42.05,12332
12/27/2025 19,25.85,41.98,12257
12/27/2025 20,26.21,41.84,12155
12/27/2025 21,26.3,41.74,12058
12/27/2025 22,27.15,41.66,11887
12/27/2025 23,24.26,41.64,11650
12/27/2025 24,26.22,41.62,11474
12/28/2025 01,38.31,41.62,11316
12/28/2025 02,46.05,41.63,11238
12/28/2025 03,50.19,41.65,11169
12/28/2025 04,51.11,41.67,11128
12/28/2025 05,45.79,41.68,11110
12/28/2025 06,40.12,41.69,11116
12/28/2025 07,37.22,41.69,11150
12/28/2025 08,33.39,41.69,11290
12/28/2025 09,34.45,41.69,11396
12/28/2025 10,25.14,41.68,11512
12/28/2025 11,20.89,41.67,11663
12/28/2025 12,20.42,41.66,11741
12/28/2025 13,23.19,41.66,11720
12/28/2025 14,21.63,41.65,11708
12/28/2025 15,22.68,41.66,11683
12/28/2025 16,24.23,41.67,11722
12/28/2025 17,23.74,41.67,11884
12/28/2025 18,24.41,41.68,12031
12/28/2025 19,23.37,41.68,11846
12/28/2025 20,21.73,41.58,11663
12/28/2025 21,21.99,41.36,11495
12/28/2025 22,23.24,41.01,11339
12/28/2025 23,20.84,40.83,11064
12/28/2025 24,20.99,40.67,10840
12/29/2025 01,18.55,40.63,10629
12/29/2025 02,18.01,40.61,10506
12/29/2025 03,18.01,40.58,10408
12/29/2025 04,18.01,40.57,10371
12/29/2025 05,18.59,40.54,10362
12/29/2025 06,20.42,40.53,10456
12/29/2025 07,22.6,40.52,10723
12/29/2025 08,23.42,40.52,10994
12/29/2025 09,26.33,40.52,11196
12/29/2025 10,31.85,40.53,11295
12/29/2025 11,26.75,40.54,11383
12/29/2025 12,20.09,40.53,11427
12/29/2025 13,19.07,40.53,11421
12/29/2025 14,19.85,40.52,11396
12/29/2025 15,19.87,40.51,11377
12/29/2025 16,20.31,40.48,11458
12/29/2025 17,19.62,40.45,11661
12/29/2025 18,23.41,40.43,11888
12/29/2025 19,21.39,40.4,11707
12/29/2025 20,21.15,40.38,11497
12/29/2025 21,20.16,40.36,11396
12/29/2025 22,22.22,40.33,11186
12/29/2025 23,20.19,40.31,10868
12/29/2025 24,17.86,40.29,10605
12/30/2025 01,15.63,40.26,10462
12/30/2025 02,15.81,40.22,10438
12/30/2025 03,15.64,40.19,10357
12/30/2025 04,16.53,40.16,10291
12/30/2025 05,16.91,40.13,10273
12/30/2025 06,16.72,40.1,10379
12/30/2025 07,17.78,40.07,10662
12/30/2025 08,21.45,40.06,11005
12/30/2025 09,29.23,40.06,11256
12/30/2025 10,25.71,40.06,11341
12/30/2025 11,17.52,40.05,11419
12/30/2025 12,16.03,40.04,11486
12/30/2025 13,15.34,40.03,11513
12/30/2025 14,8.54,40,11570
12/30/2025 15,8.72,39.98,11601
12/30/2025 16,16.67,39.96,11602
12/30/2025 17,18.32,39.88,11748
12/30/2025 18,21.36,39.78,11941
12/30/2025 19,24.37,39.76,11778
12/30/2025 20,19.36,39.73,11633
12/30/2025 21,17.95,39.71,11534
12/30/2025 22,16.86,39.67,11318
12/30/2025 23,16.68,39.64,11096
12/30/2025 24,17.74,39.61,10809
12/31/2025 01,19.93,39.58,10610
12/31/2025 02,20.76,39.56,10500
12/31/2025 03,20.07,39.54,10418
12/31/2025 04,22.26,39.51,10410
12/31/2025 05,22.88,39.49,10434
12/31/2025 06,22.88,39.47,10577
12/31/2025 07,20.29,39.43,10759
12/31/2025 08,20.01,39.4,11032
12/31/2025 09,26.25,39.38,11222
12/31/2025 10,18.85,39.36,11327
12/31/2025 11,17.31,39.34,11458
12/31/2025 12,16.17,39.32,11521
12/31/2025 13,16.61,39.31,11532
12/31/2025 14,18.23,39.31,11499
12/31/2025 15,19.63,39.3,11540
12/31/2025 16,18.95,39.3,11604
12/31/2025 17,21.4,39.28,11740
12/31/2025 18,25.47,39.28,11896
12/31/2025 19,22.06,39.29,11641
12/31/2025 20,18.68,39.31,11385
12/31/2025 21,18.97,39.34,11288
12/31/2025 22,17.92,39.36,11100
12/31/2025 23,23.4,39.4,10922
12/31/2025 24,32.36,39.44,10768
01/01/2026 01,32.4,39.49,10651
01/01/2026 02,36.13,39.54,10584
01/01/2026 03,44.84,39.6,10541
01/01/2026 04,39.03,39.65,10439
01/01/2026 05,35.7,39.7,10421
01/01/2026 06,35.17,39.75,10467
01/01/2026 07,35.03,39.8,10565
01/01/2026 08,35.56,39.82,10676
01/01/2026 09,42.8,39.86,10835
01/01/2026 10,62.66,39.93,10931
01/01/2026 11,68.91,40.03,11071
01/01/2026 12,62.06,40.12,11125
01/01/2026 13,47.6,40.18,11244
01/01/2026 14,46.31,40.22,11264
01/01/2026 15,46.34,40.24,11296
01/01/2026 16,45.36,40.28,11376
01/01/2026 17,158.34,40.47,11521
01/01/2026 18,214.62,40.72,11671
01/01/2026 19,202.39,40.95,11542
01/01/2026 20,175.88,41.14,11357
01/01/2026 21,144.81,41.24,11220
01/01/2026 22,130.2,41.27,11099
01/01/2026 23,56.36,41.14,10981
01/01/2026 24,59.09,41.13,10783
01/02/2026 01,45.94,41.12,10609
01/02/2026 02,43.48,41.11,10466
01/02/2026 03,42.48,41.09,10424
01/02/2026 04,43.59,41.07,10438
01/02/2026 05,44.05,41.05,10455
01/02/2026 06,42.66,41.04,10532
01/02/2026 07,46.87,41.06,10797
01/02/2026 08,60.01,41.09,11174
01/02/2026 09,72.95,41.15,11413
01/02/2026 10,73.42,41.2,11532
01/02/2026 11,58.85,41.23,11620
01/02/2026 12,50.81,41.24,11727
01/02/2026 13,49.32,41.26,11757
01/02/2026 14,47.8,41.29,11731
01/02/2026 15,47.61,41.31,11737
01/02/2026 16,88.63,41.38,11759
01/02/2026 17,283.98,41.73,11865
01/02/2026 18,286.3,42.08,11935
01/02/2026 19,145.74,42.23,11842
01/02/2026 20,75,42.28,11774
01/02/2026 21,99.27,42.37,11678
01/02/2026 22,84.53,42.45,11435
01/02/2026 23,53.58,42.48,11315
01/02/2026 24,48.33,42.52,11189
01/03/2026 01,69.39,42.59,11043
01/03/2026 02,60.28,42.67,10906
01/03/2026 03,47.34,42.74,10780
01/03/2026 04,47.05,42.8,10709
01/03/2026 05,46.72,42.87,10701
01/03/2026 06,46.15,42.92,10700
01/03/2026 07,47.46,42.96,10866
01/03/2026 08,54.41,43,11122
01/03/2026 09,66.96,43.04,11282
01/03/2026 10,55,43.07,11403
01/03/2026 11,49.31,43.1,11550
01/03/2026 12,51.3,43.14,11647
01/03/2026 13,61.78,43.19,11640
01/03/2026 14,46.4,43.23,11639
01/03/2026 15,41.38,43.26,11608
01/03/2026 16,36.72,43.26,11649
01/03/2026 17,35.01,43.26,11832
01/03/2026 18,36.34,43.26,12046
01/03/2026 19,29.94,43.25,11871
01/03/2026 20,26.04,43.23,11740
01/03/2026 21,25.77,43.22,11651
01/03/2026 22,26.1,43.22,11516
01/03/2026 23,25.14,43.23,11266
01/03/2026 24,25.3,43.23,11012
01/04/2026 01,30.75,43.25,10804
01/04/2026 02,34.13,43.26,10681
01/04/2026 03,32.31,43.26,10607
01/04/2026 04,34.32,43.26,10561
01/04/2026 05,45.14,43.28,10555
01/04/2026 06,49.96,43.31,10626
01/04/2026 07,103.79,43.4,10735
01/04/2026 08,74.75,43.38,10931
01/04/2026 09,148.86,43.51,11083
01/04/2026 10,66.9,43.53,11177
01/04/2026 11,69.87,43.59,11305
01/04/2026 12,52.84,43.62,11312
01/04/2026 13,46.52,43.63,11356
01/04/2026 14,46.2,43.64,11316
01/04/2026 15,46.53,43.65,11354
01/04/2026 16,47.17,43.67,11553
01/04/2026 17,52.12,43.67,11900
01/04/2026 18,76.78,43.72,12153
01/04/2026 19,43.97,43.73,11991
01/04/2026 20,37.4,43.73,11868
01/04/2026 21,33.72,43.72,11761
01/04/2026 22,32.96,43.69,11546
01/04/2026 23,30.79,43.68,11231
01/04/2026 24,29.63,43.67,10935
01/05/2026 01,30.2,43.66,10788
01/05/2026 02,27.94,43.65,10670
01/05/2026 03,26.37,43.62,10601
01/05/2026 04,26.8,43.6,10602
01/05/2026 05,29.52,43.58,10635
01/05/2026 06,43.87,43.59,10821
01/05/2026 07,193.36,43.78,11219
01/05/2026 08,648.65,44.58,11575
01/05/2026 09,453.81,45.05,11702
01/05/2026 10,647.43,45.87,11734
01/05/2026 11,765.62,46.84,11835
01/05/2026 12,858.44,47.95,11899
01/05/2026 13,845.76,49.05,11827
01/05/2026 14,712.95,49.96,11760
01/05/2026 15,545.81,50.65,11723
01/05/2026 16,613.25,51.45,11755
01/05/2026 17,618.34,52.26,11995
01/05/2026 18,695.34,53.18,12238
01/05/2026 19,657.7,54.04,12060
01/05/2026 20,125.82,54.16,11883
01/05/2026 21,46.55,54.16,11777
01/05/2026 22,41.3,54.17,11581
01/05/2026 23,33,54.17,11296
01/05/2026 24,30.38,54.17,11057
01/06/2026 01,27.09,54.15,10885
01/06/2026 02,24.36,54.14,10755
01/06/2026 03,23.79,54.12,10667
01/06/2026 04,16.68,54.08,10596
01/06/2026 05,14.66,54.04,10621
01/06/2026 06,15.48,54,10793
01/06/2026 07,22.71,53.98,11205
01/06/2026 08,18.02,53.96,11676
01/06/2026 09,15.66,53.92,11820
01/06/2026 10,21,53.87,11784
01/06/2026 11,16.18,53.81,11790
01/06/2026 12,0,53.68,11736
01/06/2026 13,0,53.53,11616
01/06/2026 14,0,53.46,11549
01/06/2026 15,0,53.4,11514
01/06/2026 16,0,53.35,11546
01/06/2026 17,5.53,53.32,11727
01/06/2026 18,13.48,53.32,12013
01/06/2026 19,12.49,53.34,11900
01/06/2026 20,14.23,53.36,11736
01/06/2026 21,14.63,53.36,11622
01/06/2026 22,17.61,53.39,11429
01/06/2026 23,15.32,53.41,11145
01/06/2026 24,9.14,53.42,10837
01/07/2026 01,9.68,53.43,10634
01/07/2026 02,13.19,53.45,10570
01/07/2026 03,9.81,53.47,10512
01/07/2026 04,2.03,53.47,10465
01/07/2026 05,8.9,53.46,10428
01/07/2026 06,13.11,53.45,10594
01/07/2026 07,7.86,53.42,10973
01/07/2026 08,14.23,53.4,11491
01/07/2026 09,14.35,53.39,11671
01/07/2026 10,9.9,53.4,11616
01/07/2026 11,13.61,53.42,11702
01/07/2026 12,12.76,53.44,11643
01/07/2026 13,10.19,53.45,11474
01/07/2026 14,12.34,53.45,11420
01/07/2026 15,13.17,53.44,11361
01/07/2026 16,22.92,53.44,11415
01/07/2026 17,27.77,53.44,11644
01/07/2026 18,27.91,53.43,11969
01/07/2026 19,23.54,53.42,11834
01/07/2026 20,17.49,53.41,11717
01/07/2026 21,13.64,53.4,11675
01/07/2026 22,12.78,53.38,11484
01/07/2026 23,0.38,53.35,11211
01/07/2026 24,0,53.32,10926
01/08/2026 01,0,53.29,10711
01/08/2026 02,2.43,53.27,10586
01/08/2026 03,15.47,53.29,10496
01/08/2026 04,17.94,53.31,10466
01/08/2026 05,19.11,53.34,10515
01/08/2026 06,25.68,53.37,10695
01/08/2026 07,28.69,53.36,11107
01/08/2026 08,28.62,53.29,11581
01/08/2026 09,30.32,53.27,11754
01/08/2026 10,20.3,53.24,11698
01/08/2026 11,14.24,53.23,11624
01/08/2026 12,4.38,53.21,11687
01/08/2026 13,6.49,53.17,11697
01/08/2026 14,0.01,53.14,11695
01/08/2026 15,0,53.11,11746
01/08/2026 16,0.01,53.06,11780
01/08/2026 17,2.37,52.98,11987
01/08/2026 18,12.23,52.92,12218
01/08/2026 19,17.46,52.86,12026
01/08/2026 20,30.21,52.68,11880
01/08/2026 21,55.27,52.37,11694
01/08/2026 22,35.23,52.01,11482
01/08/2026 23,22.09,51.97,11205
01/08/2026 24,14.61,51.91,10921
01/09/2026 01,13.53,51.86,10733
01/09/2026 02,14.17,51.83,10643
01/09/2026 03,15.65,51.81,10610
01/09/2026 04,22.82,51.81,10559
01/09/2026 05,17.09,51.8,10601
01/09/2026 06,25.44,51.81,10785
01/09/2026 07,28.22,51.83,11197
01/09/2026 08,35.7,51.86,11695
01/09/2026 09,44.17,51.88,11874
01/09/2026 10,27.1,51.89,11828
01/09/2026 11,15.23,51.87,11748
01/09/2026 12,12.59,51.85,11740
01/09/2026 13,11.78,51.81,11681
01/09/2026 14,12.21,51.79,11722
01/09/2026 15,11.51,51.76,11737
01/09/2026 16,10.81,51.71,11718
01/09/2026 17,11.81,51.63,11849
01/09/2026 18,12.08,51.57,12022
01/09/2026 19,12.74,51.51,11879
01/09/2026 20,12.5,51.47,11753
01/09/2026 21,12.45,51.41,11581
01/09/2026 22,12.45,51.37,11373
01/09/2026 23,12.57,51.33,11140
01/09/2026 24,12.17,51.28,10847
01/10/2026 01,11.65,51.23,10597
01/10/2026 02,0.53,51.16,10415
01/10/2026 03,0,51.1,10252
01/10/2026 04,3.18,51.05,10198
01/10/2026 05,0,51,10186
01/10/2026 06,0,50.95,10245
01/10/2026 07,0,50.9,10394
01/10/2026 08,0,50.86,10548
01/10/2026 09,0.02,50.82,10719
01/10/2026 10,2.01,50.77,10896
01/10/2026 11,11.18,50.73,11026
01/10/2026 12,9.69,50.68,11155
01/10/2026 13,2.97,50.62,11180
01/10/2026 14,0,50.57,11153
01/10/2026 15,0,50.52,11106
01/10/2026 16,0,50.47,11093
01/10/2026 17,10.81,50.42,11252
01/10/2026 18,13,50.38,11540
01/10/2026 19,12.79,50.34,11432
01/10/2026 20,7.36,50.29,11247
01/10/2026 21,0.51,50.22,11096
01/10/2026 22,0,50.15,10951
01/10/2026 23,0.01,50.07,10767
01/10/2026 24,0,49.99,10518
01/11/2026 01,0,49.92,10318
01/11/2026 02,0,49.84,10142
01/11/2026 03,0,49.76,10031
01/11/2026 04,0,49.68,9960
01/11/2026 05,0,49.61,9960
01/11/2026 06,0,49.53,10007
01/11/2026 07,0,49.45,10124
01/11/2026 08,0,49.35,10303
01/11/2026 09,7.93,49.25,10490
01/11/2026 10,11.26,49.15,10659
01/11/2026 11,12.5,49.08,10793
01/11/2026 12,12.87,49.02,10863
01/11/2026 13,10.84,48.96,10888
01/11/2026 14,11.63,48.9,10883
01/11/2026 15,11.18,48.85,10872
01/11/2026 16,12.82,48.8,10943
01/11/2026 17,15.82,48.75,11217
01/11/2026 18,17.08,48.7,11495
01/11/2026 19,13.71,48.65,11403
01/11/2026 20,15.47,48.61,11251
01/11/2026 21,11.43,48.55,11087
01/11/2026 22,10.8,48.49,10866
01/11/2026 23,1.91,48.41,10559
01/11/2026 24,0,48.29,10309
01/12/2026 01,0,48.2,10169
01/12/2026 02,0,48.12,10016
01/12/2026 03,0,48.04,9940
01/12/2026 04,0,47.97,9918
01/12/2026 05,0,47.87,9963
01/12/2026 06,0,47.77,10098
01/12/2026 07,15.11,47.66,10518
01/12/2026 08,13.93,47.54,11066
01/12/2026 09,13.01,47.47,11212
01/12/2026 10,11.34,47.42,11232
01/12/2026 11,4.38,47.36,11222
01/12/2026 12,0.01,47.31,11192
01/12/2026 13,0.01,47.25,11168
01/12/2026 14,0.02,47.2,11160
01/12/2026 15,8.44,47.16,11200
01/12/2026 16,12.28,47.14,11268
01/12/2026 17,14.04,47.12,11511
01/12/2026 18,16.84,47.09,11682
01/12/2026 19,13.16,47.07,11475
01/12/2026 20,9.41,47.05,11298
01/12/2026 21,5.03,47.02,11096
01/12/2026 22,0.02,46.99,10875
01/12/2026 23,1.73,46.97,10547
01/12/2026 24,0,46.94,10296
01/13/2026 01,0,46.91,10112
01/13/2026 02,0,46.88,9978
01/13/2026 03,0,46.86,9914
01/13/2026 04,0,46.83,9875
01/13/2026 05,0,46.8,9932
01/13/2026 06,0,46.77,10142
01/13/2026 07,5.63,46.75,10475
01/13/2026 08,11.04,46.74,10948
01/13/2026 09,12.26,46.72,11090
01/13/2026 10,11.94,46.71,11051
01/13/2026 11,10.6,46.69,10994
01/13/2026 12,11.76,46.68,10940
01/13/2026 13,11.94,46.68,10870
01/13/2026 14,11.6,46.68,10890
01/13/2026 15,11.69,46.67,10939
01/13/2026 16,16.43,46.66,11049
01/13/2026 17,34.66,46.68,11249
01/13/2026 18,81.35,46.76,11458
01/13/2026 19,74.61,46.84,11265
01/13/2026 20,62.1,46.9,11140
01/13/2026 21,31.12,46.91,11048
01/13/2026 22,22.55,46.92,10851
01/13/2026 23,13.2,46.91,10526
01/13/2026 24,10.25,46.89,10218
01/14/2026 01,10.09,46.88,10094
01/14/2026 02,4,46.85,10005
01/14/2026 03,3.48,46.84,9905
01/14/2026 04,1.96,46.83,9882
01/14/2026 05,0.01,46.83,9924
01/14/2026 06,0.01,46.83,10105
01/14/2026 07,10.44,46.85,10522
01/14/2026 08,10.7,46.85,11013
01/14/2026 09,11.78,46.87,11167
01/14/2026 10,9.81,46.88,11090
01/14/2026 11,3.49,46.89,11059
01/14/2026 12,0.01,46.89,11020
01/14/2026 13,0,46.89,10939
01/14/2026 14,0,46.89,11021
01/14/2026 15,0,46.89,11062
01/14/2026 16,0,46.89,11028
01/14/2026 17,1.39,46.86,11168
01/14/2026 18,10.79,46.85,11437
01/14/2026 19,8.29,46.84,11254
01/14/2026 20,8.08,46.85,11112
01/14/2026 21,11.95,46.84,10920
01/14/2026 22,16.42,46.83,10659
01/14/2026 23,13.2,46.85,10372
01/14/2026 24,11.04,46.86,10159
01/15/2026 01,7.55,46.87,9951
01/15/2026 02,9.21,46.88,9867
01/15/2026 03,4.24,46.89,9809
01/15/2026 04,4.75,46.9,9801
01/15/2026 05,0,46.9,9883
01/15/2026 06,0,46.87,10056
01/15/2026 07,0.01,46.8,10544
01/15/2026 08,0,46.73,11135
01/15/2026 09,0.01,46.64,11282
01/15/2026 10,0.01,46.59,11280
01/15/2026 11,0.01,46.54,11319
01/15/2026 12,0,46.51,11362
01/15/2026 13,0,46.48,11312
01/15/2026 14,0,46.46,11316
01/15/2026 15,0,46.43,11309
01/15/2026 16,0,46.41,11375
01/15/2026 17,6.88,46.39,11536
01/15/2026 18,11.86,46.38,11804
01/15/2026 19,12.53,46.37,11699
01/15/2026 20,12,46.36,11557
01/15/2026 21,11.89,46.35,11386
01/15/2026 22,10.25,46.34,11137
01/15/2026 23,1.31,46.32,10833
01/15/2026 24,0,46.29,10566
01/16/2026 01,0,46.27,10394
01/16/2026 02,0,46.25,10263
01/16/2026 03,0,46.23,10202
01/16/2026 04,0,46.23,10216
01/16/2026 05,0,46.23,10264
01/16/2026 06,0,46.23,10460
01/16/2026 07,5.34,46.21,10862
01/16/2026 08,12.38,46.2,11347
01/16/2026 09,22.62,46.2,11586
01/16/2026 10,27.4,46.2,11570
01/16/2026 11,21.12,46.2,11496
01/16/2026 12,14.48,46.2,11416
01/16/2026 13,12.56,46.19,11385
01/16/2026 14,2.71,46.16,11441
01/16/2026 15,0,46.12,11517
01/16/2026 16,0,46.09,11485
01/16/2026 17,8.26,46.07,11594
01/16/2026 18,14.3,46.06,11797
01/16/2026 19,16.45,46.06,11624
01/16/2026 20,23.45,46.05,11469
01/16/2026 21,30.16,46.05,11347
01/16/2026 22,33.86,46.04,11193
01/16/2026 23,32.86,46,10974
01/16/2026 24,26.87,45.89,10714
01/17/2026 01,19.79,45.81,10447
01/17/2026 02,13.86,45.71,10342
01/17/2026 03,12.92,45.67,10300
01/17/2026 04,9.69,45.65,10248
01/17/2026 05,10.9,45.64,10271
01/17/2026 06,0.46,45.61,10362
01/17/2026 07,0,45.59,10500
01/17/2026 08,0,45.55,10701
01/17/2026 09,0,45.51,10875
01/17/2026 10,0,45.48,10982
01/17/2026 11,0,45.46,11042
01/17/2026 12,0,45.43,10977
01/17/2026 13,0,45.41,10902
01/17/2026 14,0,45.38,10804
01/17/2026 15,0,45.35,10750
01/17/2026 16,0,45.33,10828
01/17/2026 17,5.28,45.3,10967
01/17/2026 18,9.51,45.29,11278
01/17/2026 19,9.35,45.27,11244
01/17/2026 20,9.8,45.26,11118
01/17/2026 21,10.19,45.25,11007
01/17/2026 22,0.01,45.22,10847
01/17/2026 23,0,45.2,10666
01/17/2026 24,0,45.2,10448
01/18/2026 01,0,45.2,10226
01/18/2026 02,0,45.2,10132
01/18/2026 03,0,45.2,10070
01/18/2026 04,0,45.2,9999
01/18/2026 05,0,45.2,10008
01/18/2026 06,1.64,45.2,10058
01/18/2026 07,7.59,45.21,10170
01/18/2026 08,7.5,45.21,10326
01/18/2026 09,18.28,45.2,10516
01/18/2026 10,22.1,45.19,10687
01/18/2026 11,24.29,45.19,10779
01/18/2026 12,30.21,45.2,10894
01/18/2026 13,33.89,45.21,10999
01/18/2026 14,34.03,45.21,11036
01/18/2026 15,26.4,45.21,10959
01/18/2026 16,30.74,45.21,11051
01/18/2026 17,164.07,45.38,11299
01/18/2026 18,238.06,45.66,11559
01/18/2026 19,145.07,45.81,11504
01/18/2026 20,81.42,45.88,11385
01/18/2026 21,40.3,45.89,11257
01/18/2026 22,27.09,45.88,11064
01/18/2026 23,24.5,45.87,10731
01/18/2026 24,19.45,45.86,10488
01/19/2026 01,9.55,45.82,10337
01/19/2026 02,8.73,45.79,10229
01/19/2026 03,8.86,45.75,10177
01/19/2026 04,5.1,45.7,10148
01/19/2026 05,0.01,45.64,10118
01/19/2026 06,2.9,45.57,10295
01/19/2026 07,10.75,45.46,10713
01/19/2026 08,20.28,45.37,11235
01/19/2026 09,23.69,45.3,11465
01/19/2026 10,22.3,45.24,11453
01/19/2026 11,22.46,45.21,11426
01/19/2026 12,23.98,45.18,11411
01/19/2026 13,24.47,45.17,11362
01/19/2026 14,24.53,45.16,11247
01/19/2026 15,25.53,45.14,11203
01/19/2026 16,30.5,45.13,11212
01/19/2026 17,69.33,45.17,11417
01/19/2026 18,95.19,45.26,11674
01/19/2026 19,95,45.37,11509
01/19/2026 20,36.01,45.41,11341
01/19/2026 21,30.09,45.45,11223
01/19/2026 22,26.93,45.46,10963
01/19/2026 23,21.93,45.46,10632
01/19/2026 24,10.67,45.46,10325
01/20/2026 01,11.46,45.48,10208
01/20/2026 02,13.01,45.5,10178
01/20/2026 03,12.21,45.51,10198
01/20/2026 04,8.64,45.51,10264
01/20/2026 05,0,45.48,10310
01/20/2026 06,0,45.46,10481
01/20/2026 07,6.01,45.44,10882
01/20/2026 08,12.44,45.43,11347
01/20/2026 09,12.76,45.42,11430
01/20/2026 10,22.91,45.4,11424
01/20/2026 11,27.33,45.38,11402
01/20/2026 12,28.4,45.37,11354
01/20/2026 13,25.48,45.34,11286
01/20/2026 14,24.29,45.31,11160
01/20/2026 15,26.78,45.25,11219
01/20/2026 16,23.94,45.16,11267
01/20/2026 17,20.17,44.39,11448
01/20/2026 18,17.91,43.37,11612
01/20/2026 19,14.01,43.09,11485
01/20/2026 20,13.3,42.78,11451
01/20/2026 21,13.23,42.63,11422
01/20/2026 22,6.39,42.54,11277
01/20/2026 23,9.63,42.47,10970
01/20/2026 24,9.08,42.39,10683
01/21/2026 01,0.02,42.26,10502
01/21/2026 02,0.01,42.18,10411
01/21/2026 03,0.01,42.1,10361
01/21/2026 04,10.36,42.04,10379
01/21/2026 05,12.61,42,10428
01/21/2026 06,14.33,41.95,10604
01/21/2026 07,22.53,41.9,11003
01/21/2026 08,32.16,41.87,11439
01/21/2026 09,31.44,41.84,11613
01/21/2026 10,21.47,41.79,11613
01/21/2026 11,26.07,41.75,11565
01/21/2026 12,24.15,41.72,11556
01/21/2026 13,17.8,41.68,11569
01/21/2026 14,11.88,41.64,11503
01/21/2026 15,11.14,41.59,11561
01/21/2026 16,16.77,41.43,11654
01/21/2026 17,24.9,40.33,11903
01/21/2026 18,30.89,39.02,12099
01/21/2026 19,34.32,38.2,12005
01/21/2026 20,28.13,38.08,11860
01/21/2026 21,26.17,38.03,11727
01/21/2026 22,25,38.01,11489
01/21/2026 23,22.42,37.98,11169
01/21/2026 24,19.74,37.96,10891
01/22/2026 01,20.3,37.95,10693
01/22/2026 02,21.11,37.95,10595
01/22/2026 03,27.67,37.96,10581
01/22/2026 04,31.85,37.98,10632
01/22/2026 05,32.54,38.01,10728
01/22/2026 06,40.32,38.07,10950
01/22/2026 07,62.77,38.16,11360
01/22/2026 08,145.03,38.35,11652
01/22/2026 09,97.74,38.45,11797
01/22/2026 10,85.39,38.54,11860
01/22/2026 11,74.35,38.64,11910
01/22/2026 12,64.57,38.73,11950
01/22/2026 13,48.17,38.79,11901
01/22/2026 14,38.51,38.81,11902
01/22/2026 15,38.16,38.82,11913
01/22/2026 16,40.08,38.82,11918
01/22/2026 17,65.37,38.8,12065
01/22/2026 18,55.8,38.76,12291
01/22/2026 19,53.52,38.67,12250
01/22/2026 20,60.19,38.65,12149
01/22/2026 21,64.02,38.65,12047
01/22/2026 22,64.91,38.65,11857
01/22/2026 23,60.9,38.66,11626
01/22/2026 24,52.29,38.67,11358
01/23/2026 01,43.9,38.66,11130
01/23/2026 02,39.87,38.65,10956
01/23/2026 03,39.79,38.65,11009
01/23/2026 04,39.17,38.65,10951
01/23/2026 05,39.16,38.65,11000
01/23/2026 06,39.66,38.65,11157
01/23/2026 07,42.83,38.65,11547
01/23/2026 08,61.2,38.67,11993
01/23/2026 09,99.54,38.74,12129
01/23/2026 10,67.32,38.74,12135
01/23/2026 11,52.38,38.74,12155
01/23/2026 12,48.91,38.74,12110
01/23/2026 13,44.39,38.72,12054
01/23/2026 14,44.14,38.71,11952
01/23/2026 15,44.43,38.71,11870
01/23/2026 16,46.1,38.71,12002
01/23/2026 17,63.4,38.73,12128
01/23/2026 18,57.61,38.75,12238
01/23/2026 19,37.47,38.75,12127
01/23/2026 20,34.94,38.74,11972
01/23/2026 21,37.41,38.74,11839
01/23/2026 22,35.71,38.73,11678
01/23/2026 23,33.19,38.72,11430
01/23/2026 24,29.3,38.7,11181
01/24/2026 01,31.07,38.67,10968
01/24/2026 02,31.17,38.62,10820
01/24/2026 03,33.27,38.58,10738
01/24/2026 04,33.28,38.55,10679
01/24/2026 05,33.45,38.54,10656
01/24/2026 06,35.37,38.53,10715
01/24/2026 07,36.9,38.52,10857
01/24/2026 08,39.97,38.54,11126
01/24/2026 09,44.25,38.55,11305
01/24/2026 10,40.81,38.55,11470
01/24/2026 11,45.47,38.56,11644
01/24/2026 12,44.22,38.56,11681
01/24/2026 13,44.4,38.56,11649
01/24/2026 14,44.4,38.56,11596
01/24/2026 15,44.45,38.56,11539
01/24/2026 16,50.45,38.53,11559
01/24/2026 17,118.01,38.58,11586
01/24/2026 18,181.68,38.77,11803
01/24/2026 19,200,38.99,11768
01/24/2026 20,181.41,39.19,11666
01/24/2026 21,70.55,39.23,11646
01/24/2026 22,69.1,39.25,11585
01/24/2026 23,67.99,39.28,11384
01/24/2026 24,68.78,39.3,11183
01/25/2026 01,69.83,39.28,11057
01/25/2026 02,78.43,39.31,10951
01/25/2026 03,68.48,39.34,10913
01/25/2026 04,65.02,39.37,10916
01/25/2026 05,57.8,39.4,10946
01/25/2026 06,41.92,39.41,11017
01/25/2026 07,35.23,39.4,11102
01/25/2026 08,32.5,39.38,11296
01/25/2026 09,28.21,39.35,11494
01/25/2026 10,19.51,39.3,11632
01/25/2026 11,17.08,39.25,11666
01/25/2026 12,18.15,39.2,11623
01/25/2026 13,19,39.14,11612
01/25/2026 14,17.67,39.04,11567
01/25/2026 15,13.82,38.93,11560
01/25/2026 16,1.25,38.86,11603
01/25/2026 17,17.37,38.8,11751
01/25/2026 18,19.05,38.75,12018
01/25/2026 19,17.64,38.71,11977
01/25/2026 20,17.76,38.66,11821
01/25/2026 21,18.06,38.62,11676
01/25/2026 22,18.09,38.58,11436
01/25/2026 23,18.81,38.54,11134
01/25/2026 24,19.14,38.52,10883
01/26/2026 01,19.29,38.5,10684
01/26/2026 02,19.72,38.48,10558
01/26/2026 03,18.09,38.46,10526
01/26/2026 04,17.83,38.45,10540
01/26/2026 05,20.14,38.44,10619
01/26/2026 06,27.6,38.45,10802
01/26/2026 07,41.62,38.48,11237
01/26/2026 08,63.92,38.54,11684
01/26/2026 09,75.22,38.61,11871
01/26/2026 10,42.77,38.65,11932
01/26/2026 11,34.44,38.67,11889
01/26/2026 12,50.19,38.71,11898
01/26/2026 13,47.15,38.75,11880
01/26/2026 14,39.57,38.78,11925
01/26/2026 15,40.49,38.83,11928
01/26/2026 16,56.33,38.88,11941
01/26/2026 17,110.71,39,11987
01/26/2026 18,87.2,39.09,12120
01/26/2026 19,44.73,39.11,12047
01/26/2026 20,47.8,39.14,11983
01/26/2026 21,33.8,39.16,11834
01/26/2026 22,32.01,39.16,11576
01/26/2026 23,30.47,39.17,11265
01/26/2026 24,28.71,39.17,10960
01/27/2026 01,28.55,39.16,10797
01/27/2026 02,27.81,39.14,10726
01/27/2026 03,25.04,39.1,10685
01/27/2026 04,21.37,39.06,10640
01/27/2026 05,18.85,39.02,10636
01/27/2026 06,18.2,38.99,10836
01/27/2026 07,21.81,38.97,11212
01/27/2026 08,29.95,38.96,11657
01/27/2026 09,30.89,38.96,11786
01/27/2026 10,23.99,38.96,11716
01/27/2026 11,18.03,38.95,11663
01/27/2026 12,18.42,38.95,11608
01/27/2026 13,19.23,38.95,11493
01/27/2026 14,19.89,38.94,11429
01/27/2026 15,18.96,38.94,11366
01/27/2026 16,28.63,38.94,11435
01/27/2026 17,61.35,39,11670
01/27/2026 18,84.53,39.08,11876
01/27/2026 19,78.45,39.16,11758
01/27/2026 20,42.78,39.19,11642
01/27/2026 21,44.56,39.22,11527
01/27/2026 22,33.66,39.23,11298
01/27/2026 23,25.82,39.24,10976
01/27/2026 24,22.84,39.24,10712
01/28/2026 01,29.71,39.26,10620
01/28/2026 02,32.72,39.28,10495
01/28/2026 03,31.76,39.3,10460
01/28/2026 04,28.08,39.31,10407
01/28/2026 05,29.3,39.33,10439
01/28/2026 06,29.17,39.34,10659
01/28/2026 07,29.7,39.35,11035
01/28/2026 08,30.09,39.36,11490
01/28/2026 09,31.92,39.36,11644
01/28/2026 10,29.82,39.36,11617
01/28/2026 11,26.67,39.36,11612
01/28/2026 12,18.08,39.36,11569
01/28/2026 13,16.53,39.36,11569
01/28/2026 14,18.54,39.35,11538
01/28/2026 15,26.92,39.36,11470
01/28/2026 16,30.9,39.38,11502
01/28/2026 17,49.5,39.42,11642
01/28/2026 18,106.62,39.53,11818
01/28/2026 19,79.29,39.62,11700
01/28/2026 20,97.58,39.72,11577
01/28/2026 21,56.03,39.77,11400
01/28/2026 22,57.01,39.82,11161
01/28/2026 23,35.7,39.84,10921
01/28/2026 24,33.28,39.86,10667
01/29/2026 01,30.4,39.88,10488
01/29/2026 02,24.16,39.89,10428
01/29/2026 03,15.95,39.9,10325
01/29/2026 04,15.22,39.89,10305
01/29/2026 05,15.51,39.89,10290
01/29/2026 06,19.23,39.89,10465
01/29/2026 07,28.56,39.91,10865
01/29/2026 08,47.88,39.95,11304
01/29/2026 09,59,39.99,11383
01/29/2026 10,33.22,40,11406
01/29/2026 11,44.01,40.04,11388
01/29/2026 12,44.25,40.07,11270
01/29/2026 13,29.11,40.09,11214
01/29/2026 14,27.93,40.12,11213
01/29/2026 15,27.51,40.15,11191
01/29/2026 16,39.46,40.18,11199
01/29/2026 17,122.59,40.32,11351
01/29/2026 18,98.07,40.43,11534
01/29/2026 19,34.97,40.44,11492
01/29/2026 20,26.52,40.45,11406
01/29/2026 21,16.23,40.45,11349
01/29/2026 22,15.15,40.45,11148
01/29/2026 23,14.16,40.45,10838
01/29/2026 24,14.09,40.44,10562
01/30/2026 01,13.83,40.43,10358
01/30/2026 02,15.06,40.42,10210
01/30/2026 03,15.46,40.42,10159
01/30/2026 04,18.25,40.41,10182
01/30/2026 05,17.85,40.41,10265
01/30/2026 06,21.99,40.4,10412
01/30/2026 07,27.52,40.41,10762
01/30/2026 08,31.2,40.43,11208
01/30/2026 09,29.43,40.43,11436
01/30/2026 10,19.08,40.43,11528
01/30/2026 11,13.98,40.43,11590
01/30/2026 12,1.86,40.41,11622
01/30/2026 13,0,40.39,11571
01/30/2026 14,0,40.36,11552
01/30/2026 15,0,40.33,11498
01/30/2026 16,13.28,40.33,11481
01/30/2026 17,14.07,40.32,11541
01/30/2026 18,15.14,40.3,11693
01/30/2026 19,14.06,40.29,11565
01/30/2026 20,13.67,40.28,11399
01/30/2026 21,8.69,40.27,11272
01/30/2026 22,0.73,40.25,11116
01/30/2026 23,0,40.21,10868
01/30/2026 24,0,40.17,10591
01/31/2026 01,7.3,40.13,10354
01/31/2026 02,4.26,40.09,10176
01/31/2026 03,0,40.03,10112
01/31/2026 04,0,39.97,10057
01/31/2026 05,0,39.92,10069
01/31/2026 06,3.66,39.88,10082
01/31/2026 07,16.79,39.85,10211
01/31/2026 08,15.82,39.83,10428
01/31/2026 09,9.29,39.78,10612
01/31/2026 10,0,39.69,10724
01/31/2026 11,0,39.6,10746
01/31/2026 12,1.33,39.51,10776
01/31/2026 13,1.07,39.45,10730
01/31/2026 14,0,39.38,10689
01/31/2026 15,1.11,39.32,10673
01/31/2026 16,10.97,39.27,10725
01/31/2026 17,21.62,39.08,10876
01/31/2026 18,32.53,38.83,11136
01/31/2026 19,33.9,38.6,11184
01/31/2026 20,38.47,38.41,11076
01/31/2026 21,44.51,38.27,10972
01/31/2026 22,60,38.17,10813
01/31/2026 23,60,38.17,10556
01/31/2026 24,62.32,38.18,10317
02/01/2026 01,56.68,38.19,10123
02/01/2026 02,44.78,38.2,10014
02/01/2026 03,43.15,38.2,9925
02/01/2026 04,41.73,38.19,9862
02/01/2026 05,40,38.19,9847
02/01/2026 06,33.02,38.17,9925
02/01/2026 07,31.4,38.15,10093
02/01/2026 08,28.6,38.11,10288
02/01/2026 09,27.39,38.05,10487
02/01/2026 10,27.52,37.98,10628
02/01/2026 11,33.79,37.95,10774
02/01/2026 12,41.37,37.93,10816
02/01/2026 13,33.12,37.91,10810
02/01/2026 14,28.9,37.89,10836
02/01/2026 15,27.23,37.86,10862
02/01/2026 16,20.21,37.76,10939
02/01/2026 17,19.73,37.4,11142
02/01/2026 18,20.02,37.03,11407
02/01/2026 19,18.92,36.85,11295
02/01/2026 20,17.35,36.77,11164
02/01/2026 21,18.42,36.66,11041
02/01/2026 22,20.13,36.57,10853
02/01/2026 23,20.17,36.52,10598
02/01/2026 24,17.76,36.48,10312
02/02/2026 01,17.24,36.41,10134
02/02/2026 02,19.75,36.35,10024
02/02/2026 03,21.49,36.31,9927
02/02/2026 04,29.36,36.29,9912
02/02/2026 05,28.11,36.26,9985
02/02/2026 06,30.24,36.24,10200
02/02/2026 07,29.62,36.22,10584
02/02/2026 08,30.71,36.18,11094
02/02/2026 09,30.72,36.13,11242
02/02/2026 10,20.82,36.09,11221
02/02/2026 11,1.68,36.02,11188
02/02/2026 12,1.74,35.95,11105
02/02/2026 13,0.01,35.87,11092
02/02/2026 14,0,35.8,11074
02/02/2026 15,0.58,35.74,11055
02/02/2026 16,9.72,35.71,11141
02/02/2026 17,19.37,35.69,11343
02/02/2026 18,18.05,35.66,11490
02/02/2026 19,17.02,35.64,11372
02/02/2026 20,17.81,35.63,11213
02/02/2026 21,19.74,35.62,11114
02/02/2026 22,19.82,35.61,10853
02/02/2026 23,18.11,35.6,10590
02/02/2026 24,15.89,35.59,10354
02/03/2026 01,9.7,35.56,10178
02/03/2026 02,9.41,35.53,10084
02/03/2026 03,9.74,35.5,10000
02/03/2026 04,10.13,35.46,9973
02/03/2026 05,13.64,35.42,9969
02/03/2026 06,18.49,35.37,10134
02/03/2026 07,25.05,35.27,10586
02/03/2026 08,27.12,35.2,11084
02/03/2026 09,27.51,35.03,11192
02/03/2026 10,25.07,34.97,11205
02/03/2026 11,24.05,34.91,11123
02/03/2026 12,28.29,34.87,11082
02/03/2026 13,28.36,34.85,11084
02/03/2026 14,29.39,34.83,11044
02/03/2026 15,29.47,34.8,11065
02/03/2026 16,27.39,34.77,11131
02/03/2026 17,42.3,34.76,11293
02/03/2026 18,36.94,34.71,11503
02/03/2026 19,19.04,34.67,11448
02/03/2026 20,13.26,34.64,11325
02/03/2026 21,11.59,34.61,11193
02/03/2026 22,10.45,34.58,11016
02/03/2026 23,1.48,34.53,10706
02/03/2026 24,0,34.49,10453
02/04/2026 01,0,34.45,10233
02/04/2026 02,0,34.41,10049
02/04/2026 03,0,34.38,9932
02/04/2026 04,0,34.34,9878
02/04/2026 05,0,34.3,9912
02/04/2026 06,0,34.24,10110
02/04/2026 07,0,33.97,10479
02/04/2026 08,0,33.07,11003
02/04/2026 09,0,32.44,11041
02/04/2026 10,0,31.54,11021
02/04/2026 11,8.16,30.49,11005
02/04/2026 12,15.63,29.32,10999
02/04/2026 13,19.64,28.17,10917
02/04/2026 14,24.9,27.21,10921
02/04/2026 15,19.02,26.48,10968
02/04/2026 16,9.25,25.64,10983
02/04/2026 17,0,24.78,11153
02/04/2026 18,0,23.82,11355
02/04/2026 19,0,22.9,11233
02/04/2026 20,13.9,22.75,11179
02/04/2026 21,15.48,22.71,11035
02/04/2026 22,15.64,22.67,10833
02/04/2026 23,15.75,22.65,10515
02/04/2026 24,15.74,22.63,10274
02/05/2026 01,15.15,22.61,10056
02/05/2026 02,13.44,22.59,9959
02/05/2026 03,12.57,22.58,9896
02/05/2026 04,12.58,22.57,9870
02/05/2026 05,1.11,22.55,9943
02/05/2026 06,5.41,22.54,10155
02/05/2026 07,12.57,22.53,10582
02/05/2026 08,11.38,22.52,11041
02/05/2026 09,4.6,22.5,11136
02/05/2026 10,0,22.47,11070
02/05/2026 11,0,22.45,11064
02/05/2026 12,0,22.45,11073
02/05/2026 13,0,22.45,11026
02/05/2026 14,0,22.45,11001
02/05/2026 15,0,22.45,10922
02/05/2026 16,9.23,22.46,10920
02/05/2026 17,19.42,22.48,11083
02/05/2026 18,35.1,22.51,11304
02/05/2026 19,58.7,22.58,11266
02/05/2026 20,81.45,22.67,11184
02/05/2026 21,49.88,22.72,11075
02/05/2026 22,38.29,22.75,10900
02/05/2026 23,35.87,22.78,10652
02/05/2026 24,32.11,22.81,10385
02/06/2026 01,24.59,22.83,10179
02/06/2026 02,22.07,22.84,10050
02/06/2026 03,17.33,22.85,10011
02/06/2026 04,16.68,22.87,9991
02/06/2026 05,14.96,22.88,10100
02/06/2026 06,11.6,22.88,10252
02/06/2026 07,11.89,22.88,10695
02/06/2026 08,13.06,22.88,11130
02/06/2026 09,13.35,22.88,11287
02/06/2026 10,11.24,22.88,11284
02/06/2026 11,9.18,22.88,11315
02/06/2026 12,11.42,22.87,11246
02/06/2026 13,14.12,22.88,11186
02/06/2026 14,16.46,22.88,11205
02/06/2026 15,14.1,22.89,11197
02/06/2026 16,14.17,22.87,11159
02/06/2026 17,15.29,22.86,11242
02/06/2026 18,14.85,22.84,11300
02/06/2026 19,14.24,22.83,11243
02/06/2026 20,14.04,22.82,11172
02/06/2026 21,13.33,22.82,11069
02/06/2026 22,12.25,22.82,10880
02/06/2026 23,7.39,22.83,10588
02/06/2026 24,10.22,22.84,10312
02/07/2026 01,10.03,22.86,10115
02/07/2026 02,2.94,22.86,10041
02/07/2026 03,5.1,22.84,9958
02/07/2026 04,10.15,22.83,9907
02/07/2026 05,11.59,22.82,9949
02/07/2026 06,11.1,22.8,9999
02/07/2026 07,5.24,22.77,10162
02/07/2026 08,11.11,22.75,10397
02/07/2026 09,14.16,22.72,10581
02/07/2026 10,14.69,22.72,10666
02/07/2026 11,10.54,22.71,10781
02/07/2026 12,10.46,22.72,10805
02/07/2026 13,5.22,22.72,10796
02/07/2026 14,0,22.72,10775
02/07/2026 15,0,22.72,10791
02/07/2026 16,0,22.72,10769
02/07/2026 17,9.29,22.73,10843
02/07/2026 18,10.09,22.72,11046
02/07/2026 19,2.31,22.7,11128
02/07/2026 20,0,22.66,11026
02/07/2026 21,0,22.58,10917
02/07/2026 22,1.48,22.54,10754
02/07/2026 23,9.8,22.52,10552
02/07/2026 24,0.01,22.5,10370
02/08/2026 01,0.84,22.48,10185
02/08/2026 02,0.01,22.46,10108
02/08/2026 03,0,22.44,10037
02/08/2026 04,0,22.41,9952
02/08/2026 05,0,22.39,9932
02/08/2026 06,0,22.35,10010
02/08/2026 07,0,22.31,10161
02/08/2026 08,0,22.26,10391
02/08/2026 09,0,22.2,10525
02/08/2026 10,0,22.16,10693
02/08/2026 11,0,22.14,10758
02/08/2026 12,0.01,22.12,10733
02/08/2026 13,9.06,22.12,10709
02/08/2026 14,7.5,22.11,10679
02/08/2026 15,0,22.1,10631
02/08/2026 16,0,22.08,10619
02/08/2026 17,10.69,22.08,10729
02/08/2026 18,11.96,22.08,10907
02/08/2026 19,12.33,22.08,10992
02/08/2026 20,15.76,22.08,11011
02/08/2026 21,16.04,22.09,10892
02/08/2026 22,16.04,22.09,10812
02/08/2026 23,15.34,22.1,10545
02/08/2026 24,15.3,22.1,10282
02/09/2026 01,19.4,22.11,10096
02/09/2026 02,20.58,22.14,10024
02/09/2026 03,21.36,22.17,9999
02/09/2026 04,21.55,22.2,9987
02/09/2026 05,27.91,22.23,10042
02/09/2026 06,32.63,22.28,10264
02/09/2026 07,57.53,22.36,10701
02/09/2026 08,71.35,22.46,11088
02/09/2026 09,144.6,22.66,11159
02/09/2026 10,61.25,22.74,11173
02/09/2026 11,33.29,22.77,11055
02/09/2026 12,24.09,22.79,11050
02/09/2026 13,23.39,22.82,11040
02/09/2026 14,23.1,22.85,11001
02/09/2026 15,19.75,22.88,11011
02/09/2026 16,19.04,22.91,11082
02/09/2026 17,31.61,22.94,11250
02/09/2026 18,31.27,22.96,11348
02/09/2026 19,27.37,22.98,11399
02/09/2026 20,16.78,22.99,11258
02/09/2026 21,12.87,23.01,11184
02/09/2026 22,13.05,23.03,11082
02/09/2026 23,12.65,23.05,10771
02/09/2026 24,14.09,23.07,10497
02/10/2026 01,13.43,23.09,10282
02/10/2026 02,11.05,23.1,10167
02/10/2026 03,11.81,23.12,10101
02/10/2026 04,11.34,23.13,10123
02/10/2026 05,13.54,23.15,10196
02/10/2026 06,16.95,23.18,10383
02/10/2026 07,17.93,23.2,10834
02/10/2026 08,19.87,23.23,11270
02/10/2026 09,17.14,23.24,11379
02/10/2026 10,12.73,23.24,11377
02/10/2026 11,12.36,23.24,11266
02/10/2026 12,11.85,23.24,11149
02/10/2026 13,12.06,23.24,11023
02/10/2026 14,14.74,23.25,10979
02/10/2026 15,15.14,23.25,10962
02/10/2026 16,14.39,23.26,11006
02/10/2026 17,22.03,23.26,11075
02/10/2026 18,28.02,23.28,11291
02/10/2026 19,21.82,23.29,11414
02/10/2026 20,15.51,23.29,11318
02/10/2026 21,13.99,23.29,11193
02/10/2026 22,13.24,23.3,11021
02/10/2026 23,13.09,23.31,10713
02/10/2026 24,11.63,23.33,10420
02/11/2026 01,11.08,23.34,10221
02/11/2026 02,10.66,23.36,10061
02/11/2026 03,9.86,23.37,10036
02/11/2026 04,10.99,23.39,10009
02/11/2026 05,11.64,23.4,10055
02/11/2026 06,14.67,23.42,10271
02/11/2026 07,16.9,23.43,10687
02/11/2026 08,25.09,23.44,11199
02/11/2026 09,27.59,23.46,11204
02/11/2026 10,20.63,23.48,11142
02/11/2026 11,20.93,23.5,11080
02/11/2026 12,20.89,23.53,11031
02/11/2026 13,20.96,23.56,10977
02/11/2026 14,19.53,23.58,10983
02/11/2026 15,15.03,23.59,10928
02/11/2026 16,14.82,23.6,10954
02/11/2026 17,23.68,23.61,11078
02/11/2026 18,30.98,23.63,11248
02/11/2026 19,31.14,23.65,11399
02/11/2026 20,25.65,23.68,11268
02/11/2026 21,21.51,23.7,11117
02/11/2026 22,15.88,23.72,10893
02/11/2026 23,12.88,23.74,10629
02/11/2026 24,11.78,23.75,10387
02/12/2026 01,10.16,23.77,10211
02/12/2026 02,4.13,23.77,10084
02/12/2026 03,6.47,23.78,9997
02/12/2026 04,11.61,23.8,9968
02/12/2026 05,12.38,23.82,10008
02/12/2026 06,15.15,23.84,10213
02/12/2026 07,18.38,23.85,10644
02/12/2026 08,16.12,23.86,11011
02/12/2026 09,15.77,23.87,11072
02/12/2026 10,16.65,23.87,11088
02/12/2026 11,19,23.89,11043
02/12/2026 12,21.6,23.9,10995
02/12/2026 13,22.83,23.91,11012
02/12/2026 14,23.08,23.93,11013
02/12/2026 15,23.82,23.95,10997
02/12/2026 16,16.36,23.95,10974
02/12/2026 17,22.73,23.93,11060
02/12/2026 18,30.09,23.86,11272
02/12/2026 19,25.54,23.79,11378
02/12/2026 20,18.71,23.73,11283
02/12/2026 21,15.84,23.71,11140
02/12/2026 22,11.5,23.69,10937
02/12/2026 23,4.88,23.68,10683
02/12/2026 24,8.48,23.68,10389
02/13/2026 01,10.76,23.68,10179
02/13/2026 02,3.38,23.68,10054
02/13/2026 03,0,23.68,10003
02/13/2026 04,5.18,23.68,9979
02/13/2026 05,6.3,23.69,9986
02/13/2026 06,10.37,23.7,10166
02/13/2026 07,13.28,23.71,10515
02/13/2026 08,19.75,23.72,10945
02/13/2026 09,28.76,23.74,11085
02/13/2026 10,42.21,23.79,11110
02/13/2026 11,27.59,23.82,10999
02/13/2026 12,24.18,23.85,10920
02/13/2026 13,28.16,23.89,10905
02/13/2026 14,29.9,23.94,10893
02/13/2026 15,50.02,24,10821
02/13/2026 16,27.83,24.04,10773
02/13/2026 17,21.41,24.07,10826
02/13/2026 18,23.64,24.09,10955
02/13/2026 19,34.06,24.13,11110
02/13/2026 20,27.9,24.15,11011
02/13/2026 21,17.2,24.16,10908
02/13/2026 22,14.97,24.16,10822
02/13/2026 23,16.17,24.16,10627
02/13/2026 24,20.69,24.18,10404
02/14/2026 01,18.2,24.19,10244
02/14/2026 02,14.53,24.2,10099
02/14/2026 03,13.25,24.21,10034
02/14/2026 04,14.24,24.22,9955
02/14/2026 05,16.75,24.25,9945
02/14/2026 06,16.57,24.27,9988
02/14/2026 07,15.29,24.29,10153
02/14/2026 08,15.24,24.31,10353
02/14/2026 09,15.95,24.33,10500
02/14/2026 10,15.95,24.36,10657
02/14/2026 11,12.59,24.37,10710
02/14/2026 12,6.88,24.38,10767
02/14/2026 13,0,24.38,10693
02/14/2026 14,0,24.38,10624
02/14/2026 15,0,24.38,10551
02/14/2026 16,4.39,24.39,10565
02/14/2026 17,7.24,24.39,10634
02/14/2026 18,14.53,24.39,10879
02/14/2026 19,17.22,24.4,11044
02/14/2026 20,16.05,24.41,10970
02/14/2026 21,15.42,24.41,10836
02/14/2026 22,19.06,24.42,10718
02/14/2026 23,23.45,24.45,10556
02/14/2026 24,24.27,24.49,10366
02/15/2026 01,21.36,24.52,10185
02/15/2026 02,18.32,24.54,10089
02/15/2026 03,16.42,24.57,10052
02/15/2026 04,17,24.59,10029
02/15/2026 05,16.06,24.61,10017
02/15/2026 06,14.24,24.63,10045
02/15/2026 07,12.17,24.64,10195
02/15/2026 08,10.68,24.64,10388
02/15/2026 09,12.9,24.62,10515
02/15/2026 10,10.38,24.6,10534
02/15/2026 11,8.68,24.58,10543
02/15/2026 12,11.83,24.58,10532
02/15/2026 13,14.97,24.58,10539
02/15/2026 14,15.61,24.6,10537
02/15/2026 15,14.44,24.62,10547
02/15/2026 16,14.63,24.64,10628
02/15/2026 17,20.69,24.66,10764
02/15/2026 18,24.21,24.67,11027
02/15/2026 19,23.62,24.68,11203
02/15/2026 20,23.53,24.68,11097
02/15/2026 21,18.72,24.67,10973
02/15/2026 22,11.89,24.64,10840
02/15/2026 23,0.54,24.59,10641
02/15/2026 24,1.94,24.56,10403
02/16/2026 01,1.13,24.53,10260
02/16/2026 02,0,24.51,10148
02/16/2026 03,3.62,24.5,10063
02/16/2026 04,18.95,24.51,9994
02/16/2026 05,22.88,24.53,10015
02/16/2026 06,24.45,24.56,10190
02/16/2026 07,24.38,24.6,10395
02/16/2026 08,27.88,24.63,10631
02/16/2026 09,28.08,24.67,10742
02/16/2026 10,22.63,24.7,10877
02/16/2026 11,21.55,24.73,10952
02/16/2026 12,18.35,24.76,11033
02/16/2026 13,18.14,24.79,11089
02/16/2026 14,17.34,24.81,11042
02/16/2026 15,14.7,24.83,11101
02/16/2026 16,11.98,24.85,11233
02/16/2026 17,12.83,24.86,11461
02/16/2026 18,12.56,24.86,11700
02/16/2026 19,12.95,24.87,11750
02/16/2026 20,10.23,24.87,11651
02/16/2026 21,10.22,24.87,11479
02/16/2026 22,11.44,24.88,11282
02/16/2026 23,9.23,24.9,11050
02/16/2026 24,7.22,24.91,10801
02/17/2026 01,8.22,24.92,10637
02/17/2026 02,8.94,24.93,10581
02/17/2026 03,10.01,24.94,10548
02/17/2026 04,13.86,24.96,10532
02/17/2026 05,17.09,24.99,10578
02/17/2026 06,17.65,25.01,10722
02/17/2026 07,17.7,25.02,11143
02/17/2026 08,12.23,25.03,11537
02/17/2026 09,11.13,25.02,11708
02/17/2026 10,12.6,25.01,11928
02/17/2026 11,13.01,24.99,12104
02/17/2026 12,11.92,24.96,12200
02/17/2026 13,12.8,24.94,12186
02/17/2026 14,11.31,24.9,12191
02/17/2026 15,11.16,24.88,12128
02/17/2026 16,10.91,24.86,12217
02/17/2026 17,10.74,24.64,12213
02/17/2026 18,12.47,24.33,12373
02/17/2026 19,14.06,24.15,12404
02/17/2026 20,15.05,24.05,12306
02/17/2026 21,16.44,24.02,12142
02/17/2026 22,17.88,24.01,11894
02/17/2026 23,11.78,23.99,11573
02/17/2026 24,12.26,23.98,11335
02/18/2026 01,17.19,23.99,11189
02/18/2026 02,19.15,24.01,11076
02/18/2026 03,20.1,24.02,11000
02/18/2026 04,18.31,24.04,10989
02/18/2026 05,17.18,24.06,10974
02/18/2026 06,14.91,24.08,11117
02/18/2026 07,17.29,24.09,11472
02/18/2026 08,18.01,24.09,11837
02/18/2026 09,17.4,24.08,11869
02/18/2026 10,13.42,24.07,11886
02/18/2026 11,13.97,24.05,11897
02/18/2026 12,11.8,24.04,11895
02/18/2026 13,10.72,24.02,11969
02/18/2026 14,14.42,24,11976
02/18/2026 15,16.17,23.99,11943
02/18/2026 16,21.51,23.98,11975
02/18/2026 17,24.95,23.92,12012
02/18/2026 18,33.72,23.83,12141
02/18/2026 19,45.4,23.76,12249
02/18/2026 20,45.15,23.77,12163
02/18/2026 21,45.82,23.8,11979
02/18/2026 22,50.44,23.83,11738
02/18/2026 23,43.14,23.86,11508
02/18/2026 24,41.58,23.9,11298
02/19/2026 01,49.48,23.95,11118
02/19/2026 02,47.97,24,11009
02/19/2026 03,40.12,24.04,10998
02/19/2026 04,40.62,24.09,10990
02/19/2026 05,43.12,24.15,11000
02/19/2026 06,72.4,24.25,11154
02/19/2026 07,177.07,24.48,11419
02/19/2026 08,399.21,25.02,11722
02/19/2026 09,114.11,25.16,11778
02/19/2026 10,32.35,25.18,11793
02/19/2026 11,27.81,25.18,11759
02/19/2026 12,28.11,25.18,11737
02/19/2026 13,29.06,25.18,11706
02/19/2026 14,27.99,25.19,11680
02/19/2026 15,25.92,25.18,11615
02/19/2026 16,27.72,25.19,11620
02/19/2026 17,33.01,25.21,11666
02/19/2026 18,74.12,25.29,11779
02/19/2026 19,100,25.41,11829
02/19/2026 20,51.64,25.46,11846
02/19/2026 21,45.24,25.5,11786
02/19/2026 22,33.32,25.54,11636
02/19/2026 23,30.42,25.57,11347
02/19/2026 24,30.79,25.6,11053
02/20/2026 01,32.46,25.64,10921
02/20/2026 02,32.54,25.69,10853
02/20/2026 03,32.81,25.74,10833
02/20/2026 04,34.73,25.77,10821
02/20/2026 05,35.95,25.8,10907
02/20/2026 06,50.17,25.85,11111
02/20/2026 07,65.54,25.91,11452
02/20/2026 08,121.58,26.04,11750
02/20/2026 09,111.63,26.15,11772
02/20/2026 10,37.52,26.17,11831
02/20/2026 11,39.67,26.19,11908
02/20/2026 12,31.67,26.2,11826
02/20/2026 13,29.55,26.21,11739
02/20/2026 14,28,26.24,11681
02/20/2026 15,25.76,26.26,11624
02/20/2026 16,24.67,26.27,11544
02/20/2026 17,31.85,26.28,11631
02/20/2026 18,75.16,26.34,11761
02/20/2026 19,96,26.42,11891
02/20/2026 20,101,26.53,11867
02/20/2026 21,52.83,26.56,11771
02/20/2026 22,52.53,26.6,11631
02/20/2026 23,50.24,26.64,11483
02/20/2026 24,50.57,26.68,11290
02/21/2026 01,44.67,26.72,11064
02/21/2026 02,44.95,26.75,10982
02/21/2026 03,40.23,26.77,10930
02/21/2026 04,40.23,26.78,10903
02/21/2026 05,51.45,26.81,10859
02/21/2026 06,48.44,26.82,10952
02/21/2026 07,46.43,26.79,11132
02/21/2026 08,47.93,26.66,11300
02/21/2026 09,38.22,26.58,11417
02/21/2026 10,33.22,26.5,11511
02/21/2026 11,26.08,26.44,11518
02/21/2026 12,25.04,26.38,11462
02/21/2026 13,25.1,26.35,11401
02/21/2026 14,24.69,26.33,11375
02/21/2026 15,24.28,26.31,11348
02/21/2026 16,24.09,26.29,11376
02/21/2026 17,31.01,26.24,11510
02/21/2026 18,67.04,26.26,11721
02/21/2026 19,63.64,26.27,11838
02/21/2026 20,56.5,26.27,11799
02/21/2026 21,40.58,26.23,11693
02/21/2026 22,37.39,26.2,11522
02/21/2026 23,26.39,26.15,11273
02/21/2026 24,23.02,26.11,11072
02/22/2026 01,22.24,26.08,10914
02/22/2026 02,17.38,26.05,10815
02/22/2026 03,13.14,26.01,10753
02/22/2026 04,11.8,25.97,10749
02/22/2026 05,11.88,25.93,10784
02/22/2026 06,14.62,25.9,10878
02/22/2026 07,15.2,25.86,11085
02/22/2026 08,15.73,25.8,11217
02/22/2026 09,13.67,25.68,11251
02/22/2026 10,10.65,25.6,11301
02/22/2026 11,10.07,25.54,11361
02/22/2026 12,4.55,25.48,11401
02/22/2026 13,0.55,25.42,11414
02/22/2026 14,0.01,25.36,11372
02/22/2026 15,0.01,25.29,11367
02/22/2026 16,3.03,25.23,11366
02/22/2026 17,13.07,25.16,11493
02/22/2026 18,18.82,25.11,11718
02/22/2026 19,21.25,25.09,11851
02/22/2026 20,19.58,25.07,11787
02/22/2026 21,17.34,25.04,11699
02/22/2026 22,16,25.01,11464
02/22/2026 23,14.51,24.99,11149
02/22/2026 24,14.58,24.96,10885
02/23/2026 01,16.15,24.94,10702
02/23/2026 02,15.2,24.92,10612
02/23/2026 03,14.09,24.9,10543
02/23/2026 04,15.47,24.87,10528
02/23/2026 05,15.37,24.85,10576
02/23/2026 06,15.48,24.82,10805
02/23/2026 07,19.77,24.79,11224
02/23/2026 08,22.92,24.77,11606
02/23/2026 09,16.79,24.73,11714
02/23/2026 10,13.89,24.69,11797
02/23/2026 11,8.51,24.64,11765
02/23/2026 12,12.59,24.6,11722
02/23/2026 13,13.65,24.56,11769
02/23/2026 14,13.45,24.51,11747
02/23/2026 15,10.17,24.47,11718
02/23/2026 16,8.2,24.41,11652
02/23/2026 17,12.26,24.26,11710
02/23/2026 18,20.18,24.04,11848
02/23/2026 19,82.35,23.87,11910
02/23/2026 20,96.82,23.76,11771
02/23/2026 21,82.77,23.77,11680
02/23/2026 22,43.08,23.74,11437
02/23/2026 23,37.08,23.69,11142
02/23/2026 24,23.96,23.63,10846
02/24/2026 01,22.9,23.57,10680
02/24/2026 02,21.76,23.49,10569
02/24/2026 03,21.54,23.42,10554
02/24/2026 04,19.24,23.36,10484
02/24/2026 05,16.23,23.3,10475
02/24/2026 06,17.99,23.27,10620
02/24/2026 07,24.98,23.25,11079
02/24/2026 08,48.02,23.27,11441
02/24/2026 09,34.75,23.28,11481
02/24/2026 10,24.54,23.29,11471
02/24/2026 11,22.43,23.3,11360
02/24/2026 12,20.18,23.3,11323
02/24/2026 13,14.95,23.3,11252
02/24/2026 14,12.5,23.29,11162
02/24/2026 15,12.98,23.29,11162
02/24/2026 16,14.28,23.31,11236
02/24/2026 17,21.39,23.31,11341
02/24/2026 18,40.62,23.34,11451
02/24/2026 19,27.09,23.35,11512
02/24/2026 20,20.92,23.36,11487
02/24/2026 21,19.08,23.36,11323
02/24/2026 22,15.31,23.36,11100
02/24/2026 23,6.1,23.34,10822
02/24/2026 24,3.12,23.32,10600
02/25/2026 01,9.79,23.3,10448
02/25/2026 02,3.13,23.28,10345
02/25/2026 03,0.01,23.25,10234
02/25/2026 04,0,23.23,10204
02/25/2026 05,0,23.2,10272
02/25/2026 06,0,23.16,10486
02/25/2026 07,9.79,23.12,10855
02/25/2026 08,7.77,23.04,11207
02/25/2026 09,0,22.94,11279
02/25/2026 10,0,22.88,11314
02/25/2026 11,0,22.83,11234
02/25/2026 12,0,22.76,11194
02/25/2026 13,3.85,22.7,11142
02/25/2026 14,0,22.64,11183
02/25/2026 15,0,22.59,11111
02/25/2026 16,0,22.51,11117
02/25/2026 17,0,22.36,11174
02/25/2026 18,0,22.24,11348
02/25/2026 19,0,22.17,11492
02/25/2026 20,1.49,22.11,11441
02/25/2026 21,14.92,22.08,11313
02/25/2026 22,15.26,22.06,11120
02/25/2026 23,12.92,22.04,10862
02/25/2026 24,0,22,10578
02/26/2026 01,0,21.96,10396
02/26/2026 02,0.01,21.92,10291
02/26/2026 03,0.01,21.88,10233
02/26/2026 04,0,21.85,10193
02/26/2026 05,0,21.83,10250
02/26/2026 06,6.54,21.81,10386
02/26/2026 07,13.56,21.8,10743
02/26/2026 08,7.26,21.77,11043
02/26/2026 09,0,21.72,11099
02/26/2026 10,0,21.69,11134
02/26/2026 11,0.01,21.67,11153
02/26/2026 12,0.61,21.64,11115
02/26/2026 13,0.9,21.62,11098
02/26/2026 14,0.01,21.59,11231
02/26/2026 15,0,21.56,11232
02/26/2026 16,0,21.52,11313
02/26/2026 17,0,21.44,11380
02/26/2026 18,1.03,21.32,11449
02/26/2026 19,6.49,21.22,11512
02/26/2026 20,9.98,21.18,11506
02/26/2026 21,9.35,21.13,11399
02/26/2026 22,1.84,21.08,11275
02/26/2026 23,1.78,21.05,11048
02/26/2026 24,10.96,21.03,10792
02/27/2026 01,8.84,21,10553
02/27/2026 02,10.9,20.97,10417
02/27/2026 03,15.36,20.95,10366
02/27/2026 04,19.92,20.94,10325
02/27/2026 05,22.94,20.93,10381
02/27/2026 06,24.3,20.92,10576
02/27/2026 07,29.99,20.92,10940
02/27/2026 08,31.72,20.93,11273
02/27/2026 09,32.34,20.93,11457
02/27/2026 10,34.96,20.93,11568
02/27/2026 11,36.26,20.95,11601
02/27/2026 12,31.75,20.97,11635
02/27/2026 13,26.07,20.98,11593
02/27/2026 14,25.24,20.99,11599
02/27/2026 15,22.34,20.98,11579
02/27/2026 16,21.02,20.97,11583
02/27/2026 17,29.68,20.94,11675
02/27/2026 18,32.33,20.84,11762
02/27/2026 19,32.16,20.77,11783
02/27/2026 20,32.16,20.68,11700
02/27/2026 21,31.13,20.65,11628
02/27/2026 22,30.41,20.61,11432
02/27/2026 23,27.49,20.6,11188
02/27/2026 24,28.62,20.59,10947
02/28/2026 01,35.97,20.6,10764
02/28/2026 02,44.87,20.63,10639
02/28/2026 03,32.87,20.65,10540
02/28/2026 04,31.24,20.67,10480
02/28/2026 05,27.71,20.69,10493
02/28/2026 06,30.55,20.71,10543
02/28/2026 07,42.14,20.73,10742
02/28/2026 08,170.38,20.9,10946
02/28/2026 09,827.67,21.96,11031
02/28/2026 10,49.18,21.99,11048
02/28/2026 11,30.65,21.97,11119
02/28/2026 12,27.63,21.94,11109
02/28/2026 13,23.21,21.94,11079
02/28/2026 14,20.24,21.93,11009
02/28/2026 15,19.1,21.91,10917
02/28/2026 16,21.61,21.89,10900
02/28/2026 17,28.99,21.76,10964
02/28/2026 18,134.16,21.81,11061
02/28/2026 19,83.19,21.88,11148
02/28/2026 20,32.85,21.88,11155
02/28/2026 21,24.27,21.9,11114
02/28/2026 22,23.25,21.91,11010
02/28/2026 23,16.25,21.91,10817
02/28/2026 24,13.36,21.91,10601
03/01/2026 01,21.6,21.92,10442
03/01/2026 02,20.53,21.93,10323
03/01/2026 03,15.78,21.93,10261
03/01/2026 04,14.11,21.92,10224
03/01/2026 05,13.34,21.92,10228
03/01/2026 06,11.57,21.9,10299
03/01/2026 07,11.33,21.88,10421
03/01/2026 08,3.99,21.84,10558
03/01/2026 09,0,21.8,10759
03/01/2026 10,0,21.77,10997
03/01/2026 11,3.59,21.76,11029
03/01/2026 12,6.46,21.77,11006
03/01/2026 13,8.39,21.78,10929
03/01/2026 14,13.19,21.8,10840
03/01/2026 15,13.87,21.81,10808
03/01/2026 16,13.97,21.82,10799
03/01/2026 17,27.46,21.83,10921
03/01/2026 18,82.25,21.93,11157
03/01/2026 19,44.49,21.97,11292
03/01/2026 20,23.43,21.98,11265
03/01/2026 21,14.58,21.99,11146
03/01/2026 22,7.81,22,10977
03/01/2026 23,0.23,22,10698
03/01/2026 24,0,22,10436
03/02/2026 01,0,21.99,10211
03/02/2026 02,2.74,21.99,10089
03/02/2026 03,13.71,22.01,10070
03/02/2026 04,16.79,22.03,10105
03/02/2026 05,20.66,22.06,10249
03/02/2026 06,22.16,22.09,10496
03/02/2026 07,32.43,22.11,10981
03/02/2026 08,37.2,22.14,11399
03/02/2026 09,25.6,22.16,11478
03/02/2026 10,24.73,22.19,11496
03/02/2026 11,22.31,22.23,11536
03/02/2026 12,16.34,22.25,11479
03/02/2026 13,16.75,22.27,11442
03/02/2026 14,18.03,22.29,11391
03/02/2026 15,20.19,22.32,11358
03/02/2026 16,26.26,22.34,11385
03/02/2026 17,43.85,22.37,11533
03/02/2026 18,54.01,22.4,11595
03/02/2026 19,77.92,22.46,11534
03/02/2026 20,73.89,22.51,11548
03/02/2026 21,40.56,22.51,11518
03/02/2026 22,27.92,22.46,11356
03/02/2026 23,25.33,22.41,11060
03/02/2026 24,24.94,22.36,10749
03/03/2026 01,22.21,22.31,10562
03/03/2026 02,16.56,22.27,10427
03/03/2026 03,14.62,22.24,10320
03/03/2026 04,14.55,22.2,10249
03/03/2026 05,14.42,22.16,10286
03/03/2026 06,14.56,22.14,10450
03/03/2026 07,15.34,22.11,10844
03/03/2026 08,18.02,22.1,11250
03/03/2026 09,16.31,22.08,11402
03/03/2026 10,15.65,22.07,11437
03/03/2026 11,13.51,22.04,11422
03/03/2026 12,14.07,22,11438
03/03/2026 13,1.47,21.96,11450
03/03/2026 14,0,21.92,11446
03/03/2026 15,0,21.88,11494
03/03/2026 16,0,21.85,11535
03/03/2026 17,0,21.82,11665
03/03/2026 18,0,21.8,11752
03/03/2026 19,9.43,21.78,11753
03/03/2026 20,14.43,21.78,11675
03/03/2026 21,16.09,21.78,11593
03/03/2026 22,23.56,21.78,11370
03/03/2026 23,33.66,21.8,11146
03/03/2026 24,52.31,21.85,10907
03/04/2026 01,55.64,21.9,10760
03/04/2026 02,55.39,21.95,10656
03/04/2026 03,58.58,22,10643
03/04/2026 04,63.1,22.05,10635
03/04/2026 05,56.3,22.09,10624
03/04/2026 06,76.7,22.15,10768
03/04/2026 07,150.74,22.32,11137
03/04/2026 08,371.63,22.79,11346
03/04/2026 09,223.84,23.06,11370
03/04/2026 10,94.73,23.16,11490
03/04/2026 11,50.92,23.23,11610
03/04/2026 12,34.69,23.28,11568
03/04/2026 13,27.78,23.32,11559
03/04/2026 14,28,23.36,11552
03/04/2026 15,27.95,23.39,11564
03/04/2026 16,29.78,23.42,11639
03/04/2026 17,31.17,23.44,11701
03/04/2026 18,34.57,23.46,11747
03/04/2026 19,35.65,23.49,11713
03/04/2026 20,35.09,23.51,11711
03/04/2026 21,34.5,23.53,11609
03/04/2026 22,34.28,23.55,11383
03/04/2026 23,33.33,23.57,11095
03/04/2026 24,31.49,23.59,10815
03/05/2026 01,30.28,23.62,10629
03/05/2026 02,27.41,23.65,10506
03/05/2026 03,27.67,23.67,10497
03/05/2026 04,27.77,23.7,10471
03/05/2026 05,28.16,23.72,10474
03/05/2026 06,34.14,23.74,10644
03/05/2026 07,84.2,23.82,11001
03/05/2026 08,99,23.92,11280
03/05/2026 09,47.71,23.95,11336
03/05/2026 10,32.99,23.96,11336
03/05/2026 11,26.47,23.96,11324
03/05/2026 12,24.43,23.96,11283
03/05/2026 13,25.53,23.95,11213
03/05/2026 14,23.91,23.95,11171
03/05/2026 15,16.87,23.93,11143
03/05/2026 16,22.08,23.92,11141
03/05/2026 17,25.29,23.9,11263
03/05/2026 18,67.65,23.94,11334
03/05/2026 19,99.96,24.05,11397
03/05/2026 20,98.37,24.17,11357
03/05/2026 21,84.11,24.27,11185
03/05/2026 22,41.97,24.32,10991
03/05/2026 23,29.63,24.36,10754
03/05/2026 24,25.54,24.39,10490
03/06/2026 01,22.44,24.42,10330
03/06/2026 02,16.39,24.44,10231
03/06/2026 03,14.82,24.47,10206
03/06/2026 04,12.49,24.48,10242
03/06/2026 05,14.37,24.5,10250
03/06/2026 06,15.45,24.52,10380
03/06/2026 07,15.38,24.55,10757
03/06/2026 08,13.76,24.56,11106
03/06/2026 09,3.94,24.57,11282
03/06/2026 10,0,24.57,11257
03/06/2026 11,10.5,24.57,11175
03/06/2026 12,13.5,24.57,11100
03/06/2026 13,13.22,24.56,11021
03/06/2026 14,4.27,24.53,11014
03/06/2026 15,1.18,24.51,10994
03/06/2026 16,11.03,24.51,10929
03/06/2026 17,14.03,24.53,10950
03/06/2026 18,21.52,24.56,11065
03/06/2026 19,25.1,24.59,11208
03/06/2026 20,17.29,24.6,11211
03/06/2026 21,14.51,24.6,11130
03/06/2026 22,11.05,24.59,10999
03/06/2026 23,0,24.57,10786
03/06/2026 24,0,24.55,10491
03/07/2026 01,0,24.53,10326
03/07/2026 02,0,24.51,10217
03/07/2026 03,0,24.49,10081
03/07/2026 04,0,24.47,10024
03/07/2026 05,0,24.47,10026
03/07/2026 06,0,24.46,10114
03/07/2026 07,0,24.45,10253
03/07/2026 08,0,24.43,10413
03/07/2026 09,0,24.42,10619
03/07/2026 10,0,24.42,10783
03/07/2026 11,0,24.42,10752
03/07/2026 12,0,24.42,10728
03/07/2026 13,0,24.42,10731
03/07/2026 14,0,24.42,10786
03/07/2026 15,0,24.42,10729
03/07/2026 16,0,24.41,10780
03/07/2026 17,0,24.39,10866
03/07/2026 18,0,24.34,10910
03/07/2026 19,3.35,24.26,10965
03/07/2026 20,16.16,24.17,10982
03/07/2026 21,22.67,24.13,10840
03/07/2026 22,19.34,24.1,10655
03/07/2026 23,21.61,24.08,10408
03/07/2026 24,1.98,24.04,10195
03/08/2026 01,0,24.01,10074
03/08/2026 03,0,23.98,9962
03/08/2026 04,4.03,23.96,9912
03/08/2026 05,12.74,23.95,9847
03/08/2026 06,16.8,23.96,9842
03/08/2026 07,22.61,23.97,9884
03/08/2026 08,22.2,23.99,9993
03/08/2026 09,20.19,24,10128
03/08/2026 10,13,24,10349
03/08/2026 11,10.89,24,10378
03/08/2026 12,21.59,24.01,10216
03/08/2026 13,15.56,24.02,10246
03/08/2026 14,0,24,10346
03/08/2026 15,0.59,23.98,10388
03/08/2026 16,4.67,23.96,10323
03/08/2026 17,19.94,23.97,10409
03/08/2026 18,26.55,23.99,10550
03/08/2026 19,179.82,24.22,10584
03/08/2026 20,434.26,24.8,10592
03/08/2026 21,270.22,25.16,10575
03/08/2026 22,75.65,25.24,10487
03/08/2026 23,49.11,25.29,10302
03/08/2026 24,33.68,25.33,10075
03/09/2026 01,26.79,25.35,9931
03/09/2026 02,26.08,25.38,9821
03/09/2026 03,22.63,25.4,9775
03/09/2026 04,19.06,25.42,9783
03/09/2026 05,18.16,25.43,9903
03/09/2026 06,17.85,25.44,10102
03/09/2026 07,18.03,25.45,10498
03/09/2026 08,18.38,25.47,10963
03/09/2026 09,18.96,25.48,11101
03/09/2026 10,17.74,25.49,11157
03/09/2026 11,16.58,25.49,11187
03/09/2026 12,8.3,25.48,11200
03/09/2026 13,2.51,25.47,11188
03/09/2026 14,14.36,25.49,11138
03/09/2026 15,19.9,25.51,10965
03/09/2026 16,19.76,25.54,10917
03/09/2026 17,18.05,25.57,10975
03/09/2026 18,26.94,25.59,10949
03/09/2026 19,53.65,25.65,10915
03/09/2026 20,238.93,25.98,10963
03/09/2026 21,781.71,27.07,10816
03/09/2026 22,103.04,27.21,10618
03/09/2026 23,48.73,27.27,10347
03/09/2026 24,199.48,27.54,10093
03/10/2026 01,40.73,27.59,9960
03/10/2026 02,43.59,27.65,9891
03/10/2026 03,43.55,27.71,9868
03/10/2026 04,28.44,27.75,9936
03/10/2026 05,24.9,27.79,9962
03/10/2026 06,25.28,27.82,10161
03/10/2026 07,26.33,27.86,10554
03/10/2026 08,33.52,27.91,11026
03/10/2026 09,34.87,27.96,11167
03/10/2026 10,25.35,27.99,11123
03/10/2026 11,25.37,28.03,11032
03/10/2026 12,32.54,28.07,10895
03/10/2026 13,45.58,28.13,10810
03/10/2026 14,46.11,28.19,10744
03/10/2026 15,33.23,28.22,10629
03/10/2026 16,18.71,28.25,10577
03/10/2026 17,19.42,28.27,10637
03/10/2026 18,26.86,28.3,10703
03/10/2026 19,64.2,28.37,10621
03/10/2026 20,112.7,28.51,10585
03/10/2026 21,33.52,28.53,10731
03/10/2026 22,26.42,28.55,10628
03/10/2026 23,24.91,28.56,10418
03/10/2026 24,17.82,28.56,10215
03/11/2026 01,3.42,28.55,10150
03/11/2026 02,0,28.52,10120
03/11/2026 03,0,28.49,10050
03/11/2026 04,0,28.46,10040
03/11/2026 05,0,28.43,10084
03/11/2026 06,0,28.39,10257
03/11/2026 07,8.9,28.36,10663
03/11/2026 08,17.28,28.3,11129
03/11/2026 09,11.04,28.22,11199
03/11/2026 10,0.38,28.02,11181
03/11/2026 11,0,27.94,11194
03/11/2026 12,0,27.89,11024
03/11/2026 13,0,27.86,10954
03/11/2026 14,0,27.82,10945
03/11/2026 15,0,27.79,10913
03/11/2026 16,0,27.76,10906
03/11/2026 17,0,27.74,10975
03/11/2026 18,1.9,27.7,10996
03/11/2026 19,32.29,27.7,10991
03/11/2026 20,68.6,27.75,11151
03/11/2026 21,44.27,27.79,11173
03/11/2026 22,22.48,27.81,10985
03/11/2026 23,19.26,27.81,10731
03/11/2026 24,14.57,27.82,10544
03/12/2026 01,5.59,27.81,10396
03/12/2026 02,5.47,27.79,10287
03/12/2026 03,0,27.78,10241
03/12/2026 04,0,27.76,10193
03/12/2026 05,0,27.75,10246
03/12/2026 06,4.35,27.73,10387
03/12/2026 07,16.71,27.73,10797
03/12/2026 08,51.56,27.78,11274
03/12/2026 09,38.62,27.81,11393
03/12/2026 10,20.27,27.81,11454
03/12/2026 11,19.18,27.82,11506
03/12/2026 12,20.54,27.83,11525
03/12/2026 13,16.86,27.84,11426
03/12/2026 14,15.69,27.84,11410
03/12/2026 15,26.55,27.86,11429
03/12/2026 16,39.4,27.89,11420
03/12/2026 17,36.58,27.92,11462
03/12/2026 18,35.3,27.94,11502
03/12/2026 19,40.28,27.96,11462
03/12/2026 20,48.03,28,11554
03/12/2026 21,59.41,28.06,11569
03/12/2026 22,49.44,28.11,11390
03/12/2026 23,42.56,28.15,11098
03/12/2026 24,35.13,28.18,10806
03/13/2026 01,33.61,28.21,10662
03/13/2026 02,32.62,28.24,10581
03/13/2026 03,26.16,28.26,10470
03/13/2026 04,25.47,28.28,10475
03/13/2026 05,23.91,28.3,10530
03/13/2026 06,23.74,28.32,10712
03/13/2026 07,30.86,28.34,11098
03/13/2026 08,36.96,28.37,11511
03/13/2026 09,41.15,28.39,11630
03/13/2026 10,44.07,28.41,11643
03/13/2026 11,43.21,28.44,11601
03/13/2026 12,39.59,28.47,11546
03/13/2026 13,30.55,28.48,11422
03/13/2026 14,26.61,28.49,11377
03/13/2026 15,28.79,28.5,11350
03/13/2026 16,37.59,28.53,11310
03/13/2026 17,45.64,28.58,11320
03/13/2026 18,54.24,28.62,11270
03/13/2026 19,60,28.66,11234
03/13/2026 20,98.38,28.75,11278
03/13/2026 21,35.63,28.77,11355
03/13/2026 22,36.21,28.79,11242
03/13/2026 23,36.85,28.82,10979
03/13/2026 24,34.95,28.85,10737
03/14/2026 01,30.58,28.87,10547
03/14/2026 02,25.14,28.89,10441
03/14/2026 03,25.29,28.92,10366
03/14/2026 04,29.95,28.96,10386
03/14/2026 05,31.88,28.98,10399
03/14/2026 06,29.77,29.01,10467
03/14/2026 07,23.36,29.02,10620
03/14/2026 08,23.6,29.03,10843
03/14/2026 09,25.9,29.04,10982
03/14/2026 10,20.72,29.05,11075
03/14/2026 11,15.06,29.05,11249
03/14/2026 12,1.1,29.02,11361
03/14/2026 13,0.01,28.99,11326
03/14/2026 14,0,28.96,11206
03/14/2026 15,0,28.93,11078
03/14/2026 16,0,28.89,11005
03/14/2026 17,2,28.87,11005
03/14/2026 18,14.55,28.86,11110
03/14/2026 19,31.55,28.86,11091
03/14/2026 20,142.97,29.03,11187
03/14/2026 21,105,29.15,11312
03/14/2026 22,96.74,29.26,11213
03/14/2026 23,31.84,29.29,11120
03/14/2026 24,32.29,29.33,10936
03/15/2026 01,34.74,29.36,10723
03/15/2026 02,34.06,29.4,10630
03/15/2026 03,28.29,29.43,10546
03/15/2026 04,28.2,29.47,10501
03/15/2026 05,25.67,29.5,10525
03/15/2026 06,20.89,29.52,10586
03/15/2026 07,19.94,29.53,10703
03/15/2026 08,16.89,29.54,10833
03/15/2026 09,12.01,29.53,10968
03/15/2026 10,0.53,29.49,11121
03/15/2026 11,5.72,29.44,11109
03/15/2026 12,11.19,29.41,11011
03/15/2026 13,14.61,29.4,10897
03/15/2026 14,16.79,29.38,10777
03/15/2026 15,18.07,29.37,10710
03/15/2026 16,17.89,29.32,10670
03/15/2026 17,18.75,29.31,10760
03/15/2026 18,23.44,29.31,10928
03/15/2026 19,56.36,29.36,11023
03/15/2026 20,57.24,29.39,11179
03/15/2026 21,37.95,29.4,11281
03/15/2026 22,28.36,29.42,11117
03/15/2026 23,18.67,29.42,10783
03/15/2026 24,15.45,29.42,10509
03/16/2026 01,13.7,29.41,10393
03/16/2026 02,8.47,29.4,10327
03/16/2026 03,8.87,29.39,10329
03/16/2026 04,11.83,29.39,10323
03/16/2026 05,11.25,29.39,10408
03/16/2026 06,7.75,29.37,10588
03/16/2026 07,12.59,29.37,10979
03/16/2026 08,12.75,29.36,11453
03/16/2026 09,6.59,29.35,11627
03/16/2026 10,0,29.33,11632
03/16/2026 11,0,29.31,11602
03/16/2026 12,0,29.29,11669
03/16/2026 13,0,29.28,11565
03/16/2026 14,4.04,29.29,11533
03/16/2026 15,9.82,29.3,11420
03/16/2026 16,10.4,29.32,11390
03/16/2026 17,5.61,29.32,11506
03/16/2026 18,17.67,29.33,11505
03/16/2026 19,11.75,29.33,11378
03/16/2026 20,11.38,29.32,11425
03/16/2026 21,11.3,29.31,11337
03/16/2026 22,12.28,29.31,11017
03/16/2026 23,10.88,29.3,10663
03/16/2026 24,10.48,29.28,10349
03/17/2026 01,0.82,29.25,10134
03/17/2026 02,0,29.22,9968
03/17/2026 03,0,29.19,9910
03/17/2026 04,0,29.17,9858
03/17/2026 05,0,29.15,9912
03/17/2026 06,1.11,29.12,10137
03/17/2026 07,6.87,29.11,10568
03/17/2026 08,4.86,29.1,10991
03/17/2026 09,2.69,29.09,11086
03/17/2026 10,1.8,29.08,11069
03/17/2026 11,0,29.06,11069
03/17/2026 12,0,29.05,11049
03/17/2026 13,0,29.03,11018
03/17/2026 14,0,29.01,10955
03/17/2026 15,0,28.99,10929
03/17/2026 16,0,28.97,11045
03/17/2026 17,0,28.95,11118
03/17/2026 18,0,28.92,11135
03/17/2026 19,0,28.89,11055
03/17/2026 20,0,28.86,11144
03/17/2026 21,10.39,28.84,11210
03/17/2026 22,11.29,28.83,11018
03/17/2026 23,0.55,28.81,10712
03/17/2026 24,0,28.81,10410
03/18/2026 01,0,28.81,10187
03/18/2026 02,0,28.81,10118
03/18/2026 03,0,28.81,10079
03/18/2026 04,0,28.8,10062
03/18/2026 05,0,28.78,10142
03/18/2026 06,0,28.74,10301
03/18/2026 07,3.7,28.72,10651
03/18/2026 08,23.47,28.71,11097
03/18/2026 09,16.39,28.7,11180
03/18/2026 10,1.4,28.66,11189
03/18/2026 11,0.01,28.63,11208
03/18/2026 12,0.01,28.6,11214
03/18/2026 13,2.62,28.58,11174
03/18/2026 14,9.62,28.57,11074
03/18/2026 15,4.65,28.55,11019
03/18/2026 16,0,28.53,10930
03/18/2026 17,0,28.51,11021
03/18/2026 18,0,28.49,11134
03/18/2026 19,0,28.48,11120
03/18/2026 20,6.86,28.47,11108
03/18/2026 21,9.49,28.47,11210
03/18/2026 22,11.24,28.47,11077
03/18/2026 23,7.32,28.46,10735
03/18/2026 24,0,28.45,10422
03/19/2026 01,0,28.44,10262
03/19/2026 02,0,28.43,10162
03/19/2026 03,0,28.42,10049
03/19/2026 04,0,28.4,9988
03/19/2026 05,0,28.38,10076
03/19/2026 06,7.98,28.37,10252
03/19/2026 07,15.07,28.37,10659
03/19/2026 08,25.84,28.38,11088
03/19/2026 09,21.57,28.39,11184
03/19/2026 10,21.01,28.4,11222
03/19/2026 11,20.28,28.41,11179
03/19/2026 12,19.78,28.42,11100
03/19/2026 13,14.84,28.43,10982
03/19/2026 14,15.76,28.43,10968
03/19/2026 15,15.62,28.44,10954
03/19/2026 16,14.05,28.44,10990
03/19/2026 17,14.98,28.45,11047
03/19/2026 18,15.18,28.45,11040
03/19/2026 19,15.85,28.46,10921
03/19/2026 20,16.57,28.46,10982
03/19/2026 21,15.86,28.46,11012
03/19/2026 22,13.59,28.46,10920
03/19/2026 23,13.27,28.45,10633
03/19/2026 24,8.21,28.45,10351
03/20/2026 01,0.02,28.43,10157
03/20/2026 02,0,28.41,10038
03/20/2026 03,0,28.38,9949
03/20/2026 04,2.75,28.36,9935
03/20/2026 05,16.14,28.35,10062
03/20/2026 06,21.35,28.36,10235
03/20/2026 07,37.7,28.39,10627
03/20/2026 08,127.52,28.54,10969
03/20/2026 09,47.45,28.58,11195
03/20/2026 10,31.61,28.6,11306
03/20/2026 11,21.35,28.62,11430
03/20/2026 12,16.8,28.62,11457
03/20/2026 13,13.24,28.62,11362
03/20/2026 14,13.1,28.62,11293
03/20/2026 15,11.2,28.62,11294
03/20/2026 16,0.48,28.6,11271
03/20/2026 17,0,28.57,11294
03/20/2026 18,0,28.53,11280
03/20/2026 19,1.53,28.49,11166
03/20/2026 20,12.76,28.44,11127
03/20/2026 21,10.95,28.4,11193
03/20/2026 22,2.04,28.34,11049
03/20/2026 23,0,28.27,10849
03/20/2026 24,0,28.21,10553
03/21/2026 01,0,28.15,10315
03/21/2026 02,0,28.08,10191
03/21/2026 03,5.86,28.02,10045
03/21/2026 04,16.54,27.99,10009
03/21/2026 05,23.69,27.96,10031
03/21/2026 06,31.62,27.95,10107
03/21/2026 07,40.64,27.9,10257
03/21/2026 08,43.78,27.72,10455
03/21/2026 09,74.57,27.27,10628
03/21/2026 10,67.12,27.2,10778
03/21/2026 11,43.63,27.22,10913
03/21/2026 12,44.82,27.24,10931
03/21/2026 13,20.93,27.23,10785
03/21/2026 14,18.38,27.22,10727
03/21/2026 15,21.95,27.21,10639
03/21/2026 16,28.74,27.21,10581
03/21/2026 17,26.77,27.21,10604
03/21/2026 18,31.54,27.21,10661
03/21/2026 19,38.59,27.16,10618
03/21/2026 20,56.09,27.1,10685
03/21/2026 21,53.22,27.1,10823
03/21/2026 22,60,27.12,10747
03/21/2026 23,35.03,27.12,10560
03/21/2026 24,32.77,27.13,10355
03/22/2026 01,31.79,27.13,10183
03/22/2026 02,29.11,27.12,10038
03/22/2026 03,24.03,27.11,9936
03/22/2026 04,23.43,27.1,9927
03/22/2026 05,26.96,27.09,9993
03/22/2026 06,28.99,27.08,10118
03/22/2026 07,27.61,27.05,10298
03/22/2026 08,20.44,26.99,10423
03/22/2026 09,21.47,26.85,10518
03/22/2026 10,20.75,26.72,10573
03/22/2026 11,18.45,26.69,10626
03/22/2026 12,16.76,26.66,10683
03/22/2026 13,9.41,26.63,10740
03/22/2026 14,0,26.59,10806
03/22/2026 15,0,26.55,10781
03/22/2026 16,0,26.52,10667
03/22/2026 17,0,26.48,10803
03/22/2026 18,2.3,26.44,10905
03/22/2026 19,21.69,26.37,10807
03/22/2026 20,146.19,26.44,10845
03/22/2026 21,240.71,26.63,10960
03/22/2026 22,37.13,26.61,10854
03/22/2026 23,32.23,26.58,10520
03/22/2026 24,17.12,26.53,10176
03/23/2026 01,14.61,26.48,10089
03/23/2026 02,4.83,26.43,10118
03/23/2026 03,10.43,26.38,10079
03/23/2026 04,13.64,26.34,10091
03/23/2026 05,15.01,26.31,10139
03/23/2026 06,17.41,26.26,10341
03/23/2026 07,33.56,26.24,10746
03/23/2026 08,111.63,26.33,11115
03/23/2026 09,40.68,26.32,11213
03/23/2026 10,33.67,26.31,11250
03/23/2026 11,23.61,26.3,11222
03/23/2026 12,16.09,26.29,11096
03/23/2026 13,15.4,26.27,11117
03/23/2026 14,12.91,26.26,11134
03/23/2026 15,11.31,26.24,11155
03/23/2026 16,11.6,26.22,11157
03/23/2026 17,11.63,26.2,11210
03/23/2026 18,12.27,26.18,11210
03/23/2026 19,15.15,26.11,11125
03/23/2026 20,15.41,26.04,11167
03/23/2026 21,13.97,25.98,11297
03/23/2026 22,2.77,25.93,11165
03/23/2026 23,7.79,25.89,10914
03/23/2026 24,9.84,25.86,10593
03/24/2026 01,1.42,25.83,10383
03/24/2026 02,8.77,25.81,10269
03/24/2026 03,10.58,25.8,10183
03/24/2026 04,14.83,25.81,10134
03/24/2026 05,16.37,25.81,10247
03/24/2026 06,20.17,25.82,10460
03/24/2026 07,22.98,25.84,10817
03/24/2026 08,21.99,25.85,11285
03/24/2026 09,15.35,25.85,11419
03/24/2026 10,15.72,25.85,11497
03/24/2026 11,15.09,25.85,11509
03/24/2026 12,19.01,25.87,11521
03/24/2026 13,20,25.89,11449
03/24/2026 14,30.89,25.93,11450
03/24/2026 15,34.09,25.98,11423
03/24/2026 16,50.24,26.05,11456
03/24/2026 17,122.59,26.21,11526
03/24/2026 18,236.86,26.52,11533
03/24/2026 19,71.57,26.6,11418
03/24/2026 20,68.95,26.66,11400
03/24/2026 21,77.93,26.74,11406
03/24/2026 22,35.48,26.77,11266
03/24/2026 23,18.31,26.77,11037
03/24/2026 24,35.69,26.8,10781
03/25/2026 01,64.35,26.87,10610
03/25/2026 02,37.31,26.9,10497
03/25/2026 03,23.14,26.91,10461
03/25/2026 04,24.21,26.93,10456
03/25/2026 05,18.7,26.93,10537
03/25/2026 06,18.13,26.93,10691
03/25/2026 07,23.57,26.95,11104
03/25/2026 08,35.58,26.97,11419
03/25/2026 09,47.52,27,11484
03/25/2026 10,124.65,27.15,11502
03/25/2026 11,369.5,27.65,11454
03/25/2026 12,547.74,28.39,11560
03/25/2026 13,149.47,28.58,11501
03/25/2026 14,24.89,28.6,11558
03/25/2026 15,22.25,28.61,11559
03/25/2026 16,17.86,28.62,11582
03/25/2026 17,20.38,28.64,11663
03/25/2026 18,19.66,28.65,11581
03/25/2026 19,17.99,28.65,11497
03/25/2026 20,30.83,28.58,11517
03/25/2026 21,32.21,28.49,11608
03/25/2026 22,51.15,28.44,11457
03/25/2026 23,50.03,28.45,11158
03/25/2026 24,38.81,28.45,10928
03/26/2026 01,65.98,28.51,10709
03/26/2026 02,53.78,28.56,10602
03/26/2026 03,60.49,28.61,10533
03/26/2026 04,36.37,28.63,10537
03/26/2026 05,43.18,28.66,10638
03/26/2026 06,29.79,28.68,10791
03/26/2026 07,80.94,28.77,11154
03/26/2026 08,183.04,28.99,11356
03/26/2026 09,120,29.09,11524
03/26/2026 10,232.99,29.36,11548
03/26/2026 11,32.21,29.37,11555
03/26/2026 12,22.56,29.37,11584
03/26/2026 13,33.17,29.39,11562
03/26/2026 14,30.79,29.41,11530
03/26/2026 15,27.71,29.44,11465
03/26/2026 16,27.32,29.46,11401
03/26/2026 17,79.62,29.55,11322
03/26/2026 18,35.89,29.57,11282
03/26/2026 19,238.5,29.84,11169
03/26/2026 20,893.71,31.05,11142
03/26/2026 21,948.63,32.33,11272
03/26/2026 22,274.39,32.69,11143
03/26/2026 23,30.32,32.71,10976
03/26/2026 24,45.67,32.76,10785
03/27/2026 01,45.66,32.82,10575
03/27/2026 02,30.13,32.85,10484
03/27/2026 03,22.37,32.88,10488
03/27/2026 04,16.79,32.9,10449
03/27/2026 05,15.27,32.92,10473
03/27/2026 06,15.05,32.94,10650
03/27/2026 07,13.86,32.96,11048
03/27/2026 08,14.81,32.97,11407
03/27/2026 09,11.94,32.98,11590
03/27/2026 10,6.81,32.99,11617
03/27/2026 11,13.96,33,11593
03/27/2026 12,2.24,33.01,11530
03/27/2026 13,0,33.01,11349
03/27/2026 14,0.01,33,11273
03/27/2026 15,0,33,11171
03/27/2026 16,1.4,33,11086
03/27/2026 17,12.68,33.02,11063
03/27/2026 18,13.93,33.04,11109
03/27/2026 19,23.47,33.07,11024
03/27/2026 20,33.11,33.12,11060
03/27/2026 21,73.36,33.22,11193
03/27/2026 22,94,33.33,11028
03/27/2026 23,93.75,33.44,10769
03/27/2026 24,92.06,33.55,10500
03/28/2026 01,68.96,33.64,10319
03/28/2026 02,89.61,33.77,10241
03/28/2026 03,89.02,33.89,10164
03/28/2026 04,78.98,34,10138
03/28/2026 05,71.72,34.1,10186
03/28/2026 06,43.11,34.16,10248
03/28/2026 07,73,34.25,10428
03/28/2026 08,43.51,34.3,10568
03/28/2026 09,32.12,34.33,10807
03/28/2026 10,26.33,34.37,10997
03/28/2026 11,17.44,34.39,11060
03/28/2026 12,14.59,34.41,11008
03/28/2026 13,12.67,34.43,10877
03/28/2026 14,13.44,34.45,10756
03/28/2026 15,12.23,34.46,10686
03/28/2026 16,7.55,34.47,10737
03/28/2026 17,9.14,34.49,10823
03/28/2026 18,10.62,34.5,10959
03/28/2026 19,1.02,34.5,10917
03/28/2026 20,0,34.49,10934
03/28/2026 21,6.86,34.49,11079
03/28/2026 22,12.88,34.49,10978
03/28/2026 23,15.58,34.51,10729
03/28/2026 24,15.77,34.53,10492
03/29/2026 01,24.18,34.55,10350
03/29/2026 02,28.25,34.58,10258
03/29/2026 03,29.47,34.6,10223
03/29/2026 04,31.05,34.62,10271
03/29/2026 05,28.22,34.63,10313
03/29/2026 06,30.33,34.64,10406
03/29/2026 07,39.37,34.67,10509
03/29/2026 08,86.32,34.74,10547
03/29/2026 09,84.74,34.82,10631
03/29/2026 10,65,34.86,10776
03/29/2026 11,34.5,34.86,10897
03/29/2026 12,31.01,34.85,10998
03/29/2026 13,30.54,34.85,11057
03/29/2026 14,31.14,34.86,11034
03/29/2026 15,28.18,34.86,10982
03/29/2026 16,25.48,34.87,10970
03/29/2026 17,24.84,34.87,11077
03/29/2026 18,29.34,34.87,11137
03/29/2026 19,30.27,34.87,11045
03/29/2026 20,32.44,34.87,11038
03/29/2026 21,50.07,34.9,11209
03/29/2026 22,25.83,34.89,11075
03/29/2026 23,24.63,34.88,10798
03/29/2026 24,30.08,34.88,10595
03/30/2026 01,30.07,34.89,10410
03/30/2026 02,32.01,34.88,10282
03/30/2026 03,31.77,34.86,10219
03/30/2026 04,31.93,34.86,10237
03/30/2026 05,31.94,34.86,10305
03/30/2026 06,39.42,34.88,10502
03/30/2026 07,54.14,34.91,10888
03/30/2026 08,32.03,34.9,11189
03/30/2026 09,31.89,34.7,11303
03/30/2026 10,30.53,33.6,11404
03/30/2026 11,29.88,33.57,11455
03/30/2026 12,23,33.56,11487
03/30/2026 13,17.38,33.55,11453
03/30/2026 14,16.76,33.54,11363
03/30/2026 15,13.45,33.53,11199
03/30/2026 16,13.19,33.52,11146
03/30/2026 17,14.33,33.51,11211
03/30/2026 18,18.38,33.49,11248
03/30/2026 19,25.27,33.34,11107
03/30/2026 20,120.97,33.4,11098
03/30/2026 21,270.84,33.73,11229
03/30/2026 22,322.74,34.14,11068
03/30/2026 23,46.06,34.17,10884
03/30/2026 24,36.86,34.2,10641
03/31/2026 01,34.78,34.23,10480
03/31/2026 02,26.98,34.24,10344
03/31/2026 03,21.98,34.24,10301
03/31/2026 04,19.51,34.25,10285
03/31/2026 05,23.17,34.26,10366
03/31/2026 06,24.3,34.27,10569
03/31/2026 07,30.14,34.3,10997
03/31/2026 08,29.53,34.32,11308
03/31/2026 09,22.94,34.35,11454
03/31/2026 10,17.14,34.37,11476
03/31/2026 11,13.93,34.39,11421
03/31/2026 12,12.29,34.41,11308
03/31/2026 13,10.51,34.41,11226
03/31/2026 14,0.85,34.4,11113
03/31/2026 15,2.3,34.39,10975
03/31/2026 16,5.54,34.37,10934
03/31/2026 17,11.01,34.37,11008
03/31/2026 18,12.44,34.35,11044
03/31/2026 19,16.08,34.26,10996
03/31/2026 20,21.41,34.23,11035
03/31/2026 21,19.2,34.22,11213
03/31/2026 22,12.91,34.22,11151
03/31/2026 23,11.42,34.22,10849
03/31/2026 24,9.45,34.24,10510
04/01/2026 01,7.12,34.25,10335
04/01/2026 02,8.41,34.26,10200
04/01/2026 03,10.62,34.27,10132
04/01/2026 04,13.19,34.27,10147
04/01/2026 05,20.38,34.27,10281
04/01/2026 06,25.43,34.28,10499
04/01/2026 07,37.9,34.3,10903
04/01/2026 08,49.47,34.32,11023
04/01/2026 09,24,34.31,10952
04/01/2026 10,15.85,34.29,10900
04/01/2026 11,15.45,34.28,10825
04/01/2026 12,17.68,34.27,10760
04/01/2026 13,13.57,34.27,10728
04/01/2026 14,12.8,34.26,10746
04/01/2026 15,11.33,34.25,10803
04/01/2026 16,11.7,34.24,10797
04/01/2026 17,13.99,34.23,10859
04/01/2026 18,16.34,34.19,10888
04/01/2026 19,15.04,34.13,10849
04/01/2026 20,14.11,34.04,10922
04/01/2026 21,11.53,33.96,11083
04/01/2026 22,7.43,33.91,10930
04/01/2026 23,0,33.87,10677
04/01/2026 24,0,33.84,10315
04/02/2026 01,0,33.8,10108
04/02/2026 02,0,33.77,9968
04/02/2026 03,8.25,33.76,9910
04/02/2026 04,5.11,33.75,9911
04/02/2026 05,8.06,33.74,9977
04/02/2026 06,9.7,33.73,10137
04/02/2026 07,12.74,33.73,10538
04/02/2026 08,11.81,33.72,10894
04/02/2026 09,12.12,33.72,10993
04/02/2026 10,11.73,33.71,11080
04/02/2026 11,11.14,33.7,11121
04/02/2026 12,11.07,33.7,11168
04/02/2026 13,10.07,33.69,11122
04/02/2026 14,10.07,33.71,11088
04/02/2026 15,10.69,33.72,11043
04/02/2026 16,11.08,33.74,10951
04/02/2026 17,11.25,33.75,10983
04/02/2026 18,12.94,33.77,11021
04/02/2026 19,15.12,33.79,10897
04/02/2026 20,24.3,33.81,10878
04/02/2026 21,30.41,33.83,11007
04/02/2026 22,35.58,33.86,10908
04/02/2026 23,33.11,33.87,10698
04/02/2026 24,33.13,33.87,10461
04/03/2026 01,28.03,33.84,10237
04/03/2026 02,23.34,33.8,10084
04/03/2026 03,29.88,33.76,9967
04/03/2026 04,30,33.72,9958
04/03/2026 05,30.17,33.67,9977
04/03/2026 06,31.12,33.64,10052
04/03/2026 07,34.79,33.58,10244
04/03/2026 08,35,33.42,10373
04/03/2026 09,30.86,32.95,10477
04/03/2026 10,29.14,32.68,10578
04/03/2026 11,18.83,32.57,10621
04/03/2026 12,13.71,32.52,10591
04/03/2026 13,12.69,32.49,10597
04/03/2026 14,12.57,32.47,10463
04/03/2026 15,11.97,32.45,10380
04/03/2026 16,11.81,32.42,10361
04/03/2026 17,12.15,32.4,10376
04/03/2026 18,13.01,32.37,10392
04/03/2026 19,23.89,32.36,10318
04/03/2026 20,34.16,32.36,10386
04/03/2026 21,40.68,32.36,10543
04/03/2026 22,33.14,32.36,10508
04/03/2026 23,26.56,32.35,10331
04/03/2026 24,16.54,32.33,10139
04/04/2026 01,13.4,32.3,9963
04/04/2026 02,12.76,32.28,9854
04/04/2026 03,12.46,32.26,9754
04/04/2026 04,12.04,32.24,9691
04/04/2026 05,12.4,32.22,9714
04/04/2026 06,12.89,32.19,9785
04/04/2026 07,13.87,32.17,9930
04/04/2026 08,12.98,32.07,10050
04/04/2026 09,11.52,31.95,10245
04/04/2026 10,1.22,31.88,10345
04/04/2026 11,0,31.84,10363
04/04/2026 12,0,31.8,10372
04/04/2026 13,0,31.76,10307
04/04/2026 14,0.66,31.73,10269
04/04/2026 15,7.27,31.71,10242
04/04/2026 16,7.89,31.69,10234
04/04/2026 17,1.35,31.67,10307
04/04/2026 18,8.54,31.64,10379
04/04/2026 19,12.4,31.57,10335
04/04/2026 20,17.97,31.45,10395
04/04/2026 21,22.1,31.35,10527
04/04/2026 22,12.92,31.25,10522
04/04/2026 23,1.29,31.19,10409
04/04/2026 24,5.99,31.16,10193
04/05/2026 01,11.79,31.14,10018
04/05/2026 02,21.94,31.14,9945
04/05/2026 03,29.59,31.16,9900
04/05/2026 04,34.16,31.18,9875
04/05/2026 05,37.86,31.22,9879
04/05/2026 06,34.95,31.25,9941
04/05/2026 07,38.64,31.28,10071
04/05/2026 08,140.66,31.45,10021
04/05/2026 09,193.04,31.7,10223
04/05/2026 10,189.17,31.96,10361
04/05/2026 11,30.93,32,10517
04/05/2026 12,28.74,32.03,10640
04/05/2026 13,20.73,32.04,10725
04/05/2026 14,14.45,32.04,10713
04/05/2026 15,13.51,32.05,10661
04/05/2026 16,12.2,32.07,10689
04/05/2026 17,11.44,32.07,10754
04/05/2026 18,10.89,32.06,10716
04/05/2026 19,12.22,32.05,10603
04/05/2026 20,12.62,32.03,10530
04/05/2026 21,13.13,32.03,10644
04/05/2026 22,14.33,32.03,10598
04/05/2026 23,13.52,32.03,10338
04/05/2026 24,13.61,32.05,10105
04/06/2026 01,15.63,32.07,9908
04/06/2026 02,21.45,32.1,9827
04/06/2026 03,20.76,32.13,9810
04/06/2026 04,21.19,32.16,9825
04/06/2026 05,20.86,32.19,9899
04/06/2026 06,19.75,32.22,10089
04/06/2026 07,23.59,32.25,10474
04/06/2026 08,18.45,32.27,10799
04/06/2026 09,14.64,32.29,10957
04/06/2026 10,18.67,32.32,11112
04/06/2026 11,15.68,32.34,11191
04/06/2026 12,10.44,32.36,11216
04/06/2026 13,6.77,32.37,11239
04/06/2026 14,0,32.37,11184
04/06/2026 15,0,32.37,11152
04/06/2026 16,0,32.37,11113
04/06/2026 17,0.97,32.37,11177
04/06/2026 18,5.1,32.37,11189
04/06/2026 19,0.02,32.37,11038
04/06/2026 20,8.24,32.38,10938
04/06/2026 21,9.44,32.37,11028
04/06/2026 22,13.11,32.36,10942
04/06/2026 23,12.37,32.35,10655
04/06/2026 24,8.59,32.33,10360
04/07/2026 01,0,32.33,10186
04/07/2026 02,0,32.33,10072
04/07/2026 03,0,32.33,10011
04/07/2026 04,0,32.32,9930
04/07/2026 05,0,32.31,9979
04/07/2026 06,10.41,32.3,10143
04/07/2026 07,12.64,32.28,10457
04/07/2026 08,10.27,32.27,10842
04/07/2026 09,0,32.24,11058
04/07/2026 10,0.82,32.22,11202
04/07/2026 11,0,32.21,11169
04/07/2026 12,0,32.18,11128
04/07/2026 13,0,32.15,11113
04/07/2026 14,0,32.15,11083
04/07/2026 15,0,32.15,10996
04/07/2026 16,5.13,32.15,11011
04/07/2026 17,11.56,32.14,11096
04/07/2026 18,11.78,32.12,11088
04/07/2026 19,12.38,31.89,10937
04/07/2026 20,17.62,31.31,10895
04/07/2026 21,16.23,30.96,10972
04/07/2026 22,18.2,30.88,10941
04/07/2026 23,13.51,30.83,10634
04/07/2026 24,0.47,30.78,10382
04/08/2026 01,0,30.75,10217
04/08/2026 02,0,30.71,10110
04/08/2026 03,0,30.68,10061
04/08/2026 04,0,30.65,10020
04/08/2026 05,0,30.63,10033
04/08/2026 06,5.31,30.61,10165
04/08/2026 07,11.55,30.6,10458
04/08/2026 08,12.46,30.59,10679
04/08/2026 09,12.54,30.58,10739
04/08/2026 10,11.29,30.57,10802
04/08/2026 11,14.29,30.57,10801
04/08/2026 12,30.27,30.6,10664
04/08/2026 13,30.85,30.64,10577
04/08/2026 14,29.22,30.66,10515
04/08/2026 15,26.54,30.67,10462
04/08/2026 16,22.88,30.67,10465
04/08/2026 17,29.56,30.69,10588
04/08/2026 18,31.46,30.7,10699
04/08/2026 19,81.83,30.74,10598
04/08/2026 20,142.94,30.6,10541
04/08/2026 21,100.66,29.66,10637
04/08/2026 22,99.07,29.65,10561
04/08/2026 23,34.66,29.63,10354
04/08/2026 24,59.09,29.44,10113
04/09/2026 01,41.06,29.44,9941
04/09/2026 02,30.22,29.42,9864
04/09/2026 03,24.18,29.39,9817
04/09/2026 04,15.61,29.37,9808
04/09/2026 05,13.61,29.36,9864
04/09/2026 06,19.98,29.35,10058
04/09/2026 07,25.9,29.35,10433
04/09/2026 08,22.48,29.33,10714
04/09/2026 09,20.21,29.31,10800
04/09/2026 10,15.23,29.3,10718
04/09/2026 11,15.55,29.29,10612
04/09/2026 12,19.07,29.27,10580
04/09/2026 13,17.47,29.23,10539
04/09/2026 14,22.73,29.2,10539
04/09/2026 15,25.07,29.19,10475
04/09/2026 16,22.1,29.19,10471
04/09/2026 17,14.47,29.18,10534
04/09/2026 18,13.55,29.16,10565
04/09/2026 19,17.34,29.1,10514
04/09/2026 20,32.28,28.99,10498
04/09/2026 21,32.9,28.99,10601
04/09/2026 22,17.72,28.97,10648
04/09/2026 23,16.25,28.96,10402
04/09/2026 24,12.06,28.95,10140
04/10/2026 01,8.78,28.96,9921
04/10/2026 02,0,28.96,9804
04/10/2026 03,0,28.96,9723
04/10/2026 04,0.29,28.96,9714
04/10/2026 05,9.9,28.98,9808
04/10/2026 06,10.92,28.99,9973
04/10/2026 07,13.12,29,10382
04/10/2026 08,13.76,28.99,10724
04/10/2026 09,11.75,28.99,10818
04/10/2026 10,11.5,29.01,10750
04/10/2026 11,11.2,29.02,10635
04/10/2026 12,11.28,29.04,10658
04/10/2026 13,11.28,29.06,10591
04/10/2026 14,11.81,29.07,10541
04/10/2026 15,17.07,29.1,10460
04/10/2026 16,21.53,29.13,10461
04/10/2026 17,23.48,29.16,10509
04/10/2026 18,27.36,29.19,10518
04/10/2026 19,31.26,29.19,10437
04/10/2026 20,142.17,29.29,10455
04/10/2026 21,119.36,29.4,10491
04/10/2026 22,28.81,29.41,10484
04/10/2026 23,21.52,29.41,10261
04/10/2026 24,12.19,29.41,9996
04/11/2026 01,11.28,29.42,9836
04/11/2026 02,12.42,29.42,9750
04/11/2026 03,20.76,29.45,9730
04/11/2026 04,22.22,29.48,9682
04/11/2026 05,27.21,29.52,9715
04/11/2026 06,31.8,29.56,9802
04/11/2026 07,31,29.58,9943
04/11/2026 08,25.83,29.54,10045
04/11/2026 09,30.52,29.53,10207
04/11/2026 10,36.72,29.56,10340
04/11/2026 11,40.31,29.59,10409
04/11/2026 12,22.31,29.59,10388
04/11/2026 13,19.4,29.59,10321
04/11/2026 14,13.22,29.59,10177
04/11/2026 15,13.47,29.57,10166
04/11/2026 16,22.55,29.55,10210
04/11/2026 17,18.86,29.52,10302
04/11/2026 18,12.76,29.49,10361
04/11/2026 19,15.85,29.46,10254
04/11/2026 20,20.59,29.42,10190
04/11/2026 21,20.16,29.36,10306
04/11/2026 22,12.4,29.31,10307
04/11/2026 23,10.8,29.27,10115
04/11/2026 24,7.04,29.23,9923
04/12/2026 01,7.53,29.19,9776
04/12/2026 02,8.11,29.16,9640
04/12/2026 03,0.16,29.12,9579
04/12/2026 04,0,29.09,9556
04/12/2026 05,0,29.05,9629
04/12/2026 06,0,29.02,9726
04/12/2026 07,0,28.98,9818
04/12/2026 08,5.45,28.94,9903
04/12/2026 09,11.16,28.89,10075
04/12/2026 10,20.36,28.86,10295
04/12/2026 11,28.8,28.84,10441
04/12/2026 12,28.8,28.83,10417
04/12/2026 13,25.55,28.82,10460
04/12/2026 14,24.05,28.81,10454
04/12/2026 15,23.93,28.81,10442
04/12/2026 16,36.55,28.81,10455
04/12/2026 17,38.96,28.8,10541
04/12/2026 18,213.86,29.02,10532
04/12/2026 19,55,29.01,10487
04/12/2026 20,304.42,29.3,10372
04/12/2026 21,63.14,29.34,10442
04/12/2026 22,25.93,29.32,10460
04/12/2026 23,30.13,29.31,10223
04/12/2026 24,34.85,29.31,9976
04/13/2026 01,36.95,29.32,9814
04/13/2026 02,34.24,29.33,9753
04/13/2026 03,25.11,29.33,9618
04/13/2026 04,23.79,29.33,9635
04/13/2026 05,21.79,29.31,9698
04/13/2026 06,27.29,29.31,9901
04/13/2026 07,89.82,29.4,10261
04/13/2026 08,200,29.65,10568
04/13/2026 09,219.91,29.91,10680
04/13/2026 10,620.39,30.75,10668
04/13/2026 11,99.19,30.86,10596
04/13/2026 12,18.46,30.89,10534
04/13/2026 13,12.13,30.91,10449
04/13/2026 14,10.98,30.92,10392
04/13/2026 15,11.1,30.94,10370
04/13/2026 16,11.42,30.95,10461
04/13/2026 17,12.21,30.97,10563
04/13/2026 18,12.92,30.96,10617
04/13/2026 19,18.31,30.95,10531
04/13/2026 20,21.02,30.78,10513
04/13/2026 21,13.13,30.65,10570
04/13/2026 22,5.6,30.52,10543
04/13/2026 23,0,30.48,10303
04/13/2026 24,0,30.43,10009
04/14/2026 01,0,30.38,9819
04/14/2026 02,0,30.34,9722
04/14/2026 03,0.71,30.3,9650
04/14/2026 04,7.5,30.27,9609
04/14/2026 05,11.01,30.25,9686
04/14/2026 06,13.8,30.24,9921
04/14/2026 07,18.84,30.24,10315
04/14/2026 08,16.36,30.24,10645
04/14/2026 09,7.68,30.23,10760
04/14/2026 10,0,30.23,10873
04/14/2026 11,0,30.22,10840
04/14/2026 12,1.39,30.21,10890
04/14/2026 13,0,30.19,10848
04/14/2026 14,0,30.17,10862
04/14/2026 15,1.71,30.14,10863
04/14/2026 16,3.74,30.12,11007
04/14/2026 17,0,30.1,11054
04/14/2026 18,0,30.06,11077
04/14/2026 19,0,29.99,11010
04/14/2026 20,1.95,29.91,10961
04/14/2026 21,8.54,29.87,11000
04/14/2026 22,0.56,29.83,10892
04/14/2026 23,0,29.8,10599
04/14/2026 24,0,29.78,10262
04/15/2026 01,0,29.76,10025
04/15/2026 02,0,29.75,9890
04/15/2026 03,0,29.74,9870
04/15/2026 04,0,29.72,9871
04/15/2026 05,3.61,29.71,9866
04/15/2026 06,11.05,29.72,10013
04/15/2026 07,22.97,29.73,10489
04/15/2026 08,22.49,29.75,10860
04/15/2026 09,20.57,29.76,10971
04/15/2026 10,18.18,29.79,11041
04/15/2026 11,17.89,29.81,11042
04/15/2026 12,16.28,29.84,11064
04/15/2026 13,25.31,29.87,11018
04/15/2026 14,39.57,29.92,11092
04/15/2026 15,30.22,29.95,11124
04/15/2026 16,17.45,29.96,11140
04/15/2026 17,11.99,29.97,11306
04/15/2026 18,16.72,29.97,11283
04/15/2026 19,19.37,29.98,11179
04/15/2026 20,19.41,29.99,11155
04/15/2026 21,18.59,30,11204
04/15/2026 22,16.17,30,11134
04/15/2026 23,5.55,30,10838
04/15/2026 24,0,29.98,10520