model_timestamp,local_datetime_naive,date,hour,dayofweek,month,load,pred_load_lr,pred_load_xgb,error_xgb,abs_error_xgb
2025-11-25 04:00:00,2025-11-25 03:00:00,2025-11-25,3,1,11,10140,10177.239772539151,10130.76,9.240234375,9.240234375
2025-11-25 05:00:00,2025-11-25 04:00:00,2025-11-25,4,1,11,10176,10212.731779371014,10161.827,14.1728515625,14.1728515625
2025-11-25 06:00:00,2025-11-25 05:00:00,2025-11-25,5,1,11,10353,10332.459611702745,10292.741,60.2587890625,60.2587890625
2025-11-25 07:00:00,2025-11-25 06:00:00,2025-11-25,6,1,11,10771,10605.550196466686,10742.207,28.79296875,28.79296875
2025-11-25 08:00:00,2025-11-25 07:00:00,2025-11-25,7,1,11,11179,11104.601813986355,11233.197,-54.197265625,54.197265625
2025-11-25 09:00:00,2025-11-25 08:00:00,2025-11-25,8,1,11,11315,11428.075626854068,11306.007,8.9931640625,8.9931640625
2025-11-25 10:00:00,2025-11-25 09:00:00,2025-11-25,9,1,11,11293,11374.435574316522,11334.56,-41.5595703125,41.5595703125
2025-11-25 11:00:00,2025-11-25 10:00:00,2025-11-25,10,1,11,11260,11263.532378493368,11276.654,-16.654296875,16.654296875
2025-11-25 12:00:00,2025-11-25 11:00:00,2025-11-25,11,1,11,11267,11245.990759274378,11252.268,14.732421875,14.732421875
2025-11-25 13:00:00,2025-11-25 12:00:00,2025-11-25,12,1,11,11201,11304.984102848759,11247.218,-46.2177734375,46.2177734375
2025-11-25 14:00:00,2025-11-25 13:00:00,2025-11-25,13,1,11,11235,11229.961490501397,11199.233,35.7666015625,35.7666015625
2025-11-25 15:00:00,2025-11-25 14:00:00,2025-11-25,14,1,11,11180,11312.48555287984,11256.269,-76.2685546875,76.2685546875
2025-11-25 16:00:00,2025-11-25 15:00:00,2025-11-25,15,1,11,11302,11209.093773022401,11234.973,67.02734375,67.02734375
2025-11-25 17:00:00,2025-11-25 16:00:00,2025-11-25,16,1,11,11525,11424.095974278729,11534.444,-9.4443359375,9.4443359375
2025-11-25 18:00:00,2025-11-25 17:00:00,2025-11-25,17,1,11,11719,11656.522092694386,11660.103,58.8974609375,58.8974609375
2025-11-25 19:00:00,2025-11-25 18:00:00,2025-11-25,18,1,11,11590,11762.969413285779,11557.506,32.494140625,32.494140625
2025-11-25 20:00:00,2025-11-25 19:00:00,2025-11-25,19,1,11,11567,11438.043329863005,11459.413,107.5869140625,107.5869140625
2025-11-25 21:00:00,2025-11-25 20:00:00,2025-11-25,20,1,11,11422,11454.373444684647,11430.817,-8.8173828125,8.8173828125
2025-11-25 22:00:00,2025-11-25 21:00:00,2025-11-25,21,1,11,11179,11236.016080077394,11225.152,-46.15234375,46.15234375
2025-11-25 23:00:00,2025-11-25 22:00:00,2025-11-25,22,1,11,10866,10917.562068187886,10888.234,-22.234375,22.234375
2025-11-26 00:00:00,2025-11-25 23:00:00,2025-11-25,23,1,11,10553,10539.728242867212,10588.686,-35.685546875,35.685546875
2025-11-26 01:00:00,2025-11-26 00:00:00,2025-11-26,0,2,11,10398,10326.700728422482,10338.462,59.5380859375,59.5380859375
2025-11-26 02:00:00,2025-11-26 01:00:00,2025-11-26,1,2,11,10288,10264.8707498578,10288.894,-0.8935546875,0.8935546875
2025-11-26 03:00:00,2025-11-26 02:00:00,2025-11-26,2,2,11,10262,10203.460559342495,10211.868,50.1318359375,50.1318359375
2025-11-26 04:00:00,2025-11-26 03:00:00,2025-11-26,3,2,11,10247,10261.250868704781,10211.68,35.3203125,35.3203125
2025-11-26 05:00:00,2025-11-26 04:00:00,2025-11-26,4,2,11,10309,10299.767222707971,10245.923,63.0771484375,63.0771484375
2025-11-26 06:00:00,2025-11-26 05:00:00,2025-11-26,5,2,11,10483,10453.368476713391,10476.615,6.384765625,6.384765625
2025-11-26 07:00:00,2025-11-26 06:00:00,2025-11-26,6,2,11,10849,10715.997356623688,10880.338,-31.337890625,31.337890625
2025-11-26 08:00:00,2025-11-26 07:00:00,2025-11-26,7,2,11,11237,11154.548325527026,11288.228,-51.2275390625,51.2275390625
2025-11-26 09:00:00,2025-11-26 08:00:00,2025-11-26,8,2,11,11279,11483.40390675074,11339.475,-60.474609375,60.474609375
2025-11-26 10:00:00,2025-11-26 09:00:00,2025-11-26,9,2,11,11305,11304.849128326938,11307.1455,-2.1455078125,2.1455078125
2025-11-26 11:00:00,2025-11-26 10:00:00,2025-11-26,10,2,11,11342,11316.412143708903,11316.951,25.048828125,25.048828125
2025-11-26 12:00:00,2025-11-26 11:00:00,2025-11-26,11,2,11,11274,11367.02335006499,11380.071,-106.0712890625,106.0712890625
2025-11-26 13:00:00,2025-11-26 12:00:00,2025-11-26,12,2,11,11253,11271.933802177055,11216.279,36.720703125,36.720703125
2025-11-26 14:00:00,2025-11-26 13:00:00,2025-11-26,13,2,11,11265,11305.704873277562,11280.596,-15.595703125,15.595703125
2025-11-26 15:00:00,2025-11-26 14:00:00,2025-11-26,14,2,11,11295,11329.464118001259,11279.474,15.5263671875,15.5263671875
2025-11-26 16:00:00,2025-11-26 15:00:00,2025-11-26,15,2,11,11416,11359.81071927329,11335.073,80.9267578125,80.9267578125
2025-11-26 17:00:00,2025-11-26 16:00:00,2025-11-26,16,2,11,11554,11511.7554343825,11654.085,-100.0849609375,100.0849609375
2025-11-26 18:00:00,2025-11-26 17:00:00,2025-11-26,17,2,11,11740,11630.099312391081,11696.217,43.783203125,43.783203125
2025-11-26 19:00:00,2025-11-26 18:00:00,2025-11-26,18,2,11,11598,11778.191986698115,11632.478,-34.4775390625,34.4775390625
2025-11-26 20:00:00,2025-11-26 19:00:00,2025-11-26,19,2,11,11515,11440.706984125827,11477.892,37.1083984375,37.1083984375
2025-11-26 21:00:00,2025-11-26 20:00:00,2025-11-26,20,2,11,11389,11379.632113344791,11402.511,-13.5107421875,13.5107421875
2025-11-26 22:00:00,2025-11-26 21:00:00,2025-11-26,21,2,11,11226,11217.460713217763,11182.664,43.3359375,43.3359375
2025-11-26 23:00:00,2025-11-26 22:00:00,2025-11-26,22,2,11,10925,11006.952591484744,10947.056,-22.0556640625,22.0556640625
2025-11-27 00:00:00,2025-11-26 23:00:00,2025-11-26,23,2,11,10644,10605.02281834342,10627.616,16.3837890625,16.3837890625
2025-11-27 01:00:00,2025-11-27 00:00:00,2025-11-27,0,3,11,10460,10445.791323604954,10473.664,-13.6640625,13.6640625
2025-11-27 02:00:00,2025-11-27 01:00:00,2025-11-27,1,3,11,10414,10323.10006612246,10357.676,56.32421875,56.32421875
2025-11-27 03:00:00,2025-11-27 02:00:00,2025-11-27,2,3,11,10364,10369.813635589526,10338.003,25.9970703125,25.9970703125
2025-11-27 04:00:00,2025-11-27 03:00:00,2025-11-27,3,3,11,10342,10348.70875084225,10340.364,1.6357421875,1.6357421875
2025-11-27 05:00:00,2025-11-27 04:00:00,2025-11-27,4,3,11,10379,10387.382730479261,10348.402,30.59765625,30.59765625
2025-11-27 06:00:00,2025-11-27 05:00:00,2025-11-27,5,3,11,10577,10505.351510738272,10527.401,49.5986328125,49.5986328125
2025-11-27 07:00:00,2025-11-27 06:00:00,2025-11-27,6,3,11,10976,10817.364999414647,10949.585,26.4150390625,26.4150390625
2025-11-27 08:00:00,2025-11-27 07:00:00,2025-11-27,7,3,11,11390,11285.371379910152,11380.832,9.16796875,9.16796875
2025-11-27 09:00:00,2025-11-27 08:00:00,2025-11-27,8,3,11,11485,11628.751510202126,11512.797,-27.796875,27.796875
2025-11-27 10:00:00,2025-11-27 09:00:00,2025-11-27,9,3,11,11534,11510.92606834134,11545.084,-11.083984375,11.083984375
2025-11-27 11:00:00,2025-11-27 10:00:00,2025-11-27,10,3,11,11556,11522.100447745135,11564.21,-8.2099609375,8.2099609375
2025-11-27 12:00:00,2025-11-27 11:00:00,2025-11-27,11,3,11,11625,11539.533190014501,11579.633,45.3671875,45.3671875
2025-11-27 13:00:00,2025-11-27 12:00:00,2025-11-27,12,3,11,11572,11653.841067659101,11637.948,-65.9482421875,65.9482421875
2025-11-27 14:00:00,2025-11-27 13:00:00,2025-11-27,13,3,11,11670,11566.758973868482,11553.629,116.37109375,116.37109375
2025-11-27 15:00:00,2025-11-27 14:00:00,2025-11-27,14,3,11,11678,11737.480192823881,11713.183,-35.1826171875,35.1826171875
2025-11-27 16:00:00,2025-11-27 15:00:00,2025-11-27,15,3,11,11736,11689.696891498397,11709.999,26.0009765625,26.0009765625
2025-11-27 17:00:00,2025-11-27 16:00:00,2025-11-27,16,3,11,11877,11769.056222693249,11924.2295,-47.2294921875,47.2294921875
2025-11-27 18:00:00,2025-11-27 17:00:00,2025-11-27,17,3,11,11926,11933.680786412646,11936.131,-10.130859375,10.130859375
2025-11-27 19:00:00,2025-11-27 18:00:00,2025-11-27,18,3,11,11782,11892.688282061881,11834.993,-52.9931640625,52.9931640625
2025-11-27 20:00:00,2025-11-27 19:00:00,2025-11-27,19,3,11,11632,11636.845950684923,11707.667,-75.6669921875,75.6669921875
2025-11-27 21:00:00,2025-11-27 20:00:00,2025-11-27,20,3,11,11501,11472.344336048627,11502.199,-1.19921875,1.19921875
2025-11-27 22:00:00,2025-11-27 21:00:00,2025-11-27,21,3,11,11268,11327.026239847464,11331.967,-63.966796875,63.966796875
2025-11-27 23:00:00,2025-11-27 22:00:00,2025-11-27,22,3,11,11023,11004.712043697107,11012.92,10.080078125,10.080078125
2025-11-28 00:00:00,2025-11-27 23:00:00,2025-11-27,23,3,11,10822,10733.134544759216,10760.094,61.90625,61.90625
2025-11-28 01:00:00,2025-11-28 00:00:00,2025-11-28,0,4,11,10652,10685.12157120497,10676.359,-24.359375,24.359375
2025-11-28 02:00:00,2025-11-28 01:00:00,2025-11-28,1,4,11,10572,10544.9899380917,10569.657,2.3427734375,2.3427734375
2025-11-28 03:00:00,2025-11-28 02:00:00,2025-11-28,2,4,11,10496,10535.816826434819,10504.038,-8.0380859375,8.0380859375
2025-11-28 04:00:00,2025-11-28 03:00:00,2025-11-28,3,4,11,10436,10496.589285034985,10480.243,-44.2431640625,44.2431640625
2025-11-28 05:00:00,2025-11-28 04:00:00,2025-11-28,4,4,11,10481,10484.137721807441,10474.721,6.279296875,6.279296875
2025-11-28 06:00:00,2025-11-28 05:00:00,2025-11-28,5,4,11,10681,10625.246270107757,10659.629,21.37109375,21.37109375
2025-11-28 07:00:00,2025-11-28 06:00:00,2025-11-28,6,4,11,11019,10938.876870788717,11041.449,-22.44921875,22.44921875
2025-11-28 08:00:00,2025-11-28 07:00:00,2025-11-28,7,4,11,11481,11325.273235215758,11411.054,69.9462890625,69.9462890625
2025-11-28 09:00:00,2025-11-28 08:00:00,2025-11-28,8,4,11,11714,11771.727678867312,11657.759,56.2412109375,56.2412109375
2025-11-28 10:00:00,2025-11-28 09:00:00,2025-11-28,9,4,11,11759,11818.272345145,11749.25,9.75,9.75
2025-11-28 11:00:00,2025-11-28 10:00:00,2025-11-28,10,4,11,11839,11742.33633345668,11784.907,54.0927734375,54.0927734375
2025-11-28 12:00:00,2025-11-28 11:00:00,2025-11-28,11,4,11,11836,11840.572104049099,11872.551,-36.55078125,36.55078125
2025-11-28 13:00:00,2025-11-28 12:00:00,2025-11-28,12,4,11,11790,11813.472730281277,11823.81,-33.8095703125,33.8095703125
2025-11-28 14:00:00,2025-11-28 13:00:00,2025-11-28,13,4,11,11815,11781.985162959862,11799.309,15.69140625,15.69140625
2025-11-28 15:00:00,2025-11-28 14:00:00,2025-11-28,14,4,11,11754,11854.996311990955,11819.676,-65.67578125,65.67578125
2025-11-28 16:00:00,2025-11-28 15:00:00,2025-11-28,15,4,11,11765,11745.434237086265,11782.318,-17.318359375,17.318359375
2025-11-28 17:00:00,2025-11-28 16:00:00,2025-11-28,16,4,11,11897,11791.611351939424,11915.44,-18.4404296875,18.4404296875
2025-11-28 18:00:00,2025-11-28 17:00:00,2025-11-28,17,4,11,11973,11969.50700014594,12003.111,-30.111328125,30.111328125
2025-11-28 19:00:00,2025-11-28 18:00:00,2025-11-28,18,4,11,11839,11971.837130469443,11884.4375,-45.4375,45.4375
2025-11-28 20:00:00,2025-11-28 19:00:00,2025-11-28,19,4,11,11801,11707.872071319698,11757.45,43.5498046875,43.5498046875
2025-11-28 21:00:00,2025-11-28 20:00:00,2025-11-28,20,4,11,11579,11705.72469198611,11739.168,-160.16796875,160.16796875
2025-11-28 22:00:00,2025-11-28 21:00:00,2025-11-28,21,4,11,11295,11364.932598919839,11358.378,-63.3779296875,63.3779296875
2025-11-28 23:00:00,2025-11-28 22:00:00,2025-11-28,22,4,11,11076,11017.44591542921,11020.848,55.15234375,55.15234375
2025-11-29 00:00:00,2025-11-28 23:00:00,2025-11-28,23,4,11,10809,10813.26331347652,10850.709,-41.708984375,41.708984375
2025-11-29 01:00:00,2025-11-29 00:00:00,2025-11-29,0,5,11,10707,10617.429438828145,10651.764,55.236328125,55.236328125
2025-11-29 02:00:00,2025-11-29 01:00:00,2025-11-29,1,5,11,10614,10614.689647953719,10638.943,-24.943359375,24.943359375
2025-11-29 03:00:00,2025-11-29 02:00:00,2025-11-29,2,5,11,10543,10555.547708947086,10558.197,-15.197265625,15.197265625
2025-11-29 04:00:00,2025-11-29 03:00:00,2025-11-29,3,5,11,10544,10531.649594930628,10505.996,38.00390625,38.00390625
2025-11-29 05:00:00,2025-11-29 04:00:00,2025-11-29,4,5,11,10559,10606.376490556026,10557.593,1.4072265625,1.4072265625
2025-11-29 06:00:00,2025-11-29 05:00:00,2025-11-29,5,5,11,10648,10670.61451637781,10662.601,-14.6005859375,14.6005859375
2025-11-29 07:00:00,2025-11-29 06:00:00,2025-11-29,6,5,11,10816,10827.271880952863,10815.886,0.1142578125,0.1142578125
2025-11-29 08:00:00,2025-11-29 07:00:00,2025-11-29,7,5,11,11038,11040.124613767355,11131.734,-93.734375,93.734375
2025-11-29 09:00:00,2025-11-29 08:00:00,2025-11-29,8,5,11,11207,11259.29177898433,11206.77,0.23046875,0.23046875
2025-11-29 10:00:00,2025-11-29 09:00:00,2025-11-29,9,5,11,11390,11368.558387928855,11332.214,57.7861328125,57.7861328125
2025-11-29 11:00:00,2025-11-29 10:00:00,2025-11-29,10,5,11,11490,11525.051079758809,11502.407,-12.4072265625,12.4072265625
2025-11-29 12:00:00,2025-11-29 11:00:00,2025-11-29,11,5,11,11532,11557.905840093252,11561.856,-29.8564453125,29.8564453125
2025-11-29 13:00:00,2025-11-29 12:00:00,2025-11-29,12,5,11,11492,11559.326554273306,11535.032,-43.0322265625,43.0322265625
2025-11-29 14:00:00,2025-11-29 13:00:00,2025-11-29,13,5,11,11418,11483.974304493226,11504.118,-86.1181640625,86.1181640625
2025-11-29 15:00:00,2025-11-29 14:00:00,2025-11-29,14,5,11,11413,11402.980188488616,11384.911,28.0888671875,28.0888671875
2025-11-29 16:00:00,2025-11-29 15:00:00,2025-11-29,15,5,11,11522,11439.834088751151,11443.219,78.78125,78.78125
2025-11-29 17:00:00,2025-11-29 16:00:00,2025-11-29,16,5,11,11801,11601.302148060418,11729.977,71.0234375,71.0234375
2025-11-29 18:00:00,2025-11-29 17:00:00,2025-11-29,17,5,11,11897,11920.09971053105,11872.595,24.4052734375,24.4052734375
2025-11-29 19:00:00,2025-11-29 18:00:00,2025-11-29,18,5,11,11727,11859.032335821677,11823.052,-96.0517578125,96.0517578125
2025-11-29 20:00:00,2025-11-29 19:00:00,2025-11-29,19,5,11,11686,11525.266955053712,11595.432,90.568359375,90.568359375
2025-11-29 21:00:00,2025-11-29 20:00:00,2025-11-29,20,5,11,11617,11540.1360748567,11557.43,59.5703125,59.5703125
2025-11-29 22:00:00,2025-11-29 21:00:00,2025-11-29,21,5,11,11459,11442.89728480423,11463.774,-4.7744140625,4.7744140625
2025-11-29 23:00:00,2025-11-29 22:00:00,2025-11-29,22,5,11,11332,11215.826833066463,11225.491,106.5087890625,106.5087890625
2025-11-30 00:00:00,2025-11-29 23:00:00,2025-11-29,23,5,11,11155,11086.951542016652,11097.111,57.888671875,57.888671875
2025-11-30 01:00:00,2025-11-30 00:00:00,2025-11-30,0,6,11,10982,11015.592879278882,10958.912,23.087890625,23.087890625
2025-11-30 02:00:00,2025-11-30 01:00:00,2025-11-30,1,6,11,10917,10847.262042958611,10842.583,74.4169921875,74.4169921875
2025-11-30 03:00:00,2025-11-30 02:00:00,2025-11-30,2,6,11,10783,10850.697569074842,10846.258,-63.2578125,63.2578125
2025-11-30 04:00:00,2025-11-30 03:00:00,2025-11-30,3,6,11,10742,10702.20634724263,10718.569,23.4306640625,23.4306640625
2025-11-30 05:00:00,2025-11-30 04:00:00,2025-11-30,4,6,11,10734,10737.803711575978,10730.979,3.021484375,3.021484375
2025-11-30 06:00:00,2025-11-30 05:00:00,2025-11-30,5,6,11,10805,10782.042758901736,10797.414,7.5859375,7.5859375
2025-11-30 07:00:00,2025-11-30 06:00:00,2025-11-30,6,6,11,10918,10932.373864688769,10965.669,-47.6689453125,47.6689453125
2025-11-30 08:00:00,2025-11-30 07:00:00,2025-11-30,7,6,11,11091,11090.015809320683,11083.534,7.4658203125,7.4658203125
2025-11-30 09:00:00,2025-11-30 08:00:00,2025-11-30,8,6,11,11273,11283.439860736635,11217.426,55.57421875,55.57421875
2025-11-30 10:00:00,2025-11-30 09:00:00,2025-11-30,9,6,11,11399,11441.299793279833,11363.315,35.6845703125,35.6845703125
2025-11-30 11:00:00,2025-11-30 10:00:00,2025-11-30,10,6,11,11466,11514.934086206767,11487.992,-21.9921875,21.9921875
2025-11-30 12:00:00,2025-11-30 11:00:00,2025-11-30,11,6,11,11513,11539.178868904577,11473.397,39.6025390625,39.6025390625
2025-11-30 13:00:00,2025-11-30 12:00:00,2025-11-30,12,6,11,11492,11567.782033074815,11524.512,-32.51171875,32.51171875
2025-11-30 14:00:00,2025-11-30 13:00:00,2025-11-30,13,6,11,11443,11515.017845682882,11481.163,-38.1630859375,38.1630859375
2025-11-30 15:00:00,2025-11-30 14:00:00,2025-11-30,14,6,11,11426,11460.064947371784,11402.864,23.1357421875,23.1357421875
2025-11-30 16:00:00,2025-11-30 15:00:00,2025-11-30,15,6,11,11503,11466.395394463356,11472.098,30.90234375,30.90234375
2025-11-30 17:00:00,2025-11-30 16:00:00,2025-11-30,16,6,11,11769,11591.256768617402,11750.513,18.4873046875,18.4873046875
2025-11-30 18:00:00,2025-11-30 17:00:00,2025-11-30,17,6,11,11944,11909.177080449605,11889.279,54.720703125,54.720703125
2025-11-30 19:00:00,2025-11-30 18:00:00,2025-11-30,18,6,11,11779,11967.760630011584,11848.057,-69.056640625,69.056640625
2025-11-30 20:00:00,2025-11-30 19:00:00,2025-11-30,19,6,11,11716,11601.153653695486,11652.962,63.0380859375,63.0380859375
2025-11-30 21:00:00,2025-11-30 20:00:00,2025-11-30,20,6,11,11608,11577.916660655248,11614.009,-6.0087890625,6.0087890625
2025-11-30 22:00:00,2025-11-30 21:00:00,2025-11-30,21,6,11,11396,11432.572886106022,11422.486,-26.486328125,26.486328125
2025-11-30 23:00:00,2025-11-30 22:00:00,2025-11-30,22,6,11,11065,11141.869248818353,11170.585,-105.5849609375,105.5849609375
2025-12-01 00:00:00,2025-11-30 23:00:00,2025-11-30,23,6,11,10785,10719.830268852225,10820.675,-35.6748046875,35.6748046875
2025-12-01 01:00:00,2025-12-01 00:00:00,2025-12-01,0,0,12,10553,10605.951712047212,10630.795,-77.794921875,77.794921875
2025-12-01 02:00:00,2025-12-01 01:00:00,2025-12-01,1,0,12,10438,10405.318307447229,10413.847,24.1533203125,24.1533203125
2025-12-01 03:00:00,2025-12-01 02:00:00,2025-12-01,2,0,12,10355,10371.943555336919,10388.404,-33.404296875,33.404296875
2025-12-01 04:00:00,2025-12-01 03:00:00,2025-12-01,3,0,12,10369,10341.085844275902,10336.466,32.5341796875,32.5341796875
2025-12-01 05:00:00,2025-12-01 04:00:00,2025-12-01,4,0,12,10423,10452.278657241917,10372.174,50.826171875,50.826171875
2025-12-01 06:00:00,2025-12-01 05:00:00,2025-12-01,5,0,12,10588,10571.530411361407,10546.382,41.6181640625,41.6181640625
2025-12-01 07:00:00,2025-12-01 06:00:00,2025-12-01,6,0,12,10949,10827.468737884647,10898.829,50.1708984375,50.1708984375
2025-12-01 08:00:00,2025-12-01 07:00:00,2025-12-01,7,0,12,11395,11259.570590706677,11360.563,34.4365234375,34.4365234375
2025-12-01 09:00:00,2025-12-01 08:00:00,2025-12-01,8,0,12,11511,11676.408556608934,11555.238,-44.23828125,44.23828125
2025-12-01 10:00:00,2025-12-01 09:00:00,2025-12-01,9,0,12,11587,11578.020555464163,11547.597,39.4033203125,39.4033203125
2025-12-01 11:00:00,2025-12-01 10:00:00,2025-12-01,10,0,12,11708,11618.741095900836,11644.756,63.244140625,63.244140625
2025-12-01 12:00:00,2025-12-01 11:00:00,2025-12-01,11,0,12,11779,11759.357613266866,11752.219,26.78125,26.78125
2025-12-01 13:00:00,2025-12-01 12:00:00,2025-12-01,12,0,12,11667,11813.50003048894,11761.396,-94.396484375,94.396484375
2025-12-01 14:00:00,2025-12-01 13:00:00,2025-12-01,13,0,12,11593,11632.736965965021,11628.621,-35.62109375,35.62109375
2025-12-01 15:00:00,2025-12-01 14:00:00,2025-12-01,14,0,12,11564,11588.626112642485,11563.882,0.1181640625,0.1181640625
2025-12-01 16:00:00,2025-12-01 15:00:00,2025-12-01,15,0,12,11576,11585.679270519979,11607.02,-31.01953125,31.01953125
2025-12-01 17:00:00,2025-12-01 16:00:00,2025-12-01,16,0,12,11808,11622.659441569267,11770.224,37.7763671875,37.7763671875
2025-12-01 18:00:00,2025-12-01 17:00:00,2025-12-01,17,0,12,11962,11948.270925222803,11899.555,62.4453125,62.4453125
2025-12-01 19:00:00,2025-12-01 18:00:00,2025-12-01,18,0,12,11810,12002.309024320011,11856.006,-46.005859375,46.005859375
2025-12-01 20:00:00,2025-12-01 19:00:00,2025-12-01,19,0,12,11631,11666.058354430648,11675.94,-44.9404296875,44.9404296875
2025-12-01 21:00:00,2025-12-01 20:00:00,2025-12-01,20,0,12,11477,11465.648866212236,11472.212,4.7880859375,4.7880859375
2025-12-01 22:00:00,2025-12-01 21:00:00,2025-12-01,21,0,12,11280,11306.653822080507,11221.01,58.990234375,58.990234375
2025-12-01 23:00:00,2025-12-01 22:00:00,2025-12-01,22,0,12,10969,11058.276656101734,10988.637,-19.63671875,19.63671875
2025-12-02 00:00:00,2025-12-01 23:00:00,2025-12-01,23,0,12,10688,10664.213409279,10662.89,25.1103515625,25.1103515625
2025-12-02 01:00:00,2025-12-02 00:00:00,2025-12-02,0,1,12,10447,10509.656669913604,10530.415,-83.4150390625,83.4150390625
2025-12-02 02:00:00,2025-12-02 01:00:00,2025-12-02,1,1,12,10325,10307.710131665503,10314.059,10.94140625,10.94140625
2025-12-02 03:00:00,2025-12-02 02:00:00,2025-12-02,2,1,12,10230,10269.486887782952,10255.037,-25.037109375,25.037109375
2025-12-02 04:00:00,2025-12-02 03:00:00,2025-12-02,3,1,12,10177,10222.372763522846,10180.205,-3.205078125,3.205078125
2025-12-02 05:00:00,2025-12-02 04:00:00,2025-12-02,4,1,12,10231,10237.592439758557,10192.929,38.0712890625,38.0712890625
2025-12-02 06:00:00,2025-12-02 05:00:00,2025-12-02,5,1,12,10473,10394.944434351728,10360.018,112.982421875,112.982421875
2025-12-02 07:00:00,2025-12-02 06:00:00,2025-12-02,6,1,12,10944,10764.888685471364,10939.467,4.533203125,4.533203125
2025-12-02 08:00:00,2025-12-02 07:00:00,2025-12-02,7,1,12,11414,11305.337782219256,11372.483,41.5166015625,41.5166015625
2025-12-02 09:00:00,2025-12-02 08:00:00,2025-12-02,8,1,12,11537,11686.10601806078,11558.627,-21.626953125,21.626953125
2025-12-02 10:00:00,2025-12-02 09:00:00,2025-12-02,9,1,12,11591,11573.596840826847,11548.3545,42.6455078125,42.6455078125
2025-12-02 11:00:00,2025-12-02 10:00:00,2025-12-02,10,1,12,11655,11577.043234971157,11656.447,-1.447265625,1.447265625
2025-12-02 12:00:00,2025-12-02 11:00:00,2025-12-02,11,1,12,11673,11655.907888696189,11710.238,-37.23828125,37.23828125
2025-12-02 13:00:00,2025-12-02 12:00:00,2025-12-02,12,1,12,11701,11674.449133507378,11648.456,52.5439453125,52.5439453125
2025-12-02 14:00:00,2025-12-02 13:00:00,2025-12-02,13,1,12,11704,11733.030636598309,11705.077,-1.0771484375,1.0771484375
2025-12-02 15:00:00,2025-12-02 14:00:00,2025-12-02,14,1,12,11714,11718.957616930993,11711.159,2.8408203125,2.8408203125
2025-12-02 16:00:00,2025-12-02 15:00:00,2025-12-02,15,1,12,11805,11731.502359700755,11762.384,42.6162109375,42.6162109375
2025-12-02 17:00:00,2025-12-02 16:00:00,2025-12-02,16,1,12,12042,11860.390143776172,11957.477,84.5234375,84.5234375
2025-12-02 18:00:00,2025-12-02 17:00:00,2025-12-02,17,1,12,12111,12132.143334444054,12100.886,10.1142578125,10.1142578125
2025-12-02 19:00:00,2025-12-02 18:00:00,2025-12-02,18,1,12,11941,12060.56875099563,11975.03,-34.0302734375,34.0302734375
2025-12-02 20:00:00,2025-12-02 19:00:00,2025-12-02,19,1,12,11822,11752.004644026134,11841.139,-19.138671875,19.138671875
2025-12-02 21:00:00,2025-12-02 20:00:00,2025-12-02,20,1,12,11658,11652.603899492939,11718.461,-60.4609375,60.4609375
2025-12-02 22:00:00,2025-12-02 21:00:00,2025-12-02,21,1,12,11426,11446.387157905785,11437.511,-11.5107421875,11.5107421875
2025-12-02 23:00:00,2025-12-02 22:00:00,2025-12-02,22,1,12,11072,11146.006980586268,11142.131,-70.130859375,70.130859375
2025-12-03 00:00:00,2025-12-02 23:00:00,2025-12-02,23,1,12,10799,10706.130267460252,10758.924,40.076171875,40.076171875
2025-12-03 01:00:00,2025-12-03 00:00:00,2025-12-03,0,2,12,10678,10581.524000310896,10594.618,83.3818359375,83.3818359375
2025-12-03 02:00:00,2025-12-03 01:00:00,2025-12-03,1,2,12,10592,10554.038963618526,10572.033,19.966796875,19.966796875
2025-12-03 03:00:00,2025-12-03 02:00:00,2025-12-03,2,2,12,10535,10513.014494269259,10467.219,67.78125,67.78125
2025-12-03 04:00:00,2025-12-03 03:00:00,2025-12-03,3,2,12,10438,10512.642703175467,10480.071,-42.0712890625,42.0712890625
2025-12-03 05:00:00,2025-12-03 04:00:00,2025-12-03,4,2,12,10466,10448.017349305564,10427.167,38.8330078125,38.8330078125
2025-12-03 06:00:00,2025-12-03 05:00:00,2025-12-03,5,2,12,10641,10589.859523402063,10616.748,24.251953125,24.251953125
2025-12-03 07:00:00,2025-12-03 06:00:00,2025-12-03,6,2,12,10961,10874.940336908448,11003.313,-42.3134765625,42.3134765625
2025-12-03 08:00:00,2025-12-03 07:00:00,2025-12-03,7,2,12,11382,11256.009568678404,11351.093,30.9072265625,30.9072265625
2025-12-03 09:00:00,2025-12-03 08:00:00,2025-12-03,8,2,12,11455,11655.981957148608,11527.469,-72.46875,72.46875
2025-12-03 10:00:00,2025-12-03 09:00:00,2025-12-03,9,2,12,11406,11503.968492040121,11477.862,-71.8623046875,71.8623046875
2025-12-03 11:00:00,2025-12-03 10:00:00,2025-12-03,10,2,12,11253,11392.051935725183,11392.563,-139.5634765625,139.5634765625
2025-12-03 12:00:00,2025-12-03 11:00:00,2025-12-03,11,2,12,11399,11209.99058220988,11224.683,174.3173828125,174.3173828125
2025-12-03 13:00:00,2025-12-03 12:00:00,2025-12-03,12,2,12,11419,11530.403036681224,11463.827,-44.8271484375,44.8271484375
2025-12-03 14:00:00,2025-12-03 13:00:00,2025-12-03,13,2,12,11401,11492.518345005374,11439.825,-38.8251953125,38.8251953125
2025-12-03 15:00:00,2025-12-03 14:00:00,2025-12-03,14,2,12,11425,11445.084065879593,11391.605,33.39453125,33.39453125
2025-12-03 16:00:00,2025-12-03 15:00:00,2025-12-03,15,2,12,11484,11484.741647562387,11492.628,-8.6279296875,8.6279296875
2025-12-03 17:00:00,2025-12-03 16:00:00,2025-12-03,16,2,12,11761,11551.511372463285,11716.784,44.2158203125,44.2158203125
2025-12-03 18:00:00,2025-12-03 17:00:00,2025-12-03,17,2,12,11952,11900.098073902287,11833.823,118.1767578125,118.1767578125
2025-12-03 19:00:00,2025-12-03 18:00:00,2025-12-03,18,2,12,11767,11971.850103592333,11870.695,-103.6953125,103.6953125
2025-12-03 20:00:00,2025-12-03 19:00:00,2025-12-03,19,2,12,11662,11562.552773466177,11631.447,30.552734375,30.552734375
2025-12-03 21:00:00,2025-12-03 20:00:00,2025-12-03,20,2,12,11480,11490.561080349155,11522.768,-42.767578125,42.767578125
2025-12-03 22:00:00,2025-12-03 21:00:00,2025-12-03,21,2,12,11219,11256.005418937753,11320.464,-101.4638671875,101.4638671875
2025-12-03 23:00:00,2025-12-03 22:00:00,2025-12-03,22,2,12,10892,10923.68950730783,10941.879,-49.87890625,49.87890625
2025-12-04 00:00:00,2025-12-03 23:00:00,2025-12-03,23,2,12,10614,10535.985783151644,10596.271,17.728515625,17.728515625
2025-12-04 01:00:00,2025-12-04 00:00:00,2025-12-04,0,3,12,10375,10397.49662604705,10449.017,-74.0166015625,74.0166015625
2025-12-04 02:00:00,2025-12-04 01:00:00,2025-12-04,1,3,12,10229,10192.342696582753,10263.375,-34.375,34.375
2025-12-04 03:00:00,2025-12-04 02:00:00,2025-12-04,2,3,12,10154,10122.013240755396,10154.827,-0.8271484375,0.8271484375
2025-12-04 04:00:00,2025-12-04 03:00:00,2025-12-04,3,3,12,10213,10121.820237798262,10123.048,89.9521484375,89.9521484375
2025-12-04 05:00:00,2025-12-04 04:00:00,2025-12-04,4,3,12,10333,10297.268333451899,10241.996,91.00390625,91.00390625
2025-12-04 06:00:00,2025-12-04 05:00:00,2025-12-04,5,3,12,10500,10494.452181180186,10579.227,-79.2265625,79.2265625
2025-12-04 07:00:00,2025-12-04 06:00:00,2025-12-04,6,3,12,10886,10715.828677801646,10871.338,14.662109375,14.662109375
2025-12-04 08:00:00,2025-12-04 07:00:00,2025-12-04,7,3,12,11371,11184.268494555583,11301.91,69.08984375,69.08984375
2025-12-04 09:00:00,2025-12-04 08:00:00,2025-12-04,8,3,12,11498,11635.186611585621,11511.256,-13.255859375,13.255859375
2025-12-04 10:00:00,2025-12-04 09:00:00,2025-12-04,9,3,12,11483,11524.580520443189,11521.692,-38.6923828125,38.6923828125
2025-12-04 11:00:00,2025-12-04 10:00:00,2025-12-04,10,3,12,11525,11428.900991013836,11493.212,31.7880859375,31.7880859375
2025-12-04 12:00:00,2025-12-04 11:00:00,2025-12-04,11,3,12,11549,11515.73539856846,11538.078,10.921875,10.921875
2025-12-04 13:00:00,2025-12-04 12:00:00,2025-12-04,12,3,12,11536,11556.106033317803,11533.983,2.0166015625,2.0166015625
2025-12-04 14:00:00,2025-12-04 13:00:00,2025-12-04,13,3,12,11501,11561.30354035948,11504.034,-3.0341796875,3.0341796875
2025-12-04 15:00:00,2025-12-04 14:00:00,2025-12-04,14,3,12,11484,11518.885066200606,11487.712,-3.7119140625,3.7119140625
2025-12-04 16:00:00,2025-12-04 15:00:00,2025-12-04,15,3,12,11499,11507.591633985901,11545.011,-46.0107421875,46.0107421875
2025-12-04 17:00:00,2025-12-04 16:00:00,2025-12-04,16,3,12,11729,11539.551979587613,11703.221,25.779296875,25.779296875
2025-12-04 18:00:00,2025-12-04 17:00:00,2025-12-04,17,3,12,11878,11842.22665478322,11811.528,66.4716796875,66.4716796875
2025-12-04 19:00:00,2025-12-04 18:00:00,2025-12-04,18,3,12,11703,11885.178193773989,11724.462,-21.4619140625,21.4619140625
2025-12-04 20:00:00,2025-12-04 19:00:00,2025-12-04,19,3,12,11622,11515.665446306268,11566.221,55.779296875,55.779296875
2025-12-04 21:00:00,2025-12-04 20:00:00,2025-12-04,20,3,12,11489,11470.936144741947,11481.333,7.6669921875,7.6669921875
2025-12-04 22:00:00,2025-12-04 21:00:00,2025-12-04,21,3,12,11293,11290.672070552793,11316.394,-23.3935546875,23.3935546875
2025-12-04 23:00:00,2025-12-04 22:00:00,2025-12-04,22,3,12,11063,11033.360588714177,10989.754,73.24609375,73.24609375
2025-12-05 00:00:00,2025-12-04 23:00:00,2025-12-04,23,3,12,10766,10764.76125053956,10809.115,-43.115234375,43.115234375
2025-12-05 01:00:00,2025-12-05 00:00:00,2025-12-05,0,4,12,10556,10561.183181826294,10588.058,-32.0576171875,32.0576171875
2025-12-05 02:00:00,2025-12-05 01:00:00,2025-12-05,1,4,12,10429,10407.08816141548,10417.784,11.2158203125,11.2158203125
2025-12-05 03:00:00,2025-12-05 02:00:00,2025-12-05,2,4,12,10348,10344.554689645782,10306.31,41.6904296875,41.6904296875
2025-12-05 04:00:00,2025-12-05 03:00:00,2025-12-05,3,4,12,10375,10318.082217701327,10304.552,70.4482421875,70.4482421875
2025-12-05 05:00:00,2025-12-05 04:00:00,2025-12-05,4,4,12,10392,10443.515970425244,10392.205,-0.205078125,0.205078125
2025-12-05 06:00:00,2025-12-05 05:00:00,2025-12-05,5,4,12,10530,10506.726547584514,10514.806,15.1943359375,15.1943359375
2025-12-05 07:00:00,2025-12-05 06:00:00,2025-12-05,6,4,12,10926,10749.121329890744,10835.292,90.7080078125,90.7080078125
2025-12-05 08:00:00,2025-12-05 07:00:00,2025-12-05,7,4,12,11386,11255.168661840557,11342.826,43.173828125,43.173828125
2025-12-05 09:00:00,2025-12-05 08:00:00,2025-12-05,8,4,12,11536,11668.877715824307,11515.177,20.8232421875,20.8232421875
2025-12-05 10:00:00,2025-12-05 09:00:00,2025-12-05,9,4,12,11529,11600.514968950874,11573.781,-44.78125,44.78125
2025-12-05 11:00:00,2025-12-05 10:00:00,2025-12-05,10,4,12,11639,11496.17564921667,11523.451,115.548828125,115.548828125
2025-12-05 12:00:00,2025-12-05 11:00:00,2025-12-05,11,4,12,11715,11672.396191239483,11677.03,37.9697265625,37.9697265625
2025-12-05 13:00:00,2025-12-05 12:00:00,2025-12-05,12,4,12,11748,11745.766262317073,11714.51,33.490234375,33.490234375
2025-12-05 14:00:00,2025-12-05 13:00:00,2025-12-05,13,4,12,11804,11775.504788570142,11735.824,68.17578125,68.17578125
2025-12-05 15:00:00,2025-12-05 14:00:00,2025-12-05,14,4,12,11890,11833.14263595193,11800.931,89.0693359375,89.0693359375
2025-12-05 16:00:00,2025-12-05 15:00:00,2025-12-05,15,4,12,11918,11915.724038706894,11936.074,-18.07421875,18.07421875
2025-12-05 17:00:00,2025-12-05 16:00:00,2025-12-05,16,4,12,12159,11911.822578122825,12025.5625,133.4375,133.4375
2025-12-05 18:00:00,2025-12-05 17:00:00,2025-12-05,17,4,12,12221,12229.482552103462,12092.321,128.6787109375,128.6787109375
2025-12-05 19:00:00,2025-12-05 18:00:00,2025-12-05,18,4,12,12065,12148.483496038647,11966.422,98.578125,98.578125
2025-12-05 20:00:00,2025-12-05 19:00:00,2025-12-05,19,4,12,11941,11868.161897909184,11925.219,15.78125,15.78125
2025-12-05 21:00:00,2025-12-05 20:00:00,2025-12-05,20,4,12,11834,11751.8413388585,11833.394,0.6064453125,0.6064453125
2025-12-05 22:00:00,2025-12-05 21:00:00,2025-12-05,21,4,12,11682,11631.703417918598,11669.699,12.30078125,12.30078125
2025-12-05 23:00:00,2025-12-05 22:00:00,2025-12-05,22,4,12,11421,11429.56785737446,11424.144,-3.1435546875,3.1435546875
2025-12-06 00:00:00,2025-12-05 23:00:00,2025-12-05,23,4,12,11157,11092.112250327757,11133.852,23.1484375,23.1484375
2025-12-06 01:00:00,2025-12-06 00:00:00,2025-12-06,0,5,12,10962,10930.301198684148,10918.684,43.31640625,43.31640625
2025-12-06 02:00:00,2025-12-06 01:00:00,2025-12-06,1,5,12,10813,10781.25942177705,10781.079,31.9208984375,31.9208984375
2025-12-06 03:00:00,2025-12-06 02:00:00,2025-12-06,2,5,12,10724,10674.56516906076,10699.292,24.7080078125,24.7080078125
2025-12-06 04:00:00,2025-12-06 03:00:00,2025-12-06,3,5,12,10653,10651.721068201261,10659.791,-6.791015625,6.791015625
2025-12-06 05:00:00,2025-12-06 04:00:00,2025-12-06,4,5,12,10688,10635.305781742783,10643.14,44.8603515625,44.8603515625
2025-12-06 06:00:00,2025-12-06 05:00:00,2025-12-06,5,5,12,10741,10772.90999011465,10802.054,-61.0537109375,61.0537109375
2025-12-06 07:00:00,2025-12-06 06:00:00,2025-12-06,6,5,12,10937,10880.768824075894,10852.919,84.0810546875,84.0810546875
2025-12-06 08:00:00,2025-12-06 07:00:00,2025-12-06,7,5,12,11171,11171.461310688359,11218.423,-47.4228515625,47.4228515625
2025-12-06 09:00:00,2025-12-06 08:00:00,2025-12-06,8,5,12,11235,11393.407744148255,11343.103,-108.1025390625,108.1025390625
2025-12-06 10:00:00,2025-12-06 09:00:00,2025-12-06,9,5,12,11464,11345.986017503,11278.779,185.220703125,185.220703125
2025-12-06 11:00:00,2025-12-06 10:00:00,2025-12-06,10,5,12,11600,11634.906487437758,11535.41,64.58984375,64.58984375
2025-12-06 12:00:00,2025-12-06 11:00:00,2025-12-06,11,5,12,11656,11695.810172269967,11627.997,28.0029296875,28.0029296875
2025-12-06 13:00:00,2025-12-06 12:00:00,2025-12-06,12,5,12,11671,11698.772131208896,11661.558,9.4423828125,9.4423828125
2025-12-06 14:00:00,2025-12-06 13:00:00,2025-12-06,13,5,12,11705,11688.051281781536,11661.258,43.7421875,43.7421875
2025-12-06 15:00:00,2025-12-06 14:00:00,2025-12-06,14,5,12,11701,11725.390131226914,11695.621,5.37890625,5.37890625
2025-12-06 16:00:00,2025-12-06 15:00:00,2025-12-06,15,5,12,11733,11709.019526261753,11737.507,-4.5068359375,4.5068359375
2025-12-06 17:00:00,2025-12-06 16:00:00,2025-12-06,16,5,12,11954,11768.844971980649,11871.48,82.51953125,82.51953125
2025-12-06 18:00:00,2025-12-06 17:00:00,2025-12-06,17,5,12,12075,12049.125101125772,12026.528,48.4716796875,48.4716796875
2025-12-06 19:00:00,2025-12-06 18:00:00,2025-12-06,18,5,12,11904,12057.025559514648,11999.525,-95.525390625,95.525390625
2025-12-06 20:00:00,2025-12-06 19:00:00,2025-12-06,19,5,12,11795,11714.922038713237,11820.261,-25.2607421875,25.2607421875
2025-12-06 21:00:00,2025-12-06 20:00:00,2025-12-06,20,5,12,11654,11629.477555322641,11699.785,-45.78515625,45.78515625
2025-12-06 22:00:00,2025-12-06 21:00:00,2025-12-06,21,5,12,11482,11453.610661237977,11479.819,2.1806640625,2.1806640625
2025-12-06 23:00:00,2025-12-06 22:00:00,2025-12-06,22,5,12,11291,11241.145947205416,11302.231,-11.2314453125,11.2314453125
2025-12-07 00:00:00,2025-12-06 23:00:00,2025-12-06,23,5,12,11105,11019.716791355988,11054.678,50.322265625,50.322265625
2025-12-07 01:00:00,2025-12-07 00:00:00,2025-12-07,0,6,12,10924,10971.440955635444,10927.043,-3.04296875,3.04296875
2025-12-07 02:00:00,2025-12-07 01:00:00,2025-12-07,1,6,12,10781,10801.600247716673,10786.399,-5.3994140625,5.3994140625
2025-12-07 03:00:00,2025-12-07 02:00:00,2025-12-07,2,6,12,10703,10693.802393859074,10694.638,8.3623046875,8.3623046875
2025-12-07 04:00:00,2025-12-07 03:00:00,2025-12-07,3,6,12,10679,10676.344133479917,10677.595,1.4052734375,1.4052734375
2025-12-07 05:00:00,2025-12-07 04:00:00,2025-12-07,4,6,12,10679,10711.390610430719,10694.041,-15.041015625,15.041015625
2025-12-07 06:00:00,2025-12-07 05:00:00,2025-12-07,5,6,12,10733,10759.882310060708,10755.866,-22.8662109375,22.8662109375
2025-12-07 07:00:00,2025-12-07 06:00:00,2025-12-07,6,6,12,10826,10883.210845704954,10868.328,-42.328125,42.328125
2025-12-07 08:00:00,2025-12-07 07:00:00,2025-12-07,7,6,12,10987,11023.734873768368,11003.664,-16.6640625,16.6640625
2025-12-07 09:00:00,2025-12-07 08:00:00,2025-12-07,8,6,12,11173,11206.92205779863,11141.465,31.53515625,31.53515625
2025-12-07 10:00:00,2025-12-07 09:00:00,2025-12-07,9,6,12,11298,11377.081489295653,11280.98,17.01953125,17.01953125
2025-12-07 11:00:00,2025-12-07 10:00:00,2025-12-07,10,6,12,11388,11445.86362324868,11384.3955,3.6044921875,3.6044921875
2025-12-07 12:00:00,2025-12-07 11:00:00,2025-12-07,11,6,12,11443,11500.635239077994,11413.665,29.3349609375,29.3349609375
2025-12-07 13:00:00,2025-12-07 12:00:00,2025-12-07,12,6,12,11419,11525.924194163847,11452.394,-33.3935546875,33.3935546875
2025-12-07 14:00:00,2025-12-07 13:00:00,2025-12-07,13,6,12,11408,11462.515523947914,11379.908,28.091796875,28.091796875
2025-12-07 15:00:00,2025-12-07 14:00:00,2025-12-07,14,6,12,11438,11465.35590476649,11379.619,58.380859375,58.380859375
2025-12-07 16:00:00,2025-12-07 15:00:00,2025-12-07,15,6,12,11563,11516.22739756716,11502.612,60.3876953125,60.3876953125
2025-12-07 17:00:00,2025-12-07 16:00:00,2025-12-07,16,6,12,11924,11681.117967706688,11813.548,110.4521484375,110.4521484375
2025-12-07 18:00:00,2025-12-07 17:00:00,2025-12-07,17,6,12,12149,12097.547689052328,12012.054,136.9462890625,136.9462890625
2025-12-07 19:00:00,2025-12-07 18:00:00,2025-12-07,18,6,12,12039,12165.300660035975,11969.432,69.568359375,69.568359375
2025-12-07 20:00:00,2025-12-07 19:00:00,2025-12-07,19,6,12,11942,11845.49335497816,11949.419,-7.4189453125,7.4189453125
2025-12-07 21:00:00,2025-12-07 20:00:00,2025-12-07,20,6,12,11803,11747.273449285614,11868.673,-65.6728515625,65.6728515625
2025-12-07 22:00:00,2025-12-07 21:00:00,2025-12-07,21,6,12,11581,11585.874458569257,11644.471,-63.470703125,63.470703125
2025-12-07 23:00:00,2025-12-07 22:00:00,2025-12-07,22,6,12,11245,11306.922924394574,11308.012,-63.01171875,63.01171875
2025-12-08 00:00:00,2025-12-07 23:00:00,2025-12-07,23,6,12,10969,10882.2779579487,10948.467,20.533203125,20.533203125
2025-12-08 01:00:00,2025-12-08 00:00:00,2025-12-08,0,0,12,10751,10781.071625213479,10773.383,-22.3828125,22.3828125
2025-12-08 02:00:00,2025-12-08 01:00:00,2025-12-08,1,0,12,10635,10600.79279969667,10656.15,-21.150390625,21.150390625
2025-12-08 03:00:00,2025-12-08 02:00:00,2025-12-08,2,0,12,10542,10560.063652988427,10577.81,-35.8095703125,35.8095703125
2025-12-08 04:00:00,2025-12-08 03:00:00,2025-12-08,3,0,12,10514,10515.9651301667,10509.187,4.8134765625,4.8134765625
2025-12-08 05:00:00,2025-12-08 04:00:00,2025-12-08,4,0,12,10568,10570.928920861006,10547.501,20.4990234375,20.4990234375
2025-12-08 06:00:00,2025-12-08 05:00:00,2025-12-08,5,0,12,10703,10711.909426777573,10740.246,-37.24609375,37.24609375
2025-12-08 07:00:00,2025-12-08 06:00:00,2025-12-08,6,0,12,11103,10925.481174128394,11015.078,87.921875,87.921875
2025-12-08 08:00:00,2025-12-08 07:00:00,2025-12-08,7,0,12,11519,11434.921674655685,11512.595,6.4052734375,6.4052734375
2025-12-08 09:00:00,2025-12-08 08:00:00,2025-12-08,8,0,12,11643,11784.917413789368,11657.085,-14.0849609375,14.0849609375
2025-12-08 10:00:00,2025-12-08 09:00:00,2025-12-08,9,0,12,11680,11717.180325820418,11660.875,19.125,19.125
2025-12-08 11:00:00,2025-12-08 10:00:00,2025-12-08,10,0,12,11841,11703.905503245163,11685.776,155.2236328125,155.2236328125
2025-12-08 12:00:00,2025-12-08 11:00:00,2025-12-08,11,0,12,11873,11929.228810304052,11859.967,13.033203125,13.033203125
2025-12-08 13:00:00,2025-12-08 12:00:00,2025-12-08,12,0,12,11836,11906.76761183069,11787.607,48.392578125,48.392578125
2025-12-08 14:00:00,2025-12-08 13:00:00,2025-12-08,13,0,12,11818,11856.734634742377,11799.148,18.8515625,18.8515625
2025-12-08 15:00:00,2025-12-08 14:00:00,2025-12-08,14,0,12,11823,11852.862378858083,11765.964,57.0361328125,57.0361328125
2025-12-08 16:00:00,2025-12-08 15:00:00,2025-12-08,15,0,12,11932,11869.426366096735,11879.438,52.5615234375,52.5615234375
2025-12-08 17:00:00,2025-12-08 16:00:00,2025-12-08,16,0,12,12174,12035.908117067402,12089.959,84.041015625,84.041015625
2025-12-08 18:00:00,2025-12-08 17:00:00,2025-12-08,17,0,12,12325,12301.943011535506,12130.296,194.7041015625,194.7041015625
2025-12-08 19:00:00,2025-12-08 18:00:00,2025-12-08,18,0,12,12173,12339.91360362704,12028.124,144.8759765625,144.8759765625
2025-12-08 20:00:00,2025-12-08 19:00:00,2025-12-08,19,0,12,12041,12002.763906706114,11948.045,92.955078125,92.955078125
2025-12-08 21:00:00,2025-12-08 20:00:00,2025-12-08,20,0,12,11835,11873.747344465464,11938.5,-103.5,103.5
2025-12-08 22:00:00,2025-12-08 21:00:00,2025-12-08,21,0,12,11571,11617.925800796585,11606.46,-35.4599609375,35.4599609375
2025-12-08 23:00:00,2025-12-08 22:00:00,2025-12-08,22,0,12,11219,11294.705783185776,11277.533,-58.533203125,58.533203125
2025-12-09 00:00:00,2025-12-08 23:00:00,2025-12-08,23,0,12,10915,10874.31310642095,10898.224,16.7763671875,16.7763671875
2025-12-09 01:00:00,2025-12-09 00:00:00,2025-12-09,0,1,12,10730,10703.38655192081,10706.424,23.576171875,23.576171875
2025-12-09 02:00:00,2025-12-09 01:00:00,2025-12-09,1,1,12,10567,10595.966913792792,10638.481,-71.4814453125,71.4814453125
2025-12-09 03:00:00,2025-12-09 02:00:00,2025-12-09,2,1,12,10512,10472.946513390725,10472.269,39.7314453125,39.7314453125
2025-12-09 04:00:00,2025-12-09 03:00:00,2025-12-09,3,1,12,10569,10516.137475486154,10508.146,60.853515625,60.853515625
2025-12-09 05:00:00,2025-12-09 04:00:00,2025-12-09,4,1,12,10671,10680.771226299068,10627.127,43.873046875,43.873046875
2025-12-09 06:00:00,2025-12-09 05:00:00,2025-12-09,5,1,12,10836,10850.667552115283,10867.942,-31.9423828125,31.9423828125
2025-12-09 07:00:00,2025-12-09 06:00:00,2025-12-09,6,1,12,11254,11070.896292852703,11212.599,41.4013671875,41.4013671875
2025-12-09 08:00:00,2025-12-09 07:00:00,2025-12-09,7,1,12,11737,11580.398550638776,11663.069,73.9306640625,73.9306640625
2025-12-09 09:00:00,2025-12-09 08:00:00,2025-12-09,8,1,12,11826,12013.712869066376,11826.099,-0.0986328125,0.0986328125
2025-12-09 10:00:00,2025-12-09 09:00:00,2025-12-09,9,1,12,11874,11853.356475385664,11827.407,46.5927734375,46.5927734375
2025-12-09 11:00:00,2025-12-09 10:00:00,2025-12-09,10,1,12,11859,11874.292874806586,11859.12,-0.1201171875,0.1201171875
2025-12-09 12:00:00,2025-12-09 11:00:00,2025-12-09,11,1,12,11862,11839.973792148288,11829.667,32.3330078125,32.3330078125
2025-12-09 13:00:00,2025-12-09 12:00:00,2025-12-09,12,1,12,11863,11885.281946126188,11803.296,59.7041015625,59.7041015625
2025-12-09 14:00:00,2025-12-09 13:00:00,2025-12-09,13,1,12,11854,11919.948525171863,11842.284,11.7158203125,11.7158203125
2025-12-09 15:00:00,2025-12-09 14:00:00,2025-12-09,14,1,12,11921,11907.072759883287,11830.98,90.01953125,90.01953125
2025-12-09 16:00:00,2025-12-09 15:00:00,2025-12-09,15,1,12,11954,12004.944567004024,11978.507,-24.5068359375,24.5068359375
2025-12-09 17:00:00,2025-12-09 16:00:00,2025-12-09,16,1,12,12230,12016.401758656451,12088.179,141.8212890625,141.8212890625
2025-12-09 18:00:00,2025-12-09 17:00:00,2025-12-09,17,1,12,12424,12370.972639933796,12105.611,318.388671875,318.388671875
2025-12-09 19:00:00,2025-12-09 18:00:00,2025-12-09,18,1,12,12242,12449.596959039594,12018.919,223.0810546875,223.0810546875
2025-12-09 20:00:00,2025-12-09 19:00:00,2025-12-09,19,1,12,12052,12045.961241704026,11942.695,109.3046875,109.3046875
2025-12-09 21:00:00,2025-12-09 20:00:00,2025-12-09,20,1,12,11860,11847.71882093879,11937.575,-77.5751953125,77.5751953125
2025-12-09 22:00:00,2025-12-09 21:00:00,2025-12-09,21,1,12,11585,11639.055028335075,11647.016,-62.015625,62.015625
2025-12-09 23:00:00,2025-12-09 22:00:00,2025-12-09,22,1,12,11370,11287.1517472287,11285.798,84.2021484375,84.2021484375
2025-12-10 00:00:00,2025-12-09 23:00:00,2025-12-09,23,1,12,11109,11083.186871125079,11080.723,28.27734375,28.27734375
2025-12-10 01:00:00,2025-12-10 00:00:00,2025-12-10,0,2,12,10871,10909.758743499673,10908.897,-37.8974609375,37.8974609375
2025-12-10 02:00:00,2025-12-10 01:00:00,2025-12-10,1,2,12,10785,10704.115253555832,10722.818,62.181640625,62.181640625
2025-12-10 03:00:00,2025-12-10 02:00:00,2025-12-10,2,2,12,10767,10726.487695528029,10699.555,67.4453125,67.4453125
2025-12-10 04:00:00,2025-12-10 03:00:00,2025-12-10,3,2,12,10756,10778.498228896044,10754.741,1.2587890625,1.2587890625
2025-12-10 05:00:00,2025-12-10 04:00:00,2025-12-10,4,2,12,10811,10809.938951766962,10778.887,32.11328125,32.11328125
2025-12-10 06:00:00,2025-12-10 05:00:00,2025-12-10,5,2,12,10983,10946.651519623016,10967.9795,15.0205078125,15.0205078125
2025-12-10 07:00:00,2025-12-10 06:00:00,2025-12-10,6,2,12,11389,11212.294394911745,11345.627,43.373046875,43.373046875
2025-12-10 08:00:00,2025-12-10 07:00:00,2025-12-10,7,2,12,11832,11704.33120963451,11740.188,91.8115234375,91.8115234375
2025-12-10 09:00:00,2025-12-10 08:00:00,2025-12-10,8,2,12,11950,12084.87821582424,11902.793,47.20703125,47.20703125
2025-12-10 10:00:00,2025-12-10 09:00:00,2025-12-10,9,2,12,11880,11981.221408338488,11947.518,-67.517578125,67.517578125
2025-12-10 11:00:00,2025-12-10 10:00:00,2025-12-10,10,2,12,11878,11808.097389773851,11798.674,79.326171875,79.326171875
2025-12-10 12:00:00,2025-12-10 11:00:00,2025-12-10,11,2,12,11924,11865.70019147722,11845.862,78.1376953125,78.1376953125
2025-12-10 13:00:00,2025-12-10 12:00:00,2025-12-10,12,2,12,11859,11965.770687070897,11917.331,-58.3310546875,58.3310546875
2025-12-10 14:00:00,2025-12-10 13:00:00,2025-12-10,13,2,12,11770,11873.534946060297,11796.201,-26.201171875,26.201171875
2025-12-10 15:00:00,2025-12-10 14:00:00,2025-12-10,14,2,12,11731,11767.900126236525,11722.13,8.8701171875,8.8701171875
2025-12-10 16:00:00,2025-12-10 15:00:00,2025-12-10,15,2,12,11803,11753.122529459202,11751.451,51.548828125,51.548828125
2025-12-10 17:00:00,2025-12-10 16:00:00,2025-12-10,16,2,12,12139,11885.701695035139,11981.72,157.2802734375,157.2802734375
2025-12-10 18:00:00,2025-12-10 17:00:00,2025-12-10,17,2,12,12249,12316.013639060937,12118.023,130.9765625,130.9765625
2025-12-10 19:00:00,2025-12-10 18:00:00,2025-12-10,18,2,12,12101,12240.847188723848,12027.557,73.443359375,73.443359375
2025-12-10 20:00:00,2025-12-10 19:00:00,2025-12-10,19,2,12,11993,11930.567125486526,11947.953,45.046875,45.046875
2025-12-10 21:00:00,2025-12-10 20:00:00,2025-12-10,20,2,12,11916,11828.92852898479,11864.159,51.8408203125,51.8408203125
2025-12-10 22:00:00,2025-12-10 21:00:00,2025-12-10,21,2,12,11732,11752.523859340683,11719.912,12.087890625,12.087890625
2025-12-10 23:00:00,2025-12-10 22:00:00,2025-12-10,22,2,12,11446,11486.863374951217,11480.328,-34.328125,34.328125
2025-12-11 00:00:00,2025-12-10 23:00:00,2025-12-10,23,2,12,11207,11122.213765145736,11163.296,43.7041015625,43.7041015625
2025-12-11 01:00:00,2025-12-11 00:00:00,2025-12-11,0,3,12,11091,11015.976271605354,10986.433,104.5673828125,104.5673828125
2025-12-11 02:00:00,2025-12-11 01:00:00,2025-12-11,1,3,12,10997,10969.607152742417,10951.572,45.427734375,45.427734375
2025-12-11 03:00:00,2025-12-11 02:00:00,2025-12-11,2,3,12,10974,10903.328857673643,10908.632,65.3681640625,65.3681640625
2025-12-11 04:00:00,2025-12-11 03:00:00,2025-12-11,3,3,12,10987,10954.219426301712,10919.98,67.01953125,67.01953125
2025-12-11 05:00:00,2025-12-11 04:00:00,2025-12-11,4,3,12,11031,11032.15991677072,10960.857,70.142578125,70.142578125
2025-12-11 06:00:00,2025-12-11 05:00:00,2025-12-11,5,3,12,11177,11133.678021054198,11157.057,19.943359375,19.943359375
2025-12-11 07:00:00,2025-12-11 06:00:00,2025-12-11,6,3,12,11644,11359.639564717518,11448.251,195.7490234375,195.7490234375
2025-12-11 08:00:00,2025-12-11 07:00:00,2025-12-11,7,3,12,12092,11954.817447084939,11900.69,191.3095703125,191.3095703125
2025-12-11 09:00:00,2025-12-11 08:00:00,2025-12-11,8,3,12,12233,12308.295876489343,12065.85,167.150390625,167.150390625
2025-12-11 10:00:00,2025-12-11 09:00:00,2025-12-11,9,3,12,12360,12234.89097611752,12030.745,329.2548828125,329.2548828125
2025-12-11 11:00:00,2025-12-11 10:00:00,2025-12-11,10,3,12,12435,12331.647852695176,12063.017,371.9833984375,371.9833984375
2025-12-11 12:00:00,2025-12-11 11:00:00,2025-12-11,11,3,12,12464,12379.752467760529,12042.302,421.6982421875,421.6982421875
2025-12-11 13:00:00,2025-12-11 12:00:00,2025-12-11,12,3,12,12485,12411.120147789577,11987.444,497.5556640625,497.5556640625
2025-12-11 14:00:00,2025-12-11 13:00:00,2025-12-11,13,3,12,12452,12451.446253513632,11995.46,456.5400390625,456.5400390625
2025-12-11 15:00:00,2025-12-11 14:00:00,2025-12-11,14,3,12,12460,12398.935106824849,11954.9375,505.0625,505.0625
2025-12-11 16:00:00,2025-12-11 15:00:00,2025-12-11,15,3,12,12493,12435.26937830434,12023.747,469.2529296875,469.2529296875
2025-12-11 17:00:00,2025-12-11 16:00:00,2025-12-11,16,3,12,12741,12491.60514458016,12118.232,622.767578125,622.767578125
2025-12-11 18:00:00,2025-12-11 17:00:00,2025-12-11,17,3,12,12785,12813.574774249479,12110.835,674.1650390625,674.1650390625
2025-12-11 19:00:00,2025-12-11 18:00:00,2025-12-11,18,3,12,12615,12701.916005217803,11987.928,627.072265625,627.072265625
2025-12-11 20:00:00,2025-12-11 19:00:00,2025-12-11,19,3,12,12520,12404.93926999621,11925.044,594.9560546875,594.9560546875
2025-12-11 21:00:00,2025-12-11 20:00:00,2025-12-11,20,3,12,12405,12340.366739741155,11918.526,486.4736328125,486.4736328125
2025-12-11 22:00:00,2025-12-11 21:00:00,2025-12-11,21,3,12,12184,12195.415071955622,11838.836,345.1640625,345.1640625
2025-12-11 23:00:00,2025-12-11 22:00:00,2025-12-11,22,3,12,11788,11893.516517830121,11728.975,59.025390625,59.025390625
2025-12-12 00:00:00,2025-12-11 23:00:00,2025-12-11,23,3,12,11539,11385.219739695724,11507.646,31.353515625,31.353515625
2025-12-12 01:00:00,2025-12-12 00:00:00,2025-12-12,0,4,12,11347,11342.456965931142,11355.706,-8.7060546875,8.7060546875
2025-12-12 02:00:00,2025-12-12 01:00:00,2025-12-12,1,4,12,11256,11189.962216223736,11204.623,51.376953125,51.376953125
2025-12-12 03:00:00,2025-12-12 02:00:00,2025-12-12,2,4,12,11183,11176.865579914984,11124.893,58.107421875,58.107421875
2025-12-12 04:00:00,2025-12-12 03:00:00,2025-12-12,3,4,12,11115,11155.564339455346,11069.799,45.201171875,45.201171875
2025-12-12 05:00:00,2025-12-12 04:00:00,2025-12-12,4,4,12,11178,11144.374348778136,11046.5625,131.4375,131.4375
2025-12-12 06:00:00,2025-12-12 05:00:00,2025-12-12,5,4,12,11308,11320.963413746787,11288.585,19.4150390625,19.4150390625
2025-12-12 07:00:00,2025-12-12 06:00:00,2025-12-12,6,4,12,11617,11528.326513988699,11511.157,105.8427734375,105.8427734375
2025-12-12 08:00:00,2025-12-12 07:00:00,2025-12-12,7,4,12,12014,11920.769202613716,11787.304,226.6962890625,226.6962890625
2025-12-12 09:00:00,2025-12-12 08:00:00,2025-12-12,8,4,12,12202,12297.369081480552,11958.953,243.046875,243.046875
2025-12-12 10:00:00,2025-12-12 09:00:00,2025-12-12,9,4,12,12278,12318.312172726153,12008.022,269.9775390625,269.9775390625
2025-12-12 11:00:00,2025-12-12 10:00:00,2025-12-12,10,4,12,12350,12315.324868312393,12049.796,300.2041015625,300.2041015625
2025-12-12 12:00:00,2025-12-12 11:00:00,2025-12-12,11,4,12,12411,12383.295338852591,12052.591,358.4091796875,358.4091796875
2025-12-12 13:00:00,2025-12-12 12:00:00,2025-12-12,12,4,12,12386,12447.941588114165,12043.346,342.654296875,342.654296875
2025-12-12 14:00:00,2025-12-12 13:00:00,2025-12-12,13,4,12,12369,12397.730289913181,11987.908,381.091796875,381.091796875
2025-12-12 15:00:00,2025-12-12 14:00:00,2025-12-12,14,4,12,12342,12393.650505511501,11988.877,353.123046875,353.123046875
2025-12-12 16:00:00,2025-12-12 15:00:00,2025-12-12,15,4,12,12355,12361.524514091941,12013.099,341.9013671875,341.9013671875
2025-12-12 17:00:00,2025-12-12 16:00:00,2025-12-12,16,4,12,12534,12404.011721755573,12124.641,409.359375,409.359375
2025-12-12 18:00:00,2025-12-12 17:00:00,2025-12-12,17,4,12,12613,12637.220129922716,12120.781,492.21875,492.21875
2025-12-12 19:00:00,2025-12-12 18:00:00,2025-12-12,18,4,12,12423,12613.519928710568,12001.631,421.369140625,421.369140625
2025-12-12 20:00:00,2025-12-12 19:00:00,2025-12-12,19,4,12,12293,12263.63813787777,11940.495,352.5048828125,352.5048828125
2025-12-12 21:00:00,2025-12-12 20:00:00,2025-12-12,20,4,12,12105,12152.943771134622,11952.65,152.349609375,152.349609375
2025-12-12 22:00:00,2025-12-12 21:00:00,2025-12-12,21,4,12,11984,11909.542149768193,11877.556,106.4443359375,106.4443359375
2025-12-12 23:00:00,2025-12-12 22:00:00,2025-12-12,22,4,12,11749,11792.438079452568,11779.246,-30.24609375,30.24609375
2025-12-13 00:00:00,2025-12-12 23:00:00,2025-12-12,23,4,12,11442,11478.587068965162,11489.496,-47.49609375,47.49609375
2025-12-13 01:00:00,2025-12-13 00:00:00,2025-12-13,0,5,12,11244,11238.996467246248,11240.146,3.853515625,3.853515625
2025-12-13 02:00:00,2025-12-13 01:00:00,2025-12-13,1,5,12,11111,11108.69361149208,11080.235,30.7646484375,30.7646484375
2025-12-13 03:00:00,2025-12-13 02:00:00,2025-12-13,2,5,12,11012,11029.201214804605,10996.353,15.6474609375,15.6474609375
2025-12-13 04:00:00,2025-12-13 03:00:00,2025-12-13,3,5,12,10979,10972.662569262286,10937.885,41.115234375,41.115234375
2025-12-13 05:00:00,2025-12-13 04:00:00,2025-12-13,4,5,12,10988,11015.777663589806,10952.145,35.85546875,35.85546875
2025-12-13 06:00:00,2025-12-13 05:00:00,2025-12-13,5,5,12,11052,11092.869443554202,10996.984,55.015625,55.015625
2025-12-13 07:00:00,2025-12-13 06:00:00,2025-12-13,6,5,12,11202,11230.889625404365,11156.812,45.1884765625,45.1884765625
2025-12-13 08:00:00,2025-12-13 07:00:00,2025-12-13,7,5,12,11400,11445.49250520755,11479.168,-79.16796875,79.16796875
2025-12-13 09:00:00,2025-12-13 08:00:00,2025-12-13,8,5,12,11529,11639.751981690744,11517.87,11.1298828125,11.1298828125
2025-12-13 10:00:00,2025-12-13 09:00:00,2025-12-13,9,5,12,11665,11709.169965568643,11582.356,82.6435546875,82.6435546875
2025-12-13 11:00:00,2025-12-13 10:00:00,2025-12-13,10,5,12,11646,11826.148629277624,11708.822,-62.822265625,62.822265625
2025-12-13 12:00:00,2025-12-13 11:00:00,2025-12-13,11,5,12,11520,11719.201773937575,11602.4375,-82.4375,82.4375
2025-12-13 13:00:00,2025-12-13 12:00:00,2025-12-13,12,5,12,11655,11550.699851010391,11439.786,215.2138671875,215.2138671875
2025-12-13 14:00:00,2025-12-13 13:00:00,2025-12-13,13,5,12,11761,11823.593151449939,11715.37,45.6298828125,45.6298828125
2025-12-13 15:00:00,2025-12-13 14:00:00,2025-12-13,14,5,12,11788,11891.718305508002,11785.085,2.9150390625,2.9150390625
2025-12-13 16:00:00,2025-12-13 15:00:00,2025-12-13,15,5,12,11827,11855.886121641119,11814.586,12.4140625,12.4140625
2025-12-13 17:00:00,2025-12-13 16:00:00,2025-12-13,16,5,12,12058,11890.220503639992,11966.659,91.3408203125,91.3408203125
2025-12-13 18:00:00,2025-12-13 17:00:00,2025-12-13,17,5,12,12202,12176.531521271036,12125.48,76.51953125,76.51953125
2025-12-13 19:00:00,2025-12-13 18:00:00,2025-12-13,18,5,12,12031,12215.644653809344,12032.636,-1.6357421875,1.6357421875
2025-12-13 20:00:00,2025-12-13 19:00:00,2025-12-13,19,5,12,11796,11858.888961179879,11961.018,-165.017578125,165.017578125
2025-12-13 21:00:00,2025-12-13 20:00:00,2025-12-13,20,5,12,11598,11581.799091814759,11687.552,-89.5517578125,89.5517578125
2025-12-13 22:00:00,2025-12-13 21:00:00,2025-12-13,21,5,12,11445,11382.774363861625,11384.381,60.619140625,60.619140625
2025-12-13 23:00:00,2025-12-13 22:00:00,2025-12-13,22,5,12,11254,11220.478742209241,11219.74,34.259765625,34.259765625
2025-12-14 00:00:00,2025-12-13 23:00:00,2025-12-13,23,5,12,10955,10989.409398126369,11059.193,-104.193359375,104.193359375
2025-12-14 01:00:00,2025-12-14 00:00:00,2025-12-14,0,6,12,10713,10773.269598355599,10782.011,-69.0107421875,69.0107421875
2025-12-14 02:00:00,2025-12-14 01:00:00,2025-12-14,1,6,12,10603,10577.854360032245,10645.964,-42.9638671875,42.9638671875
2025-12-14 03:00:00,2025-12-14 02:00:00,2025-12-14,2,6,12,10488,10555.610963303987,10561.804,-73.8037109375,73.8037109375
2025-12-14 04:00:00,2025-12-14 03:00:00,2025-12-14,3,6,12,10442,10460.529160265061,10469.051,-27.05078125,27.05078125
2025-12-14 05:00:00,2025-12-14 04:00:00,2025-12-14,4,6,12,10457,10486.59884678516,10478.715,-21.71484375,21.71484375
2025-12-14 06:00:00,2025-12-14 05:00:00,2025-12-14,5,6,12,10504,10577.972190905864,10568.639,-64.638671875,64.638671875
2025-12-14 07:00:00,2025-12-14 06:00:00,2025-12-14,6,6,12,10607,10681.244248304945,10672.745,-65.7451171875,65.7451171875
2025-12-14 08:00:00,2025-12-14 07:00:00,2025-12-14,7,6,12,10818,10835.215250190437,10831.409,-13.4091796875,13.4091796875
2025-12-14 09:00:00,2025-12-14 08:00:00,2025-12-14,8,6,12,11047,11083.342053124168,11022.349,24.6513671875,24.6513671875
2025-12-14 10:00:00,2025-12-14 09:00:00,2025-12-14,9,6,12,11195,11281.458267432832,11195.256,-0.255859375,0.255859375
2025-12-14 11:00:00,2025-12-14 10:00:00,2025-12-14,10,6,12,11339,11352.677698233376,11297.272,41.7275390625,41.7275390625
2025-12-14 12:00:00,2025-12-14 11:00:00,2025-12-14,11,6,12,11472,11466.479762312156,11404.72,67.2802734375,67.2802734375
2025-12-14 13:00:00,2025-12-14 12:00:00,2025-12-14,12,6,12,11514,11570.385396034057,11495.582,18.41796875,18.41796875
2025-12-14 14:00:00,2025-12-14 13:00:00,2025-12-14,13,6,12,11508,11556.21937088498,11516.171,-8.1708984375,8.1708984375
2025-12-14 15:00:00,2025-12-14 14:00:00,2025-12-14,14,6,12,11423,11525.940829345784,11477.755,-54.7548828125,54.7548828125
2025-12-14 16:00:00,2025-12-14 15:00:00,2025-12-14,15,6,12,11479,11408.31592083944,11425.322,53.677734375,53.677734375
2025-12-14 17:00:00,2025-12-14 16:00:00,2025-12-14,16,6,12,11851,11552.663893247824,11741.479,109.521484375,109.521484375
2025-12-14 18:00:00,2025-12-14 17:00:00,2025-12-14,17,6,12,12098,12037.3761417288,11958.797,139.203125,139.203125
2025-12-14 19:00:00,2025-12-14 18:00:00,2025-12-14,18,6,12,11975,12131.88244033857,11997.457,-22.45703125,22.45703125
2025-12-14 20:00:00,2025-12-14 19:00:00,2025-12-14,19,6,12,11814,11776.39536486624,11857.98,-43.98046875,43.98046875
2025-12-14 21:00:00,2025-12-14 20:00:00,2025-12-14,20,6,12,11642,11583.243422241607,11683.487,-41.4873046875,41.4873046875
2025-12-14 22:00:00,2025-12-14 21:00:00,2025-12-14,21,6,12,11407,11403.364494605245,11415.312,-8.3115234375,8.3115234375
2025-12-14 23:00:00,2025-12-14 22:00:00,2025-12-14,22,6,12,11076,11117.647244920661,11146.974,-70.9736328125,70.9736328125
2025-12-15 00:00:00,2025-12-14 23:00:00,2025-12-14,23,6,12,10854,10706.834771407512,10796.984,57.015625,57.015625
2025-12-15 01:00:00,2025-12-15 00:00:00,2025-12-15,0,0,12,10640,10691.052982513742,10704.457,-64.45703125,64.45703125
2025-12-15 02:00:00,2025-12-15 01:00:00,2025-12-15,1,0,12,10495,10495.141968615548,10528.459,-33.458984375,33.458984375
2025-12-15 03:00:00,2025-12-15 02:00:00,2025-12-15,2,0,12,10456,10410.593119113508,10413.098,42.90234375,42.90234375
2025-12-15 04:00:00,2025-12-15 03:00:00,2025-12-15,3,0,12,10503,10464.248620736798,10449.961,53.0390625,53.0390625
2025-12-15 05:00:00,2025-12-15 04:00:00,2025-12-15,4,0,12,10581,10600.640200747788,10575.557,5.443359375,5.443359375
2025-12-15 06:00:00,2025-12-15 05:00:00,2025-12-15,5,0,12,10825,10730.826244999764,10759.785,65.21484375,65.21484375
2025-12-15 07:00:00,2025-12-15 06:00:00,2025-12-15,6,0,12,11230,11075.059175003458,11247.653,-17.6533203125,17.6533203125
2025-12-15 08:00:00,2025-12-15 07:00:00,2025-12-15,7,0,12,11672,11518.964820230423,11618.352,53.6484375,53.6484375
2025-12-15 09:00:00,2025-12-15 08:00:00,2025-12-15,8,0,12,11820,11906.033343455847,11764.911,55.0888671875,55.0888671875
2025-12-15 10:00:00,2025-12-15 09:00:00,2025-12-15,9,0,12,11874,11857.227385208265,11841.504,32.49609375,32.49609375
2025-12-15 11:00:00,2025-12-15 10:00:00,2025-12-15,10,0,12,11851,11855.892385287338,11867.634,-16.6337890625,16.6337890625
2025-12-15 12:00:00,2025-12-15 11:00:00,2025-12-15,11,0,12,11819,11809.623678330467,11824.649,-5.6494140625,5.6494140625
2025-12-15 13:00:00,2025-12-15 12:00:00,2025-12-15,12,0,12,11779,11811.742913077816,11798.898,-19.8984375,19.8984375
2025-12-15 14:00:00,2025-12-15 13:00:00,2025-12-15,13,0,12,11707,11806.373090091853,11769.658,-62.658203125,62.658203125
2025-12-15 15:00:00,2025-12-15 14:00:00,2025-12-15,14,0,12,11603,11719.081344037715,11692.286,-89.2861328125,89.2861328125
2025-12-15 16:00:00,2025-12-15 15:00:00,2025-12-15,15,0,12,11613,11593.731154591162,11616.286,-3.2861328125,3.2861328125
2025-12-15 17:00:00,2025-12-15 16:00:00,2025-12-15,16,0,12,11981,11673.435482791001,11779.253,201.7470703125,201.7470703125
2025-12-15 18:00:00,2025-12-15 17:00:00,2025-12-15,17,0,12,12233,12197.221567308072,12051.954,181.0458984375,181.0458984375
2025-12-15 19:00:00,2025-12-15 18:00:00,2025-12-15,18,0,12,12100,12307.181572065128,12014.56,85.4404296875,85.4404296875
2025-12-15 20:00:00,2025-12-15 19:00:00,2025-12-15,19,0,12,11926,11932.859728896006,11947.28,-21.2802734375,21.2802734375
2025-12-15 21:00:00,2025-12-15 20:00:00,2025-12-15,20,0,12,11810,11723.851356984413,11822.918,-12.91796875,12.91796875
2025-12-15 22:00:00,2025-12-15 21:00:00,2025-12-15,21,0,12,11550,11630.282048497926,11605.934,-55.93359375,55.93359375
2025-12-15 23:00:00,2025-12-15 22:00:00,2025-12-15,22,0,12,11261,11277.094580030447,11276.64,-15.6396484375,15.6396484375
2025-12-16 00:00:00,2025-12-15 23:00:00,2025-12-15,23,0,12,11001,10946.722583976387,10976.479,24.521484375,24.521484375
2025-12-16 01:00:00,2025-12-16 00:00:00,2025-12-16,0,1,12,10797,10809.31885865857,10830.1,-33.099609375,33.099609375
2025-12-16 02:00:00,2025-12-16 01:00:00,2025-12-16,1,1,12,10664,10648.011496673262,10671.2705,-7.2705078125,7.2705078125
2025-12-16 03:00:00,2025-12-16 02:00:00,2025-12-16,2,1,12,10597,10575.36546363554,10561.488,35.51171875,35.51171875
2025-12-16 04:00:00,2025-12-16 03:00:00,2025-12-16,3,1,12,10610,10584.86003176239,10570.688,39.3115234375,39.3115234375
2025-12-16 05:00:00,2025-12-16 04:00:00,2025-12-16,4,1,12,10685,10685.75082509302,10658.5625,26.4375,26.4375
2025-12-16 06:00:00,2025-12-16 05:00:00,2025-12-16,5,1,12,10838,10835.932720565434,10875.809,-37.80859375,37.80859375
2025-12-16 07:00:00,2025-12-16 06:00:00,2025-12-16,6,1,12,11253,11059.479878736505,11204.63,48.3701171875,48.3701171875
2025-12-16 08:00:00,2025-12-16 07:00:00,2025-12-16,7,1,12,11726,11574.798550074904,11663.3955,62.6044921875,62.6044921875
2025-12-16 09:00:00,2025-12-16 08:00:00,2025-12-16,8,1,12,11917,11994.54145487112,11807.612,109.3876953125,109.3876953125
2025-12-16 10:00:00,2025-12-16 09:00:00,2025-12-16,9,1,12,11851,11981.602327612938,11867.129,-16.12890625,16.12890625
2025-12-16 11:00:00,2025-12-16 10:00:00,2025-12-16,10,1,12,11847,11774.003182664283,11786.371,60.62890625,60.62890625
2025-12-16 12:00:00,2025-12-16 11:00:00,2025-12-16,11,1,12,11763,11821.539594255772,11833.988,-70.98828125,70.98828125
2025-12-16 13:00:00,2025-12-16 12:00:00,2025-12-16,12,1,12,11670,11735.211631842796,11674.496,-4.49609375,4.49609375
2025-12-16 14:00:00,2025-12-16 13:00:00,2025-12-16,13,1,12,11718,11671.080606509488,11636.761,81.2392578125,81.2392578125
2025-12-16 15:00:00,2025-12-16 14:00:00,2025-12-16,14,1,12,11743,11785.999534335035,11750.119,-7.119140625,7.119140625
2025-12-16 16:00:00,2025-12-16 15:00:00,2025-12-16,15,1,12,11847,11795.82129732246,11789.932,57.068359375,57.068359375
2025-12-16 17:00:00,2025-12-16 16:00:00,2025-12-16,16,1,12,12144,11944.923104795702,12020.757,123.2431640625,123.2431640625
2025-12-16 18:00:00,2025-12-16 17:00:00,2025-12-16,17,1,12,12338,12297.589589714422,12091.905,246.0947265625,246.0947265625
2025-12-16 19:00:00,2025-12-16 18:00:00,2025-12-16,18,1,12,12175,12361.402142833964,12018.928,156.072265625,156.072265625
2025-12-16 20:00:00,2025-12-16 19:00:00,2025-12-16,19,1,12,12013,11981.51877324955,11938.524,74.4755859375,74.4755859375
2025-12-16 21:00:00,2025-12-16 20:00:00,2025-12-16,20,1,12,11857,11813.85035295466,11867.2,-10.2001953125,10.2001953125
2025-12-16 22:00:00,2025-12-16 21:00:00,2025-12-16,21,1,12,11646,11649.538887801968,11658.587,-12.5869140625,12.5869140625
2025-12-16 23:00:00,2025-12-16 22:00:00,2025-12-16,22,1,12,11364,11385.2947320518,11324.248,39.751953125,39.751953125
2025-12-17 00:00:00,2025-12-16 23:00:00,2025-12-16,23,1,12,11051,11043.989651866495,11083.5205,-32.5205078125,32.5205078125
2025-12-17 01:00:00,2025-12-17 00:00:00,2025-12-17,0,2,12,10791,10818.27987185769,10831.046,-40.0458984375,40.0458984375
2025-12-17 02:00:00,2025-12-17 01:00:00,2025-12-17,1,2,12,10710,10600.427505606976,10657.414,52.5859375,52.5859375
2025-12-17 03:00:00,2025-12-17 02:00:00,2025-12-17,2,2,12,10663,10639.822470987327,10651.608,11.3916015625,11.3916015625
2025-12-17 04:00:00,2025-12-17 03:00:00,2025-12-17,3,2,12,10644,10647.4182525926,10653.889,-9.888671875,9.888671875
2025-12-17 05:00:00,2025-12-17 04:00:00,2025-12-17,4,2,12,10686,10691.488800062582,10677.55,8.4501953125,8.4501953125
2025-12-17 06:00:00,2025-12-17 05:00:00,2025-12-17,5,2,12,10922,10820.960329899906,10843.776,78.2236328125,78.2236328125
2025-12-17 07:00:00,2025-12-17 06:00:00,2025-12-17,6,2,12,11280,11191.390669332392,11292.372,-12.3720703125,12.3720703125
2025-12-17 08:00:00,2025-12-17 07:00:00,2025-12-17,7,2,12,11728,11581.761006761679,11633.907,94.0927734375,94.0927734375
2025-12-17 09:00:00,2025-12-17 08:00:00,2025-12-17,8,2,12,12007,11999.369954982456,11789.337,217.6630859375,217.6630859375
2025-12-17 10:00:00,2025-12-17 09:00:00,2025-12-17,9,2,12,12014,12117.346873276858,11933.104,80.896484375,80.896484375
2025-12-17 11:00:00,2025-12-17 10:00:00,2025-12-17,10,2,12,12093,11958.792266079128,11942.696,150.3037109375,150.3037109375
2025-12-17 12:00:00,2025-12-17 11:00:00,2025-12-17,11,2,12,12278,12081.201164378383,12035.902,242.09765625,242.09765625
2025-12-17 13:00:00,2025-12-17 12:00:00,2025-12-17,12,2,12,12303,12323.059205483813,12064.995,238.0048828125,238.0048828125
2025-12-17 14:00:00,2025-12-17 13:00:00,2025-12-17,13,2,12,12299,12274.06027147773,12052.776,246.2236328125,246.2236328125
2025-12-17 15:00:00,2025-12-17 14:00:00,2025-12-17,14,2,12,12286,12256.801367789476,12017.717,268.283203125,268.283203125
2025-12-17 16:00:00,2025-12-17 15:00:00,2025-12-17,15,2,12,12324,12237.479366128853,12051.664,272.3359375,272.3359375
2025-12-17 17:00:00,2025-12-17 16:00:00,2025-12-17,16,2,12,12598,12319.698928177231,12171.555,426.4453125,426.4453125
2025-12-17 18:00:00,2025-12-17 17:00:00,2025-12-17,17,2,12,12737,12687.572863666097,12122.409,614.5908203125,614.5908203125
2025-12-17 19:00:00,2025-12-17 18:00:00,2025-12-17,18,2,12,12574,12693.771253380391,12021.989,552.0107421875,552.0107421875
2025-12-17 20:00:00,2025-12-17 19:00:00,2025-12-17,19,2,12,12367,12349.74878725845,11959.562,407.4384765625,407.4384765625
2025-12-17 21:00:00,2025-12-17 20:00:00,2025-12-17,20,2,12,12188,12117.801955033288,11903.894,284.1064453125,284.1064453125
2025-12-17 22:00:00,2025-12-17 21:00:00,2025-12-17,21,2,12,11929,11938.975848656186,11884.412,44.587890625,44.587890625
2025-12-17 23:00:00,2025-12-17 22:00:00,2025-12-17,22,2,12,11630,11608.80771383362,11630.151,-0.1513671875,0.1513671875
2025-12-18 00:00:00,2025-12-17 23:00:00,2025-12-17,23,2,12,11316,11271.159164447394,11286.865,29.134765625,29.134765625
2025-12-18 01:00:00,2025-12-18 00:00:00,2025-12-18,0,3,12,11125,11070.330148851346,11037.262,87.73828125,87.73828125
2025-12-18 02:00:00,2025-12-18 01:00:00,2025-12-18,1,3,12,11054,10966.432243417546,10951.664,102.3359375,102.3359375
2025-12-18 03:00:00,2025-12-18 02:00:00,2025-12-18,2,3,12,11005,10988.674537883264,10930.156,74.84375,74.84375
2025-12-18 04:00:00,2025-12-18 03:00:00,2025-12-18,3,3,12,10968,10993.81418912146,10930.83,37.169921875,37.169921875
2025-12-18 05:00:00,2025-12-18 04:00:00,2025-12-18,4,3,12,11000,11013.562121261704,10933.516,66.484375,66.484375
2025-12-18 06:00:00,2025-12-18 05:00:00,2025-12-18,5,3,12,11204,11135.02646185362,11104.353,99.6474609375,99.6474609375
2025-12-18 07:00:00,2025-12-18 06:00:00,2025-12-18,6,3,12,11615,11464.36612215094,11459.399,155.6005859375,155.6005859375
2025-12-18 08:00:00,2025-12-18 07:00:00,2025-12-18,7,3,12,12068,11950.218197860306,11843.333,224.6669921875,224.6669921875
2025-12-18 09:00:00,2025-12-18 08:00:00,2025-12-18,8,3,12,12233,12347.720493100836,12052.896,180.103515625,180.103515625
2025-12-18 10:00:00,2025-12-18 09:00:00,2025-12-18,9,3,12,12259,12306.550390814084,12036.656,222.34375,222.34375
2025-12-18 11:00:00,2025-12-18 10:00:00,2025-12-18,10,3,12,12299,12246.79552087359,12032.288,266.7119140625,266.7119140625
2025-12-18 12:00:00,2025-12-18 11:00:00,2025-12-18,11,3,12,12238,12304.170042474416,12060.379,177.62109375,177.62109375
2025-12-18 13:00:00,2025-12-18 12:00:00,2025-12-18,12,3,12,12159,12221.88571423733,11947.882,211.1181640625,211.1181640625
2025-12-18 14:00:00,2025-12-18 13:00:00,2025-12-18,13,3,12,12132,12171.31841337115,11959.648,172.3515625,172.3515625
2025-12-18 15:00:00,2025-12-18 14:00:00,2025-12-18,14,3,12,12154,12172.332461221124,12009.028,144.9716796875,144.9716796875
2025-12-18 16:00:00,2025-12-18 15:00:00,2025-12-18,15,3,12,12227,12212.341698198828,12055.1,171.900390625,171.900390625
2025-12-18 17:00:00,2025-12-18 16:00:00,2025-12-18,16,3,12,12396,12312.815360278099,12157.358,238.6416015625,238.6416015625
2025-12-18 18:00:00,2025-12-18 17:00:00,2025-12-18,17,3,12,12539,12503.201503569167,12120.165,418.8349609375,418.8349609375
2025-12-18 19:00:00,2025-12-18 18:00:00,2025-12-18,18,3,12,12423,12571.58292578479,12021.745,401.2548828125,401.2548828125
2025-12-18 20:00:00,2025-12-18 19:00:00,2025-12-18,19,3,12,12311,12290.904663055642,11955.566,355.43359375,355.43359375
2025-12-18 21:00:00,2025-12-18 20:00:00,2025-12-18,20,3,12,12165,12170.08111480462,11954.771,210.228515625,210.228515625
2025-12-18 22:00:00,2025-12-18 21:00:00,2025-12-18,21,3,12,11931,11989.216482283698,11857.084,73.916015625,73.916015625
2025-12-18 23:00:00,2025-12-18 22:00:00,2025-12-18,22,3,12,11644,11674.856783452062,11678.839,-34.8388671875,34.8388671875
2025-12-19 00:00:00,2025-12-18 23:00:00,2025-12-18,23,3,12,11373,11334.377943057332,11326.23,46.76953125,46.76953125
2025-12-19 01:00:00,2025-12-19 00:00:00,2025-12-19,0,4,12,11169,11195.420204618782,11174.09,-5.08984375,5.08984375
2025-12-19 02:00:00,2025-12-19 01:00:00,2025-12-19,1,4,12,11035,11039.738213429031,11004.802,30.1982421875,30.1982421875
2025-12-19 03:00:00,2025-12-19 02:00:00,2025-12-19,2,4,12,10946,10966.537976523887,10927.304,18.6962890625,18.6962890625
2025-12-19 04:00:00,2025-12-19 03:00:00,2025-12-19,3,4,12,10921,10936.313316546242,10886.384,34.6162109375,34.6162109375
2025-12-19 05:00:00,2025-12-19 04:00:00,2025-12-19,4,4,12,11040,10990.451552166913,10924.118,115.8818359375,115.8818359375
2025-12-19 06:00:00,2025-12-19 05:00:00,2025-12-19,5,4,12,11250,11230.9713368878,11227.882,22.1181640625,22.1181640625
2025-12-19 07:00:00,2025-12-19 06:00:00,2025-12-19,6,4,12,11625,11513.004576302323,11507.186,117.814453125,117.814453125
2025-12-19 08:00:00,2025-12-19 07:00:00,2025-12-19,7,4,12,12090,11943.101078144458,11841.069,248.9306640625,248.9306640625
2025-12-19 09:00:00,2025-12-19 08:00:00,2025-12-19,8,4,12,12327,12379.264435811243,12064.214,262.7861328125,262.7861328125
2025-12-19 10:00:00,2025-12-19 09:00:00,2025-12-19,9,4,12,12362,12433.218311117733,12034.284,327.7158203125,327.7158203125
2025-12-19 11:00:00,2025-12-19 10:00:00,2025-12-19,10,4,12,12376,12346.798070258403,12054.095,321.9052734375,321.9052734375
2025-12-19 12:00:00,2025-12-19 11:00:00,2025-12-19,11,4,12,12330,12364.43382854071,12036.063,293.9365234375,293.9365234375
2025-12-19 13:00:00,2025-12-19 12:00:00,2025-12-19,12,4,12,12244,12317.392478883523,11974.9375,269.0625,269.0625
2025-12-19 14:00:00,2025-12-19 13:00:00,2025-12-19,13,4,12,12248,12250.253245134994,11951.034,296.9658203125,296.9658203125
2025-12-19 15:00:00,2025-12-19 14:00:00,2025-12-19,14,4,12,12264,12307.546927086376,12016.278,247.7216796875,247.7216796875
2025-12-19 16:00:00,2025-12-19 15:00:00,2025-12-19,15,4,12,12295,12321.010102657068,12049.031,245.96875,245.96875
2025-12-19 17:00:00,2025-12-19 16:00:00,2025-12-19,16,4,12,12541,12361.547536381308,12108.892,432.1083984375,432.1083984375
2025-12-19 18:00:00,2025-12-19 17:00:00,2025-12-19,17,4,12,12709,12684.013965951342,12118.134,590.8662109375,590.8662109375
2025-12-19 19:00:00,2025-12-19 18:00:00,2025-12-19,18,4,12,12531,12743.453254808792,12018.013,512.9873046875,512.9873046875
2025-12-19 20:00:00,2025-12-19 19:00:00,2025-12-19,19,4,12,12399,12358.59328346535,11947.259,451.7412109375,451.7412109375
2025-12-19 21:00:00,2025-12-19 20:00:00,2025-12-19,20,4,12,12277,12240.700180983735,11952.956,324.0439453125,324.0439453125
2025-12-19 22:00:00,2025-12-19 21:00:00,2025-12-19,21,4,12,12102,12109.623206437098,11875.446,226.5537109375,226.5537109375
2025-12-19 23:00:00,2025-12-19 22:00:00,2025-12-19,22,4,12,11792,11881.138453015767,11865.703,-73.703125,73.703125
2025-12-20 00:00:00,2025-12-19 23:00:00,2025-12-19,23,4,12,11514,11474.034214610281,11545.033,-31.033203125,31.033203125
2025-12-20 01:00:00,2025-12-20 00:00:00,2025-12-20,0,5,12,11328,11316.282129314288,11337.637,-9.63671875,9.63671875
2025-12-20 02:00:00,2025-12-20 01:00:00,2025-12-20,1,5,12,11193,11189.65282026289,11172.712,20.2880859375,20.2880859375
2025-12-20 03:00:00,2025-12-20 02:00:00,2025-12-20,2,5,12,11129,11101.03597520228,11029.516,99.484375,99.484375
2025-12-20 04:00:00,2025-12-20 03:00:00,2025-12-20,3,5,12,11096,11107.896802014917,10980.448,115.5517578125,115.5517578125
2025-12-20 05:00:00,2025-12-20 04:00:00,2025-12-20,4,5,12,11121,11138.187749828601,11017.387,103.61328125,103.61328125
2025-12-20 06:00:00,2025-12-20 05:00:00,2025-12-20,5,5,12,11225,11240.546901775753,11101.993,123.0068359375,123.0068359375
2025-12-20 07:00:00,2025-12-20 06:00:00,2025-12-20,6,5,12,11358,11424.981599510884,11355.896,2.103515625,2.103515625
2025-12-20 08:00:00,2025-12-20 07:00:00,2025-12-20,7,5,12,11487,11585.434422102157,11535.212,-48.2119140625,48.2119140625
2025-12-20 09:00:00,2025-12-20 08:00:00,2025-12-20,8,5,12,11713,11695.472675482286,11583.036,129.9638671875,129.9638671875
2025-12-20 10:00:00,2025-12-20 09:00:00,2025-12-20,9,5,12,11811,11936.827893076166,11731.52,79.48046875,79.48046875
2025-12-20 11:00:00,2025-12-20 10:00:00,2025-12-20,10,5,12,11891,11938.226403751703,11801.327,89.6728515625,89.6728515625
2025-12-20 12:00:00,2025-12-20 11:00:00,2025-12-20,11,5,12,11923,11986.226526345185,11892.204,30.7958984375,30.7958984375
2025-12-20 13:00:00,2025-12-20 12:00:00,2025-12-20,12,5,12,11888,11987.17092748843,11854.262,33.73828125,33.73828125
2025-12-20 14:00:00,2025-12-20 13:00:00,2025-12-20,13,5,12,11856,11923.113796372816,11851.358,4.6416015625,4.6416015625
2025-12-20 15:00:00,2025-12-20 14:00:00,2025-12-20,14,5,12,11830,11904.727143513099,11816.464,13.5361328125,13.5361328125
2025-12-20 16:00:00,2025-12-20 15:00:00,2025-12-20,15,5,12,11841,11881.499731774438,11873.866,-32.8662109375,32.8662109375
2025-12-20 17:00:00,2025-12-20 16:00:00,2025-12-20,16,5,12,12141,11911.428712756762,11973.954,167.0458984375,167.0458984375
2025-12-20 18:00:00,2025-12-20 17:00:00,2025-12-20,17,5,12,12303,12317.778457012972,12116.869,186.130859375,186.130859375
2025-12-20 19:00:00,2025-12-20 18:00:00,2025-12-20,18,5,12,12159,12335.549501201805,12026.318,132.681640625,132.681640625
2025-12-20 20:00:00,2025-12-20 19:00:00,2025-12-20,19,5,12,12023,11996.944966665566,11956.57,66.4296875,66.4296875
2025-12-20 21:00:00,2025-12-20 20:00:00,2025-12-20,20,5,12,11933,11850.373925187632,11957.969,-24.96875,24.96875
2025-12-20 22:00:00,2025-12-20 21:00:00,2025-12-20,21,5,12,11793,11769.106984434042,11759.12,33.8798828125,33.8798828125
2025-12-20 23:00:00,2025-12-20 22:00:00,2025-12-20,22,5,12,11593,11579.848307904416,11617.823,-24.8232421875,24.8232421875
2025-12-21 00:00:00,2025-12-20 23:00:00,2025-12-20,23,5,12,11338,11321.090401709067,11350.211,-12.2109375,12.2109375
2025-12-21 01:00:00,2025-12-21 00:00:00,2025-12-21,0,6,12,11158,11166.420701756844,11146.601,11.3994140625,11.3994140625
2025-12-21 02:00:00,2025-12-21 01:00:00,2025-12-21,1,6,12,11021,11031.26696274194,11004.02,16.98046875,16.98046875
2025-12-21 03:00:00,2025-12-21 02:00:00,2025-12-21,2,6,12,10926,10926.742927243075,10930.372,-4.3720703125,4.3720703125
2025-12-21 04:00:00,2025-12-21 03:00:00,2025-12-21,3,6,12,10851,10877.07977192719,10858.486,-7.486328125,7.486328125
2025-12-21 05:00:00,2025-12-21 04:00:00,2025-12-21,4,6,12,10834,10849.137026353128,10876.327,-42.3271484375,42.3271484375
2025-12-21 06:00:00,2025-12-21 05:00:00,2025-12-21,5,6,12,10900,10904.880737641983,10898.104,1.896484375,1.896484375
2025-12-21 07:00:00,2025-12-21 06:00:00,2025-12-21,6,6,12,11045,11051.87672855044,11040.897,4.1025390625,4.1025390625
2025-12-21 08:00:00,2025-12-21 07:00:00,2025-12-21,7,6,12,11261,11261.851815469976,11298.665,-37.6650390625,37.6650390625
2025-12-21 09:00:00,2025-12-21 08:00:00,2025-12-21,8,6,12,11489,11497.618825915753,11399.053,89.947265625,89.947265625
2025-12-21 10:00:00,2025-12-21 09:00:00,2025-12-21,9,6,12,11578,11691.350521768034,11598.979,-20.978515625,20.978515625
2025-12-21 11:00:00,2025-12-21 10:00:00,2025-12-21,10,6,12,11657,11682.272065574076,11607.753,49.2470703125,49.2470703125
2025-12-21 12:00:00,2025-12-21 11:00:00,2025-12-21,11,6,12,11737,11743.659056264949,11676.185,60.8154296875,60.8154296875
2025-12-21 13:00:00,2025-12-21 12:00:00,2025-12-21,12,6,12,11755,11814.748836166526,11746.032,8.9677734375,8.9677734375
2025-12-21 14:00:00,2025-12-21 13:00:00,2025-12-21,13,6,12,11801,11801.291664349763,11713.153,87.8466796875,87.8466796875
2025-12-21 15:00:00,2025-12-21 14:00:00,2025-12-21,14,6,12,11829,11858.87525151547,11780.261,48.7392578125,48.7392578125
2025-12-21 16:00:00,2025-12-21 15:00:00,2025-12-21,15,6,12,11948,11868.782250962731,11852.274,95.7255859375,95.7255859375
2025-12-21 17:00:00,2025-12-21 16:00:00,2025-12-21,16,6,12,12208,12031.595635233745,12096.752,111.248046875,111.248046875
2025-12-21 18:00:00,2025-12-21 17:00:00,2025-12-21,17,6,12,12304,12322.233110763324,12121.503,182.4970703125,182.4970703125
2025-12-21 19:00:00,2025-12-21 18:00:00,2025-12-21,18,6,12,12198,12273.283126971333,12031.501,166.4990234375,166.4990234375
2025-12-21 20:00:00,2025-12-21 19:00:00,2025-12-21,19,6,12,12069,12035.80187886305,11957.947,111.052734375,111.052734375
2025-12-21 21:00:00,2025-12-21 20:00:00,2025-12-21,20,6,12,11956,11886.463971622748,11932.54,23.4599609375,23.4599609375
2025-12-21 22:00:00,2025-12-21 21:00:00,2025-12-21,21,6,12,11799,11771.522406266075,11771.974,27.0263671875,27.0263671875
2025-12-21 23:00:00,2025-12-21 22:00:00,2025-12-21,22,6,12,11671,11562.284673374492,11590.477,80.5234375,80.5234375
2025-12-22 00:00:00,2025-12-21 23:00:00,2025-12-21,23,6,12,11512,11428.436360295114,11429.799,82.201171875,82.201171875
2025-12-22 01:00:00,2025-12-22 00:00:00,2025-12-22,0,0,12,11315,11397.697113433604,11380.711,-65.7109375,65.7109375
2025-12-22 02:00:00,2025-12-22 01:00:00,2025-12-22,1,0,12,11198,11186.382399954318,11123.031,74.96875,74.96875
2025-12-22 03:00:00,2025-12-22 02:00:00,2025-12-22,2,0,12,11155,11126.846415001499,11050.855,104.14453125,104.14453125
2025-12-22 04:00:00,2025-12-22 03:00:00,2025-12-22,3,0,12,11145,11146.17942242559,11046.761,98.2392578125,98.2392578125
2025-12-22 05:00:00,2025-12-22 04:00:00,2025-12-22,4,0,12,11157,11181.17745080019,11108.281,48.71875,48.71875
2025-12-22 06:00:00,2025-12-22 05:00:00,2025-12-22,5,0,12,11285,11244.45012760924,11194.757,90.2431640625,90.2431640625
2025-12-22 07:00:00,2025-12-22 06:00:00,2025-12-22,6,0,12,11582,11471.728072954786,11503.779,78.220703125,78.220703125
2025-12-22 08:00:00,2025-12-22 07:00:00,2025-12-22,7,0,12,11979,11840.259514936375,11834.936,144.064453125,144.064453125
2025-12-22 09:00:00,2025-12-22 08:00:00,2025-12-22,8,0,12,12263,12232.14205091493,12071.676,191.32421875,191.32421875
2025-12-22 10:00:00,2025-12-22 09:00:00,2025-12-22,9,0,12,12370,12398.771884756881,12080.176,289.82421875,289.82421875
2025-12-22 11:00:00,2025-12-22 10:00:00,2025-12-22,10,0,12,12453,12382.753114066527,12099.91,353.08984375,353.08984375
2025-12-22 12:00:00,2025-12-22 11:00:00,2025-12-22,11,0,12,12451,12447.216795183404,12077.185,373.8154296875,373.8154296875
2025-12-22 13:00:00,2025-12-22 12:00:00,2025-12-22,12,0,12,12425,12416.239158780472,12009.99,415.009765625,415.009765625
2025-12-22 14:00:00,2025-12-22 13:00:00,2025-12-22,13,0,12,12367,12405.72609525458,12018.987,348.0126953125,348.0126953125
2025-12-22 15:00:00,2025-12-22 14:00:00,2025-12-22,14,0,12,12310,12349.759738524534,11934.777,375.22265625,375.22265625
2025-12-22 16:00:00,2025-12-22 15:00:00,2025-12-22,15,0,12,12278,12295.51045935402,11961.601,316.3994140625,316.3994140625
2025-12-22 17:00:00,2025-12-22 16:00:00,2025-12-22,16,0,12,12388,12287.22781626842,12092.424,295.576171875,295.576171875
2025-12-22 18:00:00,2025-12-22 17:00:00,2025-12-22,17,0,12,12507,12469.707036161952,12118.097,388.9033203125,388.9033203125
2025-12-22 19:00:00,2025-12-22 18:00:00,2025-12-22,18,0,12,12382,12555.817199566003,12034.251,347.7490234375,347.7490234375
2025-12-22 20:00:00,2025-12-22 19:00:00,2025-12-22,19,0,12,12326,12280.276971908403,11950.966,375.0341796875,375.0341796875
2025-12-22 21:00:00,2025-12-22 20:00:00,2025-12-22,20,0,12,12223,12246.952247591671,11948.076,274.923828125,274.923828125
2025-12-22 22:00:00,2025-12-22 21:00:00,2025-12-22,21,0,12,12090,12096.924032258647,11823.773,266.2265625,266.2265625
2025-12-22 23:00:00,2025-12-22 22:00:00,2025-12-22,22,0,12,11845,11922.80794096434,11810.065,34.9345703125,34.9345703125
2025-12-23 00:00:00,2025-12-22 23:00:00,2025-12-22,23,0,12,11585,11594.279631589692,11601.006,-16.005859375,16.005859375
2025-12-23 01:00:00,2025-12-23 00:00:00,2025-12-23,0,1,12,11366,11425.971245689545,11443.46,-77.4599609375,77.4599609375
2025-12-23 02:00:00,2025-12-23 01:00:00,2025-12-23,1,1,12,11227,11229.647968355692,11211.932,15.068359375,15.068359375
2025-12-23 03:00:00,2025-12-23 02:00:00,2025-12-23,2,1,12,11180,11147.333386876575,11089.585,90.4150390625,90.4150390625
2025-12-23 04:00:00,2025-12-23 03:00:00,2025-12-23,3,1,12,11181,11175.157539304835,11086.486,94.513671875,94.513671875
2025-12-23 05:00:00,2025-12-23 04:00:00,2025-12-23,4,1,12,11192,11240.572621024501,11143.285,48.71484375,48.71484375
2025-12-23 06:00:00,2025-12-23 05:00:00,2025-12-23,5,1,12,11288,11301.390460835664,11220.337,67.6630859375,67.6630859375
2025-12-23 07:00:00,2025-12-23 06:00:00,2025-12-23,6,1,12,11574,11486.174364513756,11475.921,98.0791015625,98.0791015625
2025-12-23 08:00:00,2025-12-23 07:00:00,2025-12-23,7,1,12,11941,11862.695139687361,11791.113,149.88671875,149.88671875
2025-12-23 09:00:00,2025-12-23 08:00:00,2025-12-23,8,1,12,12191,12217.253763471785,12016.708,174.2919921875,174.2919921875
2025-12-23 10:00:00,2025-12-23 09:00:00,2025-12-23,9,1,12,12316,12345.65944300265,12023.925,292.0751953125,292.0751953125
2025-12-23 11:00:00,2025-12-23 10:00:00,2025-12-23,10,1,12,12364,12370.749255924364,12053.729,310.271484375,310.271484375
2025-12-23 12:00:00,2025-12-23 11:00:00,2025-12-23,11,1,12,12287,12366.90625965795,12050.848,236.15234375,236.15234375
2025-12-23 13:00:00,2025-12-23 12:00:00,2025-12-23,12,1,12,12187,12241.649060487283,11932.879,254.12109375,254.12109375
2025-12-23 14:00:00,2025-12-23 13:00:00,2025-12-23,13,1,12,12094,12163.987241645022,11928.896,165.103515625,165.103515625
2025-12-23 15:00:00,2025-12-23 14:00:00,2025-12-23,14,1,12,12107,12085.495611855296,11940.026,166.9736328125,166.9736328125
2025-12-23 16:00:00,2025-12-23 15:00:00,2025-12-23,15,1,12,12221,12149.041683880938,12042.976,178.0244140625,178.0244140625
2025-12-23 17:00:00,2025-12-23 16:00:00,2025-12-23,16,1,12,12380,12316.669842469397,12159.048,220.9521484375,220.9521484375
2025-12-23 18:00:00,2025-12-23 17:00:00,2025-12-23,17,1,12,12455,12480.518575982476,12118.341,336.6591796875,336.6591796875
2025-12-23 19:00:00,2025-12-23 18:00:00,2025-12-23,18,1,12,12269,12465.56055166998,12005.173,263.8271484375,263.8271484375
2025-12-23 20:00:00,2025-12-23 19:00:00,2025-12-23,19,1,12,12199,12122.470824523105,11931.456,267.5439453125,267.5439453125
2025-12-23 21:00:00,2025-12-23 20:00:00,2025-12-23,20,1,12,12102,12102.11984946324,11950.441,151.55859375,151.55859375
2025-12-23 22:00:00,2025-12-23 21:00:00,2025-12-23,21,1,12,12003,11970.905390712625,11858.3955,144.6044921875,144.6044921875
2025-12-23 23:00:00,2025-12-23 22:00:00,2025-12-23,22,1,12,11783,11843.998269022122,11781.904,1.095703125,1.095703125
2025-12-24 00:00:00,2025-12-23 23:00:00,2025-12-23,23,1,12,11488,11539.146173535471,11543.497,-55.4970703125,55.4970703125
2025-12-24 01:00:00,2025-12-24 00:00:00,2025-12-24,0,2,12,11344,11300.788126120664,11357.841,-13.8408203125,13.8408203125
2025-12-24 02:00:00,2025-12-24 01:00:00,2025-12-24,1,2,12,11166,11239.66435389454,11231.1,-65.099609375,65.099609375
2025-12-24 03:00:00,2025-12-24 02:00:00,2025-12-24,2,2,12,11041,11056.186661949265,11045.338,-4.337890625,4.337890625
2025-12-24 04:00:00,2025-12-24 03:00:00,2025-12-24,3,2,12,10987,10983.780788748885,10970.985,16.0146484375,16.0146484375
2025-12-24 05:00:00,2025-12-24 04:00:00,2025-12-24,4,2,12,11028,11004.917681541068,10965.484,62.515625,62.515625
2025-12-24 06:00:00,2025-12-24 05:00:00,2025-12-24,5,2,12,11099,11143.556042667857,11164.279,-65.279296875,65.279296875
2025-12-24 07:00:00,2025-12-24 06:00:00,2025-12-24,6,2,12,11328,11272.31860787849,11321.32,6.6796875,6.6796875
2025-12-24 08:00:00,2025-12-24 07:00:00,2025-12-24,7,2,12,11667,11603.734329128263,11638.522,28.4775390625,28.4775390625
2025-12-24 09:00:00,2025-12-24 08:00:00,2025-12-24,8,2,12,11944,11958.214367296818,11753.426,190.57421875,190.57421875
2025-12-24 10:00:00,2025-12-24 09:00:00,2025-12-24,9,2,12,12078,12142.90118740821,11951.069,126.9306640625,126.9306640625
2025-12-24 11:00:00,2025-12-24 10:00:00,2025-12-24,10,2,12,12253,12166.626839931887,12029.777,223.22265625,223.22265625
2025-12-24 12:00:00,2025-12-24 11:00:00,2025-12-24,11,2,12,12351,12339.963274238331,12036.023,314.9765625,314.9765625
2025-12-24 13:00:00,2025-12-24 12:00:00,2025-12-24,12,2,12,12269,12386.421898954737,12042.455,226.544921875,226.544921875
2025-12-24 14:00:00,2025-12-24 13:00:00,2025-12-24,13,2,12,12238,12224.73571809914,11946.595,291.4052734375,291.4052734375
2025-12-24 15:00:00,2025-12-24 14:00:00,2025-12-24,14,2,12,12222,12236.710275297977,11948.954,273.0458984375,273.0458984375
2025-12-24 16:00:00,2025-12-24 15:00:00,2025-12-24,15,2,12,12253,12233.927755151612,12004.366,248.6337890625,248.6337890625
2025-12-24 17:00:00,2025-12-24 16:00:00,2025-12-24,16,2,12,12388,12297.695574437093,12111.519,276.4814453125,276.4814453125
2025-12-24 18:00:00,2025-12-24 17:00:00,2025-12-24,17,2,12,12389,12466.198398297623,12116.435,272.5654296875,272.5654296875
2025-12-24 19:00:00,2025-12-24 18:00:00,2025-12-24,18,2,12,12105,12363.054564602808,11964.982,140.017578125,140.017578125
2025-12-24 20:00:00,2025-12-24 19:00:00,2025-12-24,19,2,12,11945,11911.000311230053,11867.42,77.580078125,77.580078125
2025-12-24 21:00:00,2025-12-24 20:00:00,2025-12-24,20,2,12,11842,11796.433370159924,11860.011,-18.0107421875,18.0107421875
2025-12-24 22:00:00,2025-12-24 21:00:00,2025-12-24,21,2,12,11715,11695.842937668773,11681.258,33.7421875,33.7421875
2025-12-24 23:00:00,2025-12-24 22:00:00,2025-12-24,22,2,12,11576,11527.37962283572,11502.478,73.5224609375,73.5224609375
2025-12-25 00:00:00,2025-12-24 23:00:00,2025-12-24,23,2,12,11364,11369.882201131388,11357.591,6.4091796875,6.4091796875
2025-12-25 01:00:00,2025-12-25 00:00:00,2025-12-25,0,3,12,11192,11241.498664134224,11184.115,7.884765625,7.884765625
2025-12-25 02:00:00,2025-12-25 01:00:00,2025-12-25,1,3,12,11058,11098.567494427283,11034.112,23.8876953125,23.8876953125
2025-12-25 03:00:00,2025-12-25 02:00:00,2025-12-25,2,3,12,10963,10996.410376705433,10929.15,33.849609375,33.849609375
2025-12-25 04:00:00,2025-12-25 03:00:00,2025-12-25,3,3,12,10903,10942.314539508863,10879.645,23.35546875,23.35546875
2025-12-25 05:00:00,2025-12-25 04:00:00,2025-12-25,4,3,12,10866,10929.534641276417,10891.421,-25.4208984375,25.4208984375
2025-12-25 06:00:00,2025-12-25 05:00:00,2025-12-25,5,3,12,10914,10945.921777814638,10972.185,-58.1845703125,58.1845703125
2025-12-25 07:00:00,2025-12-25 06:00:00,2025-12-25,6,3,12,11001,11086.23160291588,11075.797,-74.796875,74.796875
2025-12-25 08:00:00,2025-12-25 07:00:00,2025-12-25,7,3,12,11170,11233.116723836878,11256.376,-86.3759765625,86.3759765625
2025-12-25 09:00:00,2025-12-25 08:00:00,2025-12-25,8,3,12,11366,11439.962067797305,11308.04,57.9599609375,57.9599609375
2025-12-25 10:00:00,2025-12-25 09:00:00,2025-12-25,9,3,12,11456,11615.40298774062,11422.885,33.115234375,33.115234375
2025-12-25 11:00:00,2025-12-25 10:00:00,2025-12-25,10,3,12,11555,11623.22271857922,11463.497,91.5029296875,91.5029296875
2025-12-25 12:00:00,2025-12-25 11:00:00,2025-12-25,11,3,12,11588,11701.613663425826,11584.348,3.65234375,3.65234375
2025-12-25 13:00:00,2025-12-25 12:00:00,2025-12-25,12,3,12,11596,11681.79984328918,11553.442,42.5576171875,42.5576171875
2025-12-25 14:00:00,2025-12-25 13:00:00,2025-12-25,13,3,12,11574,11672.16353093704,11580.695,-6.6953125,6.6953125
2025-12-25 15:00:00,2025-12-25 14:00:00,2025-12-25,14,3,12,11644,11637.912621933076,11521.396,122.603515625,122.603515625
2025-12-25 16:00:00,2025-12-25 15:00:00,2025-12-25,15,3,12,11773,11749.20899564398,11699.373,73.626953125,73.626953125
2025-12-25 17:00:00,2025-12-25 16:00:00,2025-12-25,16,3,12,12019,11887.113905138178,11892.131,126.869140625,126.869140625
2025-12-25 18:00:00,2025-12-25 17:00:00,2025-12-25,17,3,12,12030,12139.297558749733,12045.512,-15.51171875,15.51171875
2025-12-25 19:00:00,2025-12-25 18:00:00,2025-12-25,18,3,12,11675,11975.089054479467,11984.023,-309.0234375,309.0234375
2025-12-25 20:00:00,2025-12-25 19:00:00,2025-12-25,19,3,12,11550,11421.16523588674,11474.824,75.17578125,75.17578125
2025-12-25 21:00:00,2025-12-25 20:00:00,2025-12-25,20,3,12,11505,11409.872608692482,11418.77,86.23046875,86.23046875
2025-12-25 22:00:00,2025-12-25 21:00:00,2025-12-25,21,3,12,11449,11381.600319167195,11331.577,117.4228515625,117.4228515625
2025-12-25 23:00:00,2025-12-25 22:00:00,2025-12-25,22,3,12,11290,11289.72093103451,11211.112,78.8876953125,78.8876953125
2025-12-26 00:00:00,2025-12-25 23:00:00,2025-12-25,23,3,12,11134,11065.973563019059,11041.967,92.033203125,92.033203125
2025-12-26 01:00:00,2025-12-26 00:00:00,2025-12-26,0,4,12,11076,11054.85009871448,10953.443,122.556640625,122.556640625
2025-12-26 02:00:00,2025-12-26 01:00:00,2025-12-26,1,4,12,10998,11047.06234760896,10982.183,15.8173828125,15.8173828125
2025-12-26 03:00:00,2025-12-26 02:00:00,2025-12-26,2,4,12,10893,10959.574407542395,10931.807,-38.806640625,38.806640625
2025-12-26 04:00:00,2025-12-26 03:00:00,2025-12-26,3,4,12,10825,10853.93472387857,10829.846,-4.845703125,4.845703125
2025-12-26 05:00:00,2025-12-26 04:00:00,2025-12-26,4,4,12,10779,10834.681391802207,10815.859,-36.859375,36.859375
2025-12-26 06:00:00,2025-12-26 05:00:00,2025-12-26,5,4,12,10812,10830.576321895029,10861.067,-49.0673828125,49.0673828125
2025-12-26 07:00:00,2025-12-26 06:00:00,2025-12-26,6,4,12,10961,10938.681905279189,10963.776,-2.7763671875,2.7763671875
2025-12-26 08:00:00,2025-12-26 07:00:00,2025-12-26,7,4,12,11159,11179.52562331684,11277.544,-118.5439453125,118.5439453125
2025-12-26 09:00:00,2025-12-26 08:00:00,2025-12-26,8,4,12,11359,11395.402502873701,11297.107,61.892578125,61.892578125
2025-12-26 10:00:00,2025-12-26 09:00:00,2025-12-26,9,4,12,11498,11562.00027203441,11419.992,78.0078125,78.0078125
2025-12-26 11:00:00,2025-12-26 10:00:00,2025-12-26,10,4,12,11649,11640.985712359432,11569.566,79.43359375,79.43359375
2025-12-26 12:00:00,2025-12-26 11:00:00,2025-12-26,11,4,12,11728,11772.57678774108,11692.134,35.8662109375,35.8662109375
2025-12-26 13:00:00,2025-12-26 12:00:00,2025-12-26,12,4,12,11784,11795.44636751365,11694.238,89.76171875,89.76171875
2025-12-26 14:00:00,2025-12-26 13:00:00,2025-12-26,13,4,12,11763,11833.912052667552,11777.336,-14.3359375,14.3359375
2025-12-26 15:00:00,2025-12-26 14:00:00,2025-12-26,14,4,12,11705,11776.336425420095,11703.018,1.982421875,1.982421875
2025-12-26 16:00:00,2025-12-26 15:00:00,2025-12-26,15,4,12,11743,11707.376466069825,11688.747,54.2529296875,54.2529296875
2025-12-26 17:00:00,2025-12-26 16:00:00,2025-12-26,16,4,12,11942,11807.603975600125,11889.107,52.892578125,52.892578125
2025-12-26 18:00:00,2025-12-26 17:00:00,2025-12-26,17,4,12,12105,12058.193007969956,12047.999,57.0009765625,57.0009765625
2025-12-26 19:00:00,2025-12-26 18:00:00,2025-12-26,18,4,12,12026,12135.360532058443,11975.237,50.7626953125,50.7626953125
2025-12-26 20:00:00,2025-12-26 19:00:00,2025-12-26,19,4,12,11912,11897.855971983425,11895.917,16.0830078125,16.0830078125
2025-12-26 21:00:00,2025-12-26 20:00:00,2025-12-26,20,4,12,11840,11754.764564899111,11798.72,41.2802734375,41.2802734375
2025-12-26 22:00:00,2025-12-26 21:00:00,2025-12-26,21,4,12,11698,11696.293730825866,11654.234,43.765625,43.765625
2025-12-26 23:00:00,2025-12-26 22:00:00,2025-12-26,22,4,12,11503,11498.506387680338,11486.581,16.4189453125,16.4189453125
2025-12-27 00:00:00,2025-12-26 23:00:00,2025-12-26,23,4,12,11296,11251.768113744782,11274.296,21.7041015625,21.7041015625
2025-12-27 01:00:00,2025-12-27 00:00:00,2025-12-27,0,5,12,11141,11134.193110731767,11092.292,48.7080078125,48.7080078125
2025-12-27 02:00:00,2025-12-27 01:00:00,2025-12-27,1,5,12,11047,11010.566709175506,10961.925,85.0751953125,85.0751953125
2025-12-27 03:00:00,2025-12-27 02:00:00,2025-12-27,2,5,12,10986,10959.725551969233,10920.503,65.4970703125,65.4970703125
2025-12-27 04:00:00,2025-12-27 03:00:00,2025-12-27,3,5,12,10938,10938.933406062508,10898.505,39.4951171875,39.4951171875
2025-12-27 05:00:00,2025-12-27 04:00:00,2025-12-27,4,5,12,10881,10929.40008899053,10904.836,-23.8359375,23.8359375
2025-12-27 06:00:00,2025-12-27 05:00:00,2025-12-27,5,5,12,10893,10904.574358841122,10888.933,4.0673828125,4.0673828125
2025-12-27 07:00:00,2025-12-27 06:00:00,2025-12-27,6,5,12,10919,10985.477384417203,10979.668,-60.66796875,60.66796875
2025-12-27 08:00:00,2025-12-27 07:00:00,2025-12-27,7,5,12,11127,11044.657747482888,11015.694,111.3056640625,111.3056640625
2025-12-27 09:00:00,2025-12-27 08:00:00,2025-12-27,8,5,12,11329,11348.968671785646,11292.763,36.2373046875,36.2373046875
2025-12-27 10:00:00,2025-12-27 09:00:00,2025-12-27,9,5,12,11529,11516.210618960164,11430.969,98.03125,98.03125
2025-12-27 11:00:00,2025-12-27 10:00:00,2025-12-27,10,5,12,11749,11678.921622053544,11597.438,151.5615234375,151.5615234375
2025-12-27 12:00:00,2025-12-27 11:00:00,2025-12-27,11,5,12,11892,11867.65889065049,11773.972,118.0283203125,118.0283203125
2025-12-27 13:00:00,2025-12-27 12:00:00,2025-12-27,12,5,12,11920,11935.690662652612,11871.676,48.32421875,48.32421875
2025-12-27 14:00:00,2025-12-27 13:00:00,2025-12-27,13,5,12,11917,11892.549283354158,11871.556,45.4443359375,45.4443359375
2025-12-27 15:00:00,2025-12-27 14:00:00,2025-12-27,14,5,12,11896,11876.079862314496,11872.666,23.333984375,23.333984375
2025-12-27 16:00:00,2025-12-27 15:00:00,2025-12-27,15,5,12,11980,11857.107492337014,11900.212,79.7880859375,79.7880859375
2025-12-27 17:00:00,2025-12-27 16:00:00,2025-12-27,16,5,12,12167,12013.079782324605,12099.745,67.2548828125,67.2548828125
2025-12-27 18:00:00,2025-12-27 17:00:00,2025-12-27,17,5,12,12332,12224.018655081054,12110.184,221.81640625,221.81640625
2025-12-27 19:00:00,2025-12-27 18:00:00,2025-12-27,18,5,12,12257,12312.012438189206,12027.043,229.95703125,229.95703125
2025-12-27 20:00:00,2025-12-27 19:00:00,2025-12-27,19,5,12,12155,12079.276391626905,11939.476,215.5244140625,215.5244140625
2025-12-27 21:00:00,2025-12-27 20:00:00,2025-12-27,20,5,12,12058,11954.618444192663,11942.054,115.9462890625,115.9462890625
2025-12-27 22:00:00,2025-12-27 21:00:00,2025-12-27,21,5,12,11887,11855.957542571052,11876.105,10.89453125,10.89453125
2025-12-27 23:00:00,2025-12-27 22:00:00,2025-12-27,22,5,12,11650,11628.657491507389,11722.384,-72.3837890625,72.3837890625
2025-12-28 00:00:00,2025-12-27 23:00:00,2025-12-27,23,5,12,11474,11333.77767906457,11375.701,98.298828125,98.298828125
2025-12-28 01:00:00,2025-12-28 00:00:00,2025-12-28,0,6,12,11316,11322.458158412786,11281.775,34.224609375,34.224609375
2025-12-28 02:00:00,2025-12-28 01:00:00,2025-12-28,1,6,12,11238,11180.345849972817,11118.403,119.5966796875,119.5966796875
2025-12-28 03:00:00,2025-12-28 02:00:00,2025-12-28,2,6,12,11169,11159.111542425131,11105.062,63.9384765625,63.9384765625
2025-12-28 04:00:00,2025-12-28 03:00:00,2025-12-28,3,6,12,11128,11119.97481788525,11034.023,93.9765625,93.9765625
2025-12-28 05:00:00,2025-12-28 04:00:00,2025-12-28,4,6,12,11110,11126.295881491862,11042.771,67.228515625,67.228515625
2025-12-28 06:00:00,2025-12-28 05:00:00,2025-12-28,5,6,12,11116,11152.5369417972,11085.42,30.580078125,30.580078125
2025-12-28 07:00:00,2025-12-28 06:00:00,2025-12-28,6,6,12,11150,11204.572412223932,11129.998,20.001953125,20.001953125
2025-12-28 08:00:00,2025-12-28 07:00:00,2025-12-28,7,6,12,11290,11282.554264106187,11274.561,15.439453125,15.439453125
2025-12-28 09:00:00,2025-12-28 08:00:00,2025-12-28,8,6,12,11396,11485.493313253228,11421.384,-25.3837890625,25.3837890625
2025-12-28 10:00:00,2025-12-28 09:00:00,2025-12-28,9,6,12,11512,11561.376379008087,11493.378,18.6220703125,18.6220703125
2025-12-28 11:00:00,2025-12-28 10:00:00,2025-12-28,10,6,12,11663,11667.910212561634,11589.532,73.4677734375,73.4677734375
2025-12-28 12:00:00,2025-12-28 11:00:00,2025-12-28,11,6,12,11741,11814.312992314555,11716.539,24.4609375,24.4609375
2025-12-28 13:00:00,2025-12-28 12:00:00,2025-12-28,12,6,12,11720,11833.92536491277,11780.213,-60.212890625,60.212890625
2025-12-28 14:00:00,2025-12-28 13:00:00,2025-12-28,13,6,12,11708,11757.463880807434,11698.174,9.826171875,9.826171875
2025-12-28 15:00:00,2025-12-28 14:00:00,2025-12-28,14,6,12,11683,11748.825718746642,11699.095,-16.0947265625,16.0947265625
2025-12-28 16:00:00,2025-12-28 15:00:00,2025-12-28,15,6,12,11722,11722.944131704906,11722.826,-0.826171875,0.826171875
2025-12-28 17:00:00,2025-12-28 16:00:00,2025-12-28,16,6,12,11884,11805.862922474884,11897.878,-13.8779296875,13.8779296875
2025-12-28 18:00:00,2025-12-28 17:00:00,2025-12-28,17,6,12,12031,12002.02353860534,12055.758,-24.7578125,24.7578125
2025-12-28 19:00:00,2025-12-28 18:00:00,2025-12-28,18,6,12,11846,12084.776026291083,12042.801,-196.80078125,196.80078125
2025-12-28 20:00:00,2025-12-28 19:00:00,2025-12-28,19,6,12,11663,11701.515989976944,11758.955,-95.955078125,95.955078125
2025-12-28 21:00:00,2025-12-28 20:00:00,2025-12-28,20,6,12,11495,11509.118563648204,11538.876,-43.8759765625,43.8759765625
2025-12-28 22:00:00,2025-12-28 21:00:00,2025-12-28,21,6,12,11339,11327.14644347582,11342.638,-3.6376953125,3.6376953125
2025-12-28 23:00:00,2025-12-28 22:00:00,2025-12-28,22,6,12,11064,11151.1613543988,11107.9795,-43.9794921875,43.9794921875
2025-12-29 00:00:00,2025-12-28 23:00:00,2025-12-28,23,6,12,10840,10794.518726065806,10839.407,0.5927734375,0.5927734375
2025-12-29 01:00:00,2025-12-29 00:00:00,2025-12-29,0,0,12,10629,10750.357955743037,10712.655,-83.6552734375,83.6552734375
2025-12-29 02:00:00,2025-12-29 01:00:00,2025-12-29,1,0,12,10506,10557.572132159947,10565.609,-59.609375,59.609375
2025-12-29 03:00:00,2025-12-29 02:00:00,2025-12-29,2,0,12,10408,10499.540824615686,10474.143,-66.142578125,66.142578125
2025-12-29 04:00:00,2025-12-29 03:00:00,2025-12-29,3,0,12,10371,10439.882955774152,10393.247,-22.2470703125,22.2470703125
2025-12-29 05:00:00,2025-12-29 04:00:00,2025-12-29,4,0,12,10362,10469.853576390871,10417.2705,-55.2705078125,55.2705078125
2025-12-29 06:00:00,2025-12-29 05:00:00,2025-12-29,5,0,12,10456,10510.795547157111,10511.559,-55.55859375,55.55859375
2025-12-29 07:00:00,2025-12-29 06:00:00,2025-12-29,6,0,12,10723,10692.9211472553,10771.055,-48.0546875,48.0546875
2025-12-29 08:00:00,2025-12-29 07:00:00,2025-12-29,7,0,12,10994,11048.11078869082,11152.251,-158.2509765625,158.2509765625
2025-12-29 09:00:00,2025-12-29 08:00:00,2025-12-29,8,0,12,11196,11282.727336946531,11205.446,-9.4462890625,9.4462890625
2025-12-29 10:00:00,2025-12-29 09:00:00,2025-12-29,9,0,12,11295,11409.467736591694,11301.003,-6.0029296875,6.0029296875
2025-12-29 11:00:00,2025-12-29 10:00:00,2025-12-29,10,0,12,11383,11434.204536990403,11337.248,45.751953125,45.751953125
2025-12-29 12:00:00,2025-12-29 11:00:00,2025-12-29,11,0,12,11427,11507.448549163002,11407.988,19.01171875,19.01171875
2025-12-29 13:00:00,2025-12-29 12:00:00,2025-12-29,12,0,12,11421,11530.7396065828,11413.929,7.0712890625,7.0712890625
2025-12-29 14:00:00,2025-12-29 13:00:00,2025-12-29,13,0,12,11396,11505.486784213095,11376.208,19.7919921875,19.7919921875
2025-12-29 15:00:00,2025-12-29 14:00:00,2025-12-29,14,0,12,11377,11474.576884908776,11364.279,12.720703125,12.720703125
2025-12-29 16:00:00,2025-12-29 15:00:00,2025-12-29,15,0,12,11458,11458.25434907526,11397.393,60.607421875,60.607421875
2025-12-29 17:00:00,2025-12-29 16:00:00,2025-12-29,16,0,12,11661,11585.916661492707,11653.547,7.453125,7.453125
2025-12-29 18:00:00,2025-12-29 17:00:00,2025-12-29,17,0,12,11888,11812.076437311793,11766.742,121.2578125,121.2578125
2025-12-29 19:00:00,2025-12-29 18:00:00,2025-12-29,18,0,12,11707,11979.896350922267,11818.738,-111.73828125,111.73828125
2025-12-29 20:00:00,2025-12-29 19:00:00,2025-12-29,19,0,12,11497,11558.243969134764,11554.092,-57.091796875,57.091796875
2025-12-29 21:00:00,2025-12-29 20:00:00,2025-12-29,20,0,12,11396,11329.095102987403,11372.459,23.541015625,23.541015625
2025-12-29 22:00:00,2025-12-29 21:00:00,2025-12-29,21,0,12,11186,11274.517814224686,11203.033,-17.033203125,17.033203125
2025-12-29 23:00:00,2025-12-29 22:00:00,2025-12-29,22,0,12,10868,10979.201619405576,10910.061,-42.060546875,42.060546875
2025-12-30 00:00:00,2025-12-29 23:00:00,2025-12-29,23,0,12,10605,10582.413653286623,10604.069,0.9306640625,0.9306640625
2025-12-30 01:00:00,2025-12-30 00:00:00,2025-12-30,0,1,12,10462,10459.963081176511,10464.12,-2.1201171875,2.1201171875
2025-12-30 02:00:00,2025-12-30 01:00:00,2025-12-30,1,1,12,10438,10394.615332244604,10367.873,70.126953125,70.126953125
2025-12-30 03:00:00,2025-12-30 02:00:00,2025-12-30,2,1,12,10357,10451.966384909603,10393.158,-36.158203125,36.158203125
2025-12-30 04:00:00,2025-12-30 03:00:00,2025-12-30,3,1,12,10291,10376.092025503345,10337.846,-46.845703125,46.845703125
2025-12-30 05:00:00,2025-12-30 04:00:00,2025-12-30,4,1,12,10273,10363.580078712293,10306.717,-33.716796875,33.716796875
2025-12-30 06:00:00,2025-12-30 05:00:00,2025-12-30,5,1,12,10379,10409.890233973003,10394.543,-15.54296875,15.54296875
2025-12-30 07:00:00,2025-12-30 06:00:00,2025-12-30,6,1,12,10662,10608.908155419327,10668.695,-6.6953125,6.6953125
2025-12-30 08:00:00,2025-12-30 07:00:00,2025-12-30,7,1,12,11005,10972.620653340748,11057.733,-52.7333984375,52.7333984375
2025-12-30 09:00:00,2025-12-30 08:00:00,2025-12-30,8,1,12,11256,11296.535723813131,11203.837,52.1630859375,52.1630859375
2025-12-30 10:00:00,2025-12-30 09:00:00,2025-12-30,9,1,12,11341,11447.278718176769,11351.857,-10.857421875,10.857421875
2025-12-30 11:00:00,2025-12-30 10:00:00,2025-12-30,10,1,12,11419,11419.467020438424,11401.387,17.61328125,17.61328125
2025-12-30 12:00:00,2025-12-30 11:00:00,2025-12-30,11,1,12,11486,11484.406551616148,11439.957,46.04296875,46.04296875
2025-12-30 13:00:00,2025-12-30 12:00:00,2025-12-30,12,1,12,11513,11547.848469698582,11492.135,20.865234375,20.865234375
2025-12-30 14:00:00,2025-12-30 13:00:00,2025-12-30,13,1,12,11570,11563.077051174992,11492.477,77.5234375,77.5234375
2025-12-30 15:00:00,2025-12-30 14:00:00,2025-12-30,14,1,12,11601,11636.636821797314,11567.335,33.6650390625,33.6650390625
2025-12-30 16:00:00,2025-12-30 15:00:00,2025-12-30,15,1,12,11602,11647.806359515966,11608.57,-6.5703125,6.5703125
2025-12-30 17:00:00,2025-12-30 16:00:00,2025-12-30,16,1,12,11748,11633.603386786794,11731.333,16.6669921875,16.6669921875
2025-12-30 18:00:00,2025-12-30 17:00:00,2025-12-30,17,1,12,11941,11834.052362105951,11833.266,107.734375,107.734375
2025-12-30 19:00:00,2025-12-30 18:00:00,2025-12-30,18,1,12,11778,11988.643323615806,11831.32,-53.3203125,53.3203125
2025-12-30 20:00:00,2025-12-30 19:00:00,2025-12-30,19,1,12,11633,11615.553059556398,11609.863,23.13671875,23.13671875
2025-12-30 21:00:00,2025-12-30 20:00:00,2025-12-30,20,1,12,11534,11472.351718203823,11461.464,72.5361328125,72.5361328125
2025-12-30 22:00:00,2025-12-30 21:00:00,2025-12-30,21,1,12,11318,11383.010845968907,11307.57,10.4296875,10.4296875
2025-12-30 23:00:00,2025-12-30 22:00:00,2025-12-30,22,1,12,11096,11077.81593321359,10989.474,106.5263671875,106.5263671875
2025-12-31 00:00:00,2025-12-30 23:00:00,2025-12-30,23,1,12,10809,10830.695480658687,10827.178,-18.177734375,18.177734375
2025-12-31 01:00:00,2025-12-31 00:00:00,2025-12-31,0,2,12,10610,10615.000760430963,10614.042,-4.0419921875,4.0419921875
2025-12-31 02:00:00,2025-12-31 01:00:00,2025-12-31,1,2,12,10500,10472.440432086427,10491.529,8.470703125,8.470703125
2025-12-31 03:00:00,2025-12-31 02:00:00,2025-12-31,2,2,12,10418,10425.223072367418,10428.236,-10.236328125,10.236328125
2025-12-31 04:00:00,2025-12-31 03:00:00,2025-12-31,3,2,12,10410,10389.363939060191,10361.243,48.7568359375,48.7568359375
2025-12-31 05:00:00,2025-12-31 04:00:00,2025-12-31,4,2,12,10434,10459.559025994891,10387.409,46.5908203125,46.5908203125
2025-12-31 06:00:00,2025-12-31 05:00:00,2025-12-31,5,2,12,10577,10545.411921153209,10561.56,15.4404296875,15.4404296875
2025-12-31 07:00:00,2025-12-31 06:00:00,2025-12-31,6,2,12,10759,10785.973658315213,10874.592,-115.591796875,115.591796875
2025-12-31 08:00:00,2025-12-31 07:00:00,2025-12-31,7,2,12,11032,10987.842929155851,11102.094,-70.09375,70.09375
2025-12-31 09:00:00,2025-12-31 08:00:00,2025-12-31,8,2,12,11222,11276.941398041412,11185.28,36.7197265625,36.7197265625
2025-12-31 10:00:00,2025-12-31 09:00:00,2025-12-31,9,2,12,11327,11387.125667576782,11297.6045,29.3955078125,29.3955078125
2025-12-31 11:00:00,2025-12-31 10:00:00,2025-12-31,10,2,12,11458,11429.935648741108,11377.85,80.150390625,80.150390625
2025-12-31 12:00:00,2025-12-31 11:00:00,2025-12-31,11,2,12,11521,11563.659541094792,11495.6875,25.3125,25.3125
2025-12-31 13:00:00,2025-12-31 12:00:00,2025-12-31,12,2,12,11532,11582.158658192178,11520.344,11.65625,11.65625
2025-12-31 14:00:00,2025-12-31 13:00:00,2025-12-31,13,2,12,11499,11570.649260678774,11537.52,-38.51953125,38.51953125
2025-12-31 15:00:00,2025-12-31 14:00:00,2025-12-31,14,2,12,11540,11519.283251463037,11483.799,56.201171875,56.201171875
2025-12-31 16:00:00,2025-12-31 15:00:00,2025-12-31,15,2,12,11604,11598.182423781616,11584.731,19.2685546875,19.2685546875
2025-12-31 17:00:00,2025-12-31 16:00:00,2025-12-31,16,2,12,11740,11672.01334378983,11790.918,-50.91796875,50.91796875
2025-12-31 18:00:00,2025-12-31 17:00:00,2025-12-31,17,2,12,11896,11816.0198994534,11838.995,57.0048828125,57.0048828125
2025-12-31 19:00:00,2025-12-31 18:00:00,2025-12-31,18,2,12,11641,11918.964750762243,11808.238,-167.23828125,167.23828125
2025-12-31 20:00:00,2025-12-31 19:00:00,2025-12-31,19,2,12,11385,11426.810718517414,11421.643,-36.642578125,36.642578125
2025-12-31 21:00:00,2025-12-31 20:00:00,2025-12-31,20,2,12,11288,11163.042561959432,11233.972,54.0283203125,54.0283203125
2025-12-31 22:00:00,2025-12-31 21:00:00,2025-12-31,21,2,12,11100,11127.6903477356,11093.488,6.51171875,6.51171875
2025-12-31 23:00:00,2025-12-31 22:00:00,2025-12-31,22,2,12,10922,10863.579642639907,10867.443,54.556640625,54.556640625
2026-01-01 00:00:00,2025-12-31 23:00:00,2025-12-31,23,2,12,10768,10675.401945778778,10680.548,87.4521484375,87.4521484375
2026-01-01 01:00:00,2026-01-01 00:00:00,2026-01-01,0,3,1,10651,10656.070153175035,10636.996,14.00390625,14.00390625
2026-01-01 02:00:00,2026-01-01 01:00:00,2026-01-01,1,3,1,10584,10577.551795626994,10566.226,17.7744140625,17.7744140625
2026-01-01 03:00:00,2026-01-01 02:00:00,2026-01-01,2,3,1,10541,10550.654876371455,10527.565,13.4345703125,13.4345703125
2026-01-01 04:00:00,2026-01-01 03:00:00,2026-01-01,3,3,1,10439,10544.547714704267,10501.2705,-62.2705078125,62.2705078125
2026-01-01 05:00:00,2026-01-01 04:00:00,2026-01-01,4,3,1,10421,10437.799380639713,10429.911,-8.9111328125,8.9111328125
2026-01-01 06:00:00,2026-01-01 05:00:00,2026-01-01,5,3,1,10467,10494.411713502846,10516.393,-49.392578125,49.392578125
2026-01-01 07:00:00,2026-01-01 06:00:00,2026-01-01,6,3,1,10565,10602.357098150194,10654.464,-89.4638671875,89.4638671875
2026-01-01 08:00:00,2026-01-01 07:00:00,2026-01-01,7,3,1,10676,10748.532658801578,10798.52,-122.51953125,122.51953125
2026-01-01 09:00:00,2026-01-01 08:00:00,2026-01-01,8,3,1,10835,10867.690613951921,10756.81,78.1904296875,78.1904296875
2026-01-01 10:00:00,2026-01-01 09:00:00,2026-01-01,9,3,1,10931,11029.140059264008,10978.275,-47.275390625,47.275390625
2026-01-01 11:00:00,2026-01-01 10:00:00,2026-01-01,10,3,1,11071,11072.861775142872,11011.049,59.951171875,59.951171875
2026-01-01 12:00:00,2026-01-01 11:00:00,2026-01-01,11,3,1,11125,11214.02419634946,11188.618,-63.6181640625,63.6181640625
2026-01-01 13:00:00,2026-01-01 12:00:00,2026-01-01,12,3,1,11244,11206.883994717362,11168.302,75.6982421875,75.6982421875
2026-01-01 14:00:00,2026-01-01 13:00:00,2026-01-01,13,3,1,11264,11341.834570355693,11302.154,-38.154296875,38.154296875
2026-01-01 15:00:00,2026-01-01 14:00:00,2026-01-01,14,3,1,11296,11301.17371682123,11254.245,41.7548828125,41.7548828125
2026-01-01 16:00:00,2026-01-01 15:00:00,2026-01-01,15,3,1,11376,11332.425423169645,11329.698,46.3017578125,46.3017578125
2026-01-01 17:00:00,2026-01-01 16:00:00,2026-01-01,16,3,1,11521,11432.722184745846,11527.951,-6.951171875,6.951171875
2026-01-01 18:00:00,2026-01-01 17:00:00,2026-01-01,17,3,1,11671,11581.843574211534,11679.393,-8.392578125,8.392578125
2026-01-01 19:00:00,2026-01-01 18:00:00,2026-01-01,18,3,1,11542,11672.564571754196,11566.514,-24.513671875,24.513671875
2026-01-01 20:00:00,2026-01-01 19:00:00,2026-01-01,19,3,1,11357,11370.317457413583,11421.348,-64.34765625,64.34765625
2026-01-01 21:00:00,2026-01-01 20:00:00,2026-01-01,20,3,1,11220,11152.693795687643,11248.303,-28.302734375,28.302734375
2026-01-01 22:00:00,2026-01-01 21:00:00,2026-01-01,21,3,1,11099,11027.244062036567,11038.241,60.7587890625,60.7587890625
2026-01-01 23:00:00,2026-01-01 22:00:00,2026-01-01,22,3,1,10981,10890.668205134569,10872.189,108.810546875,108.810546875
2026-01-02 00:00:00,2026-01-01 23:00:00,2026-01-01,23,3,1,10783,10755.49717575402,10742.902,40.09765625,40.09765625
2026-01-02 01:00:00,2026-01-02 00:00:00,2026-01-02,0,4,1,10609,10648.28764436174,10637.216,-28.2158203125,28.2158203125
2026-01-02 02:00:00,2026-01-02 01:00:00,2026-01-02,1,4,1,10466,10500.572113711829,10531.43,-65.4296875,65.4296875
2026-01-02 03:00:00,2026-01-02 02:00:00,2026-01-02,2,4,1,10424,10385.497192705456,10390.593,33.4072265625,33.4072265625
2026-01-02 04:00:00,2026-01-02 03:00:00,2026-01-02,3,4,1,10438,10413.69049771416,10381.986,56.013671875,56.013671875
2026-01-02 05:00:00,2026-01-02 04:00:00,2026-01-02,4,4,1,10455,10479.749884292753,10452.526,2.4736328125,2.4736328125
2026-01-02 06:00:00,2026-01-02 05:00:00,2026-01-02,5,4,1,10532,10532.989436156055,10574.156,-42.15625,42.15625
2026-01-02 07:00:00,2026-01-02 06:00:00,2026-01-02,6,4,1,10797,10673.543537657868,10751.609,45.390625,45.390625
2026-01-02 08:00:00,2026-01-02 07:00:00,2026-01-02,7,4,1,11174,11023.775868242177,11206.269,-32.2685546875,32.2685546875
2026-01-02 09:00:00,2026-01-02 08:00:00,2026-01-02,8,4,1,11413,11406.5757820582,11366.747,46.2529296875,46.2529296875
2026-01-02 10:00:00,2026-01-02 09:00:00,2026-01-02,9,4,1,11532,11525.274604151109,11482.549,49.451171875,49.451171875
2026-01-02 11:00:00,2026-01-02 10:00:00,2026-01-02,10,4,1,11620,11559.175637520642,11574.052,45.9482421875,45.9482421875
2026-01-02 12:00:00,2026-01-02 11:00:00,2026-01-02,11,4,1,11727,11624.031293851636,11657.235,69.7646484375,69.7646484375
2026-01-02 13:00:00,2026-01-02 12:00:00,2026-01-02,12,4,1,11757,11746.97959296262,11705.706,51.2939453125,51.2939453125
2026-01-02 14:00:00,2026-01-02 13:00:00,2026-01-02,13,4,1,11731,11748.062755195739,11722.503,8.4970703125,8.4970703125
2026-01-02 15:00:00,2026-01-02 14:00:00,2026-01-02,14,4,1,11737,11701.612835939326,11677.786,59.2138671875,59.2138671875
2026-01-02 16:00:00,2026-01-02 15:00:00,2026-01-02,15,4,1,11759,11729.0247364317,11750.972,8.0283203125,8.0283203125
2026-01-02 17:00:00,2026-01-02 16:00:00,2026-01-02,16,4,1,11865,11765.2471310377,11849.646,15.353515625,15.353515625
2026-01-02 18:00:00,2026-01-02 17:00:00,2026-01-02,17,4,1,11935,11904.470725939345,11955.91,-20.91015625,20.91015625
2026-01-02 19:00:00,2026-01-02 18:00:00,2026-01-02,18,4,1,11842,11914.367893659826,11869.095,-27.0947265625,27.0947265625
2026-01-02 20:00:00,2026-01-02 19:00:00,2026-01-02,19,4,1,11774,11711.322352164656,11731.027,42.97265625,42.97265625
2026-01-02 21:00:00,2026-01-02 20:00:00,2026-01-02,20,4,1,11678,11645.71594889315,11639.016,38.984375,38.984375
2026-01-02 22:00:00,2026-01-02 21:00:00,2026-01-02,21,4,1,11435,11517.352039525445,11469.195,-34.1953125,34.1953125
2026-01-02 23:00:00,2026-01-02 22:00:00,2026-01-02,22,4,1,11315,11172.103344920763,11166.726,148.2744140625,148.2744140625
2026-01-03 00:00:00,2026-01-02 23:00:00,2026-01-02,23,4,1,11189,11102.235573221047,11041.571,147.4287109375,147.4287109375
2026-01-03 01:00:00,2026-01-03 00:00:00,2026-01-03,0,5,1,11043,11071.216897629713,10980.424,62.576171875,62.576171875
2026-01-03 02:00:00,2026-01-03 01:00:00,2026-01-03,1,5,1,10906,10922.780237944962,10867.81,38.1904296875,38.1904296875
2026-01-03 03:00:00,2026-01-03 02:00:00,2026-01-03,2,5,1,10780,10810.25318956932,10777.805,2.1953125,2.1953125
2026-01-03 04:00:00,2026-01-03 03:00:00,2026-01-03,3,5,1,10709,10717.011755244715,10697.818,11.181640625,11.181640625
2026-01-03 05:00:00,2026-01-03 04:00:00,2026-01-03,4,5,1,10701,10696.578890723149,10698.788,2.2119140625,2.2119140625
2026-01-03 06:00:00,2026-01-03 05:00:00,2026-01-03,5,5,1,10700,10749.263961603288,10776.215,-76.21484375,76.21484375
2026-01-03 07:00:00,2026-01-03 06:00:00,2026-01-03,6,5,1,10866,10783.47889882169,10797.513,68.4873046875,68.4873046875
2026-01-03 08:00:00,2026-01-03 07:00:00,2026-01-03,7,5,1,11122,11062.292962280786,11133.381,-11.380859375,11.380859375
2026-01-03 09:00:00,2026-01-03 08:00:00,2026-01-03,8,5,1,11282,11344.142519853785,11309.835,-27.8349609375,27.8349609375
2026-01-03 10:00:00,2026-01-03 09:00:00,2026-01-03,9,5,1,11403,11423.60867287361,11380.865,22.134765625,22.134765625
2026-01-03 11:00:00,2026-01-03 10:00:00,2026-01-03,10,5,1,11550,11505.716243834091,11497.681,52.3193359375,52.3193359375
2026-01-03 12:00:00,2026-01-03 11:00:00,2026-01-03,11,5,1,11647,11647.054833278358,11626.906,20.09375,20.09375
2026-01-03 13:00:00,2026-01-03 12:00:00,2026-01-03,12,5,1,11640,11707.909261192905,11666.819,-26.8193359375,26.8193359375
2026-01-03 14:00:00,2026-01-03 13:00:00,2026-01-03,13,5,1,11639,11647.988339643041,11606.744,32.255859375,32.255859375
2026-01-03 15:00:00,2026-01-03 14:00:00,2026-01-03,14,5,1,11608,11651.221493016728,11626.542,-18.5419921875,18.5419921875
2026-01-03 16:00:00,2026-01-03 15:00:00,2026-01-03,15,5,1,11649,11610.20270999004,11615.677,33.3232421875,33.3232421875
2026-01-03 17:00:00,2026-01-03 16:00:00,2026-01-03,16,5,1,11832,11696.17443360998,11829.754,2.24609375,2.24609375
2026-01-03 18:00:00,2026-01-03 17:00:00,2026-01-03,17,5,1,12046,11924.446475521105,11992.035,53.96484375,53.96484375
2026-01-03 19:00:00,2026-01-03 18:00:00,2026-01-03,18,5,1,11871,12089.407011529946,12007.756,-136.755859375,136.755859375
2026-01-03 20:00:00,2026-01-03 19:00:00,2026-01-03,19,5,1,11740,11683.334771529384,11752.472,-12.4716796875,12.4716796875
2026-01-03 21:00:00,2026-01-03 20:00:00,2026-01-03,20,5,1,11651,11567.096339507103,11651.677,-0.6767578125,0.6767578125
2026-01-03 22:00:00,2026-01-03 21:00:00,2026-01-03,21,5,1,11516,11486.176744304987,11481.208,34.7919921875,34.7919921875
2026-01-03 23:00:00,2026-01-03 22:00:00,2026-01-03,22,5,1,11266,11306.69281702236,11313.418,-47.41796875,47.41796875
2026-01-04 00:00:00,2026-01-03 23:00:00,2026-01-03,23,5,1,11012,10975.68901834225,11041.82,-29.8203125,29.8203125
2026-01-04 01:00:00,2026-01-04 00:00:00,2026-01-04,0,6,1,10804,10855.475354653232,10847.819,-43.8193359375,43.8193359375
2026-01-04 02:00:00,2026-01-04 01:00:00,2026-01-04,1,6,1,10681,10677.309364044726,10695.892,-14.8916015625,14.8916015625
2026-01-04 03:00:00,2026-01-04 02:00:00,2026-01-04,2,6,1,10607,10612.562740175783,10616.674,-9.673828125,9.673828125
2026-01-04 04:00:00,2026-01-04 03:00:00,2026-01-04,3,6,1,10561,10590.582341083491,10617.288,-56.2880859375,56.2880859375
2026-01-04 05:00:00,2026-01-04 04:00:00,2026-01-04,4,6,1,10555,10597.209368347829,10588.993,-33.9931640625,33.9931640625
2026-01-04 06:00:00,2026-01-04 05:00:00,2026-01-04,5,6,1,10626,10651.09488272563,10671.663,-45.6630859375,45.6630859375
2026-01-04 07:00:00,2026-01-04 06:00:00,2026-01-04,6,6,1,10735,10798.589179052035,10802.66,-67.66015625,67.66015625
2026-01-04 08:00:00,2026-01-04 07:00:00,2026-01-04,7,6,1,10931,10947.243241384414,10935.067,-4.0673828125,4.0673828125
2026-01-04 09:00:00,2026-01-04 08:00:00,2026-01-04,8,6,1,11083,11169.972182749876,11084.86,-1.8603515625,1.8603515625
2026-01-04 10:00:00,2026-01-04 09:00:00,2026-01-04,9,6,1,11177,11272.53824080455,11192.721,-15.720703125,15.720703125
2026-01-04 11:00:00,2026-01-04 10:00:00,2026-01-04,10,6,1,11305,11320.130767618104,11262.734,42.265625,42.265625
2026-01-04 12:00:00,2026-01-04 11:00:00,2026-01-04,11,6,1,11312,11451.05597585094,11380.203,-68.203125,68.203125
2026-01-04 13:00:00,2026-01-04 12:00:00,2026-01-04,12,6,1,11356,11386.818654176544,11281.708,74.2919921875,74.2919921875
2026-01-04 14:00:00,2026-01-04 13:00:00,2026-01-04,13,6,1,11316,11448.794462107417,11390.16,-74.16015625,74.16015625
2026-01-04 15:00:00,2026-01-04 14:00:00,2026-01-04,14,6,1,11354,11364.571992281022,11254.106,99.8935546875,99.8935546875
2026-01-04 16:00:00,2026-01-04 15:00:00,2026-01-04,15,6,1,11553,11440.140843226414,11442.134,110.8662109375,110.8662109375
2026-01-04 17:00:00,2026-01-04 16:00:00,2026-01-04,16,6,1,11900,11697.350572431786,11767.803,132.197265625,132.197265625
2026-01-04 18:00:00,2026-01-04 17:00:00,2026-01-04,17,6,1,12153,12051.572034413739,11996.323,156.6767578125,156.6767578125
2026-01-04 19:00:00,2026-01-04 18:00:00,2026-01-04,18,6,1,11991,12167.69779506154,11992.905,-1.9052734375,1.9052734375
2026-01-04 20:00:00,2026-01-04 19:00:00,2026-01-04,19,6,1,11868,11753.597247849773,11856.436,11.564453125,11.564453125
2026-01-04 21:00:00,2026-01-04 20:00:00,2026-01-04,20,6,1,11761,11647.870442177722,11745.293,15.70703125,15.70703125
2026-01-04 22:00:00,2026-01-04 21:00:00,2026-01-04,21,6,1,11546,11551.213449286606,11604.84,-58.83984375,58.83984375
2026-01-04 23:00:00,2026-01-04 22:00:00,2026-01-04,22,6,1,11231,11267.155402551905,11306.7,-75.7001953125,75.7001953125
2026-01-05 00:00:00,2026-01-04 23:00:00,2026-01-04,23,6,1,10935,10877.06610818561,10952.851,-17.8505859375,17.8505859375
2026-01-05 01:00:00,2026-01-05 00:00:00,2026-01-05,0,0,1,10788,10739.506395271637,10753.826,34.173828125,34.173828125
2026-01-05 02:00:00,2026-01-05 01:00:00,2026-01-05,1,0,1,10670,10679.775063702757,10693.875,-23.875,23.875
2026-01-05 03:00:00,2026-01-05 02:00:00,2026-01-05,2,0,1,10601,10594.04395499371,10595.494,5.505859375,5.505859375
2026-01-05 04:00:00,2026-01-05 03:00:00,2026-01-05,3,0,1,10602,10585.67257994427,10577.904,24.095703125,24.095703125
2026-01-05 05:00:00,2026-01-05 04:00:00,2026-01-05,4,0,1,10635,10667.580436364648,10656.042,-21.0419921875,21.0419921875
2026-01-05 06:00:00,2026-01-05 05:00:00,2026-01-05,5,0,1,10821,10758.206309177333,10786.907,34.0927734375,34.0927734375
2026-01-05 07:00:00,2026-01-05 06:00:00,2026-01-05,6,0,1,11219,11044.715842580576,11225.096,-6.095703125,6.095703125
2026-01-05 08:00:00,2026-01-05 07:00:00,2026-01-05,7,0,1,11575,11513.098171790682,11597.455,-22.455078125,22.455078125
2026-01-05 09:00:00,2026-01-05 08:00:00,2026-01-05,8,0,1,11702,11786.18804512839,11677.236,24.763671875,24.763671875
2026-01-05 10:00:00,2026-01-05 09:00:00,2026-01-05,9,0,1,11734,11758.224261728295,11741.258,-7.2578125,7.2578125
2026-01-05 11:00:00,2026-01-05 10:00:00,2026-01-05,10,0,1,11835,11737.930786055262,11723.668,111.33203125,111.33203125
2026-01-05 12:00:00,2026-01-05 11:00:00,2026-01-05,11,0,1,11899,11884.249927416098,11849.351,49.6494140625,49.6494140625
2026-01-05 13:00:00,2026-01-05 12:00:00,2026-01-05,12,0,1,11827,11947.25763285061,11885.061,-58.060546875,58.060546875
2026-01-05 14:00:00,2026-01-05 13:00:00,2026-01-05,13,0,1,11760,11826.448562931995,11774.51,-14.509765625,14.509765625
2026-01-05 15:00:00,2026-01-05 14:00:00,2026-01-05,14,0,1,11723,11770.606866219023,11717.377,5.623046875,5.623046875
2026-01-05 16:00:00,2026-01-05 15:00:00,2026-01-05,15,0,1,11755,11751.659284748876,11731.389,23.611328125,23.611328125
2026-01-05 17:00:00,2026-01-05 16:00:00,2026-01-05,16,0,1,11995,11822.402406520428,11863.208,131.7919921875,131.7919921875
2026-01-05 18:00:00,2026-01-05 17:00:00,2026-01-05,17,0,1,12238,12148.010097829077,12062.889,175.111328125,175.111328125
2026-01-05 19:00:00,2026-01-05 18:00:00,2026-01-05,18,0,1,12060,12317.925485541211,12015.587,44.4130859375,44.4130859375
2026-01-05 20:00:00,2026-01-05 19:00:00,2026-01-05,19,0,1,11883,11886.470974592861,11922.956,-39.9560546875,39.9560546875
2026-01-05 21:00:00,2026-01-05 20:00:00,2026-01-05,20,0,1,11777,11705.530091967923,11738.449,38.55078125,38.55078125
2026-01-05 22:00:00,2026-01-05 21:00:00,2026-01-05,21,0,1,11581,11624.691273689503,11567.132,13.8681640625,13.8681640625
2026-01-05 23:00:00,2026-01-05 22:00:00,2026-01-05,22,0,1,11296,11354.334078780152,11302.834,-6.833984375,6.833984375
2026-01-06 00:00:00,2026-01-05 23:00:00,2026-01-05,23,0,1,11057,10997.900777187075,10983.588,73.412109375,73.412109375
2026-01-06 01:00:00,2026-01-06 00:00:00,2026-01-06,0,1,1,10885,10895.860636128047,10852.942,32.0576171875,32.0576171875
2026-01-06 02:00:00,2026-01-06 01:00:00,2026-01-06,1,1,1,10755,10774.188118873974,10759.212,-4.2119140625,4.2119140625
2026-01-06 03:00:00,2026-01-06 02:00:00,2026-01-06,2,1,1,10667,10684.504222726451,10693.297,-26.296875,26.296875
2026-01-06 04:00:00,2026-01-06 03:00:00,2026-01-06,3,1,1,10596,10650.219110159956,10614.996,-18.99609375,18.99609375
2026-01-06 05:00:00,2026-01-06 04:00:00,2026-01-06,4,1,1,10621,10628.318667062744,10594.38,26.6201171875,26.6201171875
2026-01-06 06:00:00,2026-01-06 05:00:00,2026-01-06,5,1,1,10793,10744.23365909654,10786.955,6.044921875,6.044921875
2026-01-06 07:00:00,2026-01-06 06:00:00,2026-01-06,6,1,1,11205,11023.569276672119,11202.498,2.501953125,2.501953125
2026-01-06 08:00:00,2026-01-06 07:00:00,2026-01-06,7,1,1,11676,11528.245258030198,11607.631,68.369140625,68.369140625
2026-01-06 09:00:00,2026-01-06 08:00:00,2026-01-06,8,1,1,11820,11950.466318035455,11730.074,89.92578125,89.92578125
2026-01-06 10:00:00,2026-01-06 09:00:00,2026-01-06,9,1,1,11784,11870.115611507137,11840.624,-56.6240234375,56.6240234375
2026-01-06 11:00:00,2026-01-06 10:00:00,2026-01-06,10,1,1,11790,11735.89106261354,11785.012,4.98828125,4.98828125
2026-01-06 12:00:00,2026-01-06 11:00:00,2026-01-06,11,1,1,11736,11781.21893706783,11779.658,-43.658203125,43.658203125
2026-01-06 13:00:00,2026-01-06 12:00:00,2026-01-06,12,1,1,11616,11732.4487186161,11677.568,-61.568359375,61.568359375
2026-01-06 14:00:00,2026-01-06 13:00:00,2026-01-06,13,1,1,11549,11613.418713400226,11594.353,-45.3525390625,45.3525390625
2026-01-06 15:00:00,2026-01-06 14:00:00,2026-01-06,14,1,1,11514,11568.650889273913,11531.079,-17.0791015625,17.0791015625
2026-01-06 16:00:00,2026-01-06 15:00:00,2026-01-06,15,1,1,11546,11548.375294606787,11523.288,22.7119140625,22.7119140625
2026-01-06 17:00:00,2026-01-06 16:00:00,2026-01-06,16,1,1,11727,11620.694558547326,11688.604,38.396484375,38.396484375
2026-01-06 18:00:00,2026-01-06 17:00:00,2026-01-06,17,1,1,12013,11872.447745849437,11838.48,174.51953125,174.51953125
2026-01-06 19:00:00,2026-01-06 18:00:00,2026-01-06,18,1,1,11900,12139.367272859272,11909.818,-9.818359375,9.818359375
2026-01-06 20:00:00,2026-01-06 19:00:00,2026-01-06,19,1,1,11736,11776.633236097921,11786.45,-50.4501953125,50.4501953125
2026-01-06 21:00:00,2026-01-06 20:00:00,2026-01-06,20,1,1,11622,11576.517033092483,11622.842,-0.841796875,0.841796875
2026-01-06 22:00:00,2026-01-06 21:00:00,2026-01-06,21,1,1,11429,11475.351244371152,11432.5625,-3.5625,3.5625
2026-01-06 23:00:00,2026-01-06 22:00:00,2026-01-06,22,1,1,11145,11217.189301687562,11185.671,-40.6708984375,40.6708984375
2026-01-07 00:00:00,2026-01-06 23:00:00,2026-01-06,23,1,1,10837,10855.609856021261,10882.478,-45.4775390625,45.4775390625
2026-01-07 01:00:00,2026-01-07 00:00:00,2026-01-07,0,2,1,10634,10635.495532201094,10669.4795,-35.4794921875,35.4794921875
2026-01-07 02:00:00,2026-01-07 01:00:00,2026-01-07,1,2,1,10570,10498.473436583652,10531.027,38.97265625,38.97265625
2026-01-07 03:00:00,2026-01-07 02:00:00,2026-01-07,2,2,1,10512,10524.89872324327,10540.402,-28.40234375,28.40234375
2026-01-07 04:00:00,2026-01-07 03:00:00,2026-01-07,3,2,1,10465,10502.457045827494,10513.014,-48.013671875,48.013671875
2026-01-07 05:00:00,2026-01-07 04:00:00,2026-01-07,4,2,1,10428,10506.247000733145,10491.463,-63.462890625,63.462890625
2026-01-07 06:00:00,2026-01-07 05:00:00,2026-01-07,5,2,1,10594,10526.290593977372,10535.415,58.5849609375,58.5849609375
2026-01-07 07:00:00,2026-01-07 06:00:00,2026-01-07,6,2,1,10973,10835.160491135408,10925.857,47.142578125,47.142578125
2026-01-07 08:00:00,2026-01-07 07:00:00,2026-01-07,7,2,1,11491,11294.511129249418,11394.764,96.236328125,96.236328125
2026-01-07 09:00:00,2026-01-07 08:00:00,2026-01-07,8,2,1,11671,11797.462567489276,11636.802,34.1982421875,34.1982421875
2026-01-07 10:00:00,2026-01-07 09:00:00,2026-01-07,9,2,1,11616,11736.55362841968,11703.846,-87.845703125,87.845703125
2026-01-07 11:00:00,2026-01-07 10:00:00,2026-01-07,10,2,1,11702,11549.509132441171,11610.851,91.1494140625,91.1494140625
2026-01-07 12:00:00,2026-01-07 11:00:00,2026-01-07,11,2,1,11643,11718.751473057378,11735.116,-92.1162109375,92.1162109375
2026-01-07 13:00:00,2026-01-07 12:00:00,2026-01-07,12,2,1,11474,11610.730815295583,11579.901,-105.9013671875,105.9013671875
2026-01-07 14:00:00,2026-01-07 13:00:00,2026-01-07,13,2,1,11420,11424.411221801614,11409.29,10.7099609375,10.7099609375
2026-01-07 15:00:00,2026-01-07 14:00:00,2026-01-07,14,2,1,11361,11427.953926034903,11375.681,-14.6806640625,14.6806640625
2026-01-07 16:00:00,2026-01-07 15:00:00,2026-01-07,15,2,1,11415,11360.80753438797,11341.437,73.5634765625,73.5634765625
2026-01-07 17:00:00,2026-01-07 16:00:00,2026-01-07,16,2,1,11644,11473.690729411961,11555.127,88.873046875,88.873046875
2026-01-07 18:00:00,2026-01-07 17:00:00,2026-01-07,17,2,1,11969,11783.696204436481,11754.519,214.4814453125,214.4814453125
2026-01-07 19:00:00,2026-01-07 18:00:00,2026-01-07,18,2,1,11834,12075.421171706608,11879.771,-45.771484375,45.771484375
2026-01-07 20:00:00,2026-01-07 19:00:00,2026-01-07,19,2,1,11717,11652.67732979732,11721.475,-4.474609375,4.474609375
2026-01-07 21:00:00,2026-01-07 20:00:00,2026-01-07,20,2,1,11675,11534.121523254502,11577.742,97.2578125,97.2578125
2026-01-07 22:00:00,2026-01-07 21:00:00,2026-01-07,21,2,1,11484,11519.967873867814,11464.572,19.427734375,19.427734375
2026-01-07 23:00:00,2026-01-07 22:00:00,2026-01-07,22,2,1,11211,11238.389805194734,11283.986,-72.986328125,72.986328125
2026-01-08 00:00:00,2026-01-07 23:00:00,2026-01-07,23,2,1,10926,10899.25201097202,10895.777,30.22265625,30.22265625
2026-01-08 01:00:00,2026-01-08 00:00:00,2026-01-08,0,3,1,10711,10718.346165747447,10714.389,-3.388671875,3.388671875
2026-01-08 02:00:00,2026-01-08 01:00:00,2026-01-08,1,3,1,10586,10547.52447053435,10626.207,-40.20703125,40.20703125
2026-01-08 03:00:00,2026-01-08 02:00:00,2026-01-08,2,3,1,10496,10484.89681017274,10492.587,3.4130859375,3.4130859375
2026-01-08 04:00:00,2026-01-08 03:00:00,2026-01-08,3,3,1,10466,10442.254316555978,10470.388,-4.3876953125,4.3876953125
2026-01-08 05:00:00,2026-01-08 04:00:00,2026-01-08,4,3,1,10515,10485.595674431379,10487.511,27.4892578125,27.4892578125
2026-01-08 06:00:00,2026-01-08 05:00:00,2026-01-08,5,3,1,10695,10622.030892518,10681.277,13.72265625,13.72265625
2026-01-08 07:00:00,2026-01-08 06:00:00,2026-01-08,6,3,1,11107,10902.188989779448,11077.871,29.12890625,29.12890625
2026-01-08 08:00:00,2026-01-08 07:00:00,2026-01-08,7,3,1,11581,11397.222179630744,11502.555,78.4453125,78.4453125
2026-01-08 09:00:00,2026-01-08 08:00:00,2026-01-08,8,3,1,11754,11819.955543870668,11696.659,57.3408203125,57.3408203125
2026-01-08 10:00:00,2026-01-08 09:00:00,2026-01-08,9,3,1,11698,11775.703068586707,11771.145,-73.14453125,73.14453125
2026-01-08 11:00:00,2026-01-08 10:00:00,2026-01-08,10,3,1,11624,11595.53145387721,11683.555,-59.5546875,59.5546875
2026-01-08 12:00:00,2026-01-08 11:00:00,2026-01-08,11,3,1,11687,11534.458885263668,11605.013,81.9873046875,81.9873046875
2026-01-08 13:00:00,2026-01-08 12:00:00,2026-01-08,12,3,1,11697,11701.19764402336,11689.239,7.7607421875,7.7607421875
2026-01-08 14:00:00,2026-01-08 13:00:00,2026-01-08,13,3,1,11695,11712.213238664852,11684.765,10.2353515625,10.2353515625
2026-01-08 15:00:00,2026-01-08 14:00:00,2026-01-08,14,3,1,11746,11700.977725189576,11686.245,59.7548828125,59.7548828125
2026-01-08 16:00:00,2026-01-08 15:00:00,2026-01-08,15,3,1,11780,11773.726971527502,11771.366,8.6337890625,8.6337890625
2026-01-08 17:00:00,2026-01-08 16:00:00,2026-01-08,16,3,1,11987,11790.930191167812,11870.211,116.7890625,116.7890625
2026-01-08 18:00:00,2026-01-08 17:00:00,2026-01-08,17,3,1,12218,12060.428927253024,12030.119,187.880859375,187.880859375
2026-01-08 19:00:00,2026-01-08 18:00:00,2026-01-08,18,3,1,12026,12234.028659495456,11992.599,33.4013671875,33.4013671875
2026-01-08 20:00:00,2026-01-08 19:00:00,2026-01-08,19,3,1,11880,11792.294292552091,11897.777,-17.77734375,17.77734375
2026-01-08 21:00:00,2026-01-08 20:00:00,2026-01-08,20,3,1,11694,11667.230196032922,11737.099,-43.0986328125,43.0986328125
2026-01-08 22:00:00,2026-01-08 21:00:00,2026-01-08,21,3,1,11482,11447.735938760274,11517.676,-35.67578125,35.67578125
2026-01-08 23:00:00,2026-01-08 22:00:00,2026-01-08,22,3,1,11205,11199.12469048412,11269.49,-64.490234375,64.490234375
2026-01-09 00:00:00,2026-01-08 23:00:00,2026-01-08,23,3,1,10921,10864.630942701015,10906.305,14.6953125,14.6953125
2026-01-09 01:00:00,2026-01-09 00:00:00,2026-01-09,0,4,1,10733,10709.552068776464,10716.14,16.8603515625,16.8603515625
2026-01-09 02:00:00,2026-01-09 01:00:00,2026-01-09,1,4,1,10643,10586.9602865769,10664.144,-21.1435546875,21.1435546875
2026-01-09 03:00:00,2026-01-09 02:00:00,2026-01-09,2,4,1,10610,10574.293646287055,10579.906,30.09375,30.09375
2026-01-09 04:00:00,2026-01-09 03:00:00,2026-01-09,3,4,1,10559,10605.913184627021,10631.089,-72.0888671875,72.0888671875
2026-01-09 05:00:00,2026-01-09 04:00:00,2026-01-09,4,4,1,10601,10587.586350906055,10581.539,19.4609375,19.4609375
2026-01-09 06:00:00,2026-01-09 05:00:00,2026-01-09,5,4,1,10785,10725.179956348089,10754.28,30.7197265625,30.7197265625
2026-01-09 07:00:00,2026-01-09 06:00:00,2026-01-09,6,4,1,11197,11013.074571537452,11170.774,26.2255859375,26.2255859375
2026-01-09 08:00:00,2026-01-09 07:00:00,2026-01-09,7,4,1,11695,11510.09305991015,11601.403,93.5966796875,93.5966796875
2026-01-09 09:00:00,2026-01-09 08:00:00,2026-01-09,8,4,1,11874,11970.024260430819,11792.77,81.23046875,81.23046875
2026-01-09 10:00:00,2026-01-09 09:00:00,2026-01-09,9,4,1,11828,11919.826379448295,11850.379,-22.37890625,22.37890625
2026-01-09 11:00:00,2026-01-09 10:00:00,2026-01-09,10,4,1,11748,11749.161982412832,11811.536,-63.5361328125,63.5361328125
2026-01-09 12:00:00,2026-01-09 11:00:00,2026-01-09,11,4,1,11740,11677.462140844495,11704.059,35.94140625,35.94140625
2026-01-09 13:00:00,2026-01-09 12:00:00,2026-01-09,12,4,1,11681,11742.467083705953,11703.384,-22.3837890625,22.3837890625
2026-01-09 14:00:00,2026-01-09 13:00:00,2026-01-09,13,4,1,11722,11689.164612444816,11632.545,89.455078125,89.455078125
2026-01-09 15:00:00,2026-01-09 14:00:00,2026-01-09,14,4,1,11737,11775.345771599628,11731.131,5.869140625,5.869140625
2026-01-09 16:00:00,2026-01-09 15:00:00,2026-01-09,15,4,1,11718,11773.327242856281,11768.464,-50.4638671875,50.4638671875
2026-01-09 17:00:00,2026-01-09 16:00:00,2026-01-09,16,4,1,11849,11741.167261072784,11799.66,49.33984375,49.33984375
2026-01-09 18:00:00,2026-01-09 17:00:00,2026-01-09,17,4,1,12022,11932.580072976667,11938.787,83.212890625,83.212890625
2026-01-09 19:00:00,2026-01-09 18:00:00,2026-01-09,18,4,1,11879,12068.955539810433,12029.1,-150.099609375,150.099609375
2026-01-09 20:00:00,2026-01-09 19:00:00,2026-01-09,19,4,1,11753,11736.63407166923,11730.031,22.96875,22.96875
2026-01-09 21:00:00,2026-01-09 20:00:00,2026-01-09,20,4,1,11581,11609.88626497385,11634.914,-53.9140625,53.9140625
2026-01-09 22:00:00,2026-01-09 21:00:00,2026-01-09,21,4,1,11373,11390.35096935147,11397.469,-24.46875,24.46875
2026-01-09 23:00:00,2026-01-09 22:00:00,2026-01-09,22,4,1,11140,11137.934609827626,11131.891,8.109375,8.109375
2026-01-10 00:00:00,2026-01-09 23:00:00,2026-01-09,23,4,1,10847,10871.378142794143,10871.436,-24.435546875,24.435546875
2026-01-10 01:00:00,2026-01-10 00:00:00,2026-01-10,0,5,1,10597,10648.065481842925,10658.526,-61.5263671875,61.5263671875
2026-01-10 02:00:00,2026-01-10 01:00:00,2026-01-10,1,5,1,10415,10431.566657222313,10440.363,-25.36328125,25.36328125
2026-01-10 03:00:00,2026-01-10 02:00:00,2026-01-10,2,5,1,10252,10305.720641823362,10312.262,-60.26171875,60.26171875
2026-01-10 04:00:00,2026-01-10 03:00:00,2026-01-10,3,5,1,10198,10182.661478488542,10186.86,11.1396484375,11.1396484375
2026-01-10 05:00:00,2026-01-10 04:00:00,2026-01-10,4,5,1,10186,10226.28220213708,10195.043,-9.04296875,9.04296875
2026-01-10 06:00:00,2026-01-10 05:00:00,2026-01-10,5,5,1,10245,10282.638357164637,10268.159,-23.1591796875,23.1591796875
2026-01-10 07:00:00,2026-01-10 06:00:00,2026-01-10,6,5,1,10394,10429.620646172782,10418.732,-24.732421875,24.732421875
2026-01-10 08:00:00,2026-01-10 07:00:00,2026-01-10,7,5,1,10548,10659.016638765715,10687.489,-139.4892578125,139.4892578125
2026-01-10 09:00:00,2026-01-10 08:00:00,2026-01-10,8,5,1,10719,10800.778426545214,10725.056,-6.0556640625,6.0556640625
2026-01-10 10:00:00,2026-01-10 09:00:00,2026-01-10,9,5,1,10896,10943.43315931545,10912.454,-16.4541015625,16.4541015625
2026-01-10 11:00:00,2026-01-10 10:00:00,2026-01-10,10,5,1,11026,11085.97108277659,11061.541,-35.541015625,35.541015625
2026-01-10 12:00:00,2026-01-10 11:00:00,2026-01-10,11,5,1,11155,11164.814605730031,11113.465,41.53515625,41.53515625
2026-01-10 13:00:00,2026-01-10 12:00:00,2026-01-10,12,5,1,11180,11268.534805788904,11244.295,-64.294921875,64.294921875
2026-01-10 14:00:00,2026-01-10 13:00:00,2026-01-10,13,5,1,11153,11226.38810958015,11204.862,-51.8623046875,51.8623046875
2026-01-10 15:00:00,2026-01-10 14:00:00,2026-01-10,14,5,1,11106,11171.589937442035,11144.926,-38.92578125,38.92578125
2026-01-10 16:00:00,2026-01-10 15:00:00,2026-01-10,15,5,1,11093,11119.363417162973,11115.277,-22.27734375,22.27734375
2026-01-10 17:00:00,2026-01-10 16:00:00,2026-01-10,16,5,1,11252,11132.539875681425,11200.389,51.611328125,51.611328125
2026-01-10 18:00:00,2026-01-10 17:00:00,2026-01-10,17,5,1,11540,11367.407501280482,11490.141,49.859375,49.859375
2026-01-10 19:00:00,2026-01-10 18:00:00,2026-01-10,18,5,1,11432,11641.766793004885,11468.073,-36.0732421875,36.0732421875
2026-01-10 20:00:00,2026-01-10 19:00:00,2026-01-10,19,5,1,11247,11284.664545950294,11319.697,-72.697265625,72.697265625
2026-01-10 21:00:00,2026-01-10 20:00:00,2026-01-10,20,5,1,11096,11045.469227607558,11128.101,-32.1005859375,32.1005859375
2026-01-10 22:00:00,2026-01-10 21:00:00,2026-01-10,21,5,1,10951,10897.729206173632,10935.793,15.20703125,15.20703125
2026-01-10 23:00:00,2026-01-10 22:00:00,2026-01-10,22,5,1,10767,10729.792564278247,10746.248,20.751953125,20.751953125
2026-01-11 00:00:00,2026-01-10 23:00:00,2026-01-10,23,5,1,10518,10496.06756211729,10568.016,-50.015625,50.015625
2026-01-11 01:00:00,2026-01-11 00:00:00,2026-01-11,0,6,1,10318,10344.359103411638,10345.901,-27.9013671875,27.9013671875
2026-01-11 02:00:00,2026-01-11 01:00:00,2026-01-11,1,6,1,10142,10182.14155573268,10203.314,-61.314453125,61.314453125
2026-01-11 03:00:00,2026-01-11 02:00:00,2026-01-11,2,6,1,10031,10034.789144904198,10056.262,-25.26171875,25.26171875
2026-01-11 04:00:00,2026-01-11 03:00:00,2026-01-11,3,6,1,9960,9981.134063988477,10017.977,-57.9765625,57.9765625
2026-01-11 05:00:00,2026-01-11 04:00:00,2026-01-11,4,6,1,9960,9964.449071147621,9993.4795,-33.4794921875,33.4794921875
2026-01-11 06:00:00,2026-01-11 05:00:00,2026-01-11,5,6,1,10007,10045.219974094523,10011.0,-4.0,4.0
2026-01-11 07:00:00,2026-01-11 06:00:00,2026-01-11,6,6,1,10124,10160.447492125817,10128.21,-4.2099609375,4.2099609375
2026-01-11 08:00:00,2026-01-11 07:00:00,2026-01-11,7,6,1,10303,10348.117353917984,10326.518,-23.517578125,23.517578125
2026-01-11 09:00:00,2026-01-11 08:00:00,2026-01-11,8,6,1,10490,10547.416225443021,10463.55,26.4501953125,26.4501953125
2026-01-11 10:00:00,2026-01-11 09:00:00,2026-01-11,9,6,1,10659,10704.37465046088,10651.529,7.470703125,7.470703125
2026-01-11 11:00:00,2026-01-11 10:00:00,2026-01-11,10,6,1,10793,10830.815935816812,10796.23,-3.23046875,3.23046875
2026-01-11 12:00:00,2026-01-11 11:00:00,2026-01-11,11,6,1,10863,10918.138277195107,10868.441,-5.44140625,5.44140625
2026-01-11 13:00:00,2026-01-11 12:00:00,2026-01-11,12,6,1,10888,10938.001473836155,10919.542,-31.5419921875,31.5419921875
2026-01-11 14:00:00,2026-01-11 13:00:00,2026-01-11,13,6,1,10883,10934.20633358492,10896.164,-13.1640625,13.1640625
2026-01-11 15:00:00,2026-01-11 14:00:00,2026-01-11,14,6,1,10872,10916.172476296555,10874.868,-2.8681640625,2.8681640625
2026-01-11 16:00:00,2026-01-11 15:00:00,2026-01-11,15,6,1,10943,10909.91090585672,10933.32,9.6796875,9.6796875
2026-01-11 17:00:00,2026-01-11 16:00:00,2026-01-11,16,6,1,11217,11029.84820631929,11144.698,72.3017578125,72.3017578125
2026-01-11 18:00:00,2026-01-11 17:00:00,2026-01-11,17,6,1,11495,11368.168733135555,11428.776,66.2236328125,66.2236328125
2026-01-11 19:00:00,2026-01-11 18:00:00,2026-01-11,18,6,1,11403,11563.001599770638,11464.549,-61.548828125,61.548828125
2026-01-11 20:00:00,2026-01-11 19:00:00,2026-01-11,19,6,1,11251,11234.962048579404,11300.765,-49.7646484375,49.7646484375
2026-01-11 21:00:00,2026-01-11 20:00:00,2026-01-11,20,6,1,11087,11040.889125814854,11153.829,-66.8291015625,66.8291015625
2026-01-11 22:00:00,2026-01-11 21:00:00,2026-01-11,21,6,1,10866,10865.510622816311,10897.2705,-31.2705078125,31.2705078125
2026-01-11 23:00:00,2026-01-11 22:00:00,2026-01-11,22,6,1,10559,10596.38643390869,10608.611,-49.611328125,49.611328125
2026-01-12 00:00:00,2026-01-11 23:00:00,2026-01-11,23,6,1,10309,10213.758165493251,10299.363,9.63671875,9.63671875
2026-01-12 01:00:00,2026-01-12 00:00:00,2026-01-12,0,0,1,10169,10140.314304612446,10133.122,35.8779296875,35.8779296875
2026-01-12 02:00:00,2026-01-12 01:00:00,2026-01-12,1,0,1,10016,10069.404940021788,10087.307,-71.306640625,71.306640625
2026-01-12 03:00:00,2026-01-12 02:00:00,2026-01-12,2,0,1,9940,9930.43101326946,9939.47,0.5302734375,0.5302734375
2026-01-12 04:00:00,2026-01-12 03:00:00,2026-01-12,3,0,1,9918,9931.336394317028,9929.5625,-11.5625,11.5625
2026-01-12 05:00:00,2026-01-12 04:00:00,2026-01-12,4,0,1,9963,9980.737993096527,9959.723,3.27734375,3.27734375
2026-01-12 06:00:00,2026-01-12 05:00:00,2026-01-12,5,0,1,10098,10101.961833584433,10097.337,0.6630859375,0.6630859375
2026-01-12 07:00:00,2026-01-12 06:00:00,2026-01-12,6,0,1,10518,10316.193247320198,10443.922,74.078125,74.078125
2026-01-12 08:00:00,2026-01-12 07:00:00,2026-01-12,7,0,1,11066,10850.931947384945,10963.043,102.95703125,102.95703125
2026-01-12 09:00:00,2026-01-12 08:00:00,2026-01-12,8,0,1,11212,11375.84839924004,11211.775,0.224609375,0.224609375
2026-01-12 10:00:00,2026-01-12 09:00:00,2026-01-12,9,0,1,11232,11258.188264422512,11248.999,-16.9990234375,16.9990234375
2026-01-12 11:00:00,2026-01-12 10:00:00,2026-01-12,10,0,1,11222,11205.373139915622,11215.487,6.5126953125,6.5126953125
2026-01-12 12:00:00,2026-01-12 11:00:00,2026-01-12,11,0,1,11192,11198.250997566769,11183.615,8.384765625,8.384765625
2026-01-12 13:00:00,2026-01-12 12:00:00,2026-01-12,12,0,1,11168,11194.663516655313,11139.208,28.7919921875,28.7919921875
2026-01-12 14:00:00,2026-01-12 13:00:00,2026-01-12,13,0,1,11160,11216.691193687528,11149.83,10.169921875,10.169921875
2026-01-12 15:00:00,2026-01-12 14:00:00,2026-01-12,14,0,1,11200,11216.992033303042,11151.811,48.189453125,48.189453125
2026-01-12 16:00:00,2026-01-12 15:00:00,2026-01-12,15,0,1,11268,11273.891595878917,11273.165,-5.1650390625,5.1650390625
2026-01-12 17:00:00,2026-01-12 16:00:00,2026-01-12,16,0,1,11511,11351.689315826246,11445.722,65.2783203125,65.2783203125
2026-01-12 18:00:00,2026-01-12 17:00:00,2026-01-12,17,0,1,11682,11650.330256759627,11705.331,-23.3310546875,23.3310546875
2026-01-12 19:00:00,2026-01-12 18:00:00,2026-01-12,18,0,1,11475,11716.799230187995,11506.206,-31.2060546875,31.2060546875
2026-01-12 20:00:00,2026-01-12 19:00:00,2026-01-12,19,0,1,11298,11286.818667734531,11302.511,-4.5107421875,4.5107421875
2026-01-12 21:00:00,2026-01-12 20:00:00,2026-01-12,20,0,1,11096,11122.80207030429,11166.289,-70.2890625,70.2890625
2026-01-12 22:00:00,2026-01-12 21:00:00,2026-01-12,21,0,1,10875,10892.987011833806,10868.041,6.958984375,6.958984375
2026-01-12 23:00:00,2026-01-12 22:00:00,2026-01-12,22,0,1,10547,10634.56952840456,10586.857,-39.857421875,39.857421875
2026-01-13 00:00:00,2026-01-12 23:00:00,2026-01-12,23,0,1,10296,10230.832779567074,10259.316,36.68359375,36.68359375
2026-01-13 01:00:00,2026-01-13 00:00:00,2026-01-13,0,1,1,10112,10137.306377749908,10117.077,-5.0771484375,5.0771484375
2026-01-13 02:00:00,2026-01-13 01:00:00,2026-01-13,1,1,1,9978,10003.73445973744,10014.249,-36.2490234375,36.2490234375
2026-01-13 03:00:00,2026-01-13 02:00:00,2026-01-13,2,1,1,9914,9922.094490446912,9904.024,9.9755859375,9.9755859375
2026-01-13 04:00:00,2026-01-13 03:00:00,2026-01-13,3,1,1,9875,9929.676042651488,9890.508,-15.5078125,15.5078125
2026-01-13 05:00:00,2026-01-13 04:00:00,2026-01-13,4,1,1,9932,9949.868869261292,9898.525,33.474609375,33.474609375
2026-01-13 06:00:00,2026-01-13 05:00:00,2026-01-13,5,1,1,10142,10099.859899709934,10085.11,56.8896484375,56.8896484375
2026-01-13 07:00:00,2026-01-13 06:00:00,2026-01-13,6,1,1,10475,10417.279254340254,10569.774,-94.7744140625,94.7744140625
2026-01-13 08:00:00,2026-01-13 07:00:00,2026-01-13,7,1,1,10948,10788.204862786171,10930.114,17.8857421875,17.8857421875
2026-01-13 09:00:00,2026-01-13 08:00:00,2026-01-13,8,1,1,11090,11256.198882086424,11103.592,-13.591796875,13.591796875
2026-01-13 10:00:00,2026-01-13 09:00:00,2026-01-13,9,1,1,11051,11170.678407729436,11118.969,-67.96875,67.96875
2026-01-13 11:00:00,2026-01-13 10:00:00,2026-01-13,10,1,1,10994,11031.149900157978,11034.208,-40.2080078125,40.2080078125
2026-01-13 12:00:00,2026-01-13 11:00:00,2026-01-13,11,1,1,10940,10984.29772266324,11015.212,-75.2119140625,75.2119140625
2026-01-13 13:00:00,2026-01-13 12:00:00,2026-01-13,12,1,1,10870,10961.054332179185,10920.405,-50.4052734375,50.4052734375
2026-01-13 14:00:00,2026-01-13 13:00:00,2026-01-13,13,1,1,10890,10910.315004169497,10870.574,19.42578125,19.42578125
2026-01-13 15:00:00,2026-01-13 14:00:00,2026-01-13,14,1,1,10939,10967.709436407924,10912.256,26.744140625,26.744140625
2026-01-13 16:00:00,2026-01-13 15:00:00,2026-01-13,15,1,1,11049,11026.89415058992,11032.522,16.4775390625,16.4775390625
2026-01-13 17:00:00,2026-01-13 16:00:00,2026-01-13,16,1,1,11249,11162.038548785435,11212.995,36.0048828125,36.0048828125
2026-01-13 18:00:00,2026-01-13 17:00:00,2026-01-13,17,1,1,11458,11375.160806264988,11416.516,41.484375,41.484375
2026-01-13 19:00:00,2026-01-13 18:00:00,2026-01-13,18,1,1,11265,11518.24359291669,11333.64,-68.6396484375,68.6396484375
2026-01-13 20:00:00,2026-01-13 19:00:00,2026-01-13,19,1,1,11140,11086.73251703728,11157.124,-17.1240234375,17.1240234375
2026-01-13 21:00:00,2026-01-13 20:00:00,2026-01-13,20,1,1,11048,10991.460369776356,11009.303,38.697265625,38.697265625
2026-01-13 22:00:00,2026-01-13 21:00:00,2026-01-13,21,1,1,10851,10903.059811078007,10845.127,5.873046875,5.873046875
2026-01-13 23:00:00,2026-01-13 22:00:00,2026-01-13,22,1,1,10526,10621.677726580396,10593.78,-67.7802734375,67.7802734375
2026-01-14 00:00:00,2026-01-13 23:00:00,2026-01-13,23,1,1,10218,10203.07785371039,10244.133,-26.1328125,26.1328125
2026-01-14 01:00:00,2026-01-14 00:00:00,2026-01-14,0,2,1,10094,10009.104514409133,10012.823,81.1767578125,81.1767578125
2026-01-14 02:00:00,2026-01-14 01:00:00,2026-01-14,1,2,1,10005,9991.919726988617,10001.597,3.4033203125,3.4033203125
2026-01-14 03:00:00,2026-01-14 02:00:00,2026-01-14,2,2,1,9905,9939.437183375505,9931.438,-26.4384765625,26.4384765625
2026-01-14 04:00:00,2026-01-14 03:00:00,2026-01-14,3,2,1,9882,9869.139554521196,9873.667,8.3330078125,8.3330078125
2026-01-14 05:00:00,2026-01-14 04:00:00,2026-01-14,4,2,1,9924,9934.222396214323,9908.146,15.853515625,15.853515625
2026-01-14 06:00:00,2026-01-14 05:00:00,2026-01-14,5,2,1,10105,10057.875990361128,10095.245,9.7548828125,9.7548828125
2026-01-14 07:00:00,2026-01-14 06:00:00,2026-01-14,6,2,1,10522,10341.671334418876,10506.55,15.4501953125,15.4501953125
2026-01-14 08:00:00,2026-01-14 07:00:00,2026-01-14,7,2,1,11013,10855.880734970597,10981.169,31.8310546875,31.8310546875
2026-01-14 09:00:00,2026-01-14 08:00:00,2026-01-14,8,2,1,11167,11299.885574206455,11157.903,9.0966796875,9.0966796875
2026-01-14 10:00:00,2026-01-14 09:00:00,2026-01-14,9,2,1,11090,11215.661360487247,11194.804,-104.8037109375,104.8037109375
2026-01-14 11:00:00,2026-01-14 10:00:00,2026-01-14,10,2,1,11059,11013.297826490789,11061.238,-2.23828125,2.23828125
2026-01-14 12:00:00,2026-01-14 11:00:00,2026-01-14,11,2,1,11020,11025.134524956624,11058.108,-38.1083984375,38.1083984375
2026-01-14 13:00:00,2026-01-14 12:00:00,2026-01-14,12,2,1,10939,11014.13773504298,10975.836,-36.8359375,36.8359375
2026-01-14 14:00:00,2026-01-14 13:00:00,2026-01-14,13,2,1,11021,10943.526241889958,10922.289,98.7109375,98.7109375
2026-01-14 15:00:00,2026-01-14 14:00:00,2026-01-14,14,2,1,11062,11103.086709789173,11069.312,-7.3115234375,7.3115234375
2026-01-14 16:00:00,2026-01-14 15:00:00,2026-01-14,15,2,1,11028,11118.93396625122,11150.323,-122.3232421875,122.3232421875
2026-01-14 17:00:00,2026-01-14 16:00:00,2026-01-14,16,2,1,11168,11050.179259466011,11135.311,32.689453125,32.689453125
2026-01-14 18:00:00,2026-01-14 17:00:00,2026-01-14,17,2,1,11437,11268.673378382267,11340.212,96.7880859375,96.7880859375
2026-01-14 19:00:00,2026-01-14 18:00:00,2026-01-14,18,2,1,11254,11530.787564089345,11362.896,-108.896484375,108.896484375
2026-01-14 20:00:00,2026-01-14 19:00:00,2026-01-14,19,2,1,11112,11083.631097940473,11146.899,-34.8994140625,34.8994140625
2026-01-14 21:00:00,2026-01-14 20:00:00,2026-01-14,20,2,1,10920,10956.304689574275,10993.416,-73.416015625,73.416015625
2026-01-14 22:00:00,2026-01-14 21:00:00,2026-01-14,21,2,1,10659,10718.728219961371,10715.02,-56.01953125,56.01953125
2026-01-14 23:00:00,2026-01-14 22:00:00,2026-01-14,22,2,1,10372,10390.2434299328,10396.004,-24.00390625,24.00390625
2026-01-15 00:00:00,2026-01-14 23:00:00,2026-01-14,23,2,1,10159,10063.551680460743,10128.145,30.85546875,30.85546875
2026-01-15 01:00:00,2026-01-15 00:00:00,2026-01-15,0,3,1,9951,10006.688705528777,9997.631,-46.630859375,46.630859375
2026-01-15 02:00:00,2026-01-15 01:00:00,2026-01-15,1,3,1,9867,9815.179872930905,9836.577,30.4228515625,30.4228515625
2026-01-15 03:00:00,2026-01-15 02:00:00,2026-01-15,2,3,1,9809,9823.23932676101,9821.525,-12.525390625,12.525390625
2026-01-15 04:00:00,2026-01-15 03:00:00,2026-01-15,3,3,1,9801,9815.13307291088,9788.286,12.7138671875,12.7138671875
2026-01-15 05:00:00,2026-01-15 04:00:00,2026-01-15,4,3,1,9883,9876.265018358226,9831.902,51.09765625,51.09765625
2026-01-15 06:00:00,2026-01-15 05:00:00,2026-01-15,5,3,1,10056,10047.467459082918,10034.366,21.6337890625,21.6337890625
2026-01-15 07:00:00,2026-01-15 06:00:00,2026-01-15,6,3,1,10544,10297.255272256436,10440.273,103.7265625,103.7265625
2026-01-15 08:00:00,2026-01-15 07:00:00,2026-01-15,7,3,1,11135,10905.011427193374,10970.965,164.03515625,164.03515625
2026-01-15 09:00:00,2026-01-15 08:00:00,2026-01-15,8,3,1,11282,11445.133137803388,11264.378,17.6220703125,17.6220703125
2026-01-15 10:00:00,2026-01-15 09:00:00,2026-01-15,9,3,1,11280,11288.737691071467,11308.973,-28.97265625,28.97265625
2026-01-15 11:00:00,2026-01-15 10:00:00,2026-01-15,10,3,1,11319,11191.334035034535,11264.914,54.0859375,54.0859375
2026-01-15 12:00:00,2026-01-15 11:00:00,2026-01-15,11,3,1,11362,11264.1653259689,11293.427,68.5732421875,68.5732421875
2026-01-15 13:00:00,2026-01-15 12:00:00,2026-01-15,12,3,1,11312,11341.913959245114,11336.001,-24.0009765625,24.0009765625
2026-01-15 14:00:00,2026-01-15 13:00:00,2026-01-15,13,3,1,11316,11290.601420729561,11249.992,66.0078125,66.0078125
2026-01-15 15:00:00,2026-01-15 14:00:00,2026-01-15,14,3,1,11309,11331.878822934545,11277.814,31.185546875,31.185546875
2026-01-15 16:00:00,2026-01-15 15:00:00,2026-01-15,15,3,1,11375,11314.565814457255,11311.908,63.091796875,63.091796875
2026-01-15 17:00:00,2026-01-15 16:00:00,2026-01-15,16,3,1,11536,11416.444905686714,11517.743,18.2568359375,18.2568359375
2026-01-15 18:00:00,2026-01-15 17:00:00,2026-01-15,17,3,1,11804,11602.718609481237,11690.123,113.876953125,113.876953125
2026-01-15 19:00:00,2026-01-15 18:00:00,2026-01-15,18,3,1,11699,11850.219650789673,11684.126,14.8740234375,14.8740234375
2026-01-15 20:00:00,2026-01-15 19:00:00,2026-01-15,19,3,1,11557,11514.704477782616,11576.845,-19.8447265625,19.8447265625
2026-01-15 21:00:00,2026-01-15 20:00:00,2026-01-15,20,3,1,11386,11344.387342439548,11384.293,1.70703125,1.70703125
2026-01-15 22:00:00,2026-01-15 21:00:00,2026-01-15,21,3,1,11137,11150.164969796993,11153.067,-16.0673828125,16.0673828125
2026-01-15 23:00:00,2026-01-15 22:00:00,2026-01-15,22,3,1,10833,10836.328437451204,10834.138,-1.1376953125,1.1376953125
2026-01-16 00:00:00,2026-01-15 23:00:00,2026-01-15,23,3,1,10566,10477.846083051245,10545.286,20.7138671875,20.7138671875
2026-01-16 01:00:00,2026-01-16 00:00:00,2026-01-16,0,4,1,10394,10361.144062302808,10341.509,52.4912109375,52.4912109375
2026-01-16 02:00:00,2026-01-16 01:00:00,2026-01-16,1,4,1,10263,10257.859074619737,10254.868,8.1318359375,8.1318359375
2026-01-16 03:00:00,2026-01-16 02:00:00,2026-01-16,2,4,1,10202,10177.129487866318,10157.561,44.439453125,44.439453125
2026-01-16 04:00:00,2026-01-16 03:00:00,2026-01-16,3,4,1,10216,10193.088893292135,10139.507,76.4931640625,76.4931640625
2026-01-16 05:00:00,2026-01-16 04:00:00,2026-01-16,4,4,1,10264,10294.141683536707,10215.037,48.962890625,48.962890625
2026-01-16 06:00:00,2026-01-16 05:00:00,2026-01-16,5,4,1,10460,10408.257287797896,10379.487,80.5126953125,80.5126953125
2026-01-16 07:00:00,2026-01-16 06:00:00,2026-01-16,6,4,1,10862,10715.872682525265,10869.222,-7.2216796875,7.2216796875
2026-01-16 08:00:00,2026-01-16 07:00:00,2026-01-16,7,4,1,11347,11197.80315021149,11291.942,55.0576171875,55.0576171875
2026-01-16 09:00:00,2026-01-16 08:00:00,2026-01-16,8,4,1,11586,11643.668201342758,11521.133,64.8671875,64.8671875
2026-01-16 10:00:00,2026-01-16 09:00:00,2026-01-16,9,4,1,11570,11682.960016696232,11656.42,-86.419921875,86.419921875
2026-01-16 11:00:00,2026-01-16 10:00:00,2026-01-16,10,4,1,11496,11513.098972250375,11565.2705,-69.2705078125,69.2705078125
2026-01-16 12:00:00,2026-01-16 11:00:00,2026-01-16,11,4,1,11416,11428.61330863831,11495.515,-79.5146484375,79.5146484375
2026-01-16 13:00:00,2026-01-16 12:00:00,2026-01-16,12,4,1,11385,11382.75237878537,11356.028,28.9716796875,28.9716796875
2026-01-16 14:00:00,2026-01-16 13:00:00,2026-01-16,13,4,1,11441,11417.147782475633,11328.844,112.15625,112.15625
2026-01-16 15:00:00,2026-01-16 14:00:00,2026-01-16,14,4,1,11517,11514.947886805327,11475.466,41.5341796875,41.5341796875
2026-01-16 16:00:00,2026-01-16 15:00:00,2026-01-16,15,4,1,11485,11589.564086249684,11601.117,-116.1171875,116.1171875
2026-01-16 17:00:00,2026-01-16 16:00:00,2026-01-16,16,4,1,11594,11501.432121694612,11625.589,-31.5888671875,31.5888671875
2026-01-16 18:00:00,2026-01-16 17:00:00,2026-01-16,17,4,1,11797,11673.200886824527,11748.348,48.65234375,48.65234375
2026-01-16 19:00:00,2026-01-16 18:00:00,2026-01-16,18,4,1,11624,11864.601244927308,11691.677,-67.6767578125,67.6767578125
2026-01-16 20:00:00,2026-01-16 19:00:00,2026-01-16,19,4,1,11469,11471.123371169126,11497.649,-28.6494140625,28.6494140625
2026-01-16 21:00:00,2026-01-16 20:00:00,2026-01-16,20,4,1,11347,11313.037752326638,11327.669,19.3310546875,19.3310546875
2026-01-16 22:00:00,2026-01-16 21:00:00,2026-01-16,21,4,1,11193,11184.211482927463,11184.486,8.513671875,8.513671875
2026-01-16 23:00:00,2026-01-16 22:00:00,2026-01-16,22,4,1,10974,10984.810306531788,10948.231,25.7685546875,25.7685546875
2026-01-17 00:00:00,2026-01-16 23:00:00,2026-01-16,23,4,1,10714,10708.601124886225,10688.112,25.8876953125,25.8876953125
2026-01-17 01:00:00,2026-01-17 00:00:00,2026-01-17,0,5,1,10447,10528.783699868702,10544.938,-97.9384765625,97.9384765625
2026-01-17 02:00:00,2026-01-17 01:00:00,2026-01-17,1,5,1,10342,10266.489591947407,10303.864,38.1357421875,38.1357421875
2026-01-17 03:00:00,2026-01-17 02:00:00,2026-01-17,2,5,1,10300,10261.972422014178,10236.729,63.271484375,63.271484375
2026-01-17 04:00:00,2026-01-17 03:00:00,2026-01-17,3,5,1,10248,10279.57427362345,10248.8545,-0.8544921875,0.8544921875
2026-01-17 05:00:00,2026-01-17 04:00:00,2026-01-17,4,5,1,10271,10261.237114502374,10236.192,34.8076171875,34.8076171875
2026-01-17 06:00:00,2026-01-17 05:00:00,2026-01-17,5,5,1,10362,10370.881469976015,10387.264,-25.263671875,25.263671875
2026-01-17 07:00:00,2026-01-17 06:00:00,2026-01-17,6,5,1,10500,10546.10803535013,10586.469,-86.46875,86.46875
2026-01-17 08:00:00,2026-01-17 07:00:00,2026-01-17,7,5,1,10701,10720.620324927713,10779.354,-78.353515625,78.353515625
2026-01-17 09:00:00,2026-01-17 08:00:00,2026-01-17,8,5,1,10875,10928.198694388599,10920.251,-45.2509765625,45.2509765625
2026-01-17 10:00:00,2026-01-17 09:00:00,2026-01-17,9,5,1,10982,11052.783465353892,11048.449,-66.44921875,66.44921875
2026-01-17 11:00:00,2026-01-17 10:00:00,2026-01-17,10,5,1,11042,11100.686161130145,11081.455,-39.455078125,39.455078125
2026-01-17 12:00:00,2026-01-17 11:00:00,2026-01-17,11,5,1,10977,11126.430564913137,11085.203,-108.203125,108.203125
2026-01-17 13:00:00,2026-01-17 12:00:00,2026-01-17,12,5,1,10902,11000.56692831405,10930.27,-28.26953125,28.26953125
2026-01-17 14:00:00,2026-01-17 13:00:00,2026-01-17,13,5,1,10804,10935.57348003863,10873.926,-69.92578125,69.92578125
2026-01-17 15:00:00,2026-01-17 14:00:00,2026-01-17,14,5,1,10750,10827.647842608145,10781.039,-31.0390625,31.0390625
2026-01-17 16:00:00,2026-01-17 15:00:00,2026-01-17,15,5,1,10828,10783.755506155701,10810.466,17.5341796875,17.5341796875
2026-01-17 17:00:00,2026-01-17 16:00:00,2026-01-17,16,5,1,10967,10924.555699785094,11010.907,-43.9072265625,43.9072265625
2026-01-17 18:00:00,2026-01-17 17:00:00,2026-01-17,17,5,1,11278,11089.810839305628,11168.864,109.1357421875,109.1357421875
2026-01-17 19:00:00,2026-01-17 18:00:00,2026-01-17,18,5,1,11244,11416.74710938101,11261.674,-17.673828125,17.673828125
2026-01-17 20:00:00,2026-01-17 19:00:00,2026-01-17,19,5,1,11118,11148.235704788842,11152.031,-34.03125,34.03125
2026-01-17 21:00:00,2026-01-17 20:00:00,2026-01-17,20,5,1,11007,10952.89557476267,11042.188,-35.1884765625,35.1884765625
2026-01-17 22:00:00,2026-01-17 21:00:00,2026-01-17,21,5,1,10847,10839.681209358616,10877.987,-30.9873046875,30.9873046875
2026-01-17 23:00:00,2026-01-17 22:00:00,2026-01-17,22,5,1,10666,10637.0258733146,10649.372,16.6279296875,16.6279296875
2026-01-18 00:00:00,2026-01-17 23:00:00,2026-01-17,23,5,1,10448,10417.166018323158,10445.032,2.9677734375,2.9677734375
2026-01-18 01:00:00,2026-01-18 00:00:00,2026-01-18,0,6,1,10226,10303.106458833394,10283.271,-57.271484375,57.271484375
2026-01-18 02:00:00,2026-01-18 01:00:00,2026-01-18,1,6,1,10132,10082.559668347572,10136.588,-4.587890625,4.587890625
2026-01-18 03:00:00,2026-01-18 02:00:00,2026-01-18,2,6,1,10070,10069.269929778877,10078.289,-8.2890625,8.2890625
2026-01-18 04:00:00,2026-01-18 03:00:00,2026-01-18,3,6,1,9999,10046.361130204758,10087.807,-88.806640625,88.806640625
2026-01-18 05:00:00,2026-01-18 04:00:00,2026-01-18,4,6,1,10008,10002.435122614703,10050.759,-42.7587890625,42.7587890625
2026-01-18 06:00:00,2026-01-18 05:00:00,2026-01-18,5,6,1,10058,10093.527331713747,10067.1,-9.099609375,9.099609375
2026-01-18 07:00:00,2026-01-18 06:00:00,2026-01-18,6,6,1,10170,10205.838627873969,10194.289,-24.2890625,24.2890625
2026-01-18 08:00:00,2026-01-18 07:00:00,2026-01-18,7,6,1,10326,10371.398865842599,10337.939,-11.939453125,11.939453125
2026-01-18 09:00:00,2026-01-18 08:00:00,2026-01-18,8,6,1,10516,10539.584638525528,10462.098,53.90234375,53.90234375
2026-01-18 10:00:00,2026-01-18 09:00:00,2026-01-18,9,6,1,10687,10716.089873081355,10677.368,9.6318359375,9.6318359375
2026-01-18 11:00:00,2026-01-18 10:00:00,2026-01-18,10,6,1,10779,10843.293045635732,10853.698,-74.6982421875,74.6982421875
2026-01-18 12:00:00,2026-01-18 11:00:00,2026-01-18,11,6,1,10894,10868.724610670737,10827.168,66.83203125,66.83203125
2026-01-18 13:00:00,2026-01-18 12:00:00,2026-01-18,12,6,1,10999,10977.233551643327,10942.275,56.724609375,56.724609375
2026-01-18 14:00:00,2026-01-18 13:00:00,2026-01-18,13,6,1,11036,11062.059731762078,11061.8125,-25.8125,25.8125
2026-01-18 15:00:00,2026-01-18 14:00:00,2026-01-18,14,6,1,10959,11056.910742312764,11015.151,-56.1513671875,56.1513671875
2026-01-18 16:00:00,2026-01-18 15:00:00,2026-01-18,15,6,1,11051,10925.890086098947,10952.793,98.20703125,98.20703125
2026-01-18 17:00:00,2026-01-18 16:00:00,2026-01-18,16,6,1,11299,11110.508364130566,11194.062,104.9384765625,104.9384765625
2026-01-18 18:00:00,2026-01-18 17:00:00,2026-01-18,17,6,1,11559,11414.045625491039,11477.701,81.298828125,81.298828125
2026-01-18 19:00:00,2026-01-18 18:00:00,2026-01-18,18,6,1,11504,11606.675315158445,11491.87,12.1298828125,12.1298828125
2026-01-18 20:00:00,2026-01-18 19:00:00,2026-01-18,19,6,1,11385,11343.295082758423,11409.013,-24.0126953125,24.0126953125
2026-01-18 21:00:00,2026-01-18 20:00:00,2026-01-18,20,6,1,11257,11175.328575010783,11257.068,-0.068359375,0.068359375
2026-01-18 22:00:00,2026-01-18 21:00:00,2026-01-18,21,6,1,11064,11039.383002596598,11084.207,-20.20703125,20.20703125
2026-01-18 23:00:00,2026-01-18 22:00:00,2026-01-18,22,6,1,10731,10799.240750184355,10810.176,-79.17578125,79.17578125
2026-01-19 00:00:00,2026-01-18 23:00:00,2026-01-18,23,6,1,10488,10364.202273159442,10424.955,63.044921875,63.044921875
2026-01-19 01:00:00,2026-01-19 00:00:00,2026-01-19,0,0,1,10337,10311.301908019343,10302.743,34.2568359375,34.2568359375
2026-01-19 02:00:00,2026-01-19 01:00:00,2026-01-19,1,0,1,10229,10217.72467655187,10234.25,-5.25,5.25
2026-01-19 03:00:00,2026-01-19 02:00:00,2026-01-19,2,0,1,10177,10153.686393928796,10163.528,13.4716796875,13.4716796875
2026-01-19 04:00:00,2026-01-19 03:00:00,2026-01-19,3,0,1,10148,10165.16730767817,10135.6045,12.3955078125,12.3955078125
2026-01-19 05:00:00,2026-01-19 04:00:00,2026-01-19,4,0,1,10118,10195.458397987572,10180.1,-62.099609375,62.099609375
2026-01-19 06:00:00,2026-01-19 05:00:00,2026-01-19,5,0,1,10295,10206.725532677643,10252.3545,42.6455078125,42.6455078125
2026-01-19 07:00:00,2026-01-19 06:00:00,2026-01-19,6,0,1,10713,10525.262904799367,10684.607,28.392578125,28.392578125
2026-01-19 08:00:00,2026-01-19 07:00:00,2026-01-19,7,0,1,11235,11038.842626649886,11156.016,78.984375,78.984375
2026-01-19 09:00:00,2026-01-19 08:00:00,2026-01-19,8,0,1,11465,11530.633441949994,11371.44,93.5595703125,93.5595703125
2026-01-19 10:00:00,2026-01-19 09:00:00,2026-01-19,9,0,1,11453,11544.610183656432,11500.28,-47.2802734375,47.2802734375
2026-01-19 11:00:00,2026-01-19 10:00:00,2026-01-19,10,0,1,11426,11389.836250394494,11420.175,5.8251953125,5.8251953125
2026-01-19 12:00:00,2026-01-19 11:00:00,2026-01-19,11,0,1,11411,11371.838136311853,11381.861,29.138671875,29.138671875
2026-01-19 13:00:00,2026-01-19 12:00:00,2026-01-19,12,0,1,11362,11400.02227090252,11365.885,-3.884765625,3.884765625
2026-01-19 14:00:00,2026-01-19 13:00:00,2026-01-19,13,0,1,11247,11374.908454241919,11338.614,-91.6142578125,91.6142578125
2026-01-19 15:00:00,2026-01-19 14:00:00,2026-01-19,14,0,1,11203,11226.745053364555,11212.106,-9.1064453125,9.1064453125
2026-01-19 16:00:00,2026-01-19 15:00:00,2026-01-19,15,0,1,11212,11220.00624638056,11222.153,-10.1533203125,10.1533203125
2026-01-19 17:00:00,2026-01-19 16:00:00,2026-01-19,16,0,1,11417,11262.234540495312,11351.611,65.388671875,65.388671875
2026-01-19 18:00:00,2026-01-19 17:00:00,2026-01-19,17,0,1,11674,11561.580940744514,11598.231,75.7685546875,75.7685546875
2026-01-19 19:00:00,2026-01-19 18:00:00,2026-01-19,18,0,1,11509,11780.077877798374,11532.642,-23.6416015625,23.6416015625
2026-01-19 20:00:00,2026-01-19 19:00:00,2026-01-19,19,0,1,11341,11361.175601086217,11413.124,-72.1240234375,72.1240234375
2026-01-19 21:00:00,2026-01-19 20:00:00,2026-01-19,20,0,1,11223,11181.15415062837,11241.472,-18.4716796875,18.4716796875
2026-01-19 22:00:00,2026-01-19 21:00:00,2026-01-19,21,0,1,10963,11075.050000800467,11024.227,-61.2265625,61.2265625
2026-01-19 23:00:00,2026-01-19 22:00:00,2026-01-19,22,0,1,10632,10712.6966767612,10662.823,-30.8232421875,30.8232421875
2026-01-20 00:00:00,2026-01-19 23:00:00,2026-01-19,23,0,1,10325,10320.001622151267,10342.029,-17.029296875,17.029296875
2026-01-20 01:00:00,2026-01-20 00:00:00,2026-01-20,0,1,1,10208,10134.109947234127,10159.761,48.2392578125,48.2392578125
2026-01-20 02:00:00,2026-01-20 01:00:00,2026-01-20,1,1,1,10178,10130.801046891858,10130.516,47.484375,47.484375
2026-01-20 03:00:00,2026-01-20 02:00:00,2026-01-20,2,1,1,10198,10167.784521885513,10118.361,79.638671875,79.638671875
2026-01-20 04:00:00,2026-01-20 03:00:00,2026-01-20,3,1,1,10264,10250.29584436131,10183.095,80.9052734375,80.9052734375
2026-01-20 05:00:00,2026-01-20 04:00:00,2026-01-20,4,1,1,10310,10384.709947491448,10289.423,20.5771484375,20.5771484375
2026-01-20 06:00:00,2026-01-20 05:00:00,2026-01-20,5,1,1,10481,10460.398342282188,10455.389,25.611328125,25.611328125
2026-01-20 07:00:00,2026-01-20 06:00:00,2026-01-20,6,1,1,10882,10696.272730017867,10861.409,20.5908203125,20.5908203125
2026-01-20 08:00:00,2026-01-20 07:00:00,2026-01-20,7,1,1,11347,11177.512103139252,11298.342,48.658203125,48.658203125
2026-01-20 09:00:00,2026-01-20 08:00:00,2026-01-20,8,1,1,11430,11598.385466739637,11507.151,-77.1513671875,77.1513671875
2026-01-20 10:00:00,2026-01-20 09:00:00,2026-01-20,9,1,1,11424,11436.53193124955,11455.238,-31.23828125,31.23828125
2026-01-20 11:00:00,2026-01-20 10:00:00,2026-01-20,10,1,1,11402,11375.943337955272,11409.681,-7.6806640625,7.6806640625
2026-01-20 12:00:00,2026-01-20 11:00:00,2026-01-20,11,1,1,11354,11362.430729112599,11387.436,-33.435546875,33.435546875
2026-01-20 13:00:00,2026-01-20 12:00:00,2026-01-20,12,1,1,11286,11336.941143106313,11301.574,-15.57421875,15.57421875
2026-01-20 14:00:00,2026-01-20 13:00:00,2026-01-20,13,1,1,11160,11292.651082997916,11252.395,-92.39453125,92.39453125
2026-01-20 15:00:00,2026-01-20 14:00:00,2026-01-20,14,1,1,11219,11126.077971047758,11147.511,71.4892578125,71.4892578125
2026-01-20 16:00:00,2026-01-20 15:00:00,2026-01-20,15,1,1,11267,11281.97213922688,11300.006,-33.005859375,33.005859375
2026-01-20 17:00:00,2026-01-20 16:00:00,2026-01-20,16,1,1,11448,11326.770741028968,11436.402,11.59765625,11.59765625
2026-01-20 18:00:00,2026-01-20 17:00:00,2026-01-20,17,1,1,11612,11563.654225029204,11622.24,-10.240234375,10.240234375
2026-01-20 19:00:00,2026-01-20 18:00:00,2026-01-20,18,1,1,11485,11659.753819192207,11500.256,-15.255859375,15.255859375
2026-01-20 20:00:00,2026-01-20 19:00:00,2026-01-20,19,1,1,11451,11350.850481240137,11408.22,42.7802734375,42.7802734375
2026-01-20 21:00:00,2026-01-20 20:00:00,2026-01-20,20,1,1,11422,11354.489035064442,11321.766,100.234375,100.234375
2026-01-20 22:00:00,2026-01-20 21:00:00,2026-01-20,21,1,1,11277,11310.64143772697,11229.451,47.548828125,47.548828125
2026-01-20 23:00:00,2026-01-20 22:00:00,2026-01-20,22,1,1,10970,11081.379656578521,11002.397,-32.3974609375,32.3974609375
2026-01-21 00:00:00,2026-01-20 23:00:00,2026-01-20,23,1,1,10683,10659.799715695917,10662.339,20.6611328125,20.6611328125
2026-01-21 01:00:00,2026-01-21 00:00:00,2026-01-21,0,2,1,10502,10481.82264868718,10489.472,12.5283203125,12.5283203125
2026-01-21 02:00:00,2026-01-21 01:00:00,2026-01-21,1,2,1,10411,10359.090479701126,10386.63,24.3701171875,24.3701171875
2026-01-21 03:00:00,2026-01-21 02:00:00,2026-01-21,2,2,1,10361,10328.367295158605,10310.119,50.880859375,50.880859375
2026-01-21 04:00:00,2026-01-21 03:00:00,2026-01-21,3,2,1,10379,10331.137170135456,10342.13,36.8701171875,36.8701171875
2026-01-21 05:00:00,2026-01-21 04:00:00,2026-01-21,4,2,1,10428,10429.486671516432,10405.459,22.541015625,22.541015625
2026-01-21 06:00:00,2026-01-21 05:00:00,2026-01-21,5,2,1,10604,10542.67094138741,10558.986,45.013671875,45.013671875
2026-01-21 07:00:00,2026-01-21 06:00:00,2026-01-21,6,2,1,11003,10815.674227589778,10993.024,9.9755859375,9.9755859375
2026-01-21 08:00:00,2026-01-21 07:00:00,2026-01-21,7,2,1,11439,11301.032553758521,11423.354,15.646484375,15.646484375
2026-01-21 09:00:00,2026-01-21 08:00:00,2026-01-21,8,2,1,11613,11680.98388893391,11552.508,60.4921875,60.4921875
2026-01-21 10:00:00,2026-01-21 09:00:00,2026-01-21,9,2,1,11613,11658.86206121414,11675.197,-62.197265625,62.197265625
2026-01-21 11:00:00,2026-01-21 10:00:00,2026-01-21,10,2,1,11565,11552.149651529557,11649.738,-84.73828125,84.73828125
2026-01-21 12:00:00,2026-01-21 11:00:00,2026-01-21,11,2,1,11556,11494.660441348457,11552.35,3.650390625,3.650390625
2026-01-21 13:00:00,2026-01-21 12:00:00,2026-01-21,12,2,1,11569,11537.175268925279,11517.077,51.9228515625,51.9228515625
2026-01-21 14:00:00,2026-01-21 13:00:00,2026-01-21,13,2,1,11503,11593.100369307198,11580.228,-77.2275390625,77.2275390625
2026-01-21 15:00:00,2026-01-21 14:00:00,2026-01-21,14,2,1,11561,11488.282197021388,11495.555,65.4453125,65.4453125
2026-01-21 16:00:00,2026-01-21 15:00:00,2026-01-21,15,2,1,11654,11604.308467139814,11634.432,19.568359375,19.568359375
2026-01-21 17:00:00,2026-01-21 16:00:00,2026-01-21,16,2,1,11903,11705.573902339685,11811.583,91.4169921875,91.4169921875
2026-01-21 18:00:00,2026-01-21 17:00:00,2026-01-21,17,2,1,12099,11998.099451491431,11975.424,123.576171875,123.576171875
2026-01-21 19:00:00,2026-01-21 18:00:00,2026-01-21,18,2,1,12005,12095.7530125468,11966.299,38.701171875,38.701171875
2026-01-21 20:00:00,2026-01-21 19:00:00,2026-01-21,19,2,1,11860,11816.724483399446,11829.442,30.5576171875,30.5576171875
2026-01-21 21:00:00,2026-01-21 20:00:00,2026-01-21,20,2,1,11727,11639.709618195404,11720.281,6.71875,6.71875
2026-01-21 22:00:00,2026-01-21 21:00:00,2026-01-21,21,2,1,11489,11504.0562834975,11529.113,-40.11328125,40.11328125
2026-01-21 23:00:00,2026-01-21 22:00:00,2026-01-21,22,2,1,11169,11185.767233825574,11253.235,-84.2353515625,84.2353515625
2026-01-22 00:00:00,2026-01-21 23:00:00,2026-01-21,23,2,1,10891,10797.300824161885,10850.217,40.783203125,40.783203125
2026-01-22 01:00:00,2026-01-22 00:00:00,2026-01-22,0,3,1,10693,10653.156510621156,10679.852,13.1484375,13.1484375
2026-01-22 02:00:00,2026-01-22 01:00:00,2026-01-22,1,3,1,10595,10513.756152804974,10600.106,-5.1064453125,5.1064453125
2026-01-22 03:00:00,2026-01-22 02:00:00,2026-01-22,2,3,1,10581,10494.704784983158,10488.751,92.2490234375,92.2490234375
2026-01-22 04:00:00,2026-01-22 03:00:00,2026-01-22,3,3,1,10632,10565.722980099541,10573.477,58.5234375,58.5234375
2026-01-22 05:00:00,2026-01-22 04:00:00,2026-01-22,4,3,1,10728,10698.321193392492,10684.162,43.837890625,43.837890625
2026-01-22 06:00:00,2026-01-22 05:00:00,2026-01-22,5,3,1,10950,10861.059903424144,10945.382,4.6181640625,4.6181640625
2026-01-22 07:00:00,2026-01-22 06:00:00,2026-01-22,6,3,1,11360,11164.74117533839,11302.725,57.275390625,57.275390625
2026-01-22 08:00:00,2026-01-22 07:00:00,2026-01-22,7,3,1,11652,11639.001559677377,11689.634,-37.6337890625,37.6337890625
2026-01-22 09:00:00,2026-01-22 08:00:00,2026-01-22,8,3,1,11797,11811.008402964597,11749.123,47.876953125,47.876953125
2026-01-22 10:00:00,2026-01-22 09:00:00,2026-01-22,9,3,1,11860,11839.919031497478,11824.922,35.078125,35.078125
2026-01-22 11:00:00,2026-01-22 10:00:00,2026-01-22,10,3,1,11910,11848.565467755207,11884.449,25.55078125,25.55078125
2026-01-22 12:00:00,2026-01-22 11:00:00,2026-01-22,11,3,1,11950,11901.062548837352,11911.165,38.8349609375,38.8349609375
2026-01-22 13:00:00,2026-01-22 12:00:00,2026-01-22,12,3,1,11901,11955.459919652527,11906.79,-5.7900390625,5.7900390625
2026-01-22 14:00:00,2026-01-22 13:00:00,2026-01-22,13,3,1,11902,11875.99985026384,11831.173,70.8271484375,70.8271484375
2026-01-22 15:00:00,2026-01-22 14:00:00,2026-01-22,14,3,1,11913,11912.44485021676,11881.313,31.6865234375,31.6865234375
2026-01-22 16:00:00,2026-01-22 15:00:00,2026-01-22,15,3,1,11918,11928.39245836979,11920.424,-2.423828125,2.423828125
2026-01-22 17:00:00,2026-01-22 16:00:00,2026-01-22,16,3,1,12065,11931.86782418498,12001.759,63.2412109375,63.2412109375
2026-01-22 18:00:00,2026-01-22 17:00:00,2026-01-22,17,3,1,12291,12133.987242777503,12150.345,140.6552734375,140.6552734375
2026-01-22 19:00:00,2026-01-22 18:00:00,2026-01-22,18,3,1,12250,12336.638111356035,12017.175,232.8251953125,232.8251953125
2026-01-22 20:00:00,2026-01-22 19:00:00,2026-01-22,19,3,1,12149,12118.807962240546,11982.186,166.814453125,166.814453125
2026-01-22 21:00:00,2026-01-22 20:00:00,2026-01-22,20,3,1,12047,11972.638823517173,11948.458,98.5419921875,98.5419921875
2026-01-22 22:00:00,2026-01-22 21:00:00,2026-01-22,21,3,1,11857,11857.117607579701,11846.898,10.1015625,10.1015625
2026-01-22 23:00:00,2026-01-22 22:00:00,2026-01-22,22,3,1,11626,11599.736971275071,11644.285,-18.28515625,18.28515625
2026-01-23 00:00:00,2026-01-22 23:00:00,2026-01-22,23,3,1,11358,11321.070858130963,11313.62,44.3798828125,44.3798828125
2026-01-23 01:00:00,2026-01-23 00:00:00,2026-01-23,0,4,1,11130,11154.203328289153,11130.218,-0.2177734375,0.2177734375
2026-01-23 02:00:00,2026-01-23 01:00:00,2026-01-23,1,4,1,10956,10956.138329463374,10942.98,13.01953125,13.01953125
2026-01-23 03:00:00,2026-01-23 02:00:00,2026-01-23,2,4,1,11009,10830.78539772193,10836.831,172.1689453125,172.1689453125
2026-01-23 04:00:00,2026-01-23 03:00:00,2026-01-23,3,4,1,10951,11037.510653588404,10993.56,-42.5595703125,42.5595703125
2026-01-23 05:00:00,2026-01-23 04:00:00,2026-01-23,4,4,1,11000,10961.367695255523,10904.426,95.57421875,95.57421875
2026-01-23 06:00:00,2026-01-23 05:00:00,2026-01-23,5,4,1,11157,11119.03288315638,11144.247,12.7529296875,12.7529296875
2026-01-23 07:00:00,2026-01-23 06:00:00,2026-01-23,6,4,1,11547,11374.478495187313,11440.068,106.931640625,106.931640625
2026-01-23 08:00:00,2026-01-23 07:00:00,2026-01-23,7,4,1,11993,11858.558519351498,11873.343,119.6572265625,119.6572265625
2026-01-23 09:00:00,2026-01-23 08:00:00,2026-01-23,8,4,1,12129,12262.351324019532,12011.602,117.3984375,117.3984375
2026-01-23 10:00:00,2026-01-23 09:00:00,2026-01-23,9,4,1,12135,12182.936298324561,12044.389,90.611328125,90.611328125
2026-01-23 11:00:00,2026-01-23 10:00:00,2026-01-23,10,4,1,12155,12106.349343105057,12036.952,118.0478515625,118.0478515625
2026-01-23 12:00:00,2026-01-23 11:00:00,2026-01-23,11,4,1,12110,12142.28213365092,12016.778,93.2216796875,93.2216796875
2026-01-23 13:00:00,2026-01-23 12:00:00,2026-01-23,12,4,1,12054,12095.549922843531,11967.496,86.50390625,86.50390625
2026-01-23 14:00:00,2026-01-23 13:00:00,2026-01-23,13,4,1,11952,12071.634346689882,11935.896,16.103515625,16.103515625
2026-01-23 15:00:00,2026-01-23 14:00:00,2026-01-23,14,4,1,11870,11946.068724523944,11863.013,6.9873046875,6.9873046875
2026-01-23 16:00:00,2026-01-23 15:00:00,2026-01-23,15,4,1,12002,11866.699849527973,11811.515,190.4853515625,190.4853515625
2026-01-23 17:00:00,2026-01-23 16:00:00,2026-01-23,16,4,1,12128,12109.661336837044,12057.415,70.5849609375,70.5849609375
2026-01-23 18:00:00,2026-01-23 17:00:00,2026-01-23,17,4,1,12238,12221.778258798837,12127.416,110.583984375,110.583984375
2026-01-23 19:00:00,2026-01-23 18:00:00,2026-01-23,18,4,1,12127,12279.545395911724,12013.796,113.2041015625,113.2041015625
2026-01-23 20:00:00,2026-01-23 19:00:00,2026-01-23,19,4,1,11972,12025.263182584004,11939.967,32.033203125,32.033203125
2026-01-23 21:00:00,2026-01-23 20:00:00,2026-01-23,20,4,1,11839,11834.514142776841,11841.254,-2.25390625,2.25390625
2026-01-23 22:00:00,2026-01-23 21:00:00,2026-01-23,21,4,1,11678,11695.42100405982,11680.157,-2.1572265625,2.1572265625
2026-01-23 23:00:00,2026-01-23 22:00:00,2026-01-23,22,4,1,11430,11488.847906177687,11447.404,-17.404296875,17.404296875
2026-01-24 00:00:00,2026-01-23 23:00:00,2026-01-23,23,4,1,11181,11170.30999732378,11185.098,-4.09765625,4.09765625
2026-01-24 01:00:00,2026-01-24 00:00:00,2026-01-24,0,5,1,10968,11015.972844261225,10981.582,-13.58203125,13.58203125
2026-01-24 02:00:00,2026-01-24 01:00:00,2026-01-24,1,5,1,10820,10831.795183961309,10831.586,-11.5859375,11.5859375
2026-01-24 03:00:00,2026-01-24 02:00:00,2026-01-24,2,5,1,10738,10738.528078416159,10747.497,-9.4970703125,9.4970703125
2026-01-24 04:00:00,2026-01-24 03:00:00,2026-01-24,3,5,1,10679,10719.209291946243,10715.804,-36.8037109375,36.8037109375
2026-01-24 05:00:00,2026-01-24 04:00:00,2026-01-24,4,5,1,10656,10712.397823033954,10679.672,-23.671875,23.671875
2026-01-24 06:00:00,2026-01-24 05:00:00,2026-01-24,5,5,1,10715,10753.397268140738,10735.118,-20.1181640625,20.1181640625
2026-01-24 07:00:00,2026-01-24 06:00:00,2026-01-24,6,5,1,10857,10900.030545942815,10873.351,-16.3505859375,16.3505859375
2026-01-24 08:00:00,2026-01-24 07:00:00,2026-01-24,7,5,1,11126,11105.492341912159,11103.933,22.0673828125,22.0673828125
2026-01-24 09:00:00,2026-01-24 08:00:00,2026-01-24,8,5,1,11305,11406.279110057709,11318.177,-13.1767578125,13.1767578125
2026-01-24 10:00:00,2026-01-24 09:00:00,2026-01-24,9,5,1,11470,11495.12208891489,11375.346,94.654296875,94.654296875
2026-01-24 11:00:00,2026-01-24 10:00:00,2026-01-24,10,5,1,11644,11616.141214615946,11510.549,133.451171875,133.451171875
2026-01-24 12:00:00,2026-01-24 11:00:00,2026-01-24,11,5,1,11681,11758.967001718993,11666.662,14.337890625,14.337890625
2026-01-24 13:00:00,2026-01-24 12:00:00,2026-01-24,12,5,1,11649,11705.906851587466,11644.047,4.953125,4.953125
2026-01-24 14:00:00,2026-01-24 13:00:00,2026-01-24,13,5,1,11596,11640.714156007138,11631.104,-35.103515625,35.103515625
2026-01-24 15:00:00,2026-01-24 14:00:00,2026-01-24,14,5,1,11539,11582.798688612895,11553.078,-14.078125,14.078125
2026-01-24 16:00:00,2026-01-24 15:00:00,2026-01-24,15,5,1,11559,11532.711600450164,11530.178,28.822265625,28.822265625
2026-01-24 17:00:00,2026-01-24 16:00:00,2026-01-24,16,5,1,11586,11592.324990050127,11728.759,-142.7587890625,142.7587890625
2026-01-24 18:00:00,2026-01-24 17:00:00,2026-01-24,17,5,1,11803,11619.947890536563,11713.204,89.7958984375,89.7958984375
2026-01-24 19:00:00,2026-01-24 18:00:00,2026-01-24,18,5,1,11768,11891.801098312766,11751.494,16.505859375,16.505859375
2026-01-24 20:00:00,2026-01-24 19:00:00,2026-01-24,19,5,1,11666,11685.702086007841,11658.903,7.0966796875,7.0966796875
2026-01-24 21:00:00,2026-01-24 20:00:00,2026-01-24,20,5,1,11646,11529.517308338885,11519.456,126.5439453125,126.5439453125
2026-01-24 22:00:00,2026-01-24 21:00:00,2026-01-24,21,5,1,11585,11532.72810445195,11440.464,144.5361328125,144.5361328125
2026-01-24 23:00:00,2026-01-24 22:00:00,2026-01-24,22,5,1,11384,11427.874791360846,11377.043,6.95703125,6.95703125
2026-01-25 00:00:00,2026-01-24 23:00:00,2026-01-24,23,5,1,11183,11126.777144243682,11132.05,50.9501953125,50.9501953125
2026-01-25 01:00:00,2026-01-25 00:00:00,2026-01-25,0,6,1,11057,11044.653536222135,10989.009,67.9912109375,67.9912109375
2026-01-25 02:00:00,2026-01-25 01:00:00,2026-01-25,1,6,1,10951,10956.411487111338,10900.784,50.2158203125,50.2158203125
2026-01-25 03:00:00,2026-01-25 02:00:00,2026-01-25,2,6,1,10913,10868.669714216127,10849.518,63.482421875,63.482421875
2026-01-25 04:00:00,2026-01-25 03:00:00,2026-01-25,3,6,1,10916,10882.301546634186,10873.381,42.619140625,42.619140625
2026-01-25 05:00:00,2026-01-25 04:00:00,2026-01-25,4,6,1,10946,10938.839098443414,10917.438,28.5615234375,28.5615234375
2026-01-25 06:00:00,2026-01-25 05:00:00,2026-01-25,5,6,1,11017,11017.364337085457,10974.519,42.4814453125,42.4814453125
2026-01-25 07:00:00,2026-01-25 06:00:00,2026-01-25,6,6,1,11102,11140.015476284709,11143.172,-41.171875,41.171875
2026-01-25 08:00:00,2026-01-25 07:00:00,2026-01-25,7,6,1,11296,11246.411750604235,11250.712,45.2880859375,45.2880859375
2026-01-25 09:00:00,2026-01-25 08:00:00,2026-01-25,8,6,1,11494,11480.217500364948,11420.625,73.375,73.375
2026-01-25 10:00:00,2026-01-25 09:00:00,2026-01-25,9,6,1,11632,11650.763437346022,11579.409,52.5908203125,52.5908203125
2026-01-25 11:00:00,2026-01-25 10:00:00,2026-01-25,10,6,1,11666,11731.77867337499,11700.357,-34.357421875,34.357421875
2026-01-25 12:00:00,2026-01-25 11:00:00,2026-01-25,11,6,1,11623,11700.288929546272,11658.589,-35.5888671875,35.5888671875
2026-01-25 13:00:00,2026-01-25 12:00:00,2026-01-25,12,6,1,11612,11622.17611475072,11609.966,2.0341796875,2.0341796875
2026-01-25 14:00:00,2026-01-25 13:00:00,2026-01-25,13,6,1,11567,11639.004465195641,11599.155,-32.1552734375,32.1552734375
2026-01-25 15:00:00,2026-01-25 14:00:00,2026-01-25,14,6,1,11560,11582.12651237965,11561.047,-1.046875,1.046875
2026-01-25 16:00:00,2026-01-25 15:00:00,2026-01-25,15,6,1,11603,11597.247221752983,11616.866,-13.8662109375,13.8662109375
2026-01-25 17:00:00,2026-01-25 16:00:00,2026-01-25,16,6,1,11751,11663.923475114147,11775.562,-24.5615234375,24.5615234375
2026-01-25 18:00:00,2026-01-25 17:00:00,2026-01-25,17,6,1,12018,11848.909879404919,11928.572,89.427734375,89.427734375
2026-01-25 19:00:00,2026-01-25 18:00:00,2026-01-25,18,6,1,11977,12109.959189188598,12017.965,-40.96484375,40.96484375
2026-01-25 20:00:00,2026-01-25 19:00:00,2026-01-25,19,6,1,11821,11864.219378075282,11892.048,-71.0478515625,71.0478515625
2026-01-25 21:00:00,2026-01-25 20:00:00,2026-01-25,20,6,1,11676,11636.423678240704,11736.288,-60.2880859375,60.2880859375
2026-01-25 22:00:00,2026-01-25 21:00:00,2026-01-25,21,6,1,11436,11489.622369961276,11472.419,-36.4189453125,36.4189453125
2026-01-25 23:00:00,2026-01-25 22:00:00,2026-01-25,22,6,1,11134,11174.672178090097,11176.403,-42.4033203125,42.4033203125
2026-01-26 00:00:00,2026-01-25 23:00:00,2026-01-25,23,6,1,10883,10811.883846751498,10867.195,15.8046875,15.8046875
2026-01-26 01:00:00,2026-01-26 00:00:00,2026-01-26,0,0,1,10684,10731.026666796957,10729.373,-45.373046875,45.373046875
2026-01-26 02:00:00,2026-01-26 01:00:00,2026-01-26,1,0,1,10558,10570.121852907867,10600.637,-42.63671875,42.63671875
2026-01-26 03:00:00,2026-01-26 02:00:00,2026-01-26,2,0,1,10526,10504.42425214278,10504.397,21.6025390625,21.6025390625
2026-01-26 04:00:00,2026-01-26 03:00:00,2026-01-26,3,0,1,10540,10555.439781286865,10536.626,3.3740234375,3.3740234375
2026-01-26 05:00:00,2026-01-26 04:00:00,2026-01-26,4,0,1,10619,10630.962278760115,10579.551,39.44921875,39.44921875
2026-01-26 06:00:00,2026-01-26 05:00:00,2026-01-26,5,0,1,10802,10781.834737928497,10833.065,-31.0654296875,31.0654296875
2026-01-26 07:00:00,2026-01-26 06:00:00,2026-01-26,6,0,1,11237,11037.324785523837,11202.765,34.2353515625,34.2353515625
2026-01-26 08:00:00,2026-01-26 07:00:00,2026-01-26,7,0,1,11684,11560.89948885797,11631.391,52.609375,52.609375
2026-01-26 09:00:00,2026-01-26 08:00:00,2026-01-26,8,0,1,11871,11938.62802208372,11750.681,120.3193359375,120.3193359375
2026-01-26 10:00:00,2026-01-26 09:00:00,2026-01-26,9,0,1,11932,11936.482179398656,11862.166,69.833984375,69.833984375
2026-01-26 11:00:00,2026-01-26 10:00:00,2026-01-26,10,0,1,11889,11915.55001942996,11932.515,-43.5146484375,43.5146484375
2026-01-26 12:00:00,2026-01-26 11:00:00,2026-01-26,11,0,1,11898,11832.027911661155,11858.961,39.0390625,39.0390625
2026-01-26 13:00:00,2026-01-26 12:00:00,2026-01-26,12,0,1,11880,11901.353574519475,11870.048,9.9521484375,9.9521484375
2026-01-26 14:00:00,2026-01-26 13:00:00,2026-01-26,13,0,1,11925,11898.009898917344,11825.313,99.6865234375,99.6865234375
2026-01-26 15:00:00,2026-01-26 14:00:00,2026-01-26,14,0,1,11928,11979.206092453862,11924.068,3.931640625,3.931640625
2026-01-26 16:00:00,2026-01-26 15:00:00,2026-01-26,15,0,1,11941,11950.977681645085,11918.449,22.55078125,22.55078125
2026-01-26 17:00:00,2026-01-26 16:00:00,2026-01-26,16,0,1,11987,11965.430791505489,12031.193,-44.193359375,44.193359375
2026-01-26 18:00:00,2026-01-26 17:00:00,2026-01-26,17,0,1,12120,12024.239489035393,12055.01,64.990234375,64.990234375
2026-01-26 19:00:00,2026-01-26 18:00:00,2026-01-26,18,0,1,12047,12159.184973303205,12044.039,2.9609375,2.9609375
2026-01-26 20:00:00,2026-01-26 19:00:00,2026-01-26,19,0,1,11983,11951.008059986303,11924.712,58.2880859375,58.2880859375
2026-01-26 21:00:00,2026-01-26 20:00:00,2026-01-26,20,0,1,11834,11878.337084869765,11843.314,-9.314453125,9.314453125
2026-01-26 22:00:00,2026-01-26 21:00:00,2026-01-26,21,0,1,11576,11663.714835290344,11623.325,-47.3251953125,47.3251953125
2026-01-26 23:00:00,2026-01-26 22:00:00,2026-01-26,22,0,1,11265,11316.538572544127,11277.646,-12.646484375,12.646484375
2026-01-27 00:00:00,2026-01-26 23:00:00,2026-01-26,23,0,1,10960,10951.521224640188,10969.649,-9.6494140625,9.6494140625
2026-01-27 01:00:00,2026-01-27 00:00:00,2026-01-27,0,1,1,10797,10753.062684205779,10748.407,48.5927734375,48.5927734375
2026-01-27 02:00:00,2026-01-27 01:00:00,2026-01-27,1,1,1,10726,10677.091684829851,10682.996,43.00390625,43.00390625
2026-01-27 03:00:00,2026-01-27 02:00:00,2026-01-27,2,1,1,10685,10683.049242405908,10681.768,3.232421875,3.232421875
2026-01-27 04:00:00,2026-01-27 03:00:00,2026-01-27,3,1,1,10640,10701.044675730494,10664.54,-24.5400390625,24.5400390625
2026-01-27 05:00:00,2026-01-27 04:00:00,2026-01-27,4,1,1,10636,10702.503539675325,10661.926,-25.92578125,25.92578125
2026-01-27 06:00:00,2026-01-27 05:00:00,2026-01-27,5,1,1,10836,10769.026648184798,10763.431,72.5693359375,72.5693359375
2026-01-27 07:00:00,2026-01-27 06:00:00,2026-01-27,6,1,1,11212,11102.00513066028,11239.139,-27.138671875,27.138671875
2026-01-27 08:00:00,2026-01-27 07:00:00,2026-01-27,7,1,1,11657,11535.598677948974,11596.899,60.1005859375,60.1005859375
2026-01-27 09:00:00,2026-01-27 08:00:00,2026-01-27,8,1,1,11786,11938.500732343437,11720.12,65.8798828125,65.8798828125
2026-01-27 10:00:00,2026-01-27 09:00:00,2026-01-27,9,1,1,11716,11850.70522261323,11788.353,-72.3525390625,72.3525390625
2026-01-27 11:00:00,2026-01-27 10:00:00,2026-01-27,10,1,1,11663,11668.813128525671,11674.42,-11.419921875,11.419921875
2026-01-27 12:00:00,2026-01-27 11:00:00,2026-01-27,11,1,1,11608,11644.249316230676,11629.112,-21.1123046875,21.1123046875
2026-01-27 13:00:00,2026-01-27 12:00:00,2026-01-27,12,1,1,11493,11620.298185620686,11527.222,-34.2216796875,34.2216796875
2026-01-27 14:00:00,2026-01-27 13:00:00,2026-01-27,13,1,1,11429,11491.689630721105,11478.475,-49.474609375,49.474609375
2026-01-27 15:00:00,2026-01-27 14:00:00,2026-01-27,14,1,1,11366,11446.646764330093,11377.667,-11.6669921875,11.6669921875
2026-01-27 16:00:00,2026-01-27 15:00:00,2026-01-27,15,1,1,11435,11382.129953414065,11340.606,94.3935546875,94.3935546875
2026-01-27 17:00:00,2026-01-27 16:00:00,2026-01-27,16,1,1,11670,11522.026008489298,11557.527,112.47265625,112.47265625
2026-01-27 18:00:00,2026-01-27 17:00:00,2026-01-27,17,1,1,11876,11825.524895096756,11770.82,105.1796875,105.1796875
2026-01-27 19:00:00,2026-01-27 18:00:00,2026-01-27,18,1,1,11758,11952.513484665275,11795.21,-37.2099609375,37.2099609375
2026-01-27 20:00:00,2026-01-27 19:00:00,2026-01-27,19,1,1,11642,11631.817076325664,11642.942,-0.9423828125,0.9423828125
2026-01-27 21:00:00,2026-01-27 20:00:00,2026-01-27,20,1,1,11527,11504.851385232547,11481.258,45.7421875,45.7421875
2026-01-27 22:00:00,2026-01-27 21:00:00,2026-01-27,21,1,1,11298,11378.172827929227,11337.128,-39.1279296875,39.1279296875
2026-01-27 23:00:00,2026-01-27 22:00:00,2026-01-27,22,1,1,10976,11061.854765826123,11025.157,-49.1572265625,49.1572265625
2026-01-28 00:00:00,2026-01-27 23:00:00,2026-01-27,23,1,1,10712,10661.269687950726,10683.117,28.8828125,28.8828125
2026-01-28 01:00:00,2026-01-28 00:00:00,2026-01-28,0,2,1,10620,10526.841563641114,10581.449,38.55078125,38.55078125
2026-01-28 02:00:00,2026-01-28 01:00:00,2026-01-28,1,2,1,10495,10534.771500424848,10547.389,-52.388671875,52.388671875
2026-01-28 03:00:00,2026-01-28 02:00:00,2026-01-28,2,2,1,10460,10412.818560324775,10430.681,29.3193359375,29.3193359375
2026-01-28 04:00:00,2026-01-28 03:00:00,2026-01-28,3,2,1,10407,10463.548480797172,10469.071,-62.0712890625,62.0712890625
2026-01-28 05:00:00,2026-01-28 04:00:00,2026-01-28,4,2,1,10439,10446.855863428556,10398.994,40.005859375,40.005859375
2026-01-28 06:00:00,2026-01-28 05:00:00,2026-01-28,5,2,1,10659,10567.447120436484,10590.657,68.3427734375,68.3427734375
2026-01-28 07:00:00,2026-01-28 06:00:00,2026-01-28,6,2,1,11035,10909.89978212759,11018.282,16.7177734375,16.7177734375
2026-01-28 08:00:00,2026-01-28 07:00:00,2026-01-28,7,2,1,11490,11336.892224997117,11433.73,56.26953125,56.26953125
2026-01-28 09:00:00,2026-01-28 08:00:00,2026-01-28,8,2,1,11644,11754.727854214003,11600.603,43.3974609375,43.3974609375
2026-01-28 10:00:00,2026-01-28 09:00:00,2026-01-28,9,2,1,11617,11693.177819557674,11649.521,-32.521484375,32.521484375
2026-01-28 11:00:00,2026-01-28 10:00:00,2026-01-28,10,2,1,11612,11556.998733616361,11600.514,11.486328125,11.486328125
2026-01-28 12:00:00,2026-01-28 11:00:00,2026-01-28,11,2,1,11569,11579.735660825396,11593.5,-24.5,24.5
2026-01-28 13:00:00,2026-01-28 12:00:00,2026-01-28,12,2,1,11569,11548.946469050836,11509.414,59.5859375,59.5859375
2026-01-28 14:00:00,2026-01-28 13:00:00,2026-01-28,13,2,1,11538,11605.004434101644,11551.362,-13.3623046875,13.3623046875
2026-01-28 15:00:00,2026-01-28 14:00:00,2026-01-28,14,2,1,11470,11556.876440738073,11485.47,-15.4697265625,15.4697265625
2026-01-28 16:00:00,2026-01-28 15:00:00,2026-01-28,15,2,1,11502,11466.258849852213,11433.241,68.7587890625,68.7587890625
2026-01-28 17:00:00,2026-01-28 16:00:00,2026-01-28,16,2,1,11642,11552.397080565366,11648.469,-6.46875,6.46875
2026-01-28 18:00:00,2026-01-28 17:00:00,2026-01-28,17,2,1,11818,11734.932271185684,11779.067,38.9326171875,38.9326171875
2026-01-28 19:00:00,2026-01-28 18:00:00,2026-01-28,18,2,1,11700,11875.090590412374,11724.411,-24.4111328125,24.4111328125
2026-01-28 20:00:00,2026-01-28 19:00:00,2026-01-28,19,2,1,11577,11574.765676431098,11563.802,13.1982421875,13.1982421875
2026-01-28 21:00:00,2026-01-28 20:00:00,2026-01-28,20,2,1,11400,11435.166165398989,11421.717,-21.716796875,21.716796875
2026-01-28 22:00:00,2026-01-28 21:00:00,2026-01-28,21,2,1,11161,11208.471759887727,11213.211,-52.2109375,52.2109375
2026-01-28 23:00:00,2026-01-28 22:00:00,2026-01-28,22,2,1,10921,10903.677181806226,10892.752,28.248046875,28.248046875
2026-01-29 00:00:00,2026-01-28 23:00:00,2026-01-28,23,2,1,10667,10637.175748461075,10638.932,28.068359375,28.068359375
2026-01-29 01:00:00,2026-01-29 00:00:00,2026-01-29,0,3,1,10488,10487.412395186491,10501.15,-13.150390625,13.150390625
2026-01-29 02:00:00,2026-01-29 01:00:00,2026-01-29,1,3,1,10428,10361.715886415874,10374.677,53.3232421875,53.3232421875
2026-01-29 03:00:00,2026-01-29 02:00:00,2026-01-29,2,3,1,10325,10390.977090351118,10329.333,-4.3330078125,4.3330078125
2026-01-29 04:00:00,2026-01-29 03:00:00,2026-01-29,3,3,1,10305,10300.41784116407,10286.198,18.8017578125,18.8017578125
2026-01-29 05:00:00,2026-01-29 04:00:00,2026-01-29,4,3,1,10290,10364.998983086882,10313.177,-23.1767578125,23.1767578125
2026-01-29 06:00:00,2026-01-29 05:00:00,2026-01-29,5,3,1,10465,10400.843996785752,10405.386,59.6142578125,59.6142578125
2026-01-29 07:00:00,2026-01-29 06:00:00,2026-01-29,6,3,1,10865,10714.335000015459,10832.7705,32.2294921875,32.2294921875
2026-01-29 08:00:00,2026-01-29 07:00:00,2026-01-29,7,3,1,11304,11199.7740592377,11297.385,6.615234375,6.615234375
2026-01-29 09:00:00,2026-01-29 08:00:00,2026-01-29,8,3,1,11383,11579.637259392013,11405.682,-22.681640625,22.681640625
2026-01-29 10:00:00,2026-01-29 09:00:00,2026-01-29,9,3,1,11406,11420.93382165295,11395.363,10.63671875,10.63671875
2026-01-29 11:00:00,2026-01-29 10:00:00,2026-01-29,10,3,1,11388,11401.425554925101,11428.57,-40.5703125,40.5703125
2026-01-29 12:00:00,2026-01-29 11:00:00,2026-01-29,11,3,1,11270,11374.452413615047,11333.736,-63.736328125,63.736328125
2026-01-29 13:00:00,2026-01-29 12:00:00,2026-01-29,12,3,1,11214,11238.314422564035,11203.067,10.9326171875,10.9326171875
2026-01-29 14:00:00,2026-01-29 13:00:00,2026-01-29,13,3,1,11213,11241.233608596429,11188.321,24.6787109375,24.6787109375
2026-01-29 15:00:00,2026-01-29 14:00:00,2026-01-29,14,3,1,11191,11257.835353828534,11195.221,-4.220703125,4.220703125
2026-01-29 16:00:00,2026-01-29 15:00:00,2026-01-29,15,3,1,11199,11217.06531292347,11225.974,-26.9736328125,26.9736328125
2026-01-29 17:00:00,2026-01-29 16:00:00,2026-01-29,16,3,1,11351,11245.142186901327,11327.374,23.6259765625,23.6259765625
2026-01-29 18:00:00,2026-01-29 17:00:00,2026-01-29,17,3,1,11534,11466.047810370013,11554.079,-20.0791015625,20.0791015625
2026-01-29 19:00:00,2026-01-29 18:00:00,2026-01-29,18,3,1,11492,11606.658435043291,11483.042,8.9580078125,8.9580078125
2026-01-29 20:00:00,2026-01-29 19:00:00,2026-01-29,19,3,1,11406,11409.539862587304,11431.652,-25.65234375,25.65234375
2026-01-29 21:00:00,2026-01-29 20:00:00,2026-01-29,20,3,1,11349,11282.226946589857,11307.781,41.21875,41.21875
2026-01-29 22:00:00,2026-01-29 21:00:00,2026-01-29,21,3,1,11148,11222.637976495003,11176.1,-28.099609375,28.099609375
2026-01-29 23:00:00,2026-01-29 22:00:00,2026-01-29,22,3,1,10838,10924.480729606103,10885.22,-47.2197265625,47.2197265625
2026-01-30 00:00:00,2026-01-29 23:00:00,2026-01-29,23,3,1,10562,10527.223575509579,10587.576,-25.576171875,25.576171875
2026-01-30 01:00:00,2026-01-30 00:00:00,2026-01-30,0,4,1,10358,10386.9431661936,10374.594,-16.59375,16.59375
2026-01-30 02:00:00,2026-01-30 01:00:00,2026-01-30,1,4,1,10210,10223.383652217859,10273.053,-63.052734375,63.052734375
2026-01-30 03:00:00,2026-01-30 02:00:00,2026-01-30,2,4,1,10159,10125.215627127587,10133.447,25.552734375,25.552734375
2026-01-30 04:00:00,2026-01-30 03:00:00,2026-01-30,3,4,1,10182,10158.247810429739,10140.576,41.423828125,41.423828125
2026-01-30 05:00:00,2026-01-30 04:00:00,2026-01-30,4,4,1,10265,10265.109726551895,10213.74,51.259765625,51.259765625
2026-01-30 06:00:00,2026-01-30 05:00:00,2026-01-30,5,4,1,10412,10426.22319131628,10460.909,-48.9091796875,48.9091796875
2026-01-30 07:00:00,2026-01-30 06:00:00,2026-01-30,6,4,1,10762,10641.022830203457,10717.184,44.81640625,44.81640625
2026-01-30 08:00:00,2026-01-30 07:00:00,2026-01-30,7,4,1,11208,11074.180241912323,11191.765,16.2353515625,16.2353515625
2026-01-30 09:00:00,2026-01-30 08:00:00,2026-01-30,8,4,1,11436,11494.291335450576,11364.8545,71.1455078125,71.1455078125
2026-01-30 10:00:00,2026-01-30 09:00:00,2026-01-30,9,4,1,11528,11544.900249152177,11488.779,39.220703125,39.220703125
2026-01-30 11:00:00,2026-01-30 10:00:00,2026-01-30,10,4,1,11590,11538.228741738927,11557.984,32.015625,32.015625
2026-01-30 12:00:00,2026-01-30 11:00:00,2026-01-30,11,4,1,11622,11577.83499168152,11612.0205,9.9794921875,9.9794921875
2026-01-30 13:00:00,2026-01-30 12:00:00,2026-01-30,12,4,1,11571,11610.926868980421,11584.4,-13.400390625,13.400390625
2026-01-30 14:00:00,2026-01-30 13:00:00,2026-01-30,13,4,1,11552,11544.959290483372,11521.815,30.1845703125,30.1845703125
2026-01-30 15:00:00,2026-01-30 14:00:00,2026-01-30,14,4,1,11498,11553.8779888336,11534.432,-36.431640625,36.431640625
2026-01-30 16:00:00,2026-01-30 15:00:00,2026-01-30,15,4,1,11481,11485.789328207828,11514.608,-33.6083984375,33.6083984375
2026-01-30 17:00:00,2026-01-30 16:00:00,2026-01-30,16,4,1,11541,11486.905128512868,11610.1875,-69.1875,69.1875
2026-01-30 18:00:00,2026-01-30 17:00:00,2026-01-30,17,4,1,11693,11582.216244398256,11660.709,32.291015625,32.291015625
2026-01-30 19:00:00,2026-01-30 18:00:00,2026-01-30,18,4,1,11565,11744.620891335451,11640.738,-75.73828125,75.73828125
2026-01-30 20:00:00,2026-01-30 19:00:00,2026-01-30,19,4,1,11399,11445.55566247514,11443.244,-44.244140625,44.244140625
2026-01-30 21:00:00,2026-01-30 20:00:00,2026-01-30,20,4,1,11272,11243.711750023454,11293.263,-21.2626953125,21.2626953125
2026-01-30 22:00:00,2026-01-30 21:00:00,2026-01-30,21,4,1,11116,11113.265934741747,11095.575,20.4248046875,20.4248046875
2026-01-30 23:00:00,2026-01-30 22:00:00,2026-01-30,22,4,1,10868,10913.020739060426,10879.682,-11.681640625,11.681640625
2026-01-31 00:00:00,2026-01-30 23:00:00,2026-01-30,23,4,1,10591,10593.650154332738,10606.933,-15.9326171875,15.9326171875
2026-01-31 01:00:00,2026-01-31 00:00:00,2026-01-31,0,5,1,10354,10401.863820748513,10365.541,-11.541015625,11.541015625
2026-01-31 02:00:00,2026-01-31 01:00:00,2026-01-31,1,5,1,10176,10197.526675694025,10231.105,-55.10546875,55.10546875
2026-01-31 03:00:00,2026-01-31 02:00:00,2026-01-31,2,5,1,10112,10067.81340317517,10071.442,40.5576171875,40.5576171875
2026-01-31 04:00:00,2026-01-31 03:00:00,2026-01-31,3,5,1,10057,10092.794814726645,10093.763,-36.7626953125,36.7626953125
2026-01-31 05:00:00,2026-01-31 04:00:00,2026-01-31,4,5,1,10069,10081.30099528254,10083.11,-14.1103515625,14.1103515625
2026-01-31 06:00:00,2026-01-31 05:00:00,2026-01-31,5,5,1,10082,10176.03679882974,10148.686,-66.685546875,66.685546875
2026-01-31 07:00:00,2026-01-31 06:00:00,2026-01-31,6,5,1,10211,10238.898448284384,10187.797,23.203125,23.203125
2026-01-31 08:00:00,2026-01-31 07:00:00,2026-01-31,7,5,1,10428,10462.0512014725,10449.659,-21.6591796875,21.6591796875
2026-01-31 09:00:00,2026-01-31 08:00:00,2026-01-31,8,5,1,10612,10698.554020638456,10581.549,30.451171875,30.451171875
2026-01-31 10:00:00,2026-01-31 09:00:00,2026-01-31,9,5,1,10724,10828.156103451603,10810.271,-86.271484375,86.271484375
2026-01-31 11:00:00,2026-01-31 10:00:00,2026-01-31,10,5,1,10746,10874.92023561898,10843.012,-97.01171875,97.01171875
2026-01-31 12:00:00,2026-01-31 11:00:00,2026-01-31,11,5,1,10776,10831.845407052104,10731.178,44.822265625,44.822265625
2026-01-31 13:00:00,2026-01-31 12:00:00,2026-01-31,12,5,1,10730,10859.75924715864,10755.604,-25.603515625,25.603515625
2026-01-31 14:00:00,2026-01-31 13:00:00,2026-01-31,13,5,1,10689,10780.072218157062,10718.099,-29.0986328125,29.0986328125
2026-01-31 15:00:00,2026-01-31 14:00:00,2026-01-31,14,5,1,10673,10745.103361467396,10723.967,-50.966796875,50.966796875
2026-01-31 16:00:00,2026-01-31 15:00:00,2026-01-31,15,5,1,10725,10734.082529321984,10725.075,-0.0751953125,0.0751953125
2026-01-31 17:00:00,2026-01-31 16:00:00,2026-01-31,16,5,1,10876,10807.539648947595,10884.428,-8.427734375,8.427734375
2026-01-31 18:00:00,2026-01-31 17:00:00,2026-01-31,17,5,1,11136,10984.81224791911,11108.557,27.443359375,27.443359375
2026-01-31 19:00:00,2026-01-31 18:00:00,2026-01-31,18,5,1,11184,11231.802695256596,11150.742,33.2578125,33.2578125
2026-01-31 20:00:00,2026-01-31 19:00:00,2026-01-31,19,5,1,11076,11113.298716148553,11104.694,-28.6943359375,28.6943359375
2026-01-31 21:00:00,2026-01-31 20:00:00,2026-01-31,20,5,1,10972,10904.299842535731,10981.252,-9.251953125,9.251953125
2026-01-31 22:00:00,2026-01-31 21:00:00,2026-01-31,21,5,1,10813,10794.934990841339,10809.641,3.359375,3.359375
2026-01-31 23:00:00,2026-01-31 22:00:00,2026-01-31,22,5,1,10556,10593.58675386504,10594.39,-38.3896484375,38.3896484375
2026-02-01 00:00:00,2026-01-31 23:00:00,2026-01-31,23,5,1,10317,10257.99314866828,10337.41,-20.41015625,20.41015625
2026-02-01 01:00:00,2026-02-01 00:00:00,2026-02-01,0,6,2,10123,10143.330678727394,10129.626,-6.6259765625,6.6259765625
2026-02-01 02:00:00,2026-02-01 01:00:00,2026-02-01,1,6,2,10014,9977.467737556286,10005.808,8.1923828125,8.1923828125
2026-02-01 03:00:00,2026-02-01 02:00:00,2026-02-01,2,6,2,9925,9930.644062506091,9918.541,6.458984375,6.458984375
2026-02-01 04:00:00,2026-02-01 03:00:00,2026-02-01,3,6,2,9862,9882.217771874,9900.289,-38.2890625,38.2890625
2026-02-01 05:00:00,2026-02-01 04:00:00,2026-02-01,4,6,2,9847,9874.48907392936,9865.821,-18.8212890625,18.8212890625
2026-02-01 06:00:00,2026-02-01 05:00:00,2026-02-01,5,6,2,9925,9925.656969560743,9882.499,42.5009765625,42.5009765625
2026-02-01 07:00:00,2026-02-01 06:00:00,2026-02-01,6,6,2,10093,10090.159785837152,10092.314,0.685546875,0.685546875
2026-02-01 08:00:00,2026-02-01 07:00:00,2026-02-01,7,6,2,10288,10321.900290930294,10329.937,-41.9365234375,41.9365234375
2026-02-01 09:00:00,2026-02-01 08:00:00,2026-02-01,8,6,2,10487,10512.470650338732,10444.88,42.1201171875,42.1201171875
2026-02-01 10:00:00,2026-02-01 09:00:00,2026-02-01,9,6,2,10628,10680.766550628565,10648.395,-20.39453125,20.39453125
2026-02-01 11:00:00,2026-02-01 10:00:00,2026-02-01,10,6,2,10774,10761.422270736775,10726.696,47.3037109375,47.3037109375
2026-02-01 12:00:00,2026-02-01 11:00:00,2026-02-01,11,6,2,10816,10885.399371151008,10857.751,-41.7509765625,41.7509765625
2026-02-01 13:00:00,2026-02-01 12:00:00,2026-02-01,12,6,2,10810,10862.243937354111,10836.547,-26.546875,26.546875
2026-02-01 14:00:00,2026-02-01 13:00:00,2026-02-01,13,6,2,10836,10833.16214346938,10760.645,75.35546875,75.35546875
2026-02-01 15:00:00,2026-02-01 14:00:00,2026-02-01,14,6,2,10862,10878.849653114668,10835.251,26.7490234375,26.7490234375
2026-02-01 16:00:00,2026-02-01 15:00:00,2026-02-01,15,6,2,10939,10904.41034559755,10905.217,33.783203125,33.783203125
2026-02-01 17:00:00,2026-02-01 16:00:00,2026-02-01,16,6,2,11142,11002.743673256244,11108.239,33.7607421875,33.7607421875
2026-02-01 18:00:00,2026-02-01 17:00:00,2026-02-01,17,6,2,11407,11239.435915684302,11312.555,94.4453125,94.4453125
2026-02-01 19:00:00,2026-02-01 18:00:00,2026-02-01,18,6,2,11295,11466.017515400323,11447.728,-152.7275390625,152.7275390625
2026-02-01 20:00:00,2026-02-01 19:00:00,2026-02-01,19,6,2,11164,11119.30882307404,11163.948,0.0517578125,0.0517578125
2026-02-01 21:00:00,2026-02-01 20:00:00,2026-02-01,20,6,2,11041,10969.616494862454,11041.6,-0.599609375,0.599609375
2026-02-01 22:00:00,2026-02-01 21:00:00,2026-02-01,21,6,2,10853,10842.349608444756,10856.253,-3.2529296875,3.2529296875
2026-02-01 23:00:00,2026-02-01 22:00:00,2026-02-01,22,6,2,10598,10598.764473965837,10600.397,-2.3974609375,2.3974609375
2026-02-02 00:00:00,2026-02-01 23:00:00,2026-02-01,23,6,2,10312,10281.910432618453,10307.147,4.8525390625,4.8525390625
2026-02-02 01:00:00,2026-02-02 00:00:00,2026-02-02,0,0,2,10134,10123.793596524742,10111.043,22.95703125,22.95703125
2026-02-02 02:00:00,2026-02-02 01:00:00,2026-02-02,1,0,2,10024,10011.273110082066,10038.58,-14.580078125,14.580078125
2026-02-02 03:00:00,2026-02-02 02:00:00,2026-02-02,2,0,2,9927,9957.196233631063,9964.857,-37.857421875,37.857421875
2026-02-02 04:00:00,2026-02-02 03:00:00,2026-02-02,3,0,2,9912,9899.434228367089,9931.236,-19.236328125,19.236328125
2026-02-02 05:00:00,2026-02-02 04:00:00,2026-02-02,4,0,2,9985,9971.068244860668,9962.074,22.92578125,22.92578125
2026-02-02 06:00:00,2026-02-02 05:00:00,2026-02-02,5,0,2,10200,10134.199015427232,10132.727,67.2734375,67.2734375
2026-02-02 07:00:00,2026-02-02 06:00:00,2026-02-02,6,0,2,10584,10446.869251103384,10600.395,-16.39453125,16.39453125
2026-02-02 08:00:00,2026-02-02 07:00:00,2026-02-02,7,0,2,11094,10884.067063543058,10977.819,116.1806640625,116.1806640625
2026-02-02 09:00:00,2026-02-02 08:00:00,2026-02-02,8,0,2,11242,11379.836411910084,11218.814,23.185546875,23.185546875
2026-02-02 10:00:00,2026-02-02 09:00:00,2026-02-02,9,0,2,11221,11288.423772203216,11261.101,-40.1005859375,40.1005859375
2026-02-02 11:00:00,2026-02-02 10:00:00,2026-02-02,10,0,2,11188,11172.45662931159,11191.05,-3.0498046875,3.0498046875
2026-02-02 12:00:00,2026-02-02 11:00:00,2026-02-02,11,0,2,11105,11155.972781892302,11158.594,-53.59375,53.59375
2026-02-02 13:00:00,2026-02-02 12:00:00,2026-02-02,12,0,2,11092,11085.722358467541,11035.166,56.833984375,56.833984375
2026-02-02 14:00:00,2026-02-02 13:00:00,2026-02-02,13,0,2,11074,11149.370193319564,11079.55,-5.5498046875,5.5498046875
2026-02-02 15:00:00,2026-02-02 14:00:00,2026-02-02,14,0,2,11055,11123.174267083476,11076.104,-21.103515625,21.103515625
2026-02-02 16:00:00,2026-02-02 15:00:00,2026-02-02,15,0,2,11141,11101.779440871345,11063.565,77.4345703125,77.4345703125
2026-02-02 17:00:00,2026-02-02 16:00:00,2026-02-02,16,0,2,11343,11239.989998436633,11288.959,54.041015625,54.041015625
2026-02-02 18:00:00,2026-02-02 17:00:00,2026-02-02,17,0,2,11490,11473.29007717893,11529.849,-39.8486328125,39.8486328125
2026-02-02 19:00:00,2026-02-02 18:00:00,2026-02-02,18,0,2,11372,11537.619455175984,11484.306,-112.3056640625,112.3056640625
2026-02-02 20:00:00,2026-02-02 19:00:00,2026-02-02,19,0,2,11213,11255.30914669679,11254.994,-41.994140625,41.994140625
2026-02-02 21:00:00,2026-02-02 20:00:00,2026-02-02,20,0,2,11114,11066.419843067695,11060.739,53.2607421875,53.2607421875
2026-02-02 22:00:00,2026-02-02 21:00:00,2026-02-02,21,0,2,10853,10985.076615985381,10910.202,-57.2021484375,57.2021484375
2026-02-02 23:00:00,2026-02-02 22:00:00,2026-02-02,22,0,2,10590,10608.169357479004,10596.059,-6.05859375,6.05859375
2026-02-03 00:00:00,2026-02-02 23:00:00,2026-02-02,23,0,2,10354,10320.458569634702,10304.728,49.2724609375,49.2724609375
2026-02-03 01:00:00,2026-02-03 00:00:00,2026-02-03,0,1,2,10178,10205.577362535938,10185.577,-7.5771484375,7.5771484375
2026-02-03 02:00:00,2026-02-03 01:00:00,2026-02-03,1,1,2,10084,10075.360151072851,10072.446,11.5537109375,11.5537109375
2026-02-03 03:00:00,2026-02-03 02:00:00,2026-02-03,2,1,2,10000,10045.739625606184,10007.34,-7.33984375,7.33984375
2026-02-03 04:00:00,2026-02-03 03:00:00,2026-02-03,3,1,2,9973,10003.033127681412,9984.55,-11.5498046875,11.5498046875
2026-02-03 05:00:00,2026-02-03 04:00:00,2026-02-03,4,1,2,9969,10045.534145596966,10022.406,-53.40625,53.40625
2026-02-03 06:00:00,2026-02-03 05:00:00,2026-02-03,5,1,2,10134,10097.608727828756,10041.584,92.416015625,92.416015625
2026-02-03 07:00:00,2026-02-03 06:00:00,2026-02-03,6,1,2,10586,10386.099963337505,10548.755,37.2451171875,37.2451171875
2026-02-03 08:00:00,2026-02-03 07:00:00,2026-02-03,7,1,2,11084,10949.80509007761,11013.163,70.8369140625,70.8369140625
2026-02-03 09:00:00,2026-02-03 08:00:00,2026-02-03,8,1,2,11192,11382.305440530645,11211.365,-19.365234375,19.365234375
2026-02-03 10:00:00,2026-02-03 09:00:00,2026-02-03,9,1,2,11205,11229.90005371308,11204.275,0.724609375,0.724609375
2026-02-03 11:00:00,2026-02-03 10:00:00,2026-02-03,10,1,2,11123,11180.164261685593,11197.895,-74.89453125,74.89453125
2026-02-03 12:00:00,2026-02-03 11:00:00,2026-02-03,11,1,2,11082,11066.705672553036,11082.6455,-0.6455078125,0.6455078125
2026-02-03 13:00:00,2026-02-03 12:00:00,2026-02-03,12,1,2,11084,11086.33441323831,11053.813,30.1865234375,30.1865234375
2026-02-03 14:00:00,2026-02-03 13:00:00,2026-02-03,13,1,2,11044,11143.40715359652,11100.5,-56.5,56.5
2026-02-03 15:00:00,2026-02-03 14:00:00,2026-02-03,14,1,2,11065,11072.324975793432,11031.721,33.279296875,33.279296875
2026-02-03 16:00:00,2026-02-03 15:00:00,2026-02-03,15,1,2,11131,11123.460149478891,11133.559,-2.55859375,2.55859375
2026-02-03 17:00:00,2026-02-03 16:00:00,2026-02-03,16,1,2,11293,11216.903753227716,11312.82,-19.8203125,19.8203125
2026-02-03 18:00:00,2026-02-03 17:00:00,2026-02-03,17,1,2,11503,11402.222466377927,11456.716,46.2841796875,46.2841796875
2026-02-03 19:00:00,2026-02-03 18:00:00,2026-02-03,18,1,2,11448,11571.834503982647,11484.725,-36.724609375,36.724609375
2026-02-03 20:00:00,2026-02-03 19:00:00,2026-02-03,19,1,2,11325,11339.752011865083,11320.216,4.7841796875,4.7841796875
2026-02-03 21:00:00,2026-02-03 20:00:00,2026-02-03,20,1,2,11193,11170.02669611216,11215.952,-22.9521484375,22.9521484375
2026-02-03 22:00:00,2026-02-03 21:00:00,2026-02-03,21,1,2,11016,11022.034442253736,10984.686,31.314453125,31.314453125
2026-02-03 23:00:00,2026-02-03 22:00:00,2026-02-03,22,1,2,10706,10797.764583568263,10754.697,-48.697265625,48.697265625
2026-02-04 00:00:00,2026-02-03 23:00:00,2026-02-03,23,1,2,10453,10389.162847871148,10413.295,39.705078125,39.705078125
2026-02-04 01:00:00,2026-02-04 00:00:00,2026-02-04,0,2,2,10233,10267.186431336759,10261.425,-28.4248046875,28.4248046875
2026-02-04 02:00:00,2026-02-04 01:00:00,2026-02-04,1,2,2,10049,10074.159222459679,10118.011,-69.0107421875,69.0107421875
2026-02-04 03:00:00,2026-02-04 02:00:00,2026-02-04,2,2,2,9932,9930.115058772515,9968.693,-36.693359375,36.693359375
2026-02-04 04:00:00,2026-02-04 03:00:00,2026-02-04,3,2,2,9878,9881.42285724656,9929.014,-51.013671875,51.013671875
2026-02-04 05:00:00,2026-02-04 04:00:00,2026-02-04,4,2,2,9912,9907.164999925875,9908.14,3.8603515625,3.8603515625
2026-02-04 06:00:00,2026-02-04 05:00:00,2026-02-04,5,2,2,10110,10038.265672618112,10078.943,31.056640625,31.056640625
2026-02-04 07:00:00,2026-02-04 06:00:00,2026-02-04,6,2,2,10479,10367.670965027648,10561.862,-82.8623046875,82.8623046875
2026-02-04 08:00:00,2026-02-04 07:00:00,2026-02-04,7,2,2,11003,10813.849994869326,10964.669,38.3310546875,38.3310546875
2026-02-04 09:00:00,2026-02-04 08:00:00,2026-02-04,8,2,2,11041,11330.302084068864,11160.678,-119.677734375,119.677734375
2026-02-04 10:00:00,2026-02-04 09:00:00,2026-02-04,9,2,2,11021,11062.070456334282,11047.099,-26.0986328125,26.0986328125
2026-02-04 11:00:00,2026-02-04 10:00:00,2026-02-04,10,2,2,11005,11004.90022983487,11027.105,-22.10546875,22.10546875
2026-02-04 12:00:00,2026-02-04 11:00:00,2026-02-04,11,2,2,10999,11004.580289928686,11020.484,-21.484375,21.484375
2026-02-04 13:00:00,2026-02-04 12:00:00,2026-02-04,12,2,2,10917,11034.857058901622,10996.468,-79.4677734375,79.4677734375
2026-02-04 14:00:00,2026-02-04 13:00:00,2026-02-04,13,2,2,10921,10948.129402881696,10865.332,55.66796875,55.66796875
2026-02-04 15:00:00,2026-02-04 14:00:00,2026-02-04,14,2,2,10968,10987.90791714774,10938.367,29.6328125,29.6328125
2026-02-04 16:00:00,2026-02-04 15:00:00,2026-02-04,15,2,2,10983,11050.429151461443,11035.416,-52.416015625,52.416015625
2026-02-04 17:00:00,2026-02-04 16:00:00,2026-02-04,16,2,2,11153,11044.898895876362,11099.281,53.71875,53.71875
2026-02-04 18:00:00,2026-02-04 17:00:00,2026-02-04,17,2,2,11355,11269.473172707652,11366.8,-11.7998046875,11.7998046875
2026-02-04 19:00:00,2026-02-04 18:00:00,2026-02-04,18,2,2,11233,11423.055423823638,11319.09,-86.08984375,86.08984375
2026-02-04 20:00:00,2026-02-04 19:00:00,2026-02-04,19,2,2,11179,11099.210524215554,11120.79,58.2099609375,58.2099609375
2026-02-04 21:00:00,2026-02-04 20:00:00,2026-02-04,20,2,2,11035,11065.48061799674,11082.331,-47.3310546875,47.3310546875
2026-02-04 22:00:00,2026-02-04 21:00:00,2026-02-04,21,2,2,10833,10854.94703351168,10839.453,-6.453125,6.453125
2026-02-04 23:00:00,2026-02-04 22:00:00,2026-02-04,22,2,2,10515,10598.041206104112,10601.704,-86.7041015625,86.7041015625
2026-02-05 00:00:00,2026-02-04 23:00:00,2026-02-04,23,2,2,10274,10190.554911307667,10259.745,14.2548828125,14.2548828125
2026-02-05 01:00:00,2026-02-05 00:00:00,2026-02-05,0,3,2,10056,10097.377470241858,10103.98,-47.98046875,47.98046875
2026-02-05 02:00:00,2026-02-05 01:00:00,2026-02-05,1,3,2,9959,9898.363327275149,9949.592,9.408203125,9.408203125
2026-02-05 03:00:00,2026-02-05 02:00:00,2026-02-05,2,3,2,9896,9885.590994957387,9886.033,9.966796875,9.966796875
2026-02-05 04:00:00,2026-02-05 03:00:00,2026-02-05,3,3,2,9870,9874.57685116151,9886.3,-16.2998046875,16.2998046875
2026-02-05 05:00:00,2026-02-05 04:00:00,2026-02-05,4,3,2,9943,9911.812161460008,9911.02,31.98046875,31.98046875
2026-02-05 06:00:00,2026-02-05 05:00:00,2026-02-05,5,3,2,10155,10081.984030110494,10109.842,45.158203125,45.158203125
2026-02-05 07:00:00,2026-02-05 06:00:00,2026-02-05,6,3,2,10582,10398.337621815577,10594.682,-12.681640625,12.681640625
2026-02-05 08:00:00,2026-02-05 07:00:00,2026-02-05,7,3,2,11041,10900.841131340061,11009.323,31.6767578125,31.6767578125
2026-02-05 09:00:00,2026-02-05 08:00:00,2026-02-05,8,3,2,11136,11289.1988460424,11157.584,-21.583984375,21.583984375
2026-02-05 10:00:00,2026-02-05 09:00:00,2026-02-05,9,3,2,11070,11144.208735459824,11149.348,-79.34765625,79.34765625
2026-02-05 11:00:00,2026-02-05 10:00:00,2026-02-05,10,3,2,11064,10990.579795493995,11072.027,-8.02734375,8.02734375
2026-02-05 12:00:00,2026-02-05 11:00:00,2026-02-05,11,3,2,11073,11033.127460511136,11078.119,-5.119140625,5.119140625
2026-02-05 13:00:00,2026-02-05 12:00:00,2026-02-05,12,3,2,11026,11082.053539009039,11042.779,-16.779296875,16.779296875
2026-02-05 14:00:00,2026-02-05 13:00:00,2026-02-05,13,3,2,11001,11038.526120226235,11004.163,-3.1630859375,3.1630859375
2026-02-05 15:00:00,2026-02-05 14:00:00,2026-02-05,14,3,2,10922,11019.535579903002,11027.755,-105.7548828125,105.7548828125
2026-02-05 16:00:00,2026-02-05 15:00:00,2026-02-05,15,3,2,10920,10907.604470022288,10903.488,16.51171875,16.51171875
2026-02-05 17:00:00,2026-02-05 16:00:00,2026-02-05,16,3,2,11083,10945.644603148225,11015.759,67.2412109375,67.2412109375
2026-02-05 18:00:00,2026-02-05 17:00:00,2026-02-05,17,3,2,11304,11183.773104987558,11259.845,44.1552734375,44.1552734375
2026-02-05 19:00:00,2026-02-05 18:00:00,2026-02-05,18,3,2,11266,11378.492339755916,11267.723,-1.72265625,1.72265625
2026-02-05 20:00:00,2026-02-05 19:00:00,2026-02-05,19,3,2,11184,11166.622069630379,11159.728,24.2724609375,24.2724609375
2026-02-05 21:00:00,2026-02-05 20:00:00,2026-02-05,20,3,2,11075,11043.397662539883,11066.722,8.2783203125,8.2783203125
2026-02-05 22:00:00,2026-02-05 21:00:00,2026-02-05,21,3,2,10900,10906.492621248815,10899.818,0.181640625,0.181640625
2026-02-05 23:00:00,2026-02-05 22:00:00,2026-02-05,22,3,2,10652,10675.860973456089,10635.48,16.51953125,16.51953125
2026-02-06 00:00:00,2026-02-05 23:00:00,2026-02-05,23,3,2,10385,10361.794631266272,10386.435,-1.4345703125,1.4345703125
2026-02-06 01:00:00,2026-02-06 00:00:00,2026-02-06,0,4,2,10179,10200.87537596409,10192.414,-13.4140625,13.4140625
2026-02-06 02:00:00,2026-02-06 01:00:00,2026-02-06,1,4,2,10050,10030.677044444392,10056.729,-6.728515625,6.728515625
2026-02-06 03:00:00,2026-02-06 02:00:00,2026-02-06,2,4,2,10011,9959.621918536255,9994.666,16.333984375,16.333984375
2026-02-06 04:00:00,2026-02-06 03:00:00,2026-02-06,3,4,2,9991,9999.25939153088,10007.718,-16.7177734375,16.7177734375
2026-02-06 05:00:00,2026-02-06 04:00:00,2026-02-06,4,4,2,10100,10032.075881878662,10036.789,63.2109375,63.2109375
2026-02-06 06:00:00,2026-02-06 05:00:00,2026-02-06,5,4,2,10252,10254.969661506868,10292.035,-40.03515625,40.03515625
2026-02-06 07:00:00,2026-02-06 06:00:00,2026-02-06,6,4,2,10695,10460.357796401195,10609.866,85.1337890625,85.1337890625
2026-02-06 08:00:00,2026-02-06 07:00:00,2026-02-06,7,4,2,11130,11020.392131305602,11158.7705,-28.7705078125,28.7705078125
2026-02-06 09:00:00,2026-02-06 08:00:00,2026-02-06,8,4,2,11287,11370.723558728705,11251.719,35.28125,35.28125
2026-02-06 10:00:00,2026-02-06 09:00:00,2026-02-06,9,4,2,11284,11329.158168407515,11311.228,-27.2275390625,27.2275390625
2026-02-06 11:00:00,2026-02-06 10:00:00,2026-02-06,10,4,2,11315,11233.978220839708,11256.407,58.5927734375,58.5927734375
2026-02-06 12:00:00,2026-02-06 11:00:00,2026-02-06,11,4,2,11246,11294.972026248593,11269.64,-23.6396484375,23.6396484375
2026-02-06 13:00:00,2026-02-06 12:00:00,2026-02-06,12,4,2,11186,11207.92374138175,11156.694,29.3056640625,29.3056640625
2026-02-06 14:00:00,2026-02-06 13:00:00,2026-02-06,13,4,2,11205,11189.219702409557,11170.2705,34.7294921875,34.7294921875
2026-02-06 15:00:00,2026-02-06 14:00:00,2026-02-06,14,4,2,11197,11247.636076084109,11188.061,8.939453125,8.939453125
2026-02-06 16:00:00,2026-02-06 15:00:00,2026-02-06,15,4,2,11159,11216.805344862469,11211.342,-52.341796875,52.341796875
2026-02-06 17:00:00,2026-02-06 16:00:00,2026-02-06,16,4,2,11242,11161.743125381001,11257.265,-15.2646484375,15.2646484375
2026-02-06 18:00:00,2026-02-06 17:00:00,2026-02-06,17,4,2,11300,11309.718370781762,11361.499,-61.4990234375,61.4990234375
2026-02-06 19:00:00,2026-02-06 18:00:00,2026-02-06,18,4,2,11243,11320.747324699858,11245.99,-2.990234375,2.990234375
2026-02-06 20:00:00,2026-02-06 19:00:00,2026-02-06,19,4,2,11172,11179.86094839589,11143.936,28.064453125,28.064453125
2026-02-06 21:00:00,2026-02-06 20:00:00,2026-02-06,20,4,2,11069,11082.151442688546,11072.711,-3.7109375,3.7109375
2026-02-06 22:00:00,2026-02-06 21:00:00,2026-02-06,21,4,2,10880,10938.470503900207,10911.943,-31.943359375,31.943359375
2026-02-06 23:00:00,2026-02-06 22:00:00,2026-02-06,22,4,2,10588,10671.987920883426,10641.973,-53.97265625,53.97265625
2026-02-07 00:00:00,2026-02-06 23:00:00,2026-02-06,23,4,2,10312,10299.214715556798,10318.007,-6.0068359375,6.0068359375
2026-02-07 01:00:00,2026-02-07 00:00:00,2026-02-07,0,5,2,10115,10120.40530831988,10112.6045,2.3955078125,2.3955078125
2026-02-07 02:00:00,2026-02-07 01:00:00,2026-02-07,1,5,2,10041,9968.351372113633,10016.571,24.4287109375,24.4287109375
2026-02-07 03:00:00,2026-02-07 02:00:00,2026-02-07,2,5,2,9958,9977.832270856252,9970.175,-12.1748046875,12.1748046875
2026-02-07 04:00:00,2026-02-07 03:00:00,2026-02-07,3,5,2,9907,9921.46718496799,9936.997,-29.9970703125,29.9970703125
2026-02-07 05:00:00,2026-02-07 04:00:00,2026-02-07,4,5,2,9949,9933.58992575831,9940.85,8.150390625,8.150390625
2026-02-07 06:00:00,2026-02-07 05:00:00,2026-02-07,5,5,2,9999,10067.824366260307,10071.12,-72.1201171875,72.1201171875
2026-02-07 07:00:00,2026-02-07 06:00:00,2026-02-07,6,5,2,10162,10162.033555395796,10114.74,47.259765625,47.259765625
2026-02-07 08:00:00,2026-02-07 07:00:00,2026-02-07,7,5,2,10397,10394.79301247881,10434.989,-37.9892578125,37.9892578125
2026-02-07 09:00:00,2026-02-07 08:00:00,2026-02-07,8,5,2,10581,10633.592270295088,10574.331,6.6689453125,6.6689453125
2026-02-07 10:00:00,2026-02-07 09:00:00,2026-02-07,9,5,2,10666,10747.910588936287,10706.188,-40.1884765625,40.1884765625
2026-02-07 11:00:00,2026-02-07 10:00:00,2026-02-07,10,5,2,10781,10754.195500112914,10729.967,51.033203125,51.033203125
2026-02-07 12:00:00,2026-02-07 11:00:00,2026-02-07,11,5,2,10805,10864.896289015333,10835.373,-30.373046875,30.373046875
2026-02-07 13:00:00,2026-02-07 12:00:00,2026-02-07,12,5,2,10796,10832.87981737892,10754.994,41.005859375,41.005859375
2026-02-07 14:00:00,2026-02-07 13:00:00,2026-02-07,13,5,2,10775,10811.388430562069,10787.925,-12.9248046875,12.9248046875
2026-02-07 15:00:00,2026-02-07 14:00:00,2026-02-07,14,5,2,10791,10785.621043582998,10753.174,37.826171875,37.826171875
2026-02-07 16:00:00,2026-02-07 15:00:00,2026-02-07,15,5,2,10769,10816.601698397228,10825.716,-56.7158203125,56.7158203125
2026-02-07 17:00:00,2026-02-07 16:00:00,2026-02-07,16,5,2,10843,10777.38008275229,10862.167,-19.1669921875,19.1669921875
2026-02-07 18:00:00,2026-02-07 17:00:00,2026-02-07,17,5,2,11046,10892.245643355782,10970.577,75.4228515625,75.4228515625
2026-02-07 19:00:00,2026-02-07 18:00:00,2026-02-07,18,5,2,11128,11111.024349433383,11054.877,73.123046875,73.123046875
2026-02-07 20:00:00,2026-02-07 19:00:00,2026-02-07,19,5,2,11026,11078.874267743771,11082.127,-56.126953125,56.126953125
2026-02-07 21:00:00,2026-02-07 20:00:00,2026-02-07,20,5,2,10917,10856.679485748573,10925.33,-8.330078125,8.330078125
2026-02-07 22:00:00,2026-02-07 21:00:00,2026-02-07,21,5,2,10754,10729.291362038513,10745.1875,8.8125,8.8125
2026-02-07 23:00:00,2026-02-07 22:00:00,2026-02-07,22,5,2,10552,10518.979452553813,10542.371,9.62890625,9.62890625
2026-02-08 00:00:00,2026-02-07 23:00:00,2026-02-07,23,5,2,10370,10270.195655466305,10317.057,52.943359375,52.943359375
2026-02-08 01:00:00,2026-02-08 00:00:00,2026-02-08,0,6,2,10185,10217.414149022945,10206.787,-21.787109375,21.787109375
2026-02-08 02:00:00,2026-02-08 01:00:00,2026-02-08,1,6,2,10108,10036.698383159026,10059.069,48.9306640625,48.9306640625
2026-02-08 03:00:00,2026-02-08 02:00:00,2026-02-08,2,6,2,10037,10032.267979192964,10023.942,13.0576171875,13.0576171875
2026-02-08 04:00:00,2026-02-08 03:00:00,2026-02-08,3,6,2,9952,9988.303463894634,10022.023,-70.0234375,70.0234375
2026-02-08 05:00:00,2026-02-08 04:00:00,2026-02-08,4,6,2,9932,9930.377356839066,9986.252,-54.251953125,54.251953125
2026-02-08 06:00:00,2026-02-08 05:00:00,2026-02-08,5,6,2,10010,9981.193172043675,9987.713,22.287109375,22.287109375
2026-02-08 07:00:00,2026-02-08 06:00:00,2026-02-08,6,6,2,10161,10151.458478203396,10140.475,20.525390625,20.525390625
2026-02-08 08:00:00,2026-02-08 07:00:00,2026-02-08,7,6,2,10391,10357.368639622178,10398.95,-7.9501953125,7.9501953125
2026-02-08 09:00:00,2026-02-08 08:00:00,2026-02-08,8,6,2,10525,10605.957677059956,10571.313,-46.3134765625,46.3134765625
2026-02-08 10:00:00,2026-02-08 09:00:00,2026-02-08,9,6,2,10693,10660.375390153726,10624.497,68.5029296875,68.5029296875
2026-02-08 11:00:00,2026-02-08 10:00:00,2026-02-08,10,6,2,10758,10821.555081219227,10839.199,-81.19921875,81.19921875
2026-02-08 12:00:00,2026-02-08 11:00:00,2026-02-08,11,6,2,10733,10815.792322978357,10795.053,-62.052734375,62.052734375
2026-02-08 13:00:00,2026-02-08 12:00:00,2026-02-08,12,6,2,10709,10745.441574127964,10701.237,7.7626953125,7.7626953125
2026-02-08 14:00:00,2026-02-08 13:00:00,2026-02-08,13,6,2,10679,10735.926700482296,10695.463,-16.462890625,16.462890625
2026-02-08 15:00:00,2026-02-08 14:00:00,2026-02-08,14,6,2,10631,10709.956983500148,10675.484,-44.484375,44.484375
2026-02-08 16:00:00,2026-02-08 15:00:00,2026-02-08,15,6,2,10619,10654.221072033624,10685.415,-66.4150390625,66.4150390625
2026-02-08 17:00:00,2026-02-08 16:00:00,2026-02-08,16,6,2,10729,10657.084817685956,10763.284,-34.2841796875,34.2841796875
2026-02-08 18:00:00,2026-02-08 17:00:00,2026-02-08,17,6,2,10907,10824.371440249026,10896.4795,10.5205078125,10.5205078125
2026-02-08 19:00:00,2026-02-08 18:00:00,2026-02-08,18,6,2,10992,10988.723367216273,10966.692,25.3076171875,25.3076171875
2026-02-08 20:00:00,2026-02-08 19:00:00,2026-02-08,19,6,2,11011,10974.714993566056,10962.391,48.609375,48.609375
2026-02-08 21:00:00,2026-02-08 20:00:00,2026-02-08,20,6,2,10892,10922.38333776527,10936.757,-44.7568359375,44.7568359375
2026-02-08 22:00:00,2026-02-08 21:00:00,2026-02-08,21,6,2,10812,10712.144712662182,10730.309,81.69140625,81.69140625
2026-02-08 23:00:00,2026-02-08 22:00:00,2026-02-08,22,6,2,10545,10641.162492153731,10575.513,-30.5126953125,30.5126953125
2026-02-09 00:00:00,2026-02-08 23:00:00,2026-02-08,23,6,2,10282,10250.587800870626,10289.545,-7.544921875,7.544921875
2026-02-09 01:00:00,2026-02-09 00:00:00,2026-02-09,0,0,2,10096,10118.160005466527,10103.587,-7.5869140625,7.5869140625
2026-02-09 02:00:00,2026-02-09 01:00:00,2026-02-09,1,0,2,10024,9971.573826817188,9992.283,31.716796875,31.716796875
2026-02-09 03:00:00,2026-02-09 02:00:00,2026-02-09,2,0,2,9999,9971.596401463568,9980.383,18.6171875,18.6171875
2026-02-09 04:00:00,2026-02-09 03:00:00,2026-02-09,3,0,2,9987,9992.653713972479,9991.634,-4.6337890625,4.6337890625
2026-02-09 05:00:00,2026-02-09 04:00:00,2026-02-09,4,0,2,10042,10030.042807932823,10027.14,14.8603515625,14.8603515625
2026-02-09 06:00:00,2026-02-09 05:00:00,2026-02-09,5,0,2,10264,10164.316550027894,10177.441,86.55859375,86.55859375
2026-02-09 07:00:00,2026-02-09 06:00:00,2026-02-09,6,0,2,10701,10487.858930662016,10662.075,38.9248046875,38.9248046875
2026-02-09 08:00:00,2026-02-09 07:00:00,2026-02-09,7,0,2,11088,10991.844210054584,11110.864,-22.8642578125,22.8642578125
2026-02-09 09:00:00,2026-02-09 08:00:00,2026-02-09,8,0,2,11159,11283.83526368713,11185.934,-26.93359375,26.93359375
2026-02-09 10:00:00,2026-02-09 09:00:00,2026-02-09,9,0,2,11173,11153.769876697099,11186.668,-13.66796875,13.66796875
2026-02-09 11:00:00,2026-02-09 10:00:00,2026-02-09,10,0,2,11055,11137.091606723565,11162.877,-107.876953125,107.876953125
2026-02-09 12:00:00,2026-02-09 11:00:00,2026-02-09,11,0,2,11050,10976.61555005071,10987.299,62.701171875,62.701171875
2026-02-09 13:00:00,2026-02-09 12:00:00,2026-02-09,12,0,2,11040,11072.366725260323,10992.738,47.26171875,47.26171875
2026-02-09 14:00:00,2026-02-09 13:00:00,2026-02-09,13,0,2,11001,11080.88072289871,11023.704,-22.7041015625,22.7041015625
2026-02-09 15:00:00,2026-02-09 14:00:00,2026-02-09,14,0,2,11011,11020.818628258961,11010.84,0.16015625,0.16015625
2026-02-09 16:00:00,2026-02-09 15:00:00,2026-02-09,15,0,2,11082,11055.238015658832,11052.657,29.3427734375,29.3427734375
2026-02-09 17:00:00,2026-02-09 16:00:00,2026-02-09,16,0,2,11250,11162.430336409096,11219.123,30.876953125,30.876953125
2026-02-09 18:00:00,2026-02-09 17:00:00,2026-02-09,17,0,2,11348,11352.948159701022,11417.076,-69.076171875,69.076171875
2026-02-09 19:00:00,2026-02-09 18:00:00,2026-02-09,18,0,2,11399,11372.906248720203,11298.097,100.9033203125,100.9033203125
2026-02-09 20:00:00,2026-02-09 19:00:00,2026-02-09,19,0,2,11258,11360.567062487115,11337.669,-79.6689453125,79.6689453125
2026-02-09 21:00:00,2026-02-09 20:00:00,2026-02-09,20,0,2,11184,11105.517796220804,11147.057,36.943359375,36.943359375
2026-02-09 22:00:00,2026-02-09 21:00:00,2026-02-09,21,0,2,11082,11057.149089552975,10979.152,102.84765625,102.84765625
2026-02-09 23:00:00,2026-02-09 22:00:00,2026-02-09,22,0,2,10771,10921.55692567472,10825.094,-54.09375,54.09375
2026-02-10 00:00:00,2026-02-09 23:00:00,2026-02-09,23,0,2,10497,10473.752501620655,10494.464,2.5361328125,2.5361328125
2026-02-10 01:00:00,2026-02-10 00:00:00,2026-02-10,0,1,2,10282,10314.242772150927,10284.978,-2.9775390625,2.9775390625
2026-02-10 02:00:00,2026-02-10 01:00:00,2026-02-10,1,1,2,10167,10139.181529211459,10157.249,9.7509765625,9.7509765625
2026-02-10 03:00:00,2026-02-10 02:00:00,2026-02-10,2,1,2,10101,10090.810592979647,10090.59,10.41015625,10.41015625
2026-02-10 04:00:00,2026-02-10 03:00:00,2026-02-10,3,1,2,10123,10076.972456683598,10072.549,50.451171875,50.451171875
2026-02-10 05:00:00,2026-02-10 04:00:00,2026-02-10,4,1,2,10196,10189.243401709326,10175.451,20.548828125,20.548828125
2026-02-10 06:00:00,2026-02-10 05:00:00,2026-02-10,5,1,2,10383,10333.622357230706,10366.193,16.806640625,16.806640625
2026-02-10 07:00:00,2026-02-10 06:00:00,2026-02-10,6,1,2,10834,10607.573685402289,10744.25,89.75,89.75
2026-02-10 08:00:00,2026-02-10 07:00:00,2026-02-10,7,1,2,11270,11151.501931612505,11268.147,1.8525390625,1.8525390625
2026-02-10 09:00:00,2026-02-10 08:00:00,2026-02-10,8,1,2,11379,11496.792062236602,11372.594,6.40625,6.40625
2026-02-10 10:00:00,2026-02-10 09:00:00,2026-02-10,9,1,2,11377,11390.77253481846,11377.223,-0.22265625,0.22265625
2026-02-10 11:00:00,2026-02-10 10:00:00,2026-02-10,10,1,2,11266,11321.52094651535,11348.109,-82.109375,82.109375
2026-02-10 12:00:00,2026-02-10 11:00:00,2026-02-10,11,1,2,11149,11177.685384255914,11221.444,-72.4443359375,72.4443359375
2026-02-10 13:00:00,2026-02-10 12:00:00,2026-02-10,12,1,2,11023,11105.13399272117,11118.653,-95.6533203125,95.6533203125
2026-02-10 14:00:00,2026-02-10 13:00:00,2026-02-10,13,1,2,10979,10992.146935056257,11002.982,-23.982421875,23.982421875
2026-02-10 15:00:00,2026-02-10 14:00:00,2026-02-10,14,1,2,10962,10984.486614881193,10966.901,-4.9013671875,4.9013671875
2026-02-10 16:00:00,2026-02-10 15:00:00,2026-02-10,15,1,2,11006,10981.462594705394,10994.246,11.75390625,11.75390625
2026-02-10 17:00:00,2026-02-10 16:00:00,2026-02-10,16,1,2,11075,11068.001624206434,11134.077,-59.0771484375,59.0771484375
2026-02-10 18:00:00,2026-02-10 17:00:00,2026-02-10,17,1,2,11291,11155.287164543788,11213.923,77.0771484375,77.0771484375
2026-02-10 19:00:00,2026-02-10 18:00:00,2026-02-10,18,1,2,11414,11405.50737508416,11276.19,137.8095703125,137.8095703125
2026-02-10 20:00:00,2026-02-10 19:00:00,2026-02-10,19,1,2,11318,11424.304819420135,11350.309,-32.30859375,32.30859375
2026-02-10 21:00:00,2026-02-10 20:00:00,2026-02-10,20,1,2,11193,11186.396667844772,11186.155,6.8447265625,6.8447265625
2026-02-10 22:00:00,2026-02-10 21:00:00,2026-02-10,21,1,2,11021,11038.29320288963,11012.475,8.525390625,8.525390625
2026-02-10 23:00:00,2026-02-10 22:00:00,2026-02-10,22,1,2,10713,10823.494599540005,10752.867,-39.8671875,39.8671875
2026-02-11 00:00:00,2026-02-10 23:00:00,2026-02-10,23,1,2,10420,10416.388464993694,10450.513,-30.5126953125,30.5126953125
2026-02-11 01:00:00,2026-02-11 00:00:00,2026-02-11,0,2,2,10221,10215.888146362562,10211.85,9.150390625,9.150390625
2026-02-11 02:00:00,2026-02-11 01:00:00,2026-02-11,1,2,2,10061,10072.486743091136,10133.085,-72.0849609375,72.0849609375
2026-02-11 03:00:00,2026-02-11 02:00:00,2026-02-11,2,2,2,10036,9951.533601678146,9988.526,47.4736328125,47.4736328125
2026-02-11 04:00:00,2026-02-11 03:00:00,2026-02-11,3,2,2,10009,10029.81711074754,10040.7,-31.7001953125,31.7001953125
2026-02-11 05:00:00,2026-02-11 04:00:00,2026-02-11,4,2,2,10055,10047.767950081101,10048.384,6.6162109375,6.6162109375
2026-02-11 06:00:00,2026-02-11 05:00:00,2026-02-11,5,2,2,10271,10183.839931718734,10201.086,69.9140625,69.9140625
2026-02-11 07:00:00,2026-02-11 06:00:00,2026-02-11,6,2,2,10687,10521.712767362105,10694.506,-7.505859375,7.505859375
2026-02-11 08:00:00,2026-02-11 07:00:00,2026-02-11,7,2,2,11199,11006.616481356796,11131.034,67.9658203125,67.9658203125
2026-02-11 09:00:00,2026-02-11 08:00:00,2026-02-11,8,2,2,11204,11472.746676251509,11333.023,-129.0234375,129.0234375
2026-02-11 10:00:00,2026-02-11 09:00:00,2026-02-11,9,2,2,11142,11165.835723352884,11179.211,-37.2109375,37.2109375
2026-02-11 11:00:00,2026-02-11 10:00:00,2026-02-11,10,2,2,11080,11066.374290151456,11112.697,-32.697265625,32.697265625
2026-02-11 12:00:00,2026-02-11 11:00:00,2026-02-11,11,2,2,11031,11028.95068089644,11071.889,-40.888671875,40.888671875
2026-02-11 13:00:00,2026-02-11 12:00:00,2026-02-11,12,2,2,10977,11021.763446704219,10978.284,-1.2841796875,1.2841796875
2026-02-11 14:00:00,2026-02-11 13:00:00,2026-02-11,13,2,2,10983,10985.12908445315,10954.048,28.9521484375,28.9521484375
2026-02-11 15:00:00,2026-02-11 14:00:00,2026-02-11,14,2,2,10928,11021.13538011313,10978.225,-50.224609375,50.224609375
2026-02-11 16:00:00,2026-02-11 15:00:00,2026-02-11,15,2,2,10954,10934.478537389878,10932.223,21.77734375,21.77734375
2026-02-11 17:00:00,2026-02-11 16:00:00,2026-02-11,16,2,2,11078,11008.426470033914,11067.836,10.1640625,10.1640625
2026-02-11 18:00:00,2026-02-11 17:00:00,2026-02-11,17,2,2,11248,11172.936278478888,11230.182,17.818359375,17.818359375
2026-02-11 19:00:00,2026-02-11 18:00:00,2026-02-11,18,2,2,11399,11317.973258617425,11230.416,168.583984375,168.583984375
2026-02-11 20:00:00,2026-02-11 19:00:00,2026-02-11,19,2,2,11268,11401.541891851566,11374.585,-106.5849609375,106.5849609375
2026-02-11 21:00:00,2026-02-11 20:00:00,2026-02-11,20,2,2,11117,11095.980682351194,11165.056,-48.0556640625,48.0556640625
2026-02-11 22:00:00,2026-02-11 21:00:00,2026-02-11,21,2,2,10893,10926.775459175156,10931.9375,-38.9375,38.9375
2026-02-11 23:00:00,2026-02-11 22:00:00,2026-02-11,22,2,2,10629,10643.541786618762,10627.087,1.9130859375,1.9130859375
2026-02-12 00:00:00,2026-02-11 23:00:00,2026-02-11,23,2,2,10387,10330.80715450593,10380.806,6.1943359375,6.1943359375
2026-02-12 01:00:00,2026-02-12 00:00:00,2026-02-12,0,3,2,10211,10194.912270677863,10217.958,-6.9580078125,6.9580078125
2026-02-12 02:00:00,2026-02-12 01:00:00,2026-02-12,1,3,2,10084,10065.452889259499,10102.821,-18.8212890625,18.8212890625
2026-02-12 03:00:00,2026-02-12 02:00:00,2026-02-12,2,3,2,9997,9987.319766439134,10026.344,-29.34375,29.34375
2026-02-12 04:00:00,2026-02-12 03:00:00,2026-02-12,3,3,2,9968,9956.498437215185,9995.828,-27.828125,27.828125
2026-02-12 05:00:00,2026-02-12 04:00:00,2026-02-12,4,3,2,10008,10001.01772036301,10019.808,-11.8076171875,11.8076171875
2026-02-12 06:00:00,2026-02-12 05:00:00,2026-02-12,5,3,2,10213,10123.439558327624,10152.0205,60.9794921875,60.9794921875
2026-02-12 07:00:00,2026-02-12 06:00:00,2026-02-12,6,3,2,10644,10451.744871715982,10626.89,17.1103515625,17.1103515625
2026-02-12 08:00:00,2026-02-12 07:00:00,2026-02-12,7,3,2,11011,10967.224948577441,11063.64,-52.6396484375,52.6396484375
2026-02-12 09:00:00,2026-02-12 08:00:00,2026-02-12,8,3,2,11072,11224.646743998095,11118.363,-46.36328125,46.36328125
2026-02-12 10:00:00,2026-02-12 09:00:00,2026-02-12,9,3,2,11088,11081.907069969806,11105.166,-17.166015625,17.166015625
2026-02-12 11:00:00,2026-02-12 10:00:00,2026-02-12,10,3,2,11043,11064.573787336869,11094.377,-51.376953125,51.376953125
2026-02-12 12:00:00,2026-02-12 11:00:00,2026-02-12,11,3,2,10995,11004.610680041887,11009.109,-14.109375,14.109375
2026-02-12 13:00:00,2026-02-12 12:00:00,2026-02-12,12,3,2,11012,10989.018521149817,10977.922,34.078125,34.078125
2026-02-12 14:00:00,2026-02-12 13:00:00,2026-02-12,13,3,2,11013,11062.433913574376,11037.551,-24.55078125,24.55078125
2026-02-12 15:00:00,2026-02-12 14:00:00,2026-02-12,14,3,2,10997,11043.490116929208,11014.373,-17.373046875,17.373046875
2026-02-12 16:00:00,2026-02-12 15:00:00,2026-02-12,15,3,2,10974,11011.640517610173,11059.5,-85.5,85.5
2026-02-12 17:00:00,2026-02-12 16:00:00,2026-02-12,16,3,2,11060,10986.099230932574,11068.308,-8.3076171875,8.3076171875
2026-02-12 18:00:00,2026-02-12 17:00:00,2026-02-12,17,3,2,11272,11123.376892767417,11218.939,53.060546875,53.060546875
2026-02-12 19:00:00,2026-02-12 18:00:00,2026-02-12,18,3,2,11378,11352.360087859257,11284.367,93.6328125,93.6328125
2026-02-12 20:00:00,2026-02-12 19:00:00,2026-02-12,19,3,2,11283,11348.888303867852,11306.354,-23.353515625,23.353515625
2026-02-12 21:00:00,2026-02-12 20:00:00,2026-02-12,20,3,2,11140,11121.668212982062,11170.523,-30.5234375,30.5234375
2026-02-12 22:00:00,2026-02-12 21:00:00,2026-02-12,21,3,2,10937,10940.973326457757,10926.675,10.3251953125,10.3251953125
2026-02-12 23:00:00,2026-02-12 22:00:00,2026-02-12,22,3,2,10683,10689.563880996871,10688.033,-5.033203125,5.033203125
2026-02-13 00:00:00,2026-02-12 23:00:00,2026-02-12,23,3,2,10389,10381.311520207679,10413.556,-24.5556640625,24.5556640625
2026-02-13 01:00:00,2026-02-13 00:00:00,2026-02-13,0,4,2,10179,10176.817128583838,10204.462,-25.4619140625,25.4619140625
2026-02-13 02:00:00,2026-02-13 01:00:00,2026-02-13,1,4,2,10054,10018.191029718568,10078.012,-24.01171875,24.01171875
2026-02-13 03:00:00,2026-02-13 02:00:00,2026-02-13,2,4,2,10003,9960.74169052595,9997.712,5.2880859375,5.2880859375
2026-02-13 04:00:00,2026-02-13 03:00:00,2026-02-13,3,4,2,9979,9981.422521337085,9989.687,-10.6865234375,10.6865234375
2026-02-13 05:00:00,2026-02-13 04:00:00,2026-02-13,4,4,2,9986,10016.623132098086,10028.112,-42.1123046875,42.1123046875
2026-02-13 06:00:00,2026-02-13 05:00:00,2026-02-13,5,4,2,10166,10092.202070925012,10078.952,87.0478515625,87.0478515625
2026-02-13 07:00:00,2026-02-13 06:00:00,2026-02-13,6,4,2,10515,10406.964636827448,10599.064,-84.064453125,84.064453125
2026-02-13 08:00:00,2026-02-13 07:00:00,2026-02-13,7,4,2,10945,10823.59170677107,10939.3125,5.6875,5.6875
2026-02-13 09:00:00,2026-02-13 08:00:00,2026-02-13,8,4,2,11085,11218.582481841499,11087.37,-2.3701171875,2.3701171875
2026-02-13 10:00:00,2026-02-13 09:00:00,2026-02-13,9,4,2,11110,11151.960946197476,11121.404,-11.404296875,11.404296875
2026-02-13 11:00:00,2026-02-13 10:00:00,2026-02-13,10,4,2,10999,11099.900607796984,11119.971,-120.970703125,120.970703125
2026-02-13 12:00:00,2026-02-13 11:00:00,2026-02-13,11,4,2,10920,10933.876834050077,10992.984,-72.984375,72.984375
2026-02-13 13:00:00,2026-02-13 12:00:00,2026-02-13,12,4,2,10905,10906.433534528504,10833.018,71.982421875,71.982421875
2026-02-13 14:00:00,2026-02-13 13:00:00,2026-02-13,13,4,2,10893,10951.750359213958,10896.682,-3.681640625,3.681640625
2026-02-13 15:00:00,2026-02-13 14:00:00,2026-02-13,14,4,2,10821,10930.975985169049,10907.948,-86.9482421875,86.9482421875
2026-02-13 16:00:00,2026-02-13 15:00:00,2026-02-13,15,4,2,10773,10820.630549948888,10834.318,-61.318359375,61.318359375
2026-02-13 17:00:00,2026-02-13 16:00:00,2026-02-13,16,4,2,10826,10791.495396070388,10856.651,-30.6513671875,30.6513671875
2026-02-13 18:00:00,2026-02-13 17:00:00,2026-02-13,17,4,2,10955,10895.354299992425,10904.039,50.9609375,50.9609375
2026-02-13 19:00:00,2026-02-13 18:00:00,2026-02-13,18,4,2,11110,11038.19971930484,11001.162,108.837890625,108.837890625
2026-02-13 20:00:00,2026-02-13 19:00:00,2026-02-13,19,4,2,11011,11154.361613469207,11100.421,-89.4208984375,89.4208984375
2026-02-13 21:00:00,2026-02-13 20:00:00,2026-02-13,20,4,2,10908,10891.635109278874,10920.54,-12.5400390625,12.5400390625
2026-02-13 22:00:00,2026-02-13 21:00:00,2026-02-13,21,4,2,10822,10767.173528457148,10742.312,79.6884765625,79.6884765625
2026-02-13 23:00:00,2026-02-13 22:00:00,2026-02-13,22,4,2,10627,10669.156771559312,10610.157,16.8427734375,16.8427734375
2026-02-14 00:00:00,2026-02-13 23:00:00,2026-02-13,23,4,2,10404,10390.218006750785,10397.944,6.0556640625,6.0556640625
2026-02-14 01:00:00,2026-02-14 00:00:00,2026-02-14,0,5,2,10244,10233.722726168753,10214.133,29.8671875,29.8671875
2026-02-14 02:00:00,2026-02-14 01:00:00,2026-02-14,1,5,2,10099,10111.650012559829,10131.839,-32.8388671875,32.8388671875
2026-02-14 03:00:00,2026-02-14 02:00:00,2026-02-14,2,5,2,10034,9984.984518112995,9991.085,42.9150390625,42.9150390625
2026-02-14 04:00:00,2026-02-14 03:00:00,2026-02-14,3,5,2,9955,9981.941245816804,10007.5205,-52.5205078125,52.5205078125
2026-02-14 05:00:00,2026-02-14 04:00:00,2026-02-14,4,5,2,9945,9929.841305214004,9978.726,-33.7255859375,33.7255859375
2026-02-14 06:00:00,2026-02-14 05:00:00,2026-02-14,5,5,2,9988,9997.250007836868,9979.853,8.1474609375,8.1474609375
2026-02-14 07:00:00,2026-02-14 06:00:00,2026-02-14,6,5,2,10153,10110.366429833828,10091.757,61.2431640625,61.2431640625
2026-02-14 08:00:00,2026-02-14 07:00:00,2026-02-14,7,5,2,10353,10362.02790894441,10412.482,-59.482421875,59.482421875
2026-02-14 09:00:00,2026-02-14 08:00:00,2026-02-14,8,5,2,10500,10554.306734655209,10510.259,-10.2587890625,10.2587890625
2026-02-14 10:00:00,2026-02-14 09:00:00,2026-02-14,9,5,2,10657,10639.86826317032,10621.173,35.8271484375,35.8271484375
2026-02-14 11:00:00,2026-02-14 10:00:00,2026-02-14,10,5,2,10710,10770.357451538779,10739.536,-29.5361328125,29.5361328125
2026-02-14 12:00:00,2026-02-14 11:00:00,2026-02-14,11,5,2,10767,10750.2554609034,10702.469,64.53125,64.53125
2026-02-14 13:00:00,2026-02-14 12:00:00,2026-02-14,12,5,2,10693,10805.276622707124,10734.464,-41.4638671875,41.4638671875
2026-02-14 14:00:00,2026-02-14 13:00:00,2026-02-14,13,5,2,10624,10670.813385731262,10651.166,-27.166015625,27.166015625
2026-02-14 15:00:00,2026-02-14 14:00:00,2026-02-14,14,5,2,10551,10613.82259275392,10612.04,-61.0400390625,61.0400390625
2026-02-14 16:00:00,2026-02-14 15:00:00,2026-02-14,15,5,2,10565,10534.876672091132,10557.246,7.75390625,7.75390625
2026-02-14 17:00:00,2026-02-14 16:00:00,2026-02-14,16,5,2,10634,10585.867649069685,10645.148,-11.1484375,11.1484375
2026-02-14 18:00:00,2026-02-14 17:00:00,2026-02-14,17,5,2,10879,10678.711546892435,10722.242,156.7578125,156.7578125
2026-02-14 19:00:00,2026-02-14 18:00:00,2026-02-14,18,5,2,11044,10980.949648025076,10939.819,104.1806640625,104.1806640625
2026-02-14 20:00:00,2026-02-14 19:00:00,2026-02-14,19,5,2,10970,11040.097849360445,10986.735,-16.7353515625,16.7353515625
2026-02-14 21:00:00,2026-02-14 20:00:00,2026-02-14,20,5,2,10836,10805.88781891119,10862.405,-26.4052734375,26.4052734375
2026-02-14 22:00:00,2026-02-14 21:00:00,2026-02-14,21,5,2,10718,10627.862038816367,10702.789,15.2109375,15.2109375
2026-02-14 23:00:00,2026-02-14 22:00:00,2026-02-14,22,5,2,10556,10508.27921424874,10507.846,48.154296875,48.154296875
2026-02-15 00:00:00,2026-02-14 23:00:00,2026-02-14,23,5,2,10366,10305.029767111164,10346.737,19.2626953125,19.2626953125
2026-02-15 01:00:00,2026-02-15 00:00:00,2026-02-15,0,6,2,10185,10214.747036796762,10215.785,-30.78515625,30.78515625
2026-02-15 02:00:00,2026-02-15 01:00:00,2026-02-15,1,6,2,10089,10042.390550538428,10053.194,35.8056640625,35.8056640625
2026-02-15 03:00:00,2026-02-15 02:00:00,2026-02-15,2,6,2,10052,10005.662822786355,10011.607,40.392578125,40.392578125
2026-02-15 04:00:00,2026-02-15 03:00:00,2026-02-15,3,6,2,10029,10017.264134226636,10035.797,-6.796875,6.796875
2026-02-15 05:00:00,2026-02-15 04:00:00,2026-02-15,4,6,2,10017,10028.884975173063,10039.798,-22.7978515625,22.7978515625
2026-02-15 06:00:00,2026-02-15 05:00:00,2026-02-15,5,6,2,10045,10060.491120407842,10057.367,-12.3671875,12.3671875
2026-02-15 07:00:00,2026-02-15 06:00:00,2026-02-15,6,6,2,10195,10150.410493756232,10141.71,53.2900390625,53.2900390625
2026-02-15 08:00:00,2026-02-15 07:00:00,2026-02-15,7,6,2,10388,10381.065299063348,10429.326,-41.326171875,41.326171875
2026-02-15 09:00:00,2026-02-15 08:00:00,2026-02-15,8,6,2,10515,10573.659735207732,10526.781,-11.78125,11.78125
2026-02-15 10:00:00,2026-02-15 09:00:00,2026-02-15,9,6,2,10534,10643.898844622636,10582.697,-48.697265625,48.697265625
2026-02-15 11:00:00,2026-02-15 10:00:00,2026-02-15,10,6,2,10543,10592.592515304024,10553.285,-10.28515625,10.28515625
2026-02-15 12:00:00,2026-02-15 11:00:00,2026-02-15,11,6,2,10532,10592.63397432781,10531.206,0.7939453125,0.7939453125
2026-02-15 13:00:00,2026-02-15 12:00:00,2026-02-15,12,6,2,10539,10578.027184320375,10519.845,19.1552734375,19.1552734375
2026-02-15 14:00:00,2026-02-15 13:00:00,2026-02-15,13,6,2,10537,10602.63133826916,10528.066,8.93359375,8.93359375
2026-02-15 15:00:00,2026-02-15 14:00:00,2026-02-15,14,6,2,10547,10594.344732973614,10521.49,25.509765625,25.509765625
2026-02-15 16:00:00,2026-02-15 15:00:00,2026-02-15,15,6,2,10628,10599.04926914125,10575.6455,52.3544921875,52.3544921875
2026-02-15 17:00:00,2026-02-15 16:00:00,2026-02-15,16,6,2,10764,10697.436315403986,10777.387,-13.38671875,13.38671875
2026-02-15 18:00:00,2026-02-15 17:00:00,2026-02-15,17,6,2,11027,10833.519941823586,10884.219,142.78125,142.78125
2026-02-15 19:00:00,2026-02-15 18:00:00,2026-02-15,18,6,2,11203,11107.892527484237,11040.181,162.8193359375,162.8193359375
2026-02-15 20:00:00,2026-02-15 19:00:00,2026-02-15,19,6,2,11097,11175.115265806995,11171.504,-74.50390625,74.50390625
2026-02-15 21:00:00,2026-02-15 20:00:00,2026-02-15,20,6,2,10973,10892.317711610887,10982.892,-9.8916015625,9.8916015625
2026-02-15 22:00:00,2026-02-15 21:00:00,2026-02-15,21,6,2,10840,10758.266132088786,10796.062,43.9384765625,43.9384765625
2026-02-15 23:00:00,2026-02-15 22:00:00,2026-02-15,22,6,2,10641,10615.58183791255,10604.348,36.65234375,36.65234375
2026-02-16 00:00:00,2026-02-15 23:00:00,2026-02-15,23,6,2,10403,10363.594734712662,10400.838,2.162109375,2.162109375
2026-02-16 01:00:00,2026-02-16 00:00:00,2026-02-16,0,0,2,10260,10235.399653083548,10217.587,42.4130859375,42.4130859375
2026-02-16 02:00:00,2026-02-16 01:00:00,2026-02-16,1,0,2,10148,10150.066738218844,10152.114,-4.1142578125,4.1142578125
2026-02-16 03:00:00,2026-02-16 02:00:00,2026-02-16,2,0,2,10063,10070.855243973927,10072.586,-9.5859375,9.5859375
2026-02-16 04:00:00,2026-02-16 03:00:00,2026-02-16,3,0,2,9994,10023.430444062797,10057.769,-63.7685546875,63.7685546875
2026-02-16 05:00:00,2026-02-16 04:00:00,2026-02-16,4,0,2,10015,9997.303060323095,10037.658,-22.658203125,22.658203125
2026-02-16 06:00:00,2026-02-16 05:00:00,2026-02-16,5,0,2,10190,10106.901637423332,10111.698,78.3017578125,78.3017578125
2026-02-16 07:00:00,2026-02-16 06:00:00,2026-02-16,6,0,2,10395,10395.006151148282,10578.382,-183.3818359375,183.3818359375
2026-02-16 08:00:00,2026-02-16 07:00:00,2026-02-16,7,0,2,10631,10613.379992434011,10711.604,-80.603515625,80.603515625
2026-02-16 09:00:00,2026-02-16 08:00:00,2026-02-16,8,0,2,10742,10830.196044836393,10770.339,-28.3388671875,28.3388671875
2026-02-16 10:00:00,2026-02-16 09:00:00,2026-02-16,9,0,2,10877,10849.217756461177,10790.357,86.642578125,86.642578125
2026-02-16 11:00:00,2026-02-16 10:00:00,2026-02-16,10,0,2,10952,10974.976445478082,10930.118,21.8818359375,21.8818359375
2026-02-16 12:00:00,2026-02-16 11:00:00,2026-02-16,11,0,2,11033,11014.389900087117,10994.448,38.5517578125,38.5517578125
2026-02-16 13:00:00,2026-02-16 12:00:00,2026-02-16,12,0,2,11089,11096.077250926142,11043.097,45.9033203125,45.9033203125
2026-02-16 14:00:00,2026-02-16 13:00:00,2026-02-16,13,0,2,11042,11135.958286139381,11087.948,-45.9482421875,45.9482421875
2026-02-16 15:00:00,2026-02-16 14:00:00,2026-02-16,14,0,2,11101,11035.935277884299,10984.274,116.7255859375,116.7255859375
2026-02-16 16:00:00,2026-02-16 15:00:00,2026-02-16,15,0,2,11233,11152.553237358983,11141.602,91.3984375,91.3984375
2026-02-16 17:00:00,2026-02-16 16:00:00,2026-02-16,16,0,2,11461,11307.674796373542,11353.434,107.56640625,107.56640625
2026-02-16 18:00:00,2026-02-16 17:00:00,2026-02-16,17,0,2,11700,11548.213745187724,11570.162,129.837890625,129.837890625
2026-02-16 19:00:00,2026-02-16 18:00:00,2026-02-16,18,0,2,11750,11737.769764277351,11629.418,120.58203125,120.58203125
2026-02-16 20:00:00,2026-02-16 19:00:00,2026-02-16,19,0,2,11651,11639.278502175677,11672.953,-21.953125,21.953125
2026-02-16 21:00:00,2026-02-16 20:00:00,2026-02-16,20,0,2,11479,11448.528608565392,11512.507,-33.5068359375,33.5068359375
2026-02-16 22:00:00,2026-02-16 21:00:00,2026-02-16,21,0,2,11282,11245.743089536158,11290.786,-8.7861328125,8.7861328125
2026-02-16 23:00:00,2026-02-16 22:00:00,2026-02-16,22,0,2,11050,11029.495987551609,10982.153,67.8466796875,67.8466796875
2026-02-17 00:00:00,2026-02-16 23:00:00,2026-02-16,23,0,2,10801,10755.531239344175,10740.239,60.7607421875,60.7607421875
2026-02-17 01:00:00,2026-02-17 00:00:00,2026-02-17,0,1,2,10637,10593.624354399984,10625.707,11.29296875,11.29296875
2026-02-17 02:00:00,2026-02-17 01:00:00,2026-02-17,1,1,2,10581,10486.880855139685,10520.301,60.69921875,60.69921875
2026-02-17 03:00:00,2026-02-17 02:00:00,2026-02-17,2,1,2,10548,10512.280160327415,10508.85,39.150390625,39.150390625
2026-02-17 04:00:00,2026-02-17 03:00:00,2026-02-17,3,1,2,10532,10524.405369183463,10498.935,33.0654296875,33.0654296875
2026-02-17 05:00:00,2026-02-17 04:00:00,2026-02-17,4,1,2,10578,10558.053116091072,10506.796,71.2041015625,71.2041015625
2026-02-17 06:00:00,2026-02-17 05:00:00,2026-02-17,5,1,2,10722,10680.707728825395,10723.644,-1.6435546875,1.6435546875
2026-02-17 07:00:00,2026-02-17 06:00:00,2026-02-17,6,1,2,11143,10903.923974780042,11021.623,121.376953125,121.376953125
2026-02-17 08:00:00,2026-02-17 07:00:00,2026-02-17,7,1,2,11537,11430.030688109033,11535.36,1.6396484375,1.6396484375
2026-02-17 09:00:00,2026-02-17 08:00:00,2026-02-17,8,1,2,11708,11740.394337627144,11613.089,94.9111328125,94.9111328125
2026-02-17 10:00:00,2026-02-17 09:00:00,2026-02-17,9,1,2,11928,11747.392914908734,11721.591,206.4091796875,206.4091796875
2026-02-17 11:00:00,2026-02-17 10:00:00,2026-02-17,10,1,2,12104,11958.146056700389,11902.864,201.1357421875,201.1357421875
2026-02-17 12:00:00,2026-02-17 11:00:00,2026-02-17,11,1,2,12200,12090.447317482925,12008.804,191.1962890625,191.1962890625
2026-02-17 13:00:00,2026-02-17 12:00:00,2026-02-17,12,1,2,12186,12149.073580604938,12001.521,184.478515625,184.478515625
2026-02-17 14:00:00,2026-02-17 13:00:00,2026-02-17,13,1,2,12191,12093.129511468815,11951.27,239.73046875,239.73046875
2026-02-17 15:00:00,2026-02-17 14:00:00,2026-02-17,14,1,2,12128,12119.531817934678,11967.739,160.2607421875,160.2607421875
2026-02-17 16:00:00,2026-02-17 15:00:00,2026-02-17,15,1,2,12217,12042.830633456277,11936.316,280.68359375,280.68359375
2026-02-17 17:00:00,2026-02-17 16:00:00,2026-02-17,16,1,2,12213,12221.718835099977,12086.128,126.8720703125,126.8720703125
2026-02-17 18:00:00,2026-02-17 17:00:00,2026-02-17,17,1,2,12373,12172.752227361276,12062.326,310.673828125,310.673828125
2026-02-17 19:00:00,2026-02-17 18:00:00,2026-02-17,18,1,2,12404,12394.52741373347,12093.726,310.2744140625,310.2744140625
2026-02-17 20:00:00,2026-02-17 19:00:00,2026-02-17,19,1,2,12306,12322.861320136168,12020.756,285.244140625,285.244140625
2026-02-17 21:00:00,2026-02-17 20:00:00,2026-02-17,20,1,2,12142,12140.303229112722,11937.15,204.849609375,204.849609375
2026-02-17 22:00:00,2026-02-17 21:00:00,2026-02-17,21,1,2,11894,11933.382141792556,11826.719,67.28125,67.28125
2026-02-17 23:00:00,2026-02-17 22:00:00,2026-02-17,22,1,2,11573,11616.363025069168,11625.943,-52.943359375,52.943359375
2026-02-18 00:00:00,2026-02-17 23:00:00,2026-02-17,23,1,2,11335,11230.815118081753,11252.61,82.3896484375,82.3896484375
2026-02-18 01:00:00,2026-02-18 00:00:00,2026-02-18,0,2,2,11189,11133.058824864485,11125.943,63.056640625,63.056640625
2026-02-18 02:00:00,2026-02-18 01:00:00,2026-02-18,1,2,2,11076,11048.095286083439,11040.779,35.220703125,35.220703125
2026-02-18 03:00:00,2026-02-18 02:00:00,2026-02-18,2,2,2,11000,10981.293286326976,10970.767,29.2333984375,29.2333984375
2026-02-18 04:00:00,2026-02-18 03:00:00,2026-02-18,3,2,2,10989,10964.440378781768,10936.013,52.9873046875,52.9873046875
2026-02-18 05:00:00,2026-02-18 04:00:00,2026-02-18,4,2,2,10974,11035.115632973013,10963.465,10.53515625,10.53515625
2026-02-18 06:00:00,2026-02-18 05:00:00,2026-02-18,5,2,2,11117,11064.94596448107,11061.5,55.5,55.5
2026-02-18 07:00:00,2026-02-18 06:00:00,2026-02-18,6,2,2,11472,11330.352477032773,11410.526,61.4736328125,61.4736328125
2026-02-18 08:00:00,2026-02-18 07:00:00,2026-02-18,7,2,2,11837,11778.978960681618,11800.248,36.751953125,36.751953125
2026-02-18 09:00:00,2026-02-18 08:00:00,2026-02-18,8,2,2,11869,12081.744309004907,11915.488,-46.48828125,46.48828125
2026-02-18 10:00:00,2026-02-18 09:00:00,2026-02-18,9,2,2,11886,11908.010714020518,11881.151,4.8486328125,4.8486328125
2026-02-18 11:00:00,2026-02-18 10:00:00,2026-02-18,10,2,2,11897,11911.012631599842,11943.902,-46.90234375,46.90234375
2026-02-18 12:00:00,2026-02-18 11:00:00,2026-02-18,11,2,2,11895,11929.283556005583,11934.403,-39.4033203125,39.4033203125
2026-02-18 13:00:00,2026-02-18 12:00:00,2026-02-18,12,2,2,11969,11944.777223487765,11896.042,72.9580078125,72.9580078125
2026-02-18 14:00:00,2026-02-18 13:00:00,2026-02-18,13,2,2,11976,12072.78538561789,12015.799,-39.798828125,39.798828125
2026-02-18 15:00:00,2026-02-18 14:00:00,2026-02-18,14,2,2,11943,12029.465979555176,11976.688,-33.6884765625,33.6884765625
2026-02-18 16:00:00,2026-02-18 15:00:00,2026-02-18,15,2,2,11975,11970.264353474904,11943.719,31.28125,31.28125
2026-02-18 17:00:00,2026-02-18 16:00:00,2026-02-18,16,2,2,12012,12030.730114867127,12059.199,-47.19921875,47.19921875
2026-02-18 18:00:00,2026-02-18 17:00:00,2026-02-18,17,2,2,12141,12062.179554841701,12062.841,78.1591796875,78.1591796875
2026-02-18 19:00:00,2026-02-18 18:00:00,2026-02-18,18,2,2,12249,12210.346937679737,12136.732,112.267578125,112.267578125
2026-02-18 20:00:00,2026-02-18 19:00:00,2026-02-18,19,2,2,12163,12257.539347960645,12105.806,57.1943359375,57.1943359375
2026-02-18 21:00:00,2026-02-18 20:00:00,2026-02-18,20,2,2,11979,12040.107547506752,11951.813,27.1865234375,27.1865234375
2026-02-18 22:00:00,2026-02-18 21:00:00,2026-02-18,21,2,2,11738,11788.607726105522,11761.982,-23.982421875,23.982421875
2026-02-18 23:00:00,2026-02-18 22:00:00,2026-02-18,22,2,2,11508,11491.942394160922,11497.161,10.8388671875,10.8388671875
2026-02-19 00:00:00,2026-02-18 23:00:00,2026-02-18,23,2,2,11298,11241.004825810835,11283.822,14.177734375,14.177734375
2026-02-19 01:00:00,2026-02-19 00:00:00,2026-02-19,0,3,2,11118,11139.497918555673,11126.216,-8.2158203125,8.2158203125
2026-02-19 02:00:00,2026-02-19 01:00:00,2026-02-19,1,3,2,11009,10985.729498003246,11000.194,8.8056640625,8.8056640625
2026-02-19 03:00:00,2026-02-19 02:00:00,2026-02-19,2,3,2,10998,10938.529899454838,10947.988,50.01171875,50.01171875
2026-02-19 04:00:00,2026-02-19 03:00:00,2026-02-19,3,3,2,10990,11011.325889521675,10991.635,-1.634765625,1.634765625
2026-02-19 05:00:00,2026-02-19 04:00:00,2026-02-19,4,3,2,11000,11039.782130990623,10980.267,19.7333984375,19.7333984375
2026-02-19 06:00:00,2026-02-19 05:00:00,2026-02-19,5,3,2,11154,11101.456671046086,11114.081,39.9189453125,39.9189453125
2026-02-19 07:00:00,2026-02-19 06:00:00,2026-02-19,6,3,2,11419,11369.569102239502,11456.033,-37.033203125,37.033203125
2026-02-19 08:00:00,2026-02-19 07:00:00,2026-02-19,7,3,2,11722,11676.650085140978,11746.314,-24.314453125,24.314453125
2026-02-19 09:00:00,2026-02-19 08:00:00,2026-02-19,8,3,2,11778,11947.178561003006,11826.286,-48.2861328125,48.2861328125
2026-02-19 10:00:00,2026-02-19 09:00:00,2026-02-19,9,3,2,11793,11848.008666431095,11814.466,-21.4658203125,21.4658203125
2026-02-19 11:00:00,2026-02-19 10:00:00,2026-02-19,10,3,2,11759,11837.601492713029,11831.397,-72.3974609375,72.3974609375
2026-02-19 12:00:00,2026-02-19 11:00:00,2026-02-19,11,3,2,11737,11791.347162630589,11755.4795,-18.4794921875,18.4794921875
2026-02-19 13:00:00,2026-02-19 12:00:00,2026-02-19,12,3,2,11706,11799.019766141992,11735.297,-29.296875,29.296875
2026-02-19 14:00:00,2026-02-19 13:00:00,2026-02-19,13,3,2,11680,11782.441822636447,11741.577,-61.5771484375,61.5771484375
2026-02-19 15:00:00,2026-02-19 14:00:00,2026-02-19,14,3,2,11615,11747.617708672411,11700.04,-85.0400390625,85.0400390625
2026-02-19 16:00:00,2026-02-19 15:00:00,2026-02-19,15,3,2,11620,11652.24252289617,11661.516,-41.515625,41.515625
2026-02-19 17:00:00,2026-02-19 16:00:00,2026-02-19,16,3,2,11666,11686.726062391468,11763.064,-97.064453125,97.064453125
2026-02-19 18:00:00,2026-02-19 17:00:00,2026-02-19,17,3,2,11779,11750.406298184114,11804.29,-25.2900390625,25.2900390625
2026-02-19 19:00:00,2026-02-19 18:00:00,2026-02-19,18,3,2,11829,11874.42022837673,11768.947,60.052734375,60.052734375
2026-02-19 20:00:00,2026-02-19 19:00:00,2026-02-19,19,3,2,11846,11851.530564421548,11842.419,3.5810546875,3.5810546875
2026-02-19 21:00:00,2026-02-19 20:00:00,2026-02-19,20,3,2,11786,11814.301955706256,11809.983,-23.9833984375,23.9833984375
2026-02-19 22:00:00,2026-02-19 21:00:00,2026-02-19,21,3,2,11636,11687.129284915241,11638.14,-2.1396484375,2.1396484375
2026-02-19 23:00:00,2026-02-19 22:00:00,2026-02-19,22,3,2,11347,11468.920650970857,11410.622,-63.6220703125,63.6220703125
2026-02-20 00:00:00,2026-02-19 23:00:00,2026-02-19,23,3,2,11053,11076.26520182903,11114.803,-61.802734375,61.802734375
2026-02-20 01:00:00,2026-02-20 00:00:00,2026-02-20,0,4,2,10921,10886.143894763525,10868.599,52.4013671875,52.4013671875
2026-02-20 02:00:00,2026-02-20 01:00:00,2026-02-20,1,4,2,10853,10836.134440303375,10821.606,31.3935546875,31.3935546875
2026-02-20 03:00:00,2026-02-20 02:00:00,2026-02-20,2,4,2,10833,10813.874168227238,10839.855,-6.85546875,6.85546875
2026-02-20 04:00:00,2026-02-20 03:00:00,2026-02-20,3,4,2,10821,10847.13239776479,10842.725,-21.724609375,21.724609375
2026-02-20 05:00:00,2026-02-20 04:00:00,2026-02-20,4,4,2,10907,10879.596950818535,10859.432,47.568359375,47.568359375
2026-02-20 06:00:00,2026-02-20 05:00:00,2026-02-20,5,4,2,11111,11060.844088186643,11128.012,-17.01171875,17.01171875
2026-02-20 07:00:00,2026-02-20 06:00:00,2026-02-20,6,4,2,11452,11334.79150376121,11442.921,9.0791015625,9.0791015625
2026-02-20 08:00:00,2026-02-20 07:00:00,2026-02-20,7,4,2,11750,11714.553172206317,11745.981,4.0185546875,4.0185546875
2026-02-20 09:00:00,2026-02-20 08:00:00,2026-02-20,8,4,2,11772,11932.1671193858,11828.571,-56.5712890625,56.5712890625
2026-02-20 10:00:00,2026-02-20 09:00:00,2026-02-20,9,4,2,11831,11783.539003700742,11772.865,58.134765625,58.134765625
2026-02-20 11:00:00,2026-02-20 10:00:00,2026-02-20,10,4,2,11908,11854.684074456736,11886.115,21.884765625,21.884765625
2026-02-20 12:00:00,2026-02-20 11:00:00,2026-02-20,11,4,2,11826,11944.185681459814,11920.771,-94.771484375,94.771484375
2026-02-20 13:00:00,2026-02-20 12:00:00,2026-02-20,12,4,2,11739,11806.31259380248,11755.654,-16.654296875,16.654296875
2026-02-20 14:00:00,2026-02-20 13:00:00,2026-02-20,13,4,2,11681,11739.207233349345,11709.126,-28.1259765625,28.1259765625
2026-02-20 15:00:00,2026-02-20 14:00:00,2026-02-20,14,4,2,11624,11687.9959206947,11642.557,-18.556640625,18.556640625
2026-02-20 16:00:00,2026-02-20 15:00:00,2026-02-20,15,4,2,11544,11620.359229017495,11637.61,-93.6103515625,93.6103515625
2026-02-20 17:00:00,2026-02-20 16:00:00,2026-02-20,16,4,2,11631,11520.22245701459,11594.667,36.3330078125,36.3330078125
2026-02-20 18:00:00,2026-02-20 17:00:00,2026-02-20,17,4,2,11761,11698.260271539291,11755.961,5.0390625,5.0390625
2026-02-20 19:00:00,2026-02-20 18:00:00,2026-02-20,18,4,2,11891,11838.089306645028,11745.7705,145.2294921875,145.2294921875
2026-02-20 20:00:00,2026-02-20 19:00:00,2026-02-20,19,4,2,11867,11923.734346402878,11880.368,-13.3681640625,13.3681640625
2026-02-20 21:00:00,2026-02-20 20:00:00,2026-02-20,20,4,2,11771,11783.949671157268,11764.829,6.1708984375,6.1708984375
2026-02-20 22:00:00,2026-02-20 21:00:00,2026-02-20,21,4,2,11631,11631.116011107959,11583.052,47.9482421875,47.9482421875
2026-02-20 23:00:00,2026-02-20 22:00:00,2026-02-20,22,4,2,11483,11455.992751234513,11406.272,76.7275390625,76.7275390625
2026-02-21 00:00:00,2026-02-20 23:00:00,2026-02-20,23,4,2,11290,11283.064020440701,11289.377,0.623046875,0.623046875
2026-02-21 01:00:00,2026-02-21 00:00:00,2026-02-21,0,5,2,11064,11148.775325407016,11067.421,-3.4208984375,3.4208984375
2026-02-21 02:00:00,2026-02-21 01:00:00,2026-02-21,1,5,2,10982,10903.913774900857,10904.29,77.7099609375,77.7099609375
2026-02-21 03:00:00,2026-02-21 02:00:00,2026-02-21,2,5,2,10930,10912.669251233381,10877.6045,52.3955078125,52.3955078125
2026-02-21 04:00:00,2026-02-21 03:00:00,2026-02-21,3,5,2,10903,10895.801320574545,10874.062,28.9384765625,28.9384765625
2026-02-21 05:00:00,2026-02-21 04:00:00,2026-02-21,4,5,2,10859,10909.888049194913,10900.467,-41.466796875,41.466796875
2026-02-21 06:00:00,2026-02-21 05:00:00,2026-02-21,5,5,2,10952,10895.401473059217,10906.26,45.740234375,45.740234375
2026-02-21 07:00:00,2026-02-21 06:00:00,2026-02-21,6,5,2,11132,11100.942651083446,11137.942,-5.9423828125,5.9423828125
2026-02-21 08:00:00,2026-02-21 07:00:00,2026-02-21,7,5,2,11300,11327.723315823117,11406.452,-106.4521484375,106.4521484375
2026-02-21 09:00:00,2026-02-21 08:00:00,2026-02-21,8,5,2,11417,11461.669192375182,11438.166,-21.166015625,21.166015625
2026-02-21 10:00:00,2026-02-21 09:00:00,2026-02-21,9,5,2,11511,11528.266010924352,11497.957,13.04296875,13.04296875
2026-02-21 11:00:00,2026-02-21 10:00:00,2026-02-21,10,5,2,11518,11589.264246622866,11583.066,-65.06640625,65.06640625
2026-02-21 12:00:00,2026-02-21 11:00:00,2026-02-21,11,5,2,11462,11546.482902710562,11520.191,-58.19140625,58.19140625
2026-02-21 13:00:00,2026-02-21 12:00:00,2026-02-21,12,5,2,11401,11464.865299578823,11372.555,28.4453125,28.4453125
2026-02-21 14:00:00,2026-02-21 13:00:00,2026-02-21,13,5,2,11375,11409.68333425206,11378.99,-3.990234375,3.990234375
2026-02-21 15:00:00,2026-02-21 14:00:00,2026-02-21,14,5,2,11348,11396.030442250243,11341.406,6.59375,6.59375
2026-02-21 16:00:00,2026-02-21 15:00:00,2026-02-21,15,5,2,11376,11355.987694974549,11372.551,3.44921875,3.44921875
2026-02-21 17:00:00,2026-02-21 16:00:00,2026-02-21,16,5,2,11510,11405.619221261451,11526.631,-16.630859375,16.630859375
2026-02-21 18:00:00,2026-02-21 17:00:00,2026-02-21,17,5,2,11721,11584.253952150922,11710.196,10.8037109375,10.8037109375
2026-02-21 19:00:00,2026-02-21 18:00:00,2026-02-21,18,5,2,11838,11788.996703358122,11692.314,145.685546875,145.685546875
2026-02-21 20:00:00,2026-02-21 19:00:00,2026-02-21,19,5,2,11799,11803.379397868535,11811.172,-12.171875,12.171875
2026-02-21 21:00:00,2026-02-21 20:00:00,2026-02-21,20,5,2,11693,11649.834953924328,11724.962,-31.9619140625,31.9619140625
2026-02-21 22:00:00,2026-02-21 21:00:00,2026-02-21,21,5,2,11522,11496.71993667614,11544.195,-22.1953125,22.1953125
2026-02-21 23:00:00,2026-02-21 22:00:00,2026-02-21,22,5,2,11273,11285.017190637984,11323.574,-50.57421875,50.57421875
2026-02-22 00:00:00,2026-02-21 23:00:00,2026-02-21,23,5,2,11072,10971.474513159557,11041.218,30.7822265625,30.7822265625
2026-02-22 01:00:00,2026-02-22 00:00:00,2026-02-22,0,6,2,10914,10911.769102387574,10915.316,-1.31640625,1.31640625
2026-02-22 02:00:00,2026-02-22 01:00:00,2026-02-22,1,6,2,10815,10779.053219095778,10798.404,16.595703125,16.595703125
2026-02-22 03:00:00,2026-02-22 02:00:00,2026-02-22,2,6,2,10753,10728.285048634189,10755.938,-2.9384765625,2.9384765625
2026-02-22 04:00:00,2026-02-22 03:00:00,2026-02-22,3,6,2,10749,10712.899095591341,10744.547,4.453125,4.453125
2026-02-22 05:00:00,2026-02-22 04:00:00,2026-02-22,4,6,2,10784,10774.47629017733,10772.769,11.2314453125,11.2314453125
2026-02-22 06:00:00,2026-02-22 05:00:00,2026-02-22,5,6,2,10878,10864.066192712347,10864.637,13.36328125,13.36328125
2026-02-22 07:00:00,2026-02-22 06:00:00,2026-02-22,6,6,2,11085,11018.671574663464,11034.709,50.291015625,50.291015625
2026-02-22 08:00:00,2026-02-22 07:00:00,2026-02-22,7,6,2,11217,11275.222216694528,11337.587,-120.5869140625,120.5869140625
2026-02-22 09:00:00,2026-02-22 08:00:00,2026-02-22,8,6,2,11251,11342.822945120344,11335.957,-84.95703125,84.95703125
2026-02-22 10:00:00,2026-02-22 09:00:00,2026-02-22,9,6,2,11301,11313.747708003244,11281.203,19.796875,19.796875
2026-02-22 11:00:00,2026-02-22 10:00:00,2026-02-22,10,6,2,11361,11368.108841600255,11331.439,29.560546875,29.560546875
2026-02-22 12:00:00,2026-02-22 11:00:00,2026-02-22,11,6,2,11401,11428.035820420755,11387.549,13.451171875,13.451171875
2026-02-22 13:00:00,2026-02-22 12:00:00,2026-02-22,12,6,2,11414,11457.964874560335,11420.189,-6.189453125,6.189453125
2026-02-22 14:00:00,2026-02-22 13:00:00,2026-02-22,13,6,2,11372,11452.148536266024,11419.539,-47.5390625,47.5390625
2026-02-22 15:00:00,2026-02-22 14:00:00,2026-02-22,14,6,2,11367,11376.246323148358,11339.32,27.6796875,27.6796875
2026-02-22 16:00:00,2026-02-22 15:00:00,2026-02-22,15,6,2,11366,11387.127298677255,11405.117,-39.1171875,39.1171875
2026-02-22 17:00:00,2026-02-22 16:00:00,2026-02-22,16,6,2,11493,11386.32001967036,11514.547,-21.546875,21.546875
2026-02-22 18:00:00,2026-02-22 17:00:00,2026-02-22,17,6,2,11718,11564.623181357352,11739.191,-21.19140625,21.19140625
2026-02-22 19:00:00,2026-02-22 18:00:00,2026-02-22,18,6,2,11851,11793.732470169938,11740.286,110.7138671875,110.7138671875
2026-02-22 20:00:00,2026-02-22 19:00:00,2026-02-22,19,6,2,11787,11820.494597133526,11827.889,-40.888671875,40.888671875
2026-02-22 21:00:00,2026-02-22 20:00:00,2026-02-22,20,6,2,11699,11621.570235654863,11718.472,-19.4716796875,19.4716796875
2026-02-22 22:00:00,2026-02-22 21:00:00,2026-02-22,21,6,2,11464,11507.676627868652,11558.851,-94.8505859375,94.8505859375
2026-02-22 23:00:00,2026-02-22 22:00:00,2026-02-22,22,6,2,11149,11190.625892203914,11177.562,-28.5615234375,28.5615234375
2026-02-23 00:00:00,2026-02-22 23:00:00,2026-02-22,23,6,2,10885,10810.62561045386,10899.828,-14.828125,14.828125
2026-02-23 01:00:00,2026-02-23 00:00:00,2026-02-23,0,0,2,10702,10704.00036651249,10717.55,-15.5498046875,15.5498046875
2026-02-23 02:00:00,2026-02-23 01:00:00,2026-02-23,1,0,2,10612,10568.466881787945,10632.903,-20.9033203125,20.9033203125
2026-02-23 03:00:00,2026-02-23 02:00:00,2026-02-23,2,0,2,10543,10545.397319047957,10572.277,-29.27734375,29.27734375
2026-02-23 04:00:00,2026-02-23 03:00:00,2026-02-23,3,0,2,10528,10521.65316317445,10532.119,-4.119140625,4.119140625
2026-02-23 05:00:00,2026-02-23 04:00:00,2026-02-23,4,0,2,10576,10577.38760025687,10564.492,11.5078125,11.5078125
2026-02-23 06:00:00,2026-02-23 05:00:00,2026-02-23,5,0,2,10805,10700.462688114952,10748.5,56.5,56.5
2026-02-23 07:00:00,2026-02-23 06:00:00,2026-02-23,6,0,2,11224,11036.794802531309,11228.11,-4.1103515625,4.1103515625
2026-02-23 08:00:00,2026-02-23 07:00:00,2026-02-23,7,0,2,11606,11500.539839187031,11638.348,-32.34765625,32.34765625
2026-02-23 09:00:00,2026-02-23 08:00:00,2026-02-23,8,0,2,11714,11789.811703428943,11699.877,14.123046875,14.123046875
2026-02-23 10:00:00,2026-02-23 09:00:00,2026-02-23,9,0,2,11797,11717.782504889405,11730.116,66.8837890625,66.8837890625
2026-02-23 11:00:00,2026-02-23 10:00:00,2026-02-23,10,0,2,11765,11777.25632549279,11813.65,-48.650390625,48.650390625
2026-02-23 12:00:00,2026-02-23 11:00:00,2026-02-23,11,0,2,11722,11703.045128485915,11712.232,9.767578125,9.767578125
2026-02-23 13:00:00,2026-02-23 12:00:00,2026-02-23,12,0,2,11769,11692.297627886926,11651.341,117.6591796875,117.6591796875
2026-02-23 14:00:00,2026-02-23 13:00:00,2026-02-23,13,0,2,11747,11810.451185086104,11756.757,-9.7568359375,9.7568359375
2026-02-23 15:00:00,2026-02-23 14:00:00,2026-02-23,14,0,2,11718,11754.505425389552,11711.837,6.1630859375,6.1630859375
2026-02-23 16:00:00,2026-02-23 15:00:00,2026-02-23,15,0,2,11652,11720.791287184791,11712.936,-60.935546875,60.935546875
2026-02-23 17:00:00,2026-02-23 16:00:00,2026-02-23,16,0,2,11710,11638.480367713228,11748.765,-38.7646484375,38.7646484375
2026-02-23 18:00:00,2026-02-23 17:00:00,2026-02-23,17,0,2,11848,11764.012102241271,11843.268,4.732421875,4.732421875
2026-02-23 19:00:00,2026-02-23 18:00:00,2026-02-23,18,0,2,11910,11917.770790645429,11890.14,19.8603515625,19.8603515625
2026-02-23 20:00:00,2026-02-23 19:00:00,2026-02-23,19,0,2,11771,11902.035800878684,11913.741,-142.7412109375,142.7412109375
2026-02-23 21:00:00,2026-02-23 20:00:00,2026-02-23,20,0,2,11680,11636.8177408926,11613.469,66.53125,66.53125
2026-02-23 22:00:00,2026-02-23 21:00:00,2026-02-23,21,0,2,11437,11552.85542377709,11422.173,14.8271484375,14.8271484375
2026-02-23 23:00:00,2026-02-23 22:00:00,2026-02-23,22,0,2,11142,11202.843590481902,11148.305,-6.3046875,6.3046875
2026-02-24 00:00:00,2026-02-23 23:00:00,2026-02-23,23,0,2,10846,10854.083695313853,10827.911,18.0888671875,18.0888671875
2026-02-24 01:00:00,2026-02-24 00:00:00,2026-02-24,0,1,2,10680,10652.67036099316,10653.06,26.9404296875,26.9404296875
2026-02-24 02:00:00,2026-02-24 01:00:00,2026-02-24,1,1,2,10569,10568.193995450581,10573.927,-4.9267578125,4.9267578125
2026-02-24 03:00:00,2026-02-24 02:00:00,2026-02-24,2,1,2,10554,10506.76281980309,10474.8,79.2001953125,79.2001953125
2026-02-24 04:00:00,2026-02-24 03:00:00,2026-02-24,3,1,2,10484,10580.255855223331,10562.935,-78.9345703125,78.9345703125
2026-02-24 05:00:00,2026-02-24 04:00:00,2026-02-24,4,1,2,10475,10527.166087063557,10497.446,-22.4462890625,22.4462890625
2026-02-24 06:00:00,2026-02-24 05:00:00,2026-02-24,5,1,2,10620,10599.015147993641,10589.994,30.005859375,30.005859375
2026-02-24 07:00:00,2026-02-24 06:00:00,2026-02-24,6,1,2,11079,10862.493181250718,10955.688,123.3115234375,123.3115234375
2026-02-24 08:00:00,2026-02-24 07:00:00,2026-02-24,7,1,2,11441,11442.505855183821,11500.472,-59.4716796875,59.4716796875
2026-02-24 09:00:00,2026-02-24 08:00:00,2026-02-24,8,1,2,11481,11679.583501903944,11531.084,-50.083984375,50.083984375
2026-02-24 10:00:00,2026-02-24 09:00:00,2026-02-24,9,1,2,11471,11519.671367999397,11505.067,-34.0673828125,34.0673828125
2026-02-24 11:00:00,2026-02-24 10:00:00,2026-02-24,10,1,2,11360,11483.640407194449,11400.337,-40.3369140625,40.3369140625
2026-02-24 12:00:00,2026-02-24 11:00:00,2026-02-24,11,1,2,11323,11345.588104813773,11280.971,42.029296875,42.029296875
2026-02-24 13:00:00,2026-02-24 12:00:00,2026-02-24,12,1,2,11252,11388.225435218208,11234.736,17.263671875,17.263671875
2026-02-24 14:00:00,2026-02-24 13:00:00,2026-02-24,13,1,2,11162,11308.075149929595,11207.955,-45.955078125,45.955078125
2026-02-24 15:00:00,2026-02-24 14:00:00,2026-02-24,14,1,2,11162,11196.705405719977,11110.3545,51.6455078125,51.6455078125
2026-02-24 16:00:00,2026-02-24 15:00:00,2026-02-24,15,1,2,11236,11240.37221662985,11174.175,61.8251953125,61.8251953125
2026-02-24 17:00:00,2026-02-24 16:00:00,2026-02-24,16,1,2,11341,11349.867164283885,11401.393,-60.392578125,60.392578125
2026-02-24 18:00:00,2026-02-24 17:00:00,2026-02-24,17,1,2,11451,11459.318500759413,11549.494,-98.494140625,98.494140625
2026-02-24 19:00:00,2026-02-24 18:00:00,2026-02-24,18,1,2,11512,11538.80505676992,11462.278,49.7216796875,49.7216796875
2026-02-24 20:00:00,2026-02-24 19:00:00,2026-02-24,19,1,2,11487,11530.375486097291,11452.563,34.4365234375,34.4365234375
2026-02-24 21:00:00,2026-02-24 20:00:00,2026-02-24,20,1,2,11323,11431.192993079414,11394.098,-71.09765625,71.09765625
2026-02-24 22:00:00,2026-02-24 21:00:00,2026-02-24,21,1,2,11100,11177.407214116212,11133.485,-33.4853515625,33.4853515625
2026-02-24 23:00:00,2026-02-24 22:00:00,2026-02-24,22,1,2,10822,10896.216255670673,10839.427,-17.4267578125,17.4267578125
2026-02-25 00:00:00,2026-02-24 23:00:00,2026-02-24,23,1,2,10600,10559.38736366848,10563.8,36.2001953125,36.2001953125
2026-02-25 01:00:00,2026-02-25 00:00:00,2026-02-25,0,2,2,10448,10455.510089809859,10417.76,30.240234375,30.240234375
2026-02-25 02:00:00,2026-02-25 01:00:00,2026-02-25,1,2,2,10345,10345.564426041748,10356.664,-11.6640625,11.6640625
2026-02-25 03:00:00,2026-02-25 02:00:00,2026-02-25,2,2,2,10234,10291.045595759333,10277.693,-43.693359375,43.693359375
2026-02-25 04:00:00,2026-02-25 03:00:00,2026-02-25,3,2,2,10204,10209.542128120336,10178.898,25.1015625,25.1015625
2026-02-25 05:00:00,2026-02-25 04:00:00,2026-02-25,4,2,2,10272,10261.218422229267,10212.681,59.3193359375,59.3193359375
2026-02-25 06:00:00,2026-02-25 05:00:00,2026-02-25,5,2,2,10486,10420.793251437452,10441.931,44.0693359375,44.0693359375
2026-02-25 07:00:00,2026-02-25 06:00:00,2026-02-25,6,2,2,10855,10738.733770681602,10899.158,-44.158203125,44.158203125
2026-02-25 08:00:00,2026-02-25 07:00:00,2026-02-25,7,2,2,11207,11156.044621251047,11286.336,-79.3359375,79.3359375
2026-02-25 09:00:00,2026-02-25 08:00:00,2026-02-25,8,2,2,11279,11427.668566716111,11367.323,-88.3232421875,88.3232421875
2026-02-25 10:00:00,2026-02-25 09:00:00,2026-02-25,9,2,2,11314,11315.708154029102,11298.264,15.736328125,15.736328125
2026-02-25 11:00:00,2026-02-25 10:00:00,2026-02-25,10,2,2,11234,11322.085085224042,11294.968,-60.9677734375,60.9677734375
2026-02-25 12:00:00,2026-02-25 11:00:00,2026-02-25,11,2,2,11194,11200.831243720902,11176.422,17.578125,17.578125
2026-02-25 13:00:00,2026-02-25 12:00:00,2026-02-25,12,2,2,11142,11219.399230380772,11120.367,21.6328125,21.6328125
2026-02-25 14:00:00,2026-02-25 13:00:00,2026-02-25,13,2,2,11183,11181.289410866508,11092.039,90.9609375,90.9609375
2026-02-25 15:00:00,2026-02-25 14:00:00,2026-02-25,14,2,2,11111,11261.707412663956,11223.611,-112.611328125,112.611328125
2026-02-25 16:00:00,2026-02-25 15:00:00,2026-02-25,15,2,2,11117,11121.596691395014,11121.23,-4.23046875,4.23046875
2026-02-25 17:00:00,2026-02-25 16:00:00,2026-02-25,16,2,2,11174,11168.913766564296,11223.095,-49.0947265625,49.0947265625
2026-02-25 18:00:00,2026-02-25 17:00:00,2026-02-25,17,2,2,11348,11246.309379067694,11317.455,30.544921875,30.544921875
2026-02-25 19:00:00,2026-02-25 18:00:00,2026-02-25,18,2,2,11492,11445.68659885936,11425.0,67.0,67.0
2026-02-25 20:00:00,2026-02-25 19:00:00,2026-02-25,19,2,2,11441,11518.175491956217,11474.522,-33.5224609375,33.5224609375
2026-02-25 21:00:00,2026-02-25 20:00:00,2026-02-25,20,2,2,11313,11329.143403299116,11292.926,20.07421875,20.07421875
2026-02-25 22:00:00,2026-02-25 21:00:00,2026-02-25,21,2,2,11120,11142.031588158121,11091.567,28.4326171875,28.4326171875
2026-02-25 23:00:00,2026-02-25 22:00:00,2026-02-25,22,2,2,10862,10900.08780417096,10846.894,15.1064453125,15.1064453125
2026-02-26 00:00:00,2026-02-25 23:00:00,2026-02-25,23,2,2,10578,10583.901243007116,10599.097,-21.0966796875,21.0966796875
2026-02-26 01:00:00,2026-02-26 00:00:00,2026-02-26,0,3,2,10396,10380.373734624116,10374.856,21.1435546875,21.1435546875
2026-02-26 02:00:00,2026-02-26 01:00:00,2026-02-26,1,3,2,10291,10257.974419203987,10279.504,11.49609375,11.49609375
2026-02-26 03:00:00,2026-02-26 02:00:00,2026-02-26,2,3,2,10233,10215.797991504702,10201.76,31.240234375,31.240234375
2026-02-26 04:00:00,2026-02-26 03:00:00,2026-02-26,3,3,2,10193,10214.221951751968,10171.628,21.3720703125,21.3720703125
2026-02-26 05:00:00,2026-02-26 04:00:00,2026-02-26,4,3,2,10250,10224.901887510532,10205.921,44.0791015625,44.0791015625
2026-02-26 06:00:00,2026-02-26 05:00:00,2026-02-26,5,3,2,10386,10380.75109802826,10376.05,9.9501953125,9.9501953125
2026-02-26 07:00:00,2026-02-26 06:00:00,2026-02-26,6,3,2,10743,10594.225366561777,10701.998,41.001953125,41.001953125
2026-02-26 08:00:00,2026-02-26 07:00:00,2026-02-26,7,3,2,11043,11038.768880605661,11131.786,-88.7861328125,88.7861328125
2026-02-26 09:00:00,2026-02-26 08:00:00,2026-02-26,8,3,2,11099,11246.608276252779,11149.446,-50.4462890625,50.4462890625
2026-02-26 10:00:00,2026-02-26 09:00:00,2026-02-26,9,3,2,11134,11141.698506349676,11106.545,27.455078125,27.455078125
2026-02-26 11:00:00,2026-02-26 10:00:00,2026-02-26,10,3,2,11153,11153.597778947076,11144.262,8.73828125,8.73828125
2026-02-26 12:00:00,2026-02-26 11:00:00,2026-02-26,11,3,2,11115,11170.105431626696,11141.75,-26.75,26.75
2026-02-26 13:00:00,2026-02-26 12:00:00,2026-02-26,12,3,2,11098,11126.971254735676,11043.183,54.8173828125,54.8173828125
2026-02-26 14:00:00,2026-02-26 13:00:00,2026-02-26,13,3,2,11231,11140.316479634159,11083.523,147.4765625,147.4765625
2026-02-26 15:00:00,2026-02-26 14:00:00,2026-02-26,14,3,2,11232,11331.414335924668,11280.277,-48.27734375,48.27734375
2026-02-26 16:00:00,2026-02-26 15:00:00,2026-02-26,15,3,2,11313,11246.89093594273,11245.151,67.8486328125,67.8486328125
2026-02-26 17:00:00,2026-02-26 16:00:00,2026-02-26,16,3,2,11380,11351.032365778825,11427.798,-47.7978515625,47.7978515625
2026-02-26 18:00:00,2026-02-26 17:00:00,2026-02-26,17,3,2,11449,11389.583397061253,11473.561,-24.560546875,24.560546875
2026-02-26 19:00:00,2026-02-26 18:00:00,2026-02-26,18,3,2,11512,11435.54727767783,11409.269,102.7314453125,102.7314453125
2026-02-26 20:00:00,2026-02-26 19:00:00,2026-02-26,19,3,2,11506,11470.979968324573,11448.492,57.5078125,57.5078125
2026-02-26 21:00:00,2026-02-26 20:00:00,2026-02-26,20,3,2,11399,11402.208329544108,11388.328,10.671875,10.671875
2026-02-26 22:00:00,2026-02-26 21:00:00,2026-02-26,21,3,2,11275,11228.330383836668,11233.272,41.7275390625,41.7275390625
2026-02-26 23:00:00,2026-02-26 22:00:00,2026-02-26,22,3,2,11048,11073.205735920383,11014.694,33.3056640625,33.3056640625
2026-02-27 00:00:00,2026-02-26 23:00:00,2026-02-26,23,3,2,10792,10763.435845581605,10747.325,44.6748046875,44.6748046875
2026-02-27 01:00:00,2026-02-27 00:00:00,2026-02-27,0,4,2,10553,10604.560803088483,10622.855,-69.85546875,69.85546875
2026-02-27 02:00:00,2026-02-27 01:00:00,2026-02-27,1,4,2,10417,10376.49805345778,10389.42,27.580078125,27.580078125
2026-02-27 03:00:00,2026-02-27 02:00:00,2026-02-27,2,4,2,10366,10311.240321604477,10296.17,69.830078125,69.830078125
2026-02-27 04:00:00,2026-02-27 03:00:00,2026-02-27,3,4,2,10325,10331.200795920571,10310.2705,14.7294921875,14.7294921875
2026-02-27 05:00:00,2026-02-27 04:00:00,2026-02-27,4,4,2,10381,10338.103846041251,10320.213,60.787109375,60.787109375
2026-02-27 06:00:00,2026-02-27 05:00:00,2026-02-27,5,4,2,10576,10496.191759839827,10521.005,54.9951171875,54.9951171875
2026-02-27 07:00:00,2026-02-27 06:00:00,2026-02-27,6,4,2,10940,10802.158576800255,10927.973,12.02734375,12.02734375
2026-02-27 08:00:00,2026-02-27 07:00:00,2026-02-27,7,4,2,11273,11222.376904310464,11337.827,-64.8271484375,64.8271484375
2026-02-27 09:00:00,2026-02-27 08:00:00,2026-02-27,8,4,2,11457,11472.98081678337,11397.232,59.767578125,59.767578125
2026-02-27 10:00:00,2026-02-27 09:00:00,2026-02-27,9,4,2,11568,11533.448041095724,11493.274,74.7255859375,74.7255859375
2026-02-27 11:00:00,2026-02-27 10:00:00,2026-02-27,10,4,2,11601,11584.782640929003,11597.489,3.5107421875,3.5107421875
2026-02-27 12:00:00,2026-02-27 11:00:00,2026-02-27,11,4,2,11635,11577.007993248337,11579.153,55.8466796875,55.8466796875
2026-02-27 13:00:00,2026-02-27 12:00:00,2026-02-27,12,4,2,11593,11628.380374945575,11587.066,5.93359375,5.93359375
2026-02-27 14:00:00,2026-02-27 13:00:00,2026-02-27,13,4,2,11599,11570.505068692566,11541.822,57.177734375,57.177734375
2026-02-27 15:00:00,2026-02-27 14:00:00,2026-02-27,14,4,2,11579,11608.785160533724,11580.609,-1.609375,1.609375
2026-02-27 16:00:00,2026-02-27 15:00:00,2026-02-27,15,4,2,11583,11574.011688423565,11571.576,11.423828125,11.423828125
2026-02-27 17:00:00,2026-02-27 16:00:00,2026-02-27,16,4,2,11675,11585.394537409484,11700.556,-25.5556640625,25.5556640625
2026-02-27 18:00:00,2026-02-27 17:00:00,2026-02-27,17,4,2,11762,11710.16561031315,11766.894,-4.8935546875,4.8935546875
2026-02-27 19:00:00,2026-02-27 18:00:00,2026-02-27,18,4,2,11783,11771.038108433564,11727.481,55.5185546875,55.5185546875
2026-02-27 20:00:00,2026-02-27 19:00:00,2026-02-27,19,4,2,11700,11729.83947433794,11716.335,-16.3349609375,16.3349609375
2026-02-27 21:00:00,2026-02-27 20:00:00,2026-02-27,20,4,2,11628,11573.962178304833,11579.44,48.5595703125,48.5595703125
2026-02-27 22:00:00,2026-02-27 21:00:00,2026-02-27,21,4,2,11432,11492.912027856979,11432.108,-0.1083984375,0.1083984375
2026-02-27 23:00:00,2026-02-27 22:00:00,2026-02-27,22,4,2,11188,11208.807110637583,11175.92,12.080078125,12.080078125
2026-02-28 00:00:00,2026-02-27 23:00:00,2026-02-27,23,4,2,10947,10914.110216497827,10919.894,27.1064453125,27.1064453125
2026-02-28 01:00:00,2026-02-28 00:00:00,2026-02-28,0,5,2,10764,10760.985849234312,10752.608,11.3916015625,11.3916015625
2026-02-28 02:00:00,2026-02-28 01:00:00,2026-02-28,1,5,2,10639,10615.239824411188,10635.446,3.5537109375,3.5537109375
2026-02-28 03:00:00,2026-02-28 02:00:00,2026-02-28,2,5,2,10540,10538.554433318564,10539.105,0.89453125,0.89453125
2026-02-28 04:00:00,2026-02-28 03:00:00,2026-02-28,3,5,2,10480,10485.101122452883,10469.052,10.9482421875,10.9482421875
2026-02-28 05:00:00,2026-02-28 04:00:00,2026-02-28,4,5,2,10493,10484.81055186833,10473.67,19.330078125,19.330078125
2026-02-28 06:00:00,2026-02-28 05:00:00,2026-02-28,5,5,2,10543,10579.552809940888,10596.739,-53.7392578125,53.7392578125
2026-02-28 07:00:00,2026-02-28 06:00:00,2026-02-28,6,5,2,10742,10691.875146315078,10676.3,65.7001953125,65.7001953125
2026-02-28 08:00:00,2026-02-28 07:00:00,2026-02-28,7,5,2,10946,10980.209456293776,10998.473,-52.47265625,52.47265625
2026-02-28 09:00:00,2026-02-28 08:00:00,2026-02-28,8,5,2,11031,11156.096487390652,11084.002,-53.001953125,53.001953125
2026-02-28 10:00:00,2026-02-28 09:00:00,2026-02-28,9,5,2,11048,11154.786630292134,11100.0,-52.0,52.0
2026-02-28 11:00:00,2026-02-28 10:00:00,2026-02-28,10,5,2,11119,11125.678365154805,11055.265,63.7353515625,63.7353515625
2026-02-28 12:00:00,2026-02-28 11:00:00,2026-02-28,11,5,2,11109,11215.914193017206,11167.559,-58.55859375,58.55859375
2026-02-28 13:00:00,2026-02-28 12:00:00,2026-02-28,12,5,2,11079,11166.640056980621,11081.556,-2.5556640625,2.5556640625
2026-02-28 14:00:00,2026-02-28 13:00:00,2026-02-28,13,5,2,11009,11137.774510528161,11083.234,-74.234375,74.234375
2026-02-28 15:00:00,2026-02-28 14:00:00,2026-02-28,14,5,2,10917,11043.158002957416,11030.405,-113.4052734375,113.4052734375
2026-02-28 16:00:00,2026-02-28 15:00:00,2026-02-28,15,5,2,10900,10928.809008505594,10903.591,-3.5908203125,3.5908203125
2026-02-28 17:00:00,2026-02-28 16:00:00,2026-02-28,16,5,2,10964,10941.818667999485,11004.001,-40.0009765625,40.0009765625
2026-02-28 18:00:00,2026-02-28 17:00:00,2026-02-28,17,5,2,11061,11040.365182312573,11132.921,-71.9208984375,71.9208984375
2026-02-28 19:00:00,2026-02-28 18:00:00,2026-02-28,18,5,2,11148,11135.917848063029,11177.979,-29.978515625,29.978515625
2026-02-28 20:00:00,2026-02-28 19:00:00,2026-02-28,19,5,2,11155,11181.716289698103,11187.538,-32.5380859375,32.5380859375
2026-02-28 21:00:00,2026-02-28 20:00:00,2026-02-28,20,5,2,11114,11110.57521687301,11110.824,3.17578125,3.17578125
2026-02-28 22:00:00,2026-02-28 21:00:00,2026-02-28,21,5,2,11010,11018.075207999125,10974.053,35.947265625,35.947265625
2026-02-28 23:00:00,2026-02-28 22:00:00,2026-02-28,22,5,2,10817,10862.012125195222,10834.855,-17.85546875,17.85546875
2026-03-01 00:00:00,2026-02-28 23:00:00,2026-02-28,23,5,2,10601,10597.826448798394,10621.696,-20.6962890625,20.6962890625
2026-03-01 01:00:00,2026-03-01 00:00:00,2026-03-01,0,6,3,10442,10476.501125921313,10408.116,33.8837890625,33.8837890625
2026-03-01 02:00:00,2026-03-01 01:00:00,2026-03-01,1,6,3,10323,10340.886640992996,10349.283,-26.283203125,26.283203125
2026-03-01 03:00:00,2026-03-01 02:00:00,2026-03-01,2,6,3,10261,10249.73149230049,10230.574,30.42578125,30.42578125
2026-03-01 04:00:00,2026-03-01 03:00:00,2026-03-01,3,6,3,10224,10237.825641879732,10205.122,18.8779296875,18.8779296875
2026-03-01 05:00:00,2026-03-01 04:00:00,2026-03-01,4,6,3,10228,10246.781234921882,10213.274,14.7255859375,14.7255859375
2026-03-01 06:00:00,2026-03-01 05:00:00,2026-03-01,5,6,3,10299,10311.019996505449,10302.85,-3.849609375,3.849609375
2026-03-01 07:00:00,2026-03-01 06:00:00,2026-03-01,6,6,3,10421,10455.22808778471,10445.188,-24.1884765625,24.1884765625
2026-03-01 08:00:00,2026-03-01 07:00:00,2026-03-01,7,6,3,10558,10616.050816745521,10667.811,-109.810546875,109.810546875
2026-03-01 09:00:00,2026-03-01 08:00:00,2026-03-01,8,6,3,10759,10742.915617629978,10670.847,88.1533203125,88.1533203125
2026-03-01 10:00:00,2026-03-01 09:00:00,2026-03-01,9,6,3,10997,10945.68038069628,10899.178,97.822265625,97.822265625
2026-03-01 11:00:00,2026-03-01 10:00:00,2026-03-01,10,6,3,11029,11162.039968740595,11130.608,-101.6083984375,101.6083984375
2026-03-01 12:00:00,2026-03-01 11:00:00,2026-03-01,11,6,3,11006,11066.498453489256,11026.773,-20.7734375,20.7734375
2026-03-01 13:00:00,2026-03-01 12:00:00,2026-03-01,12,6,3,10929,11014.041453225798,11011.638,-82.6376953125,82.6376953125
2026-03-01 14:00:00,2026-03-01 13:00:00,2026-03-01,13,6,3,10840,10918.699706751124,10854.614,-14.6142578125,14.6142578125
2026-03-01 15:00:00,2026-03-01 14:00:00,2026-03-01,14,6,3,10808,10837.032986744462,10788.499,19.5009765625,19.5009765625
2026-03-01 16:00:00,2026-03-01 15:00:00,2026-03-01,15,6,3,10799,10832.039091880091,10822.891,-23.890625,23.890625
2026-03-01 17:00:00,2026-03-01 16:00:00,2026-03-01,16,6,3,10921,10830.446238125405,10922.814,-1.814453125,1.814453125
2026-03-01 18:00:00,2026-03-01 17:00:00,2026-03-01,17,6,3,11157,11016.917509025605,11082.204,74.7958984375,74.7958984375
2026-03-01 19:00:00,2026-03-01 18:00:00,2026-03-01,18,6,3,11292,11272.60891621617,11188.285,103.71484375,103.71484375
2026-03-01 20:00:00,2026-03-01 19:00:00,2026-03-01,19,6,3,11265,11297.777569057549,11236.08,28.919921875,28.919921875
2026-03-01 21:00:00,2026-03-01 20:00:00,2026-03-01,20,6,3,11146,11152.616481753888,11195.53,-49.5302734375,49.5302734375
2026-03-01 22:00:00,2026-03-01 21:00:00,2026-03-01,21,6,3,10977,10968.100637822074,10999.388,-22.3876953125,22.3876953125
2026-03-01 23:00:00,2026-03-01 22:00:00,2026-03-01,22,6,3,10698,10764.427500905136,10714.698,-16.6982421875,16.6982421875
2026-03-02 00:00:00,2026-03-01 23:00:00,2026-03-01,23,6,3,10436,10405.517056081484,10458.192,-22.1923828125,22.1923828125
2026-03-02 01:00:00,2026-03-02 00:00:00,2026-03-02,0,0,3,10211,10281.855877271248,10271.66,-60.66015625,60.66015625
2026-03-02 02:00:00,2026-03-02 01:00:00,2026-03-02,1,0,3,10089,10078.293343894318,10098.035,-9.03515625,9.03515625
2026-03-02 03:00:00,2026-03-02 02:00:00,2026-03-02,2,0,3,10070,10027.582743532761,10031.921,38.0791015625,38.0791015625
2026-03-02 04:00:00,2026-03-02 03:00:00,2026-03-02,3,0,3,10105,10091.510815432124,10086.993,18.0068359375,18.0068359375
2026-03-02 05:00:00,2026-03-02 04:00:00,2026-03-02,4,0,3,10249,10195.403544039165,10175.769,73.2314453125,73.2314453125
2026-03-02 06:00:00,2026-03-02 05:00:00,2026-03-02,5,0,3,10496,10434.677152065156,10520.491,-24.4912109375,24.4912109375
2026-03-02 07:00:00,2026-03-02 06:00:00,2026-03-02,6,0,3,10981,10738.825163115105,10914.562,66.4384765625,66.4384765625
2026-03-02 08:00:00,2026-03-02 07:00:00,2026-03-02,7,0,3,11399,11287.818702236336,11293.372,105.6279296875,105.6279296875
2026-03-02 09:00:00,2026-03-02 08:00:00,2026-03-02,8,0,3,11478,11592.327151507507,11519.587,-41.5869140625,41.5869140625
2026-03-02 10:00:00,2026-03-02 09:00:00,2026-03-02,9,0,3,11496,11459.493571056162,11537.427,-41.4267578125,41.4267578125
2026-03-02 11:00:00,2026-03-02 10:00:00,2026-03-02,10,0,3,11536,11446.177269515365,11540.236,-4.236328125,4.236328125
2026-03-02 12:00:00,2026-03-02 11:00:00,2026-03-02,11,0,3,11479,11514.337178561269,11529.57,-50.5703125,50.5703125
2026-03-02 13:00:00,2026-03-02 12:00:00,2026-03-02,12,0,3,11442,11448.883356441569,11435.367,6.6328125,6.6328125
2026-03-02 14:00:00,2026-03-02 13:00:00,2026-03-02,13,0,3,11391,11456.22218891206,11377.189,13.810546875,13.810546875
2026-03-02 15:00:00,2026-03-02 14:00:00,2026-03-02,14,0,3,11358,11393.67707607792,11360.746,-2.74609375,2.74609375
2026-03-02 16:00:00,2026-03-02 15:00:00,2026-03-02,15,0,3,11385,11361.176027039075,11335.049,49.951171875,49.951171875
2026-03-02 17:00:00,2026-03-02 16:00:00,2026-03-02,16,0,3,11533,11416.022276091402,11490.082,42.91796875,42.91796875
2026-03-02 18:00:00,2026-03-02 17:00:00,2026-03-02,17,0,3,11595,11617.391531991343,11679.266,-84.265625,84.265625
2026-03-02 19:00:00,2026-03-02 18:00:00,2026-03-02,18,0,3,11534,11609.47964172165,11509.863,24.13671875,24.13671875
2026-03-02 20:00:00,2026-03-02 19:00:00,2026-03-02,19,0,3,11548,11462.833125929894,11420.335,127.6650390625,127.6650390625
2026-03-02 21:00:00,2026-03-02 20:00:00,2026-03-02,20,0,3,11518,11498.13867242949,11465.43,52.5703125,52.5703125
2026-03-02 22:00:00,2026-03-02 21:00:00,2026-03-02,21,0,3,11356,11426.488874652987,11320.737,35.2626953125,35.2626953125
2026-03-02 23:00:00,2026-03-02 22:00:00,2026-03-02,22,0,3,11060,11174.874286264056,11082.436,-22.435546875,22.435546875
2026-03-03 00:00:00,2026-03-02 23:00:00,2026-03-02,23,0,3,10749,10779.946009351564,10772.342,-23.341796875,23.341796875
2026-03-03 01:00:00,2026-03-03 00:00:00,2026-03-03,0,1,3,10562,10554.92336159886,10564.052,-2.0517578125,2.0517578125
2026-03-03 02:00:00,2026-03-03 01:00:00,2026-03-03,1,1,3,10427,10433.045845580007,10411.331,15.6689453125,15.6689453125
2026-03-03 03:00:00,2026-03-03 02:00:00,2026-03-03,2,1,3,10320,10342.297333099945,10291.366,28.6337890625,28.6337890625
2026-03-03 04:00:00,2026-03-03 03:00:00,2026-03-03,3,1,3,10249,10282.754336669725,10245.934,3.06640625,3.06640625
2026-03-03 05:00:00,2026-03-03 04:00:00,2026-03-03,4,1,3,10286,10277.913006495646,10237.935,48.0654296875,48.0654296875
2026-03-03 06:00:00,2026-03-03 05:00:00,2026-03-03,5,1,3,10450,10421.174363510585,10417.216,32.7841796875,32.7841796875
2026-03-03 07:00:00,2026-03-03 06:00:00,2026-03-03,6,1,3,10844,10690.94448672342,10818.276,25.7236328125,25.7236328125
2026-03-03 08:00:00,2026-03-03 07:00:00,2026-03-03,7,1,3,11250,11176.649829456834,11266.001,-16.0009765625,16.0009765625
2026-03-03 09:00:00,2026-03-03 08:00:00,2026-03-03,8,1,3,11402,11512.617480083392,11405.787,-3.787109375,3.787109375
2026-03-03 10:00:00,2026-03-03 09:00:00,2026-03-03,9,1,3,11437,11482.421702381518,11476.554,-39.5537109375,39.5537109375
2026-03-03 11:00:00,2026-03-03 10:00:00,2026-03-03,10,1,3,11422,11436.348862462275,11455.2295,-33.2294921875,33.2294921875
2026-03-03 12:00:00,2026-03-03 11:00:00,2026-03-03,11,1,3,11438,11403.231747920905,11392.356,45.6435546875,45.6435546875
2026-03-03 13:00:00,2026-03-03 12:00:00,2026-03-03,12,1,3,11450,11459.577541055118,11400.872,49.1279296875,49.1279296875
2026-03-03 14:00:00,2026-03-03 13:00:00,2026-03-03,13,1,3,11446,11490.386102758423,11451.277,-5.27734375,5.27734375
2026-03-03 15:00:00,2026-03-03 14:00:00,2026-03-03,14,1,3,11494,11481.24710457219,11409.321,84.6787109375,84.6787109375
2026-03-03 16:00:00,2026-03-03 15:00:00,2026-03-03,15,1,3,11535,11544.509632474479,11569.05,-34.0498046875,34.0498046875
2026-03-03 17:00:00,2026-03-03 16:00:00,2026-03-03,16,1,3,11665,11568.186825517243,11683.86,-18.8603515625,18.8603515625
2026-03-03 18:00:00,2026-03-03 17:00:00,2026-03-03,17,1,3,11752,11719.495325327873,11791.341,-39.3408203125,39.3408203125
2026-03-03 19:00:00,2026-03-03 18:00:00,2026-03-03,18,1,3,11753,11751.954052314302,11686.956,66.0439453125,66.0439453125
2026-03-03 20:00:00,2026-03-03 19:00:00,2026-03-03,19,1,3,11675,11682.738348149063,11675.1045,-0.1044921875,0.1044921875
2026-03-03 21:00:00,2026-03-03 20:00:00,2026-03-03,20,1,3,11593,11547.178404842463,11523.045,69.955078125,69.955078125
2026-03-03 22:00:00,2026-03-03 21:00:00,2026-03-03,21,1,3,11370,11447.700632976106,11413.782,-43.7822265625,43.7822265625
2026-03-03 23:00:00,2026-03-03 22:00:00,2026-03-03,22,1,3,11146,11121.763980179634,11099.577,46.4228515625,46.4228515625
2026-03-04 00:00:00,2026-03-03 23:00:00,2026-03-03,23,1,3,10907,10871.868089178613,10871.775,35.224609375,35.224609375
2026-03-04 01:00:00,2026-03-04 00:00:00,2026-03-04,0,2,3,10760,10715.48291739462,10708.429,51.5712890625,51.5712890625
2026-03-04 02:00:00,2026-03-04 01:00:00,2026-03-04,1,2,3,10656,10623.078449188424,10648.358,7.6416015625,7.6416015625
2026-03-04 03:00:00,2026-03-04 02:00:00,2026-03-04,2,2,3,10643,10558.627872477853,10565.018,77.982421875,77.982421875
2026-03-04 04:00:00,2026-03-04 03:00:00,2026-03-04,3,2,3,10635,10627.455423991087,10644.38,-9.3798828125,9.3798828125
2026-03-04 05:00:00,2026-03-04 04:00:00,2026-03-04,4,2,3,10624,10663.391762911715,10651.537,-27.537109375,27.537109375
2026-03-04 06:00:00,2026-03-04 05:00:00,2026-03-04,5,2,3,10768,10700.120805286406,10741.235,26.7646484375,26.7646484375
2026-03-04 07:00:00,2026-03-04 06:00:00,2026-03-04,6,2,3,11137,10965.841322567967,11080.026,56.9736328125,56.9736328125
2026-03-04 08:00:00,2026-03-04 07:00:00,2026-03-04,7,2,3,11346,11425.21452333538,11520.122,-174.1220703125,174.1220703125
2026-03-04 09:00:00,2026-03-04 08:00:00,2026-03-04,8,2,3,11370,11503.73227096278,11475.9375,-105.9375,105.9375
2026-03-04 10:00:00,2026-03-04 09:00:00,2026-03-04,9,2,3,11490,11410.629727839525,11390.906,99.09375,99.09375
2026-03-04 11:00:00,2026-03-04 10:00:00,2026-03-04,10,2,3,11610,11565.673856267498,11562.181,47.8193359375,47.8193359375
2026-03-04 12:00:00,2026-03-04 11:00:00,2026-03-04,11,2,3,11568,11677.114410632008,11655.877,-87.876953125,87.876953125
2026-03-04 13:00:00,2026-03-04 12:00:00,2026-03-04,12,2,3,11559,11565.947459784295,11511.923,47.0771484375,47.0771484375
2026-03-04 14:00:00,2026-03-04 13:00:00,2026-03-04,13,2,3,11552,11583.417232075668,11540.141,11.859375,11.859375
2026-03-04 15:00:00,2026-03-04 14:00:00,2026-03-04,14,2,3,11564,11572.188323054475,11568.904,-4.904296875,4.904296875
2026-03-04 16:00:00,2026-03-04 15:00:00,2026-03-04,15,2,3,11639,11594.20690615768,11649.635,-10.634765625,10.634765625
2026-03-04 17:00:00,2026-03-04 16:00:00,2026-03-04,16,2,3,11701,11691.78723824697,11820.059,-119.05859375,119.05859375
2026-03-04 18:00:00,2026-03-04 17:00:00,2026-03-04,17,2,3,11747,11727.143384195317,11844.862,-97.8623046875,97.8623046875
2026-03-04 19:00:00,2026-03-04 18:00:00,2026-03-04,18,2,3,11713,11739.925242382162,11708.296,4.7041015625,4.7041015625
2026-03-04 20:00:00,2026-03-04 19:00:00,2026-03-04,19,2,3,11711,11644.075133878323,11633.111,77.888671875,77.888671875
2026-03-04 21:00:00,2026-03-04 20:00:00,2026-03-04,20,2,3,11609,11641.106172832204,11644.249,-35.2490234375,35.2490234375
2026-03-04 22:00:00,2026-03-04 21:00:00,2026-03-04,21,2,3,11383,11468.175166615954,11418.361,-35.361328125,35.361328125
2026-03-04 23:00:00,2026-03-04 22:00:00,2026-03-04,22,2,3,11095,11144.043826618097,11114.84,-19.83984375,19.83984375
2026-03-05 00:00:00,2026-03-04 23:00:00,2026-03-04,23,2,3,10815,10793.754224420056,10817.335,-2.3349609375,2.3349609375
2026-03-05 01:00:00,2026-03-05 00:00:00,2026-03-05,0,3,3,10629,10616.358552857093,10651.381,-22.380859375,22.380859375
2026-03-05 02:00:00,2026-03-05 01:00:00,2026-03-05,1,3,3,10506,10481.238681844949,10544.289,-38.2890625,38.2890625
2026-03-05 03:00:00,2026-03-05 02:00:00,2026-03-05,2,3,3,10497,10410.00251361496,10442.035,54.96484375,54.96484375
2026-03-05 04:00:00,2026-03-05 03:00:00,2026-03-05,3,3,3,10471,10493.689967352566,10515.019,-44.0185546875,44.0185546875
2026-03-05 05:00:00,2026-03-05 04:00:00,2026-03-05,4,3,3,10474,10501.608968983157,10512.788,-38.7880859375,38.7880859375
2026-03-05 06:00:00,2026-03-05 05:00:00,2026-03-05,5,3,3,10644,10567.26253319745,10598.44,45.5595703125,45.5595703125
2026-03-05 07:00:00,2026-03-05 06:00:00,2026-03-05,6,3,3,11001,10861.289838180784,10997.066,3.93359375,3.93359375
2026-03-05 08:00:00,2026-03-05 07:00:00,2026-03-05,7,3,3,11280,11283.70873549163,11394.205,-114.205078125,114.205078125
2026-03-05 09:00:00,2026-03-05 08:00:00,2026-03-05,8,3,3,11336,11465.373940582347,11418.685,-82.6845703125,82.6845703125
2026-03-05 10:00:00,2026-03-05 09:00:00,2026-03-05,9,3,3,11336,11375.9169719789,11385.329,-49.3291015625,49.3291015625
2026-03-05 11:00:00,2026-03-05 10:00:00,2026-03-05,10,3,3,11324,11342.451587935031,11336.01,-12.009765625,12.009765625
2026-03-05 12:00:00,2026-03-05 11:00:00,2026-03-05,11,3,3,11283,11336.800837390161,11313.881,-30.880859375,30.880859375
2026-03-05 13:00:00,2026-03-05 12:00:00,2026-03-05,12,3,3,11213,11309.242678201164,11211.622,1.3779296875,1.3779296875
2026-03-05 14:00:00,2026-03-05 13:00:00,2026-03-05,13,3,3,11171,11243.927834054522,11197.803,-26.802734375,26.802734375
2026-03-05 15:00:00,2026-03-05 14:00:00,2026-03-05,14,3,3,11143,11208.304323977864,11162.84,-19.83984375,19.83984375
2026-03-05 16:00:00,2026-03-05 15:00:00,2026-03-05,15,3,3,11141,11181.132546438841,11201.809,-60.80859375,60.80859375
2026-03-05 17:00:00,2026-03-05 16:00:00,2026-03-05,16,3,3,11263,11187.085509790677,11247.669,15.3310546875,15.3310546875
2026-03-05 18:00:00,2026-03-05 17:00:00,2026-03-05,17,3,3,11334,11359.990746021545,11459.387,-125.38671875,125.38671875
2026-03-05 19:00:00,2026-03-05 18:00:00,2026-03-05,18,3,3,11397,11375.034122032377,11334.003,62.9970703125,62.9970703125
2026-03-05 20:00:00,2026-03-05 19:00:00,2026-03-05,19,3,3,11357,11397.929792985004,11390.882,-33.8818359375,33.8818359375
2026-03-05 21:00:00,2026-03-05 20:00:00,2026-03-05,20,3,3,11185,11276.335341625823,11260.694,-75.6943359375,75.6943359375
2026-03-05 22:00:00,2026-03-05 21:00:00,2026-03-05,21,3,3,10991,11018.069230890924,11019.175,-28.1748046875,28.1748046875
2026-03-05 23:00:00,2026-03-05 22:00:00,2026-03-05,22,3,3,10754,10788.233598151051,10741.132,12.8681640625,12.8681640625
2026-03-06 00:00:00,2026-03-05 23:00:00,2026-03-05,23,3,3,10490,10499.239597340276,10531.507,-41.5068359375,41.5068359375
2026-03-06 01:00:00,2026-03-06 00:00:00,2026-03-06,0,4,3,10330,10330.600734179923,10324.541,5.458984375,5.458984375
2026-03-06 02:00:00,2026-03-06 01:00:00,2026-03-06,1,4,3,10231,10229.733363723188,10232.658,-1.658203125,1.658203125
2026-03-06 03:00:00,2026-03-06 02:00:00,2026-03-06,2,4,3,10206,10185.460855260842,10174.033,31.966796875,31.966796875
2026-03-06 04:00:00,2026-03-06 03:00:00,2026-03-06,3,4,3,10242,10227.91118505825,10176.627,65.373046875,65.373046875
2026-03-06 05:00:00,2026-03-06 04:00:00,2026-03-06,4,4,3,10250,10331.265055788315,10281.842,-31.841796875,31.841796875
2026-03-06 06:00:00,2026-03-06 05:00:00,2026-03-06,5,4,3,10380,10368.852497081498,10368.634,11.3662109375,11.3662109375
2026-03-06 07:00:00,2026-03-06 06:00:00,2026-03-06,6,4,3,10757,10594.90739457985,10708.6,48.400390625,48.400390625
2026-03-06 08:00:00,2026-03-06 07:00:00,2026-03-06,7,4,3,11106,11061.433603804793,11190.706,-84.7060546875,84.7060546875
2026-03-06 09:00:00,2026-03-06 08:00:00,2026-03-06,8,4,3,11282,11329.326382952087,11203.513,78.4873046875,78.4873046875
2026-03-06 10:00:00,2026-03-06 09:00:00,2026-03-06,9,4,3,11257,11370.775929691365,11333.294,-76.2939453125,76.2939453125
2026-03-06 11:00:00,2026-03-06 10:00:00,2026-03-06,10,4,3,11175,11230.87372687418,11254.991,-79.9912109375,79.9912109375
2026-03-06 12:00:00,2026-03-06 11:00:00,2026-03-06,11,4,3,11100,11136.704595984616,11125.274,-25.2744140625,25.2744140625
2026-03-06 13:00:00,2026-03-06 12:00:00,2026-03-06,12,4,3,11021,11099.96548179669,11046.108,-25.1083984375,25.1083984375
2026-03-06 14:00:00,2026-03-06 13:00:00,2026-03-06,13,4,3,11014,11038.553462232923,10998.734,15.265625,15.265625
2026-03-06 15:00:00,2026-03-06 14:00:00,2026-03-06,14,4,3,10994,11060.960945697463,11010.502,-16.501953125,16.501953125
2026-03-06 16:00:00,2026-03-06 15:00:00,2026-03-06,15,4,3,10929,11031.732913590837,11046.578,-117.578125,117.578125
2026-03-06 17:00:00,2026-03-06 16:00:00,2026-03-06,16,4,3,10950,10946.406284840092,10974.975,-24.974609375,24.974609375
2026-03-06 18:00:00,2026-03-06 17:00:00,2026-03-06,17,4,3,11065,11010.815504276357,11032.914,32.0859375,32.0859375
2026-03-06 19:00:00,2026-03-06 18:00:00,2026-03-06,18,4,3,11208,11154.63521199453,11077.631,130.369140625,130.369140625
2026-03-06 20:00:00,2026-03-06 19:00:00,2026-03-06,19,4,3,11211,11265.90872560532,11181.016,29.984375,29.984375
2026-03-06 21:00:00,2026-03-06 20:00:00,2026-03-06,20,4,3,11130,11158.746525958903,11108.131,21.869140625,21.869140625
2026-03-06 22:00:00,2026-03-06 21:00:00,2026-03-06,21,4,3,10999,11008.149129182864,10952.243,46.7568359375,46.7568359375
2026-03-06 23:00:00,2026-03-06 22:00:00,2026-03-06,22,4,3,10786,10833.86002175274,10779.853,6.1474609375,6.1474609375
2026-03-07 00:00:00,2026-03-06 23:00:00,2026-03-06,23,4,3,10491,10555.476527301375,10540.062,-49.0615234375,49.0615234375
2026-03-07 01:00:00,2026-03-07 00:00:00,2026-03-07,0,5,3,10326,10296.164345506244,10283.911,42.0888671875,42.0888671875
2026-03-07 02:00:00,2026-03-07 01:00:00,2026-03-07,1,5,3,10217,10198.328259097047,10200.845,16.1552734375,16.1552734375
2026-03-07 03:00:00,2026-03-07 02:00:00,2026-03-07,2,5,3,10081,10131.94224806104,10108.996,-27.99609375,27.99609375
2026-03-07 04:00:00,2026-03-07 03:00:00,2026-03-07,3,5,3,10024,10006.67745777441,10063.903,-39.9033203125,39.9033203125
2026-03-07 05:00:00,2026-03-07 04:00:00,2026-03-07,4,5,3,10026,10028.735778744249,10047.285,-21.28515625,21.28515625
2026-03-07 06:00:00,2026-03-07 05:00:00,2026-03-07,5,5,3,10114,10105.942435386058,10061.304,52.6962890625,52.6962890625
2026-03-07 07:00:00,2026-03-07 06:00:00,2026-03-07,6,5,3,10253,10278.202196408507,10259.521,-6.521484375,6.521484375
2026-03-07 08:00:00,2026-03-07 07:00:00,2026-03-07,7,5,3,10413,10459.662427691519,10487.109,-74.109375,74.109375
2026-03-07 09:00:00,2026-03-07 08:00:00,2026-03-07,8,5,3,10619,10609.119497556982,10522.297,96.703125,96.703125
2026-03-07 10:00:00,2026-03-07 09:00:00,2026-03-07,9,5,3,10783,10797.987623846304,10774.964,8.0361328125,8.0361328125
2026-03-07 11:00:00,2026-03-07 10:00:00,2026-03-07,10,5,3,10752,10903.717054811481,10883.063,-131.0634765625,131.0634765625
2026-03-07 12:00:00,2026-03-07 11:00:00,2026-03-07,11,5,3,10728,10759.034847746425,10704.079,23.9208984375,23.9208984375
2026-03-07 13:00:00,2026-03-07 12:00:00,2026-03-07,12,5,3,10731,10741.937995802766,10657.478,73.5224609375,73.5224609375
2026-03-07 14:00:00,2026-03-07 13:00:00,2026-03-07,13,5,3,10786,10763.523230387182,10696.456,89.5439453125,89.5439453125
2026-03-07 15:00:00,2026-03-07 14:00:00,2026-03-07,14,5,3,10729,10844.990368996825,10799.493,-70.4931640625,70.4931640625
2026-03-07 16:00:00,2026-03-07 15:00:00,2026-03-07,15,5,3,10780,10723.800797696047,10737.219,42.78125,42.78125
2026-03-07 17:00:00,2026-03-07 16:00:00,2026-03-07,16,5,3,10866,10822.968705328401,10889.952,-23.9521484375,23.9521484375
2026-03-07 18:00:00,2026-03-07 17:00:00,2026-03-07,17,5,3,10910,10903.813183630162,10984.156,-74.15625,74.15625
2026-03-07 19:00:00,2026-03-07 18:00:00,2026-03-07,18,5,3,10965,10902.2180819836,10894.66,70.33984375,70.33984375
2026-03-07 20:00:00,2026-03-07 19:00:00,2026-03-07,19,5,3,10982,10933.65494986248,10926.544,55.4560546875,55.4560546875
2026-03-07 21:00:00,2026-03-07 20:00:00,2026-03-07,20,5,3,10840,10899.332776763595,10930.097,-90.0966796875,90.0966796875
2026-03-07 22:00:00,2026-03-07 21:00:00,2026-03-07,21,5,3,10655,10659.115771176746,10713.115,-58.115234375,58.115234375
2026-03-07 23:00:00,2026-03-07 22:00:00,2026-03-07,22,5,3,10408,10428.636543790051,10444.406,-36.40625,36.40625
2026-03-08 00:00:00,2026-03-07 23:00:00,2026-03-07,23,5,3,10195,10119.34851401676,10174.352,20.6484375,20.6484375
2026-03-08 01:00:00,2026-03-08 00:00:00,2026-03-08,0,6,3,10074,10042.136480453039,10041.239,32.7607421875,32.7607421875
2026-03-08 02:00:00,2026-03-08 02:00:00,2026-03-08,2,6,3,9962,9967.448086024933,10003.899,-41.8994140625,41.8994140625
2026-03-08 03:00:00,2026-03-08 03:00:00,2026-03-08,3,6,3,9912,9881.460125285488,9931.785,-19.78515625,19.78515625
2026-03-08 04:00:00,2026-03-08 04:00:00,2026-03-08,4,6,3,9847,9896.374847909197,9936.62,-89.6201171875,89.6201171875
2026-03-08 05:00:00,2026-03-08 05:00:00,2026-03-08,5,6,3,9842,9860.451342830012,9866.062,-24.0615234375,24.0615234375
2026-03-08 06:00:00,2026-03-08 06:00:00,2026-03-08,6,6,3,9884,9924.004028983958,9912.737,-28.7373046875,28.7373046875
2026-03-08 07:00:00,2026-03-08 07:00:00,2026-03-08,7,6,3,9993,10024.218349101446,9990.731,2.2685546875,2.2685546875
2026-03-08 08:00:00,2026-03-08 08:00:00,2026-03-08,8,6,3,10128,10187.639877691101,10135.006,-7.005859375,7.005859375
2026-03-08 09:00:00,2026-03-08 09:00:00,2026-03-08,9,6,3,10349,10327.739244135699,10263.533,85.466796875,85.466796875
2026-03-08 10:00:00,2026-03-08 10:00:00,2026-03-08,10,6,3,10378,10561.291801681009,10506.719,-128.71875,128.71875
2026-03-08 11:00:00,2026-03-08 11:00:00,2026-03-08,11,6,3,10216,10463.80805806709,10400.414,-184.4140625,184.4140625
2026-03-08 12:00:00,2026-03-08 12:00:00,2026-03-08,12,6,3,10246,10205.147703216959,10181.458,64.5419921875,64.5419921875
2026-03-08 13:00:00,2026-03-08 13:00:00,2026-03-08,13,6,3,10346,10338.156904345442,10284.472,61.5283203125,61.5283203125
2026-03-08 14:00:00,2026-03-08 14:00:00,2026-03-08,14,6,3,10388,10463.911157315453,10430.935,-42.9345703125,42.9345703125
2026-03-08 15:00:00,2026-03-08 15:00:00,2026-03-08,15,6,3,10323,10458.172471447946,10459.408,-136.408203125,136.408203125
2026-03-08 16:00:00,2026-03-08 16:00:00,2026-03-08,16,6,3,10409,10322.460069209319,10429.206,-20.2060546875,20.2060546875
2026-03-08 17:00:00,2026-03-08 17:00:00,2026-03-08,17,6,3,10550,10472.558752684172,10529.738,20.26171875,20.26171875
2026-03-08 18:00:00,2026-03-08 18:00:00,2026-03-08,18,6,3,10584,10615.53650432727,10613.041,-29.041015625,29.041015625
2026-03-08 19:00:00,2026-03-08 19:00:00,2026-03-08,19,6,3,10592,10571.068476162824,10624.848,-32.84765625,32.84765625
2026-03-08 20:00:00,2026-03-08 20:00:00,2026-03-08,20,6,3,10575,10540.62064954109,10594.198,-19.1982421875,19.1982421875
2026-03-08 21:00:00,2026-03-08 21:00:00,2026-03-08,21,6,3,10487,10485.51768529168,10518.951,-31.951171875,31.951171875
2026-03-08 22:00:00,2026-03-08 22:00:00,2026-03-08,22,6,3,10302,10348.224155401942,10308.775,-6.775390625,6.775390625
2026-03-08 23:00:00,2026-03-08 23:00:00,2026-03-08,23,6,3,10075,10087.537767997359,10094.354,-19.353515625,19.353515625
2026-03-09 00:00:00,2026-03-09 00:00:00,2026-03-09,0,0,3,9931,9958.684245387545,9916.296,14.7041015625,14.7041015625
2026-03-09 01:00:00,2026-03-09 01:00:00,2026-03-09,1,0,3,9821,9846.329268920228,9844.725,-23.724609375,23.724609375
2026-03-09 02:00:00,2026-03-09 02:00:00,2026-03-09,2,0,3,9775,9755.366183799095,9791.427,-16.4267578125,16.4267578125
2026-03-09 03:00:00,2026-03-09 03:00:00,2026-03-09,3,0,3,9783,9759.303587785704,9782.65,0.349609375,0.349609375
2026-03-09 04:00:00,2026-03-09 04:00:00,2026-03-09,4,0,3,9903,9824.37536593217,9844.94,58.0595703125,58.0595703125
2026-03-09 05:00:00,2026-03-09 05:00:00,2026-03-09,5,0,3,10102,10034.027178868007,10107.791,-5.791015625,5.791015625
2026-03-09 06:00:00,2026-03-09 06:00:00,2026-03-09,6,0,3,10498,10275.619814442793,10475.861,22.138671875,22.138671875
2026-03-09 07:00:00,2026-03-09 07:00:00,2026-03-09,7,0,3,10963,10733.54945597682,10888.609,74.390625,74.390625
2026-03-09 08:00:00,2026-03-09 08:00:00,2026-03-09,8,0,3,11101,11168.45428586234,11083.68,17.3203125,17.3203125
2026-03-09 09:00:00,2026-03-09 09:00:00,2026-03-09,9,0,3,11157,11096.43957398001,11130.633,26.3671875,26.3671875
2026-03-09 10:00:00,2026-03-09 10:00:00,2026-03-09,10,0,3,11187,11104.447938367317,11189.424,-2.423828125,2.423828125
2026-03-09 11:00:00,2026-03-09 11:00:00,2026-03-09,11,0,3,11200,11132.549583061678,11171.217,28.783203125,28.783203125
2026-03-09 12:00:00,2026-03-09 12:00:00,2026-03-09,12,0,3,11188,11167.124602099433,11144.391,43.609375,43.609375
2026-03-09 13:00:00,2026-03-09 13:00:00,2026-03-09,13,0,3,11138,11179.17638140804,11161.919,-23.9189453125,23.9189453125
2026-03-09 14:00:00,2026-03-09 14:00:00,2026-03-09,14,0,3,10965,11120.55325449463,11078.428,-113.427734375,113.427734375
2026-03-09 15:00:00,2026-03-09 15:00:00,2026-03-09,15,0,3,10917,10872.719204322582,10899.88,17.1201171875,17.1201171875
2026-03-09 16:00:00,2026-03-09 16:00:00,2026-03-09,16,0,3,10975,10886.77691838982,10936.457,38.54296875,38.54296875
2026-03-09 17:00:00,2026-03-09 17:00:00,2026-03-09,17,0,3,10949,10998.628235600709,11016.537,-67.537109375,67.537109375
2026-03-09 18:00:00,2026-03-09 18:00:00,2026-03-09,18,0,3,10915,10923.529336672527,10869.876,45.1240234375,45.1240234375
2026-03-09 19:00:00,2026-03-09 19:00:00,2026-03-09,19,0,3,10963,10883.411413482641,10868.72,94.2802734375,94.2802734375
2026-03-09 20:00:00,2026-03-09 20:00:00,2026-03-09,20,0,3,10816,10976.564279129607,10926.277,-110.27734375,110.27734375
2026-03-09 21:00:00,2026-03-09 21:00:00,2026-03-09,21,0,3,10618,10707.984444510468,10638.347,-20.3466796875,20.3466796875
2026-03-09 22:00:00,2026-03-09 22:00:00,2026-03-09,22,0,3,10347,10459.179321180356,10363.345,-16.3447265625,16.3447265625
2026-03-09 23:00:00,2026-03-09 23:00:00,2026-03-09,23,0,3,10093,10124.412717975456,10100.899,-7.8994140625,7.8994140625
2026-03-10 00:00:00,2026-03-10 00:00:00,2026-03-10,0,1,3,9960,9968.108727783663,9904.766,55.234375,55.234375
2026-03-10 01:00:00,2026-03-10 01:00:00,2026-03-10,1,1,3,9891,9897.462072225495,9848.101,42.8994140625,42.8994140625
2026-03-10 02:00:00,2026-03-10 02:00:00,2026-03-10,2,1,3,9868,9880.086142218945,9817.862,50.1376953125,50.1376953125
2026-03-10 03:00:00,2026-03-10 03:00:00,2026-03-10,3,1,3,9936,9910.475907409687,9837.495,98.5048828125,98.5048828125
2026-03-10 04:00:00,2026-03-10 04:00:00,2026-03-10,4,1,3,9962,10060.72986916962,10044.962,-82.9619140625,82.9619140625
2026-03-10 05:00:00,2026-03-10 05:00:00,2026-03-10,5,1,3,10161,10097.484654410815,10086.969,74.03125,74.03125
2026-03-10 06:00:00,2026-03-10 06:00:00,2026-03-10,6,1,3,10554,10385.465806177184,10575.841,-21.8408203125,21.8408203125
2026-03-10 07:00:00,2026-03-10 07:00:00,2026-03-10,7,1,3,11026,10834.030322949828,10985.151,40.8486328125,40.8486328125
2026-03-10 08:00:00,2026-03-10 08:00:00,2026-03-10,8,1,3,11167,11274.269735839045,11157.399,9.6005859375,9.6005859375
2026-03-10 09:00:00,2026-03-10 09:00:00,2026-03-10,9,1,3,11123,11198.10437964554,11185.421,-62.4208984375,62.4208984375
2026-03-10 10:00:00,2026-03-10 10:00:00,2026-03-10,10,1,3,11032,11050.093341116313,11092.611,-60.611328125,60.611328125
2026-03-10 11:00:00,2026-03-10 11:00:00,2026-03-10,11,1,3,10895,10954.083759736883,11007.801,-112.80078125,112.80078125
2026-03-10 12:00:00,2026-03-10 12:00:00,2026-03-10,12,1,3,10810,10836.190123884788,10830.037,-20.037109375,20.037109375
2026-03-10 13:00:00,2026-03-10 13:00:00,2026-03-10,13,1,3,10744,10802.019548893866,10759.249,-15.2490234375,15.2490234375
2026-03-10 14:00:00,2026-03-10 14:00:00,2026-03-10,14,1,3,10629,10736.086687725492,10724.578,-95.578125,95.578125
2026-03-10 15:00:00,2026-03-10 15:00:00,2026-03-10,15,1,3,10577,10593.686322924033,10625.827,-48.8271484375,48.8271484375
2026-03-10 16:00:00,2026-03-10 16:00:00,2026-03-10,16,1,3,10637,10580.25163951166,10665.664,-28.6640625,28.6640625
2026-03-10 17:00:00,2026-03-10 17:00:00,2026-03-10,17,1,3,10703,10704.636517751851,10727.061,-24.060546875,24.060546875
2026-03-10 18:00:00,2026-03-10 18:00:00,2026-03-10,18,1,3,10621,10765.4060078247,10707.396,-86.396484375,86.396484375
2026-03-10 19:00:00,2026-03-10 19:00:00,2026-03-10,19,1,3,10585,10597.764483877725,10590.772,-5.7724609375,5.7724609375
2026-03-10 20:00:00,2026-03-10 20:00:00,2026-03-10,20,1,3,10731,10574.249082765773,10577.552,153.4482421875,153.4482421875
2026-03-10 21:00:00,2026-03-10 21:00:00,2026-03-10,21,1,3,10628,10783.354392365189,10662.869,-34.869140625,34.869140625
2026-03-10 22:00:00,2026-03-10 22:00:00,2026-03-10,22,1,3,10418,10523.65723004768,10385.201,32.798828125,32.798828125
2026-03-10 23:00:00,2026-03-10 23:00:00,2026-03-10,23,1,3,10215,10235.813400903413,10134.274,80.7255859375,80.7255859375
2026-03-11 00:00:00,2026-03-11 00:00:00,2026-03-11,0,2,3,10150,10123.619874130452,10033.626,116.3740234375,116.3740234375
2026-03-11 01:00:00,2026-03-11 01:00:00,2026-03-11,1,2,3,10120,10123.84104316285,10072.066,47.93359375,47.93359375
2026-03-11 02:00:00,2026-03-11 02:00:00,2026-03-11,2,2,3,10050,10110.181598034855,10058.753,-8.7529296875,8.7529296875
2026-03-11 03:00:00,2026-03-11 03:00:00,2026-03-11,3,2,3,10040,10043.009619675742,10051.923,-11.9228515625,11.9228515625
2026-03-11 04:00:00,2026-03-11 04:00:00,2026-03-11,4,2,3,10084,10099.8971643162,10057.606,26.3935546875,26.3935546875
2026-03-11 05:00:00,2026-03-11 05:00:00,2026-03-11,5,2,3,10257,10203.744883518302,10231.665,25.3349609375,25.3349609375
2026-03-11 06:00:00,2026-03-11 06:00:00,2026-03-11,6,2,3,10663,10454.385494712513,10628.424,34.576171875,34.576171875
2026-03-11 07:00:00,2026-03-11 07:00:00,2026-03-11,7,2,3,11129,10945.909796065767,11069.931,59.0693359375,59.0693359375
2026-03-11 08:00:00,2026-03-11 08:00:00,2026-03-11,8,2,3,11199,11362.997153112143,11260.695,-61.6953125,61.6953125
2026-03-11 09:00:00,2026-03-11 09:00:00,2026-03-11,9,2,3,11181,11179.543132148043,11205.884,-24.8837890625,24.8837890625
2026-03-11 10:00:00,2026-03-11 10:00:00,2026-03-11,10,2,3,11194,11114.02351025136,11189.202,4.7978515625,4.7978515625
2026-03-11 11:00:00,2026-03-11 11:00:00,2026-03-11,11,2,3,11024,11161.89387904732,11156.484,-132.484375,132.484375
2026-03-11 12:00:00,2026-03-11 12:00:00,2026-03-11,12,2,3,10954,10937.171318622697,10942.8,11.2001953125,11.2001953125
2026-03-11 13:00:00,2026-03-11 13:00:00,2026-03-11,13,2,3,10945,10946.682323692561,10910.15,34.849609375,34.849609375
2026-03-11 14:00:00,2026-03-11 14:00:00,2026-03-11,14,2,3,10913,10958.334479525685,10927.179,-14.1787109375,14.1787109375
2026-03-11 15:00:00,2026-03-11 15:00:00,2026-03-11,15,2,3,10906,10909.100477932421,10899.185,6.8154296875,6.8154296875
2026-03-11 16:00:00,2026-03-11 16:00:00,2026-03-11,16,2,3,10975,10916.938006828444,10966.295,8.705078125,8.705078125
2026-03-11 17:00:00,2026-03-11 17:00:00,2026-03-11,17,2,3,10996,11030.429406208239,11065.119,-69.119140625,69.119140625
2026-03-11 18:00:00,2026-03-11 18:00:00,2026-03-11,18,2,3,10991,11010.968792652853,10939.369,51.630859375,51.630859375
2026-03-11 19:00:00,2026-03-11 19:00:00,2026-03-11,19,2,3,11151,10976.177554698168,10912.81,238.1904296875,238.1904296875
2026-03-11 20:00:00,2026-03-11 20:00:00,2026-03-11,20,2,3,11173,11186.145752023658,11107.435,65.5654296875,65.5654296875
2026-03-11 21:00:00,2026-03-11 21:00:00,2026-03-11,21,2,3,10985,11100.410832677853,10991.944,-6.9443359375,6.9443359375
2026-03-11 22:00:00,2026-03-11 22:00:00,2026-03-11,22,2,3,10731,10786.956411206535,10703.942,27.0576171875,27.0576171875
2026-03-11 23:00:00,2026-03-11 23:00:00,2026-03-11,23,2,3,10544,10478.494418158169,10451.749,92.2509765625,92.2509765625
2026-03-12 00:00:00,2026-03-12 00:00:00,2026-03-12,0,3,3,10396,10421.031393365132,10351.903,44.0966796875,44.0966796875
2026-03-12 01:00:00,2026-03-12 01:00:00,2026-03-12,1,3,3,10287,10284.01742663164,10258.596,28.404296875,28.404296875
2026-03-12 02:00:00,2026-03-12 02:00:00,2026-03-12,2,3,3,10241,10204.782562851697,10181.546,59.4541015625,59.4541015625
2026-03-12 03:00:00,2026-03-12 03:00:00,2026-03-12,3,3,3,10193,10225.635405080548,10199.2,-6.2001953125,6.2001953125
2026-03-12 04:00:00,2026-03-12 04:00:00,2026-03-12,4,3,3,10246,10212.806052434846,10193.552,52.4482421875,52.4482421875
2026-03-12 05:00:00,2026-03-12 05:00:00,2026-03-12,5,3,3,10387,10353.718794410039,10374.057,12.943359375,12.943359375
2026-03-12 06:00:00,2026-03-12 06:00:00,2026-03-12,6,3,3,10797,10570.036580916923,10693.526,103.4736328125,103.4736328125
2026-03-12 07:00:00,2026-03-12 07:00:00,2026-03-12,7,3,3,11274,11090.6934381442,11203.902,70.09765625,70.09765625
2026-03-12 08:00:00,2026-03-12 08:00:00,2026-03-12,8,3,3,11393,11523.051303097911,11382.95,10.0498046875,10.0498046875
2026-03-12 09:00:00,2026-03-12 09:00:00,2026-03-12,9,3,3,11454,11400.825860065437,11417.79,36.2099609375,36.2099609375
2026-03-12 10:00:00,2026-03-12 10:00:00,2026-03-12,10,3,3,11506,11412.872350988444,11470.72,35.2802734375,35.2802734375
2026-03-12 11:00:00,2026-03-12 11:00:00,2026-03-12,11,3,3,11525,11459.334126379596,11518.489,6.5107421875,6.5107421875
2026-03-12 12:00:00,2026-03-12 12:00:00,2026-03-12,12,3,3,11426,11485.732426269715,11495.316,-69.31640625,69.31640625
2026-03-12 13:00:00,2026-03-12 13:00:00,2026-03-12,13,3,3,11410,11361.242996173614,11381.4375,28.5625,28.5625
2026-03-12 14:00:00,2026-03-12 14:00:00,2026-03-12,14,3,3,11429,11392.104640556274,11365.001,63.9990234375,63.9990234375
2026-03-12 15:00:00,2026-03-12 15:00:00,2026-03-12,15,3,3,11420,11421.000756370599,11446.009,-26.0087890625,26.0087890625
2026-03-12 16:00:00,2026-03-12 16:00:00,2026-03-12,16,3,3,11462,11389.055250565945,11496.362,-34.3623046875,34.3623046875
2026-03-12 17:00:00,2026-03-12 17:00:00,2026-03-12,17,3,3,11502,11452.406691040504,11543.077,-41.0771484375,41.0771484375
2026-03-12 18:00:00,2026-03-12 18:00:00,2026-03-12,18,3,3,11462,11477.733805212933,11423.446,38.5537109375,38.5537109375
2026-03-12 19:00:00,2026-03-12 19:00:00,2026-03-12,19,3,3,11554,11384.832594353593,11352.633,201.3671875,201.3671875
2026-03-12 20:00:00,2026-03-12 20:00:00,2026-03-12,20,3,3,11569,11527.0943248307,11489.834,79.166015625,79.166015625
2026-03-12 21:00:00,2026-03-12 21:00:00,2026-03-12,21,3,3,11390,11472.116620143057,11418.826,-28.826171875,28.826171875
2026-03-12 22:00:00,2026-03-12 22:00:00,2026-03-12,22,3,3,11098,11173.846915885677,11165.082,-67.08203125,67.08203125
2026-03-12 23:00:00,2026-03-12 23:00:00,2026-03-12,23,3,3,10806,10798.673009466587,10806.519,-0.5185546875,0.5185546875
2026-03-13 00:00:00,2026-03-13 00:00:00,2026-03-13,0,4,3,10662,10617.238106255598,10621.911,40.0888671875,40.0888671875
2026-03-13 01:00:00,2026-03-13 01:00:00,2026-03-13,1,4,3,10581,10546.73017020191,10549.321,31.6787109375,31.6787109375
2026-03-13 02:00:00,2026-03-13 02:00:00,2026-03-13,2,4,3,10470,10509.180510402777,10476.69,-6.6904296875,6.6904296875
2026-03-13 03:00:00,2026-03-13 03:00:00,2026-03-13,3,4,3,10475,10416.385129184784,10412.086,62.9140625,62.9140625
2026-03-13 04:00:00,2026-03-13 04:00:00,2026-03-13,4,4,3,10530,10529.673932508922,10494.717,35.283203125,35.283203125
2026-03-13 05:00:00,2026-03-13 05:00:00,2026-03-13,5,4,3,10712,10652.8396778256,10679.972,32.0283203125,32.0283203125
2026-03-13 06:00:00,2026-03-13 06:00:00,2026-03-13,6,4,3,11098,10923.465457200484,11071.819,26.1806640625,26.1806640625
2026-03-13 07:00:00,2026-03-13 07:00:00,2026-03-13,7,4,3,11511,11386.930073386693,11475.686,35.314453125,35.314453125
2026-03-13 08:00:00,2026-03-13 08:00:00,2026-03-13,8,4,3,11630,11745.865237602622,11631.644,-1.6435546875,1.6435546875
2026-03-13 09:00:00,2026-03-13 09:00:00,2026-03-13,9,4,3,11643,11669.409836995686,11655.238,-12.23828125,12.23828125
2026-03-13 10:00:00,2026-03-13 10:00:00,2026-03-13,10,4,3,11601,11616.97584099328,11682.657,-81.6572265625,81.6572265625
2026-03-13 11:00:00,2026-03-13 11:00:00,2026-03-13,11,4,3,11546,11556.66807511209,11595.115,-49.115234375,49.115234375
2026-03-13 12:00:00,2026-03-13 12:00:00,2026-03-13,12,4,3,11422,11526.356319365073,11512.988,-90.98828125,90.98828125
2026-03-13 13:00:00,2026-03-13 13:00:00,2026-03-13,13,4,3,11377,11392.89351610229,11402.995,-25.9951171875,25.9951171875
2026-03-13 14:00:00,2026-03-13 14:00:00,2026-03-13,14,4,3,11350,11382.16634090909,11320.635,29.365234375,29.365234375
2026-03-13 15:00:00,2026-03-13 15:00:00,2026-03-13,15,4,3,11310,11356.134447500037,11347.008,-37.0078125,37.0078125
2026-03-13 16:00:00,2026-03-13 16:00:00,2026-03-13,16,4,3,11320,11304.160780383141,11371.652,-51.65234375,51.65234375
2026-03-13 17:00:00,2026-03-13 17:00:00,2026-03-13,17,4,3,11270,11337.099071862958,11452.529,-182.529296875,182.529296875
2026-03-13 18:00:00,2026-03-13 18:00:00,2026-03-13,18,4,3,11234,11254.824836203585,11179.524,54.4755859375,54.4755859375
2026-03-13 19:00:00,2026-03-13 19:00:00,2026-03-13,19,4,3,11278,11223.75693257132,11168.008,109.9921875,109.9921875
2026-03-13 20:00:00,2026-03-13 20:00:00,2026-03-13,20,4,3,11355,11295.84827197193,11290.837,64.1630859375,64.1630859375
2026-03-13 21:00:00,2026-03-13 21:00:00,2026-03-13,21,4,3,11242,11359.643604444602,11297.789,-55.7890625,55.7890625
2026-03-13 22:00:00,2026-03-13 22:00:00,2026-03-13,22,4,3,10979,11122.552787807852,11037.936,-58.935546875,58.935546875
2026-03-13 23:00:00,2026-03-13 23:00:00,2026-03-13,23,4,3,10737,10756.595293962835,10710.333,26.6669921875,26.6669921875
2026-03-14 00:00:00,2026-03-14 00:00:00,2026-03-14,0,5,3,10547,10604.844861456082,10586.684,-39.68359375,39.68359375
2026-03-14 01:00:00,2026-03-14 01:00:00,2026-03-14,1,5,3,10441,10431.175857349566,10432.312,8.6884765625,8.6884765625
2026-03-14 02:00:00,2026-03-14 02:00:00,2026-03-14,2,5,3,10366,10371.409753206975,10374.167,-8.1669921875,8.1669921875
2026-03-14 03:00:00,2026-03-14 03:00:00,2026-03-14,3,5,3,10386,10333.528808425956,10334.0625,51.9375,51.9375
2026-03-14 04:00:00,2026-03-14 04:00:00,2026-03-14,4,5,3,10399,10440.750131312661,10391.732,7.267578125,7.267578125
2026-03-14 05:00:00,2026-03-14 05:00:00,2026-03-14,5,5,3,10467,10487.461767491639,10478.238,-11.23828125,11.23828125
2026-03-14 06:00:00,2026-03-14 06:00:00,2026-03-14,6,5,3,10620,10621.775777292636,10654.495,-34.4951171875,34.4951171875
2026-03-14 07:00:00,2026-03-14 07:00:00,2026-03-14,7,5,3,10843,10824.571169609266,10933.603,-90.6025390625,90.6025390625
2026-03-14 08:00:00,2026-03-14 08:00:00,2026-03-14,8,5,3,10982,11051.029261434733,11058.054,-76.0537109375,76.0537109375
2026-03-14 09:00:00,2026-03-14 09:00:00,2026-03-14,9,5,3,11075,11117.626420160796,11093.257,-18.2568359375,18.2568359375
2026-03-14 10:00:00,2026-03-14 10:00:00,2026-03-14,10,5,3,11249,11167.57139249021,11193.528,55.4716796875,55.4716796875
2026-03-14 11:00:00,2026-03-14 11:00:00,2026-03-14,11,5,3,11361,11357.311847951349,11366.2,-5.2001953125,5.2001953125
2026-03-14 12:00:00,2026-03-14 12:00:00,2026-03-14,12,5,3,11326,11412.894005497961,11390.908,-64.908203125,64.908203125
2026-03-14 13:00:00,2026-03-14 13:00:00,2026-03-14,13,5,3,11206,11299.926548189915,11276.99,-70.990234375,70.990234375
2026-03-14 14:00:00,2026-03-14 14:00:00,2026-03-14,14,5,3,11078,11146.345163483074,11170.667,-92.6669921875,92.6669921875
2026-03-14 15:00:00,2026-03-14 15:00:00,2026-03-14,15,5,3,11005,11015.687849852444,11101.232,-96.232421875,96.232421875
2026-03-14 16:00:00,2026-03-14 16:00:00,2026-03-14,16,5,3,11005,10964.358758969913,11107.254,-102.25390625,102.25390625
2026-03-14 17:00:00,2026-03-14 17:00:00,2026-03-14,17,5,3,11110,10990.280885440334,11099.855,10.14453125,10.14453125
2026-03-14 18:00:00,2026-03-14 18:00:00,2026-03-14,18,5,3,11091,11139.340603370629,11094.229,-3.228515625,3.228515625
2026-03-14 19:00:00,2026-03-14 19:00:00,2026-03-14,19,5,3,11187,11053.851954868027,11045.391,141.609375,141.609375
2026-03-14 20:00:00,2026-03-14 20:00:00,2026-03-14,20,5,3,11312,11193.003716237894,11205.651,106.3486328125,106.3486328125
2026-03-14 21:00:00,2026-03-14 21:00:00,2026-03-14,21,5,3,11213,11284.220974551063,11174.351,38.6494140625,38.6494140625
2026-03-14 22:00:00,2026-03-14 22:00:00,2026-03-14,22,5,3,11120,11039.37156738949,10977.45,142.5498046875,142.5498046875
2026-03-14 23:00:00,2026-03-14 23:00:00,2026-03-14,23,5,3,10936,10935.816752879744,10903.929,32.0712890625,32.0712890625
2026-03-15 00:00:00,2026-03-15 00:00:00,2026-03-15,0,6,3,10723,10822.213809391196,10783.222,-60.2216796875,60.2216796875
2026-03-15 01:00:00,2026-03-15 01:00:00,2026-03-15,1,6,3,10630,10583.027503694671,10613.746,16.25390625,16.25390625
2026-03-15 02:00:00,2026-03-15 02:00:00,2026-03-15,2,6,3,10546,10549.552800258327,10556.009,-10.0087890625,10.0087890625
2026-03-15 03:00:00,2026-03-15 03:00:00,2026-03-15,3,6,3,10501,10486.615574246181,10488.885,12.115234375,12.115234375
2026-03-15 04:00:00,2026-03-15 04:00:00,2026-03-15,4,6,3,10525,10485.210890635095,10521.946,3.0537109375,3.0537109375
2026-03-15 05:00:00,2026-03-15 05:00:00,2026-03-15,5,6,3,10586,10580.754636486294,10619.403,-33.4033203125,33.4033203125
2026-03-15 06:00:00,2026-03-15 06:00:00,2026-03-15,6,6,3,10703,10699.381005195659,10713.319,-10.3193359375,10.3193359375
2026-03-15 07:00:00,2026-03-15 07:00:00,2026-03-15,7,6,3,10833,10861.15270639495,10906.833,-73.8330078125,73.8330078125
2026-03-15 08:00:00,2026-03-15 08:00:00,2026-03-15,8,6,3,10968,10985.809761938553,10939.313,28.6865234375,28.6865234375
2026-03-15 09:00:00,2026-03-15 09:00:00,2026-03-15,9,6,3,11121,11105.991434452231,11059.174,61.826171875,61.826171875
2026-03-15 10:00:00,2026-03-15 10:00:00,2026-03-15,10,6,3,11109,11242.855524660717,11220.21,-111.2099609375,111.2099609375
2026-03-15 11:00:00,2026-03-15 11:00:00,2026-03-15,11,6,3,11011,11129.228797847078,11119.997,-108.9970703125,108.9970703125
2026-03-15 12:00:00,2026-03-15 12:00:00,2026-03-15,12,6,3,10897,10993.503434757768,10999.915,-102.9150390625,102.9150390625
2026-03-15 13:00:00,2026-03-15 13:00:00,2026-03-15,13,6,3,10777,10883.738502742382,10851.311,-74.310546875,74.310546875
2026-03-15 14:00:00,2026-03-15 14:00:00,2026-03-15,14,6,3,10710,10756.663594466772,10744.45,-34.4501953125,34.4501953125
2026-03-15 15:00:00,2026-03-15 15:00:00,2026-03-15,15,6,3,10670,10701.77831838986,10750.793,-80.79296875,80.79296875
2026-03-15 16:00:00,2026-03-15 16:00:00,2026-03-15,16,6,3,10760,10672.771440255,10766.532,-6.5322265625,6.5322265625
2026-03-15 17:00:00,2026-03-15 17:00:00,2026-03-15,17,6,3,10928,10831.224226176319,10926.133,1.8671875,1.8671875
2026-03-15 18:00:00,2026-03-15 18:00:00,2026-03-15,18,6,3,11023,11018.432418152455,10978.813,44.1865234375,44.1865234375
2026-03-15 19:00:00,2026-03-15 19:00:00,2026-03-15,19,6,3,11179,11039.536365846609,11015.298,163.7021484375,163.7021484375
2026-03-15 20:00:00,2026-03-15 20:00:00,2026-03-15,20,6,3,11281,11182.564656007426,11174.76,106.240234375,106.240234375
2026-03-15 21:00:00,2026-03-15 21:00:00,2026-03-15,21,6,3,11117,11208.639929335643,11160.902,-43.90234375,43.90234375
2026-03-15 22:00:00,2026-03-15 22:00:00,2026-03-15,22,6,3,10783,10889.313344342338,10901.425,-118.4248046875,118.4248046875
2026-03-15 23:00:00,2026-03-15 23:00:00,2026-03-15,23,6,3,10509,10462.527627758745,10515.268,-6.267578125,6.267578125
2026-03-16 00:00:00,2026-03-16 00:00:00,2026-03-16,0,0,3,10393,10350.537436959217,10354.055,38.9453125,38.9453125
2026-03-16 01:00:00,2026-03-16 01:00:00,2026-03-16,1,0,3,10327,10305.845372070025,10316.083,10.9169921875,10.9169921875
2026-03-16 02:00:00,2026-03-16 02:00:00,2026-03-16,2,0,3,10329,10269.019249494237,10266.062,62.9384765625,62.9384765625
2026-03-16 03:00:00,2026-03-16 03:00:00,2026-03-16,3,0,3,10323,10338.252320841295,10318.17,4.830078125,4.830078125
2026-03-16 04:00:00,2026-03-16 04:00:00,2026-03-16,4,0,3,10408,10375.427907242918,10350.844,57.15625,57.15625
2026-03-16 05:00:00,2026-03-16 05:00:00,2026-03-16,5,0,3,10588,10547.05813421038,10636.708,-48.7080078125,48.7080078125
2026-03-16 06:00:00,2026-03-16 06:00:00,2026-03-16,6,0,3,10979,10780.008267522671,10893.3125,85.6875,85.6875
2026-03-16 07:00:00,2026-03-16 07:00:00,2026-03-16,7,0,3,11453,11240.442522815563,11295.105,157.89453125,157.89453125
2026-03-16 08:00:00,2026-03-16 08:00:00,2026-03-16,8,0,3,11627,11679.620172934272,11587.558,39.4423828125,39.4423828125
2026-03-16 09:00:00,2026-03-16 09:00:00,2026-03-16,9,0,3,11632,11645.711760717419,11669.46,-37.4599609375,37.4599609375
2026-03-16 10:00:00,2026-03-16 10:00:00,2026-03-16,10,0,3,11602,11555.947083951001,11652.036,-50.0361328125,50.0361328125
2026-03-16 11:00:00,2026-03-16 11:00:00,2026-03-16,11,0,3,11669,11527.784764334625,11561.349,107.6513671875,107.6513671875
2026-03-16 12:00:00,2026-03-16 12:00:00,2026-03-16,12,0,3,11565,11674.221490740945,11650.128,-85.1279296875,85.1279296875
2026-03-16 13:00:00,2026-03-16 13:00:00,2026-03-16,13,0,3,11533,11516.32153174396,11536.831,-3.8310546875,3.8310546875
2026-03-16 14:00:00,2026-03-16 14:00:00,2026-03-16,14,0,3,11420,11521.338696498327,11478.495,-58.4951171875,58.4951171875
2026-03-16 15:00:00,2026-03-16 15:00:00,2026-03-16,15,0,3,11390,11355.593993198636,11398.202,-8.2021484375,8.2021484375
2026-03-16 16:00:00,2026-03-16 16:00:00,2026-03-16,16,0,3,11506,11367.018110542274,11480.261,25.7392578125,25.7392578125
2026-03-16 17:00:00,2026-03-16 17:00:00,2026-03-16,17,0,3,11505,11550.5877577083,11630.396,-125.396484375,125.396484375
2026-03-16 18:00:00,2026-03-16 18:00:00,2026-03-16,18,0,3,11378,11480.460859792047,11413.905,-35.9052734375,35.9052734375
2026-03-16 19:00:00,2026-03-16 19:00:00,2026-03-16,19,0,3,11425,11286.472595939607,11295.221,129.779296875,129.779296875
2026-03-16 20:00:00,2026-03-16 20:00:00,2026-03-16,20,0,3,11337,11416.140921749096,11389.883,-52.8828125,52.8828125
2026-03-16 21:00:00,2026-03-16 21:00:00,2026-03-16,21,0,3,11017,11232.598149442842,11164.101,-147.1005859375,147.1005859375
2026-03-16 22:00:00,2026-03-16 22:00:00,2026-03-16,22,0,3,10663,10759.03738883057,10715.836,-52.8359375,52.8359375
2026-03-16 23:00:00,2026-03-16 23:00:00,2026-03-16,23,0,3,10349,10365.767673885399,10380.369,-31.369140625,31.369140625
2026-03-17 00:00:00,2026-03-17 00:00:00,2026-03-17,0,1,3,10134,10170.921803458461,10183.172,-49.171875,49.171875
2026-03-17 01:00:00,2026-03-17 01:00:00,2026-03-17,1,1,3,9968,10011.152146313374,10053.818,-85.818359375,85.818359375
2026-03-17 02:00:00,2026-03-17 02:00:00,2026-03-17,2,1,3,9910,9895.537672443297,9910.282,-0.2822265625,0.2822265625
2026-03-17 03:00:00,2026-03-17 03:00:00,2026-03-17,3,1,3,9858,9941.940531423885,9925.486,-67.486328125,67.486328125
2026-03-17 04:00:00,2026-03-17 04:00:00,2026-03-17,4,1,3,9912,9942.350571982664,9914.723,-2.72265625,2.72265625
2026-03-17 05:00:00,2026-03-17 05:00:00,2026-03-17,5,1,3,10137,10100.74531113158,10095.579,41.4208984375,41.4208984375
2026-03-17 06:00:00,2026-03-17 06:00:00,2026-03-17,6,1,3,10568,10442.701518952364,10580.507,-12.5068359375,12.5068359375
2026-03-17 07:00:00,2026-03-17 07:00:00,2026-03-17,7,1,3,10991,10937.537281592544,10992.764,-1.763671875,1.763671875
2026-03-17 08:00:00,2026-03-17 08:00:00,2026-03-17,8,1,3,11086,11274.063444520994,11151.523,-65.5234375,65.5234375
2026-03-17 09:00:00,2026-03-17 09:00:00,2026-03-17,9,1,3,11069,11147.241951971237,11136.464,-67.4638671875,67.4638671875
2026-03-17 10:00:00,2026-03-17 10:00:00,2026-03-17,10,1,3,11069,11058.92858597451,11090.126,-21.1259765625,21.1259765625
2026-03-17 11:00:00,2026-03-17 11:00:00,2026-03-17,11,1,3,11049,11076.774227320431,11089.038,-40.0380859375,40.0380859375
2026-03-17 12:00:00,2026-03-17 12:00:00,2026-03-17,12,1,3,11018,11071.223333894743,11017.314,0.685546875,0.685546875
2026-03-17 13:00:00,2026-03-17 13:00:00,2026-03-17,13,1,3,10955,11058.546465551753,11045.185,-90.1845703125,90.1845703125
2026-03-17 14:00:00,2026-03-17 14:00:00,2026-03-17,14,1,3,10929,10962.786467870963,10948.208,-19.2080078125,19.2080078125
2026-03-17 15:00:00,2026-03-17 15:00:00,2026-03-17,15,1,3,11045,10942.16969375769,10958.995,86.0048828125,86.0048828125
2026-03-17 16:00:00,2026-03-17 16:00:00,2026-03-17,16,1,3,11118,11119.06212955561,11194.225,-76.224609375,76.224609375
2026-03-17 17:00:00,2026-03-17 17:00:00,2026-03-17,17,1,3,11135,11146.702112137162,11239.958,-104.9580078125,104.9580078125
2026-03-17 18:00:00,2026-03-17 18:00:00,2026-03-17,18,1,3,11055,11106.385155064672,11053.537,1.462890625,1.462890625
2026-03-17 19:00:00,2026-03-17 19:00:00,2026-03-17,19,1,3,11144,10962.730927562836,10952.252,191.748046875,191.748046875
2026-03-17 20:00:00,2026-03-17 20:00:00,2026-03-17,20,1,3,11210,11126.561376341951,11138.438,71.5615234375,71.5615234375
2026-03-17 21:00:00,2026-03-17 21:00:00,2026-03-17,21,1,3,11018,11150.150603390432,11084.973,-66.97265625,66.97265625
2026-03-17 22:00:00,2026-03-17 22:00:00,2026-03-17,22,1,3,10712,10797.265938492576,10745.503,-33.5029296875,33.5029296875
2026-03-17 23:00:00,2026-03-17 23:00:00,2026-03-17,23,1,3,10410,10405.449399730207,10444.868,-34.8681640625,34.8681640625
2026-03-18 00:00:00,2026-03-18 00:00:00,2026-03-18,0,2,3,10187,10195.840126351615,10210.682,-23.681640625,23.681640625
2026-03-18 01:00:00,2026-03-18 01:00:00,2026-03-18,1,2,3,10118,10010.486637644786,10068.113,49.88671875,49.88671875
2026-03-18 02:00:00,2026-03-18 02:00:00,2026-03-18,2,2,3,10079,10034.076661154182,10054.242,24.7578125,24.7578125
2026-03-18 03:00:00,2026-03-18 03:00:00,2026-03-18,3,2,3,10062,10045.532520159464,10067.304,-5.3037109375,5.3037109375
2026-03-18 04:00:00,2026-03-18 04:00:00,2026-03-18,4,2,3,10142,10090.050063996383,10083.795,58.205078125,58.205078125
2026-03-18 05:00:00,2026-03-18 05:00:00,2026-03-18,5,2,3,10301,10272.549746157143,10315.609,-14.609375,14.609375
2026-03-18 06:00:00,2026-03-18 06:00:00,2026-03-18,6,2,3,10651,10505.855650747264,10641.384,9.6162109375,9.6162109375
2026-03-18 07:00:00,2026-03-18 07:00:00,2026-03-18,7,2,3,11097,10930.960733192502,11025.11,71.8896484375,71.8896484375
2026-03-18 08:00:00,2026-03-18 08:00:00,2026-03-18,8,2,3,11180,11350.350451502138,11161.555,18.4453125,18.4453125
2026-03-18 09:00:00,2026-03-18 09:00:00,2026-03-18,9,2,3,11189,11196.530500840187,11211.953,-22.953125,22.953125
2026-03-18 10:00:00,2026-03-18 10:00:00,2026-03-18,10,2,3,11208,11159.401507493436,11202.427,5.5732421875,5.5732421875
2026-03-18 11:00:00,2026-03-18 11:00:00,2026-03-18,11,2,3,11214,11190.357447271152,11185.141,28.859375,28.859375
2026-03-18 12:00:00,2026-03-18 12:00:00,2026-03-18,12,2,3,11174,11211.349693783448,11163.254,10.74609375,10.74609375
2026-03-18 13:00:00,2026-03-18 13:00:00,2026-03-18,13,2,3,11074,11181.174387571516,11149.611,-75.611328125,75.611328125
2026-03-18 14:00:00,2026-03-18 14:00:00,2026-03-18,14,2,3,11019,11043.242392467897,11052.367,-33.3671875,33.3671875
2026-03-18 15:00:00,2026-03-18 15:00:00,2026-03-18,15,2,3,10930,11003.002329423507,11041.29,-111.2900390625,111.2900390625
2026-03-18 16:00:00,2026-03-18 16:00:00,2026-03-18,16,2,3,11021,10888.991939428988,10949.299,71.701171875,71.701171875
2026-03-18 17:00:00,2026-03-18 17:00:00,2026-03-18,17,2,3,11134,11063.338552735333,11129.469,4.53125,4.53125
2026-03-18 18:00:00,2026-03-18 18:00:00,2026-03-18,18,2,3,11120,11164.371589351445,11076.093,43.9072265625,43.9072265625
2026-03-18 19:00:00,2026-03-18 19:00:00,2026-03-18,19,2,3,11108,11074.583048653434,11068.051,39.94921875,39.94921875
2026-03-18 20:00:00,2026-03-18 20:00:00,2026-03-18,20,2,3,11210,11046.550048872004,11038.923,171.0771484375,171.0771484375
2026-03-18 21:00:00,2026-03-18 21:00:00,2026-03-18,21,2,3,11077,11167.318088048436,11072.0205,4.9794921875,4.9794921875
2026-03-18 22:00:00,2026-03-18 22:00:00,2026-03-18,22,2,3,10735,10888.617844973376,10843.286,-108.2861328125,108.2861328125
2026-03-18 23:00:00,2026-03-18 23:00:00,2026-03-18,23,2,3,10422,10409.782758578805,10433.74,-11.740234375,11.740234375
2026-03-19 00:00:00,2026-03-19 00:00:00,2026-03-19,0,3,3,10262,10205.929326529731,10213.256,48.744140625,48.744140625
2026-03-19 01:00:00,2026-03-19 01:00:00,2026-03-19,1,3,3,10162,10120.946348676716,10147.284,14.7158203125,14.7158203125
2026-03-19 02:00:00,2026-03-19 02:00:00,2026-03-19,2,3,3,10049,10058.820713271836,10071.515,-22.5146484375,22.5146484375
2026-03-19 03:00:00,2026-03-19 03:00:00,2026-03-19,3,3,3,9988,9969.641975812447,10041.882,-53.8818359375,53.8818359375
2026-03-19 04:00:00,2026-03-19 04:00:00,2026-03-19,4,3,3,10076,9988.840946569051,10028.561,47.439453125,47.439453125
2026-03-19 05:00:00,2026-03-19 05:00:00,2026-03-19,5,3,3,10252,10204.176839553895,10257.405,-5.4052734375,5.4052734375
2026-03-19 06:00:00,2026-03-19 06:00:00,2026-03-19,6,3,3,10659,10459.960624150974,10622.315,36.6845703125,36.6845703125
2026-03-19 07:00:00,2026-03-19 07:00:00,2026-03-19,7,3,3,11088,10960.7268688615,11077.119,10.880859375,10.880859375
2026-03-19 08:00:00,2026-03-19 08:00:00,2026-03-19,8,3,3,11184,11320.848011911128,11164.982,19.017578125,19.017578125
2026-03-19 09:00:00,2026-03-19 09:00:00,2026-03-19,9,3,3,11222,11195.253543686145,11205.257,16.7431640625,16.7431640625
2026-03-19 10:00:00,2026-03-19 10:00:00,2026-03-19,10,3,3,11179,11194.000102150223,11231.191,-52.19140625,52.19140625
2026-03-19 11:00:00,2026-03-19 11:00:00,2026-03-19,11,3,3,11100,11123.841834542352,11155.562,-55.5615234375,55.5615234375
2026-03-19 12:00:00,2026-03-19 12:00:00,2026-03-19,12,3,3,10982,11060.511068918075,11047.8125,-65.8125,65.8125
2026-03-19 13:00:00,2026-03-19 13:00:00,2026-03-19,13,3,3,10968,10948.389715516525,10952.306,15.6943359375,15.6943359375
2026-03-19 14:00:00,2026-03-19 14:00:00,2026-03-19,14,3,3,10954,10981.679453350212,10962.652,-8.65234375,8.65234375
2026-03-19 15:00:00,2026-03-19 15:00:00,2026-03-19,15,3,3,10990,10960.698546519337,10967.624,22.3759765625,22.3759765625
2026-03-19 16:00:00,2026-03-19 16:00:00,2026-03-19,16,3,3,11047,11022.033433439532,11076.913,-29.9130859375,29.9130859375
2026-03-19 17:00:00,2026-03-19 17:00:00,2026-03-19,17,3,3,11040,11083.833359189986,11141.296,-101.2958984375,101.2958984375
2026-03-19 18:00:00,2026-03-19 18:00:00,2026-03-19,18,3,3,10921,11026.534313550887,10974.08,-53.080078125,53.080078125
2026-03-19 19:00:00,2026-03-19 19:00:00,2026-03-19,19,3,3,10982,10840.325242610805,10859.256,122.744140625,122.744140625
2026-03-19 20:00:00,2026-03-19 20:00:00,2026-03-19,20,3,3,11012,10983.854989497668,10974.074,37.92578125,37.92578125
2026-03-19 21:00:00,2026-03-19 21:00:00,2026-03-19,21,3,3,10920,10966.332626802252,10911.338,8.662109375,8.662109375
2026-03-19 22:00:00,2026-03-19 22:00:00,2026-03-19,22,3,3,10633,10778.4484794499,10686.299,-53.298828125,53.298828125
2026-03-19 23:00:00,2026-03-19 23:00:00,2026-03-19,23,3,3,10351,10358.471295501424,10371.175,-20.1748046875,20.1748046875
2026-03-20 00:00:00,2026-03-20 00:00:00,2026-03-20,0,4,3,10157,10190.863738193762,10191.306,-34.3056640625,34.3056640625
2026-03-20 01:00:00,2026-03-20 01:00:00,2026-03-20,1,4,3,10038,10037.134646508786,10056.67,-18.669921875,18.669921875
2026-03-20 02:00:00,2026-03-20 02:00:00,2026-03-20,2,4,3,9949,9962.565644584778,9974.284,-25.2841796875,25.2841796875
2026-03-20 03:00:00,2026-03-20 03:00:00,2026-03-20,3,4,3,9935,9916.10984972971,9943.35,-8.349609375,8.349609375
2026-03-20 04:00:00,2026-03-20 04:00:00,2026-03-20,4,4,3,10062,9988.648222843269,9994.734,67.265625,67.265625
2026-03-20 05:00:00,2026-03-20 05:00:00,2026-03-20,5,4,3,10235,10234.75074095456,10329.614,-94.6142578125,94.6142578125
2026-03-20 06:00:00,2026-03-20 06:00:00,2026-03-20,6,4,3,10627,10459.090845289289,10590.999,36.0009765625,36.0009765625
2026-03-20 07:00:00,2026-03-20 07:00:00,2026-03-20,7,4,3,10969,10933.833128527178,11050.679,-81.6787109375,81.6787109375
2026-03-20 08:00:00,2026-03-20 08:00:00,2026-03-20,8,4,3,11195,11181.497106543782,11070.362,124.6376953125,124.6376953125
2026-03-20 09:00:00,2026-03-20 09:00:00,2026-03-20,9,4,3,11306,11292.377827234335,11257.062,48.9384765625,48.9384765625
2026-03-20 10:00:00,2026-03-20 10:00:00,2026-03-20,10,4,3,11430,11316.400417543056,11312.423,117.5771484375,117.5771484375
2026-03-20 11:00:00,2026-03-20 11:00:00,2026-03-20,11,4,3,11457,11436.542064281617,11443.156,13.84375,13.84375
2026-03-20 12:00:00,2026-03-20 12:00:00,2026-03-20,12,4,3,11362,11421.51795526055,11408.689,-46.689453125,46.689453125
2026-03-20 13:00:00,2026-03-20 13:00:00,2026-03-20,13,4,3,11293,11285.092820335232,11307.305,-14.3046875,14.3046875
2026-03-20 14:00:00,2026-03-20 14:00:00,2026-03-20,14,4,3,11294,11246.24483037826,11217.727,76.2734375,76.2734375
2026-03-20 15:00:00,2026-03-20 15:00:00,2026-03-20,15,4,3,11271,11280.165498573993,11281.777,-10.77734375,10.77734375
2026-03-20 16:00:00,2026-03-20 16:00:00,2026-03-20,16,4,3,11294,11236.468097818615,11356.706,-62.7060546875,62.7060546875
2026-03-20 17:00:00,2026-03-20 17:00:00,2026-03-20,17,4,3,11280,11274.86374036126,11355.51,-75.509765625,75.509765625
2026-03-20 18:00:00,2026-03-20 18:00:00,2026-03-20,18,4,3,11166,11235.666116511215,11161.854,4.146484375,4.146484375
2026-03-20 19:00:00,2026-03-20 19:00:00,2026-03-20,19,4,3,11127,11059.878616580962,11065.4375,61.5625,61.5625
2026-03-20 20:00:00,2026-03-20 20:00:00,2026-03-20,20,4,3,11193,11053.049831521443,11028.493,164.5068359375,164.5068359375
2026-03-20 21:00:00,2026-03-20 21:00:00,2026-03-20,21,4,3,11049,11153.339524311037,11059.213,-10.212890625,10.212890625
2026-03-20 22:00:00,2026-03-20 22:00:00,2026-03-20,22,4,3,10849,10868.90768834366,10774.954,74.0458984375,74.0458984375
2026-03-20 23:00:00,2026-03-20 23:00:00,2026-03-20,23,4,3,10553,10619.06132424079,10612.428,-59.427734375,59.427734375
2026-03-21 00:00:00,2026-03-21 00:00:00,2026-03-21,0,5,3,10315,10360.148987541666,10326.009,-11.0087890625,11.0087890625
2026-03-21 01:00:00,2026-03-21 01:00:00,2026-03-21,1,5,3,10191,10149.26693606176,10161.85,29.150390625,29.150390625
2026-03-21 02:00:00,2026-03-21 02:00:00,2026-03-21,2,5,3,10045,10090.102091892995,10083.161,-38.1611328125,38.1611328125
2026-03-21 03:00:00,2026-03-21 03:00:00,2026-03-21,3,5,3,10009,9960.38356672472,10017.775,-8.775390625,8.775390625
2026-03-21 04:00:00,2026-03-21 04:00:00,2026-03-21,4,5,3,10031,10024.24582090359,10013.237,17.7626953125,17.7626953125
2026-03-21 05:00:00,2026-03-21 05:00:00,2026-03-21,5,5,3,10107,10125.37095655481,10092.623,14.376953125,14.376953125
2026-03-21 06:00:00,2026-03-21 06:00:00,2026-03-21,6,5,3,10257,10276.39882086727,10221.565,35.4345703125,35.4345703125
2026-03-21 07:00:00,2026-03-21 07:00:00,2026-03-21,7,5,3,10455,10484.785523693097,10490.324,-35.32421875,35.32421875
2026-03-21 08:00:00,2026-03-21 08:00:00,2026-03-21,8,5,3,10628,10682.967935876073,10621.569,6.4306640625,6.4306640625
2026-03-21 09:00:00,2026-03-21 09:00:00,2026-03-21,9,5,3,10778,10808.37678678058,10774.451,3.548828125,3.548828125
2026-03-21 10:00:00,2026-03-21 10:00:00,2026-03-21,10,5,3,10913,10918.29873496415,10869.564,43.435546875,43.435546875
2026-03-21 11:00:00,2026-03-21 11:00:00,2026-03-21,11,5,3,10931,11019.961565306801,10928.736,2.263671875,2.263671875
2026-03-21 12:00:00,2026-03-21 12:00:00,2026-03-21,12,5,3,10785,10961.896851170479,10898.174,-113.173828125,113.173828125
2026-03-21 13:00:00,2026-03-21 13:00:00,2026-03-21,13,5,3,10727,10738.590880534899,10709.593,17.4072265625,17.4072265625
2026-03-21 14:00:00,2026-03-21 14:00:00,2026-03-21,14,5,3,10639,10733.055921448102,10704.876,-65.8759765625,65.8759765625
2026-03-21 15:00:00,2026-03-21 15:00:00,2026-03-21,15,5,3,10581,10620.3863559542,10612.166,-31.166015625,31.166015625
2026-03-21 16:00:00,2026-03-21 16:00:00,2026-03-21,16,5,3,10604,10563.45968795382,10661.848,-57.84765625,57.84765625
2026-03-21 17:00:00,2026-03-21 17:00:00,2026-03-21,17,5,3,10661,10620.011682714987,10696.366,-35.3662109375,35.3662109375
2026-03-21 18:00:00,2026-03-21 18:00:00,2026-03-21,18,5,3,10618,10683.540327963898,10675.0,-57.0,57.0
2026-03-21 19:00:00,2026-03-21 19:00:00,2026-03-21,19,5,3,10685,10580.556361662899,10658.907,26.0927734375,26.0927734375
2026-03-21 20:00:00,2026-03-21 20:00:00,2026-03-21,20,5,3,10823,10694.108499677006,10739.983,83.0166015625,83.0166015625
2026-03-21 21:00:00,2026-03-21 21:00:00,2026-03-21,21,5,3,10747,10822.410691500316,10784.021,-37.021484375,37.021484375
2026-03-21 22:00:00,2026-03-21 22:00:00,2026-03-21,22,5,3,10560,10605.303386384188,10531.458,28.5419921875,28.5419921875
2026-03-21 23:00:00,2026-03-21 23:00:00,2026-03-21,23,5,3,10355,10342.6709545838,10350.169,4.8310546875,4.8310546875
2026-03-22 00:00:00,2026-03-22 00:00:00,2026-03-22,0,6,3,10183,10242.577898591373,10213.986,-30.986328125,30.986328125
2026-03-22 01:00:00,2026-03-22 01:00:00,2026-03-22,1,6,3,10038,10076.473424699145,10059.312,-21.3115234375,21.3115234375
2026-03-22 02:00:00,2026-03-22 02:00:00,2026-03-22,2,6,3,9936,9941.542221778172,9958.088,-22.087890625,22.087890625
2026-03-22 03:00:00,2026-03-22 03:00:00,2026-03-22,3,6,3,9927,9880.878733954934,9927.432,-0.431640625,0.431640625
2026-03-22 04:00:00,2026-03-22 04:00:00,2026-03-22,4,6,3,9993,9955.313633654754,9980.241,12.7587890625,12.7587890625
2026-03-22 05:00:00,2026-03-22 05:00:00,2026-03-22,5,6,3,10118,10096.315171488928,10092.316,25.68359375,25.68359375
2026-03-22 06:00:00,2026-03-22 06:00:00,2026-03-22,6,6,3,10298,10282.722305621222,10390.064,-92.064453125,92.064453125
2026-03-22 07:00:00,2026-03-22 07:00:00,2026-03-22,7,6,3,10423,10488.342395120028,10517.145,-94.14453125,94.14453125
2026-03-22 08:00:00,2026-03-22 08:00:00,2026-03-22,8,6,3,10518,10568.417155506793,10514.284,3.7158203125,3.7158203125
2026-03-22 09:00:00,2026-03-22 09:00:00,2026-03-22,9,6,3,10573,10637.138358675289,10570.155,2.8447265625,2.8447265625
2026-03-22 10:00:00,2026-03-22 10:00:00,2026-03-22,10,6,3,10626,10665.818163277208,10616.658,9.341796875,9.341796875
2026-03-22 11:00:00,2026-03-22 11:00:00,2026-03-22,11,6,3,10683,10712.502059401271,10649.458,33.5419921875,33.5419921875
2026-03-22 12:00:00,2026-03-22 12:00:00,2026-03-22,12,6,3,10740,10762.41546738625,10691.185,48.8154296875,48.8154296875
2026-03-22 13:00:00,2026-03-22 13:00:00,2026-03-22,13,6,3,10806,10805.161384528004,10730.965,75.03515625,75.03515625
2026-03-22 14:00:00,2026-03-22 14:00:00,2026-03-22,14,6,3,10781,10858.30800560988,10812.0625,-31.0625,31.0625
2026-03-22 15:00:00,2026-03-22 15:00:00,2026-03-22,15,6,3,10667,10773.427420838067,10789.404,-122.404296875,122.404296875
2026-03-22 16:00:00,2026-03-22 16:00:00,2026-03-22,16,6,3,10803,10614.682254095014,10711.532,91.4677734375,91.4677734375
2026-03-22 17:00:00,2026-03-22 17:00:00,2026-03-22,17,6,3,10905,10872.446385803058,10934.217,-29.216796875,29.216796875
2026-03-22 18:00:00,2026-03-22 18:00:00,2026-03-22,18,6,3,10807,10925.231676792526,10907.779,-100.779296875,100.779296875
2026-03-22 19:00:00,2026-03-22 19:00:00,2026-03-22,19,6,3,10845,10712.519941535751,10760.403,84.5966796875,84.5966796875
2026-03-22 20:00:00,2026-03-22 20:00:00,2026-03-22,20,6,3,10960,10814.018670155523,10859.4375,100.5625,100.5625
2026-03-22 21:00:00,2026-03-22 21:00:00,2026-03-22,21,6,3,10854,10932.01727766817,10872.072,-18.072265625,18.072265625
2026-03-22 22:00:00,2026-03-22 22:00:00,2026-03-22,22,6,3,10520,10689.059075162397,10628.413,-108.4130859375,108.4130859375
2026-03-22 23:00:00,2026-03-22 23:00:00,2026-03-22,23,6,3,10176,10207.487225787252,10256.796,-80.7958984375,80.7958984375
2026-03-23 00:00:00,2026-03-23 00:00:00,2026-03-23,0,0,3,10089,9989.56097263736,9994.199,94.80078125,94.80078125
2026-03-23 01:00:00,2026-03-23 01:00:00,2026-03-23,1,0,3,10118,10031.764943442508,10025.165,92.8349609375,92.8349609375
2026-03-23 02:00:00,2026-03-23 02:00:00,2026-03-23,2,0,3,10079,10122.67290704784,10080.998,-1.998046875,1.998046875
2026-03-23 03:00:00,2026-03-23 03:00:00,2026-03-23,3,0,3,10091,10075.695995040935,10071.009,19.9912109375,19.9912109375
2026-03-23 04:00:00,2026-03-23 04:00:00,2026-03-23,4,0,3,10139,10166.612795863313,10120.76,18.240234375,18.240234375
2026-03-23 05:00:00,2026-03-23 05:00:00,2026-03-23,5,0,3,10341,10281.80149559956,10273.212,67.7880859375,67.7880859375
2026-03-23 06:00:00,2026-03-23 06:00:00,2026-03-23,6,0,3,10746,10561.002083669526,10720.128,25.8720703125,25.8720703125
2026-03-23 07:00:00,2026-03-23 07:00:00,2026-03-23,7,0,3,11115,11029.127491767511,11090.444,24.5556640625,24.5556640625
2026-03-23 08:00:00,2026-03-23 08:00:00,2026-03-23,8,0,3,11213,11315.868938775966,11222.88,-9.8798828125,9.8798828125
2026-03-23 09:00:00,2026-03-23 09:00:00,2026-03-23,9,0,3,11250,11237.798581519777,11232.197,17.802734375,17.802734375
2026-03-23 10:00:00,2026-03-23 10:00:00,2026-03-23,10,0,3,11222,11239.029922711916,11262.8545,-40.8544921875,40.8544921875
2026-03-23 11:00:00,2026-03-23 11:00:00,2026-03-23,11,0,3,11096,11199.560217901457,11157.758,-61.7578125,61.7578125
2026-03-23 12:00:00,2026-03-23 12:00:00,2026-03-23,12,0,3,11117,11059.05816902705,11016.093,100.9072265625,100.9072265625
2026-03-23 13:00:00,2026-03-23 13:00:00,2026-03-23,13,0,3,11134,11182.414954208338,11106.987,27.0126953125,27.0126953125
2026-03-23 14:00:00,2026-03-23 14:00:00,2026-03-23,14,0,3,11155,11184.567530822987,11120.144,34.8564453125,34.8564453125
2026-03-23 15:00:00,2026-03-23 15:00:00,2026-03-23,15,0,3,11157,11196.102004860131,11186.746,-29.74609375,29.74609375
2026-03-23 16:00:00,2026-03-23 16:00:00,2026-03-23,16,0,3,11210,11188.05551668107,11268.144,-58.1435546875,58.1435546875
2026-03-23 17:00:00,2026-03-23 17:00:00,2026-03-23,17,0,3,11210,11256.37395898396,11317.759,-107.7587890625,107.7587890625
2026-03-23 18:00:00,2026-03-23 18:00:00,2026-03-23,18,0,3,11125,11205.706331456668,11105.733,19.2666015625,19.2666015625
2026-03-23 19:00:00,2026-03-23 19:00:00,2026-03-23,19,0,3,11167,11069.768783816873,11054.245,112.7548828125,112.7548828125
2026-03-23 20:00:00,2026-03-23 20:00:00,2026-03-23,20,0,3,11297,11167.740418648422,11129.514,167.486328125,167.486328125
2026-03-23 21:00:00,2026-03-23 21:00:00,2026-03-23,21,0,3,11165,11302.44456650923,11156.008,8.9921875,8.9921875
2026-03-23 22:00:00,2026-03-23 22:00:00,2026-03-23,22,0,3,10914,11004.735028177542,10882.9795,31.0205078125,31.0205078125
2026-03-23 23:00:00,2026-03-23 23:00:00,2026-03-23,23,0,3,10593,10668.865251680887,10606.735,-13.7353515625,13.7353515625
2026-03-24 00:00:00,2026-03-24 00:00:00,2026-03-24,0,1,3,10383,10400.49375822389,10349.604,33.396484375,33.396484375
2026-03-24 01:00:00,2026-03-24 01:00:00,2026-03-24,1,1,3,10269,10240.524136444534,10255.673,13.3271484375,13.3271484375
2026-03-24 02:00:00,2026-03-24 02:00:00,2026-03-24,2,1,3,10183,10179.960410665724,10184.698,-1.6982421875,1.6982421875
2026-03-24 03:00:00,2026-03-24 03:00:00,2026-03-24,3,1,3,10134,10136.7834060521,10131.038,2.9619140625,2.9619140625
2026-03-24 04:00:00,2026-03-24 04:00:00,2026-03-24,4,1,3,10247,10152.927911892837,10160.368,86.6318359375,86.6318359375
2026-03-24 05:00:00,2026-03-24 05:00:00,2026-03-24,5,1,3,10460,10403.069412211273,10483.74,-23.740234375,23.740234375
2026-03-24 06:00:00,2026-03-24 06:00:00,2026-03-24,6,1,3,10817,10693.636994379507,10844.136,-27.1357421875,27.1357421875
2026-03-24 07:00:00,2026-03-24 07:00:00,2026-03-24,7,1,3,11285,11090.12299122024,11223.717,61.283203125,61.283203125
2026-03-24 08:00:00,2026-03-24 08:00:00,2026-03-24,8,1,3,11419,11534.137985113402,11412.813,6.1865234375,6.1865234375
2026-03-24 09:00:00,2026-03-24 09:00:00,2026-03-24,9,1,3,11497,11440.465718854082,11447.361,49.638671875,49.638671875
2026-03-24 10:00:00,2026-03-24 10:00:00,2026-03-24,10,1,3,11509,11474.564904903185,11549.389,-40.388671875,40.388671875
2026-03-24 11:00:00,2026-03-24 11:00:00,2026-03-24,11,1,3,11521,11460.769518758647,11518.255,2.7451171875,2.7451171875
2026-03-24 12:00:00,2026-03-24 12:00:00,2026-03-24,12,1,3,11449,11500.61695538029,11504.654,-55.654296875,55.654296875
2026-03-24 13:00:00,2026-03-24 13:00:00,2026-03-24,13,1,3,11450,11422.613143081753,11410.301,39.69921875,39.69921875
2026-03-24 14:00:00,2026-03-24 14:00:00,2026-03-24,14,1,3,11423,11467.62501651606,11436.667,-13.6669921875,13.6669921875
2026-03-24 15:00:00,2026-03-24 15:00:00,2026-03-24,15,1,3,11456,11419.635569668786,11430.338,25.662109375,25.662109375
2026-03-24 16:00:00,2026-03-24 16:00:00,2026-03-24,16,1,3,11526,11479.42915699416,11584.58,-58.580078125,58.580078125
2026-03-24 17:00:00,2026-03-24 17:00:00,2026-03-24,17,1,3,11533,11553.39358271112,11649.921,-116.9208984375,116.9208984375
2026-03-24 18:00:00,2026-03-24 18:00:00,2026-03-24,18,1,3,11418,11504.00674292618,11454.056,-36.0556640625,36.0556640625
2026-03-24 19:00:00,2026-03-24 19:00:00,2026-03-24,19,1,3,11400,11319.100395660826,11335.876,64.1240234375,64.1240234375
2026-03-24 20:00:00,2026-03-24 20:00:00,2026-03-24,20,1,3,11406,11347.683549043477,11322.73,83.26953125,83.26953125
2026-03-24 21:00:00,2026-03-24 21:00:00,2026-03-24,21,1,3,11266,11342.412924785598,11269.643,-3.642578125,3.642578125
2026-03-24 22:00:00,2026-03-24 22:00:00,2026-03-24,22,1,3,11037,11092.689177582222,11015.71,21.2900390625,21.2900390625
2026-03-24 23:00:00,2026-03-24 23:00:00,2026-03-24,23,1,3,10781,10790.138905069356,10745.674,35.326171875,35.326171875
2026-03-25 00:00:00,2026-03-25 00:00:00,2026-03-25,0,2,3,10610,10611.786048106587,10613.203,-3.203125,3.203125
2026-03-25 01:00:00,2026-03-25 01:00:00,2026-03-25,1,2,3,10497,10487.815387386143,10504.564,-7.564453125,7.564453125
2026-03-25 02:00:00,2026-03-25 02:00:00,2026-03-25,2,2,3,10461,10415.645680938713,10399.795,61.205078125,61.205078125
2026-03-25 03:00:00,2026-03-25 03:00:00,2026-03-25,3,2,3,10456,10448.334306398428,10442.197,13.802734375,13.802734375
2026-03-25 04:00:00,2026-03-25 04:00:00,2026-03-25,4,2,3,10537,10500.99116864014,10479.161,57.8388671875,57.8388671875
2026-03-25 05:00:00,2026-03-25 05:00:00,2026-03-25,5,2,3,10691,10672.54250141161,10750.386,-59.3857421875,59.3857421875
2026-03-25 06:00:00,2026-03-25 06:00:00,2026-03-25,6,2,3,11104,10893.647807201483,11039.565,64.4345703125,64.4345703125
2026-03-25 07:00:00,2026-03-25 07:00:00,2026-03-25,7,2,3,11419,11407.670416429217,11470.065,-51.0654296875,51.0654296875
2026-03-25 08:00:00,2026-03-25 08:00:00,2026-03-25,8,2,3,11484,11607.110070940684,11541.888,-57.8876953125,57.8876953125
2026-03-25 09:00:00,2026-03-25 09:00:00,2026-03-25,9,2,3,11502,11508.667521574258,11566.181,-64.1806640625,64.1806640625
2026-03-25 10:00:00,2026-03-25 10:00:00,2026-03-25,10,2,3,11454,11497.351346169835,11566.037,-112.037109375,112.037109375
2026-03-25 11:00:00,2026-03-25 11:00:00,2026-03-25,11,2,3,11560,11428.842683755913,11410.527,149.47265625,149.47265625
2026-03-25 12:00:00,2026-03-25 12:00:00,2026-03-25,12,2,3,11501,11639.355921930359,11567.874,-66.8740234375,66.8740234375
2026-03-25 13:00:00,2026-03-25 13:00:00,2026-03-25,13,2,3,11558,11508.807154875021,11495.377,62.623046875,62.623046875
2026-03-25 14:00:00,2026-03-25 14:00:00,2026-03-25,14,2,3,11559,11617.794600467176,11614.997,-55.9970703125,55.9970703125
2026-03-25 15:00:00,2026-03-25 15:00:00,2026-03-25,15,2,3,11582,11573.643761385789,11614.461,-32.4609375,32.4609375
2026-03-25 16:00:00,2026-03-25 16:00:00,2026-03-25,16,2,3,11663,11597.77338307841,11759.2705,-96.2705078125,96.2705078125
2026-03-25 17:00:00,2026-03-25 17:00:00,2026-03-25,17,2,3,11581,11691.002432644116,11813.949,-232.94921875,232.94921875
2026-03-25 18:00:00,2026-03-25 18:00:00,2026-03-25,18,2,3,11497,11505.10703024077,11454.261,42.7392578125,42.7392578125
2026-03-25 19:00:00,2026-03-25 19:00:00,2026-03-25,19,2,3,11517,11411.864500626603,11438.863,78.13671875,78.13671875
2026-03-25 20:00:00,2026-03-25 20:00:00,2026-03-25,20,2,3,11608,11479.415079061486,11476.638,131.3623046875,131.3623046875
2026-03-25 21:00:00,2026-03-25 21:00:00,2026-03-25,21,2,3,11457,11579.41364233477,11466.904,-9.904296875,9.904296875
2026-03-25 22:00:00,2026-03-25 22:00:00,2026-03-25,22,2,3,11158,11271.71405379286,11213.253,-55.2529296875,55.2529296875
2026-03-25 23:00:00,2026-03-25 23:00:00,2026-03-25,23,2,3,10928,10870.058555168813,10868.192,59.8076171875,59.8076171875
2026-03-26 00:00:00,2026-03-26 00:00:00,2026-03-26,0,3,3,10709,10773.74443910922,10746.008,-37.0078125,37.0078125
2026-03-26 01:00:00,2026-03-26 01:00:00,2026-03-26,1,3,3,10602,10553.19162374968,10603.77,-1.76953125,1.76953125
2026-03-26 02:00:00,2026-03-26 02:00:00,2026-03-26,2,3,3,10533,10509.782856158017,10540.295,-7.294921875,7.294921875
2026-03-26 03:00:00,2026-03-26 03:00:00,2026-03-26,3,3,3,10537,10488.699008202126,10513.396,23.603515625,23.603515625
2026-03-26 04:00:00,2026-03-26 04:00:00,2026-03-26,4,3,3,10638,10578.592197434824,10569.393,68.607421875,68.607421875
2026-03-26 05:00:00,2026-03-26 05:00:00,2026-03-26,5,3,3,10791,10773.129714161307,10858.027,-67.02734375,67.02734375
2026-03-26 06:00:00,2026-03-26 06:00:00,2026-03-26,6,3,3,11154,10986.119228637526,11162.42,-8.419921875,8.419921875
2026-03-26 07:00:00,2026-03-26 07:00:00,2026-03-26,7,3,3,11356,11431.86631267454,11550.727,-194.7265625,194.7265625
2026-03-26 08:00:00,2026-03-26 08:00:00,2026-03-26,8,3,3,11524,11503.522559901918,11500.694,23.3056640625,23.3056640625
2026-03-26 09:00:00,2026-03-26 09:00:00,2026-03-26,9,3,3,11548,11621.15202732263,11621.115,-73.115234375,73.115234375
2026-03-26 10:00:00,2026-03-26 10:00:00,2026-03-26,10,3,3,11555,11558.298752746414,11618.896,-63.896484375,63.896484375
2026-03-26 11:00:00,2026-03-26 11:00:00,2026-03-26,11,3,3,11584,11564.800331682693,11615.2,-31.2001953125,31.2001953125
2026-03-26 12:00:00,2026-03-26 12:00:00,2026-03-26,12,3,3,11562,11620.46784228591,11617.154,-55.154296875,55.154296875
2026-03-26 13:00:00,2026-03-26 13:00:00,2026-03-26,13,3,3,11530,11583.38756940718,11585.947,-55.947265625,55.947265625
2026-03-26 14:00:00,2026-03-26 14:00:00,2026-03-26,14,3,3,11465,11552.659030037054,11543.075,-78.0751953125,78.0751953125
2026-03-26 15:00:00,2026-03-26 15:00:00,2026-03-26,15,3,3,11401,11461.710290155426,11479.822,-78.822265625,78.822265625
2026-03-26 16:00:00,2026-03-26 16:00:00,2026-03-26,16,3,3,11322,11388.583676260194,11530.127,-208.126953125,208.126953125
2026-03-26 17:00:00,2026-03-26 17:00:00,2026-03-26,17,3,3,11282,11285.257965979117,11406.336,-124.3359375,124.3359375
2026-03-26 18:00:00,2026-03-26 18:00:00,2026-03-26,18,3,3,11169,11246.346849839818,11175.512,-6.51171875,6.51171875
2026-03-26 19:00:00,2026-03-26 19:00:00,2026-03-26,19,3,3,11142,11085.032939565057,11083.022,58.9775390625,58.9775390625
2026-03-26 20:00:00,2026-03-26 20:00:00,2026-03-26,20,3,3,11272,11097.593406058162,11066.175,205.8251953125,205.8251953125
2026-03-26 21:00:00,2026-03-26 21:00:00,2026-03-26,21,3,3,11143,11289.77981126444,11192.231,-49.2314453125,49.2314453125
2026-03-26 22:00:00,2026-03-26 22:00:00,2026-03-26,22,3,3,10976,11000.66583659391,10951.421,24.5791015625,24.5791015625
2026-03-26 23:00:00,2026-03-26 23:00:00,2026-03-26,23,3,3,10785,10793.845028891212,10723.864,61.1357421875,61.1357421875
2026-03-27 00:00:00,2026-03-27 00:00:00,2026-03-27,0,4,3,10575,10701.253197111011,10661.277,-86.27734375,86.27734375
2026-03-27 01:00:00,2026-03-27 01:00:00,2026-03-27,1,4,3,10484,10470.532625961872,10469.697,14.302734375,14.302734375
2026-03-27 02:00:00,2026-03-27 02:00:00,2026-03-27,2,4,3,10488,10441.58155378587,10412.165,75.8349609375,75.8349609375
2026-03-27 03:00:00,2026-03-27 03:00:00,2026-03-27,3,4,3,10449,10516.144135035385,10502.778,-53.7783203125,53.7783203125
2026-03-27 04:00:00,2026-03-27 04:00:00,2026-03-27,4,4,3,10473,10488.2931030491,10483.982,-10.982421875,10.982421875
2026-03-27 05:00:00,2026-03-27 05:00:00,2026-03-27,5,4,3,10650,10585.643972479507,10615.006,34.994140625,34.994140625
2026-03-27 06:00:00,2026-03-27 06:00:00,2026-03-27,6,4,3,11048,10877.310321731225,11003.923,44.0771484375,44.0771484375
2026-03-27 07:00:00,2026-03-27 07:00:00,2026-03-27,7,4,3,11407,11348.121417288372,11423.634,-16.6337890625,16.6337890625
2026-03-27 08:00:00,2026-03-27 08:00:00,2026-03-27,8,4,3,11590,11621.17976855832,11558.846,31.154296875,31.154296875
2026-03-27 09:00:00,2026-03-27 09:00:00,2026-03-27,9,4,3,11617,11662.84253720799,11665.461,-48.4609375,48.4609375
2026-03-27 10:00:00,2026-03-27 10:00:00,2026-03-27,10,4,3,11593,11593.613281515713,11683.011,-90.0107421875,90.0107421875
2026-03-27 11:00:00,2026-03-27 11:00:00,2026-03-27,11,4,3,11530,11559.588570415524,11605.683,-75.6826171875,75.6826171875
2026-03-27 12:00:00,2026-03-27 12:00:00,2026-03-27,12,4,3,11349,11506.368630068931,11488.531,-139.53125,139.53125
2026-03-27 13:00:00,2026-03-27 13:00:00,2026-03-27,13,4,3,11273,11290.264924921768,11332.409,-59.4091796875,59.4091796875
2026-03-27 14:00:00,2026-03-27 14:00:00,2026-03-27,14,4,3,11171,11263.556559580808,11235.277,-64.27734375,64.27734375
2026-03-27 15:00:00,2026-03-27 15:00:00,2026-03-27,15,4,3,11086,11137.83546409093,11184.3,-98.2998046875,98.2998046875
2026-03-27 16:00:00,2026-03-27 16:00:00,2026-03-27,16,4,3,11063,11059.331741277998,11168.436,-105.435546875,105.435546875
2026-03-27 17:00:00,2026-03-27 17:00:00,2026-03-27,17,4,3,11109,11065.335466216025,11164.547,-55.546875,55.546875
2026-03-27 18:00:00,2026-03-27 18:00:00,2026-03-27,18,4,3,11024,11142.739702146691,11082.377,-58.376953125,58.376953125
2026-03-27 19:00:00,2026-03-27 19:00:00,2026-03-27,19,4,3,11060,10982.638679012434,10947.275,112.724609375,112.724609375
2026-03-27 20:00:00,2026-03-27 20:00:00,2026-03-27,20,4,3,11193,11084.386546926386,11094.685,98.3154296875,98.3154296875
2026-03-27 21:00:00,2026-03-27 21:00:00,2026-03-27,21,4,3,11028,11233.803158704059,11116.151,-88.1513671875,88.1513671875
2026-03-27 22:00:00,2026-03-27 22:00:00,2026-03-27,22,4,3,10769,10885.736333628405,10800.171,-31.1708984375,31.1708984375
2026-03-27 23:00:00,2026-03-27 23:00:00,2026-03-27,23,4,3,10500,10551.743198491324,10555.094,-55.09375,55.09375
2026-03-28 00:00:00,2026-03-28 00:00:00,2026-03-28,0,5,3,10319,10356.24933540851,10341.253,-22.2529296875,22.2529296875
2026-03-28 01:00:00,2026-03-28 01:00:00,2026-03-28,1,5,3,10241,10211.608554737506,10215.32,25.6796875,25.6796875
2026-03-28 02:00:00,2026-03-28 02:00:00,2026-03-28,2,5,3,10164,10187.303597472881,10194.382,-30.3818359375,30.3818359375
2026-03-28 03:00:00,2026-03-28 03:00:00,2026-03-28,3,5,3,10138,10138.33568585902,10135.791,2.208984375,2.208984375
2026-03-28 04:00:00,2026-03-28 04:00:00,2026-03-28,4,5,3,10186,10180.499370052847,10165.029,20.970703125,20.970703125
2026-03-28 05:00:00,2026-03-28 05:00:00,2026-03-28,5,5,3,10248,10308.693549967524,10268.307,-20.306640625,20.306640625
2026-03-28 06:00:00,2026-03-28 06:00:00,2026-03-28,6,5,3,10428,10412.752874488133,10404.67,23.330078125,23.330078125
2026-03-28 07:00:00,2026-03-28 07:00:00,2026-03-28,7,5,3,10568,10649.686402810874,10705.42,-137.419921875,137.419921875
2026-03-28 08:00:00,2026-03-28 08:00:00,2026-03-28,8,5,3,10807,10746.622916743432,10715.996,91.00390625,91.00390625
2026-03-28 09:00:00,2026-03-28 09:00:00,2026-03-28,9,5,3,10997,10998.2959939267,10983.66,13.33984375,13.33984375
2026-03-28 10:00:00,2026-03-28 10:00:00,2026-03-28,10,5,3,11060,11123.688410354893,11127.17,-67.169921875,67.169921875
2026-03-28 11:00:00,2026-03-28 11:00:00,2026-03-28,11,5,3,11008,11096.858800328957,11112.288,-104.2880859375,104.2880859375
2026-03-28 12:00:00,2026-03-28 12:00:00,2026-03-28,12,5,3,10877,10979.79489744949,10978.46,-101.4599609375,101.4599609375
2026-03-28 13:00:00,2026-03-28 13:00:00,2026-03-28,13,5,3,10756,10819.319296850797,10819.578,-63.578125,63.578125
2026-03-28 14:00:00,2026-03-28 14:00:00,2026-03-28,14,5,3,10686,10710.90441257955,10729.3955,-43.3955078125,43.3955078125
2026-03-28 15:00:00,2026-03-28 15:00:00,2026-03-28,15,5,3,10737,10652.585194878979,10709.954,27.0458984375,27.0458984375
2026-03-28 16:00:00,2026-03-28 16:00:00,2026-03-28,16,5,3,10823,10753.018029291246,10839.533,-16.533203125,16.533203125
2026-03-28 17:00:00,2026-03-28 17:00:00,2026-03-28,17,5,3,10959,10847.8757697739,10936.463,22.537109375,22.537109375
2026-03-28 18:00:00,2026-03-28 18:00:00,2026-03-28,18,5,3,10917,10982.839269816997,10940.815,-23.8154296875,23.8154296875
2026-03-28 19:00:00,2026-03-28 19:00:00,2026-03-28,19,5,3,10934,10826.704741526073,10861.896,72.103515625,72.103515625
2026-03-28 20:00:00,2026-03-28 20:00:00,2026-03-28,20,5,3,11079,10864.072550737703,10919.15,159.849609375,159.849609375
2026-03-28 21:00:00,2026-03-28 21:00:00,2026-03-28,21,5,3,10978,11040.8064252661,10969.68,8.3203125,8.3203125
2026-03-28 22:00:00,2026-03-28 22:00:00,2026-03-28,22,5,3,10729,10790.072816090254,10748.47,-19.4697265625,19.4697265625
2026-03-28 23:00:00,2026-03-28 23:00:00,2026-03-28,23,5,3,10492,10448.513840507148,10476.631,15.369140625,15.369140625
2026-03-29 00:00:00,2026-03-29 00:00:00,2026-03-29,0,6,3,10350,10333.809448290676,10298.669,51.3310546875,51.3310546875
2026-03-29 01:00:00,2026-03-29 01:00:00,2026-03-29,1,6,3,10258,10232.259066360948,10241.791,16.208984375,16.208984375
2026-03-29 02:00:00,2026-03-29 02:00:00,2026-03-29,2,6,3,10223,10166.418054004314,10159.433,63.5673828125,63.5673828125
2026-03-29 03:00:00,2026-03-29 03:00:00,2026-03-29,3,6,3,10271,10184.924509313714,10167.404,103.595703125,103.595703125
2026-03-29 04:00:00,2026-03-29 04:00:00,2026-03-29,4,6,3,10313,10314.782407566001,10268.12,44.8798828125,44.8798828125
2026-03-29 05:00:00,2026-03-29 05:00:00,2026-03-29,5,6,3,10406,10391.876608438773,10423.032,-17.0322265625,17.0322265625
2026-03-29 06:00:00,2026-03-29 06:00:00,2026-03-29,6,6,3,10509,10537.032154353597,10606.891,-97.890625,97.890625
2026-03-29 07:00:00,2026-03-29 07:00:00,2026-03-29,7,6,3,10547,10645.476063054142,10678.229,-131.228515625,131.228515625
2026-03-29 08:00:00,2026-03-29 08:00:00,2026-03-29,8,6,3,10631,10649.829045759525,10602.412,28.587890625,28.587890625
2026-03-29 09:00:00,2026-03-29 09:00:00,2026-03-29,9,6,3,10776,10753.59587701502,10697.512,78.48828125,78.48828125
2026-03-29 10:00:00,2026-03-29 10:00:00,2026-03-29,10,6,3,10897,10912.519313247303,10850.255,46.7451171875,46.7451171875
2026-03-29 11:00:00,2026-03-29 11:00:00,2026-03-29,11,6,3,10998,10998.483473607446,10910.143,87.857421875,87.857421875
2026-03-29 12:00:00,2026-03-29 12:00:00,2026-03-29,12,6,3,11057,11063.690796355126,11031.086,25.9140625,25.9140625
2026-03-29 13:00:00,2026-03-29 13:00:00,2026-03-29,13,6,3,11034,11082.218720187793,11014.879,19.12109375,19.12109375
2026-03-29 14:00:00,2026-03-29 14:00:00,2026-03-29,14,6,3,10982,11008.702331630619,10981.655,0.3447265625,0.3447265625
2026-03-29 15:00:00,2026-03-29 15:00:00,2026-03-29,15,6,3,10970,10942.505918901204,10989.136,-19.1357421875,19.1357421875
2026-03-29 16:00:00,2026-03-29 16:00:00,2026-03-29,16,6,3,11077,10956.981142308538,11067.254,9.74609375,9.74609375
2026-03-29 17:00:00,2026-03-29 17:00:00,2026-03-29,17,6,3,11137,11115.319103964915,11240.216,-103.2158203125,103.2158203125
2026-03-29 18:00:00,2026-03-29 18:00:00,2026-03-29,18,6,3,11045,11117.11184207364,11086.186,-41.185546875,41.185546875
2026-03-29 19:00:00,2026-03-29 19:00:00,2026-03-29,19,6,3,11038,10934.33570300433,10964.53,73.4697265625,73.4697265625
2026-03-29 20:00:00,2026-03-29 20:00:00,2026-03-29,20,6,3,11209,10968.649724404162,10995.562,213.4384765625,213.4384765625
2026-03-29 21:00:00,2026-03-29 21:00:00,2026-03-29,21,6,3,11075,11195.19049251571,11129.699,-54.69921875,54.69921875
2026-03-29 22:00:00,2026-03-29 22:00:00,2026-03-29,22,6,3,10798,10872.794423385469,10839.155,-41.1552734375,41.1552734375
2026-03-29 23:00:00,2026-03-29 23:00:00,2026-03-29,23,6,3,10595,10494.442896792842,10522.192,72.8076171875,72.8076171875
2026-03-30 00:00:00,2026-03-30 00:00:00,2026-03-30,0,0,3,10410,10467.996300305469,10408.804,1.1962890625,1.1962890625
2026-03-30 01:00:00,2026-03-30 01:00:00,2026-03-30,1,0,3,10282,10288.625850119466,10275.238,6.76171875,6.76171875
2026-03-30 02:00:00,2026-03-30 02:00:00,2026-03-30,2,0,3,10219,10192.264150205498,10194.926,24.07421875,24.07421875
2026-03-30 03:00:00,2026-03-30 03:00:00,2026-03-30,3,0,3,10237,10192.107788328907,10182.21,54.7900390625,54.7900390625
2026-03-30 04:00:00,2026-03-30 04:00:00,2026-03-30,4,0,3,10305,10292.663743412511,10285.101,19.8994140625,19.8994140625
2026-03-30 05:00:00,2026-03-30 05:00:00,2026-03-30,5,0,3,10502,10423.39769417312,10472.842,29.158203125,29.158203125
2026-03-30 06:00:00,2026-03-30 06:00:00,2026-03-30,6,0,3,10888,10709.356057872368,10867.488,20.51171875,20.51171875
2026-03-30 07:00:00,2026-03-30 07:00:00,2026-03-30,7,0,3,11189,11151.262368484277,11235.357,-46.357421875,46.357421875
2026-03-30 08:00:00,2026-03-30 08:00:00,2026-03-30,8,0,3,11303,11353.471910495246,11296.158,6.841796875,6.841796875
2026-03-30 09:00:00,2026-03-30 09:00:00,2026-03-30,9,0,3,11404,11342.345919664536,11299.091,104.9091796875,104.9091796875
2026-03-30 10:00:00,2026-03-30 10:00:00,2026-03-30,10,0,3,11455,11425.266680838382,11443.61,11.3896484375,11.3896484375
2026-03-30 11:00:00,2026-03-30 11:00:00,2026-03-30,11,0,3,11487,11451.611274173469,11445.771,41.228515625,41.228515625
2026-03-30 12:00:00,2026-03-30 12:00:00,2026-03-30,12,0,3,11453,11493.295644227397,11497.027,-44.02734375,44.02734375
2026-03-30 13:00:00,2026-03-30 13:00:00,2026-03-30,13,0,3,11363,11441.001928165419,11399.954,-36.9541015625,36.9541015625
2026-03-30 14:00:00,2026-03-30 14:00:00,2026-03-30,14,0,3,11199,11329.598215470549,11338.238,-139.23828125,139.23828125
2026-03-30 15:00:00,2026-03-30 15:00:00,2026-03-30,15,0,3,11146,11122.62088815073,11198.822,-52.822265625,52.822265625
2026-03-30 16:00:00,2026-03-30 16:00:00,2026-03-30,16,0,3,11211,11122.79504026574,11245.172,-34.171875,34.171875
2026-03-30 17:00:00,2026-03-30 17:00:00,2026-03-30,17,0,3,11248,11241.477249732698,11323.727,-75.7265625,75.7265625
2026-03-30 18:00:00,2026-03-30 18:00:00,2026-03-30,18,0,3,11107,11249.380942000727,11171.894,-64.8935546875,64.8935546875
2026-03-30 19:00:00,2026-03-30 19:00:00,2026-03-30,19,0,3,11098,11016.249365047372,11008.803,89.197265625,89.197265625
2026-03-30 20:00:00,2026-03-30 20:00:00,2026-03-30,20,0,3,11229,11085.830816950749,11055.231,173.7685546875,173.7685546875
2026-03-30 21:00:00,2026-03-30 21:00:00,2026-03-30,21,0,3,11068,11260.670880313151,11132.972,-64.9716796875,64.9716796875
2026-03-30 22:00:00,2026-03-30 22:00:00,2026-03-30,22,0,3,10884,10917.36795983203,10825.551,58.44921875,58.44921875
2026-03-30 23:00:00,2026-03-30 23:00:00,2026-03-30,23,0,3,10641,10699.189470440002,10620.754,20.24609375,20.24609375
2026-03-31 00:00:00,2026-03-31 00:00:00,2026-03-31,0,1,3,10480,10517.519553422926,10483.429,-3.4287109375,3.4287109375
2026-03-31 01:00:00,2026-03-31 01:00:00,2026-03-31,1,1,3,10344,10392.588343824671,10363.312,-19.3115234375,19.3115234375
2026-03-31 02:00:00,2026-03-31 02:00:00,2026-03-31,2,1,3,10301,10271.26206463074,10266.079,34.9208984375,34.9208984375
2026-03-31 03:00:00,2026-03-31 03:00:00,2026-03-31,3,1,3,10285,10304.564210253719,10265.505,19.4951171875,19.4951171875
2026-03-31 04:00:00,2026-03-31 04:00:00,2026-03-31,4,1,3,10366,10339.077030118338,10293.506,72.494140625,72.494140625
2026-03-31 05:00:00,2026-03-31 05:00:00,2026-03-31,5,1,3,10569,10513.306693337634,10594.134,-25.1337890625,25.1337890625
2026-03-31 06:00:00,2026-03-31 06:00:00,2026-03-31,6,1,3,10997,10797.26250004629,10911.282,85.7177734375,85.7177734375
2026-03-31 07:00:00,2026-03-31 07:00:00,2026-03-31,7,1,3,11308,11294.640966847983,11396.627,-88.626953125,88.626953125
2026-03-31 08:00:00,2026-03-31 08:00:00,2026-03-31,8,1,3,11454,11479.834137911581,11416.708,37.2919921875,37.2919921875
2026-03-31 09:00:00,2026-03-31 09:00:00,2026-03-31,9,1,3,11476,11502.74769295204,11492.338,-16.337890625,16.337890625
2026-03-31 10:00:00,2026-03-31 10:00:00,2026-03-31,10,1,3,11421,11453.407103499667,11464.941,-43.94140625,43.94140625
2026-03-31 11:00:00,2026-03-31 11:00:00,2026-03-31,11,1,3,11308,11379.996804313336,11384.018,-76.017578125,76.017578125
2026-03-31 12:00:00,2026-03-31 12:00:00,2026-03-31,12,1,3,11226,11276.356548341799,11224.106,1.8935546875,1.8935546875
2026-03-31 13:00:00,2026-03-31 13:00:00,2026-03-31,13,1,3,11113,11228.267972636762,11180.387,-67.38671875,67.38671875
2026-03-31 14:00:00,2026-03-31 14:00:00,2026-03-31,14,1,3,10975,11086.324409468094,11085.396,-110.396484375,110.396484375
2026-03-31 15:00:00,2026-03-31 15:00:00,2026-03-31,15,1,3,10934,10929.026253017402,10963.766,-29.765625,29.765625
2026-03-31 16:00:00,2026-03-31 16:00:00,2026-03-31,16,1,3,11008,10943.055690465595,11027.133,-19.1328125,19.1328125
2026-03-31 17:00:00,2026-03-31 17:00:00,2026-03-31,17,1,3,11044,11076.213292793162,11143.952,-99.9521484375,99.9521484375
2026-03-31 18:00:00,2026-03-31 18:00:00,2026-03-31,18,1,3,10996,11076.917309427696,10993.412,2.587890625,2.587890625
2026-03-31 19:00:00,2026-03-31 19:00:00,2026-03-31,19,1,3,11035,10981.260366103854,10967.549,67.451171875,67.451171875
2026-03-31 20:00:00,2026-03-31 20:00:00,2026-03-31,20,1,3,11213,11061.015677618143,11019.907,193.0927734375,193.0927734375
2026-03-31 21:00:00,2026-03-31 21:00:00,2026-03-31,21,1,3,11151,11262.452456427001,11123.6045,27.3955078125,27.3955078125
2026-03-31 22:00:00,2026-03-31 22:00:00,2026-03-31,22,1,3,10849,11041.781518891685,10916.039,-67.0390625,67.0390625
2026-03-31 23:00:00,2026-03-31 23:00:00,2026-03-31,23,1,3,10510,10597.050730319776,10592.362,-82.3623046875,82.3623046875
2026-04-01 00:00:00,2026-04-01 00:00:00,2026-04-01,0,2,4,10335,10320.082482309781,10311.054,23.9462890625,23.9462890625
2026-04-01 01:00:00,2026-04-01 01:00:00,2026-04-01,1,2,4,10200,10221.419106442616,10225.269,-25.2685546875,25.2685546875
2026-04-01 02:00:00,2026-04-01 02:00:00,2026-04-01,2,2,4,10132,10107.170055123534,10121.714,10.2861328125,10.2861328125
2026-04-01 03:00:00,2026-04-01 03:00:00,2026-04-01,3,2,4,10147,10101.301622277166,10108.052,38.9482421875,38.9482421875
2026-04-01 04:00:00,2026-04-01 04:00:00,2026-04-01,4,2,4,10281,10209.275030118359,10185.95,95.0498046875,95.0498046875
2026-04-01 05:00:00,2026-04-01 05:00:00,2026-04-01,5,2,4,10499,10453.532012405703,10517.774,-18.7744140625,18.7744140625
2026-04-01 06:00:00,2026-04-01 06:00:00,2026-04-01,6,2,4,10903,10732.39845335517,10849.7295,53.2705078125,53.2705078125
2026-04-01 07:00:00,2026-04-01 07:00:00,2026-04-01,7,2,4,11023,11186.670547460964,11226.121,-203.12109375,203.12109375
2026-04-01 08:00:00,2026-04-01 08:00:00,2026-04-01,8,2,4,10952,11115.881279805608,11044.087,-92.0869140625,92.0869140625
2026-04-01 09:00:00,2026-04-01 09:00:00,2026-04-01,9,2,4,10900,10942.142872232784,10926.796,-26.7958984375,26.7958984375
2026-04-01 10:00:00,2026-04-01 10:00:00,2026-04-01,10,2,4,10825,10915.272486205595,10901.854,-76.853515625,76.853515625
2026-04-01 11:00:00,2026-04-01 11:00:00,2026-04-01,11,2,4,10760,10856.434442227268,10792.768,-32.767578125,32.767578125
2026-04-01 12:00:00,2026-04-01 12:00:00,2026-04-01,12,2,4,10728,10813.873022620654,10737.218,-9.2177734375,9.2177734375
2026-04-01 13:00:00,2026-04-01 13:00:00,2026-04-01,13,2,4,10746,10790.996479379837,10700.692,45.3076171875,45.3076171875
2026-04-01 14:00:00,2026-04-01 14:00:00,2026-04-01,14,2,4,10803,10829.43672414719,10723.186,79.814453125,79.814453125
2026-04-01 15:00:00,2026-04-01 15:00:00,2026-04-01,15,2,4,10797,10899.539008973119,10843.802,-46.8017578125,46.8017578125
2026-04-01 16:00:00,2026-04-01 16:00:00,2026-04-01,16,2,4,10859,10857.133368851406,10894.176,-35.17578125,35.17578125
2026-04-01 17:00:00,2026-04-01 17:00:00,2026-04-01,17,2,4,10888,10932.308663863025,10954.614,-66.6142578125,66.6142578125
2026-04-01 18:00:00,2026-04-01 18:00:00,2026-04-01,18,2,4,10849,10912.030485981302,10856.755,-7.7548828125,7.7548828125
2026-04-01 19:00:00,2026-04-01 19:00:00,2026-04-01,19,2,4,10922,10823.064104272682,10855.667,66.3330078125,66.3330078125
2026-04-01 20:00:00,2026-04-01 20:00:00,2026-04-01,20,2,4,11083,10942.673686269542,10999.298,83.7021484375,83.7021484375
2026-04-01 21:00:00,2026-04-01 21:00:00,2026-04-01,21,2,4,10930,11099.00949899716,11018.463,-88.462890625,88.462890625
2026-04-01 22:00:00,2026-04-01 22:00:00,2026-04-01,22,2,4,10677,10753.34813369826,10682.483,-5.4833984375,5.4833984375
2026-04-01 23:00:00,2026-04-01 23:00:00,2026-04-01,23,2,4,10315,10429.26694375124,10420.234,-105.234375,105.234375
2026-04-02 00:00:00,2026-04-02 00:00:00,2026-04-02,0,3,4,10108,10099.44907799101,10128.32,-20.3203125,20.3203125
2026-04-02 01:00:00,2026-04-02 01:00:00,2026-04-02,1,3,4,9968,9964.097378808066,10018.405,-50.4052734375,50.4052734375
2026-04-02 02:00:00,2026-04-02 02:00:00,2026-04-02,2,3,4,9910,9861.192368097576,9880.9795,29.0205078125,29.0205078125
2026-04-02 03:00:00,2026-04-02 03:00:00,2026-04-02,3,3,4,9911,9877.479133054141,9892.724,18.2763671875,18.2763671875
2026-04-02 04:00:00,2026-04-02 04:00:00,2026-04-02,4,3,4,9977,9957.117621515883,9971.234,5.765625,5.765625
2026-04-02 05:00:00,2026-04-02 05:00:00,2026-04-02,5,3,4,10137,10111.852749646925,10111.336,25.6640625,25.6640625
2026-04-02 06:00:00,2026-04-02 06:00:00,2026-04-02,6,3,4,10538,10356.391830271325,10499.021,38.978515625,38.978515625
2026-04-02 07:00:00,2026-04-02 07:00:00,2026-04-02,7,3,4,10894,10837.760322797165,10897.171,-3.1708984375,3.1708984375
2026-04-02 08:00:00,2026-04-02 08:00:00,2026-04-02,8,3,4,10993,11101.75310661142,10970.961,22.0390625,22.0390625
2026-04-02 09:00:00,2026-04-02 09:00:00,2026-04-02,9,3,4,11080,11025.541063485221,11012.7295,67.2705078125,67.2705078125
2026-04-02 10:00:00,2026-04-02 10:00:00,2026-04-02,10,3,4,11121,11089.735933480373,11100.596,20.404296875,20.404296875
2026-04-02 11:00:00,2026-04-02 11:00:00,2026-04-02,11,3,4,11168,11109.275830583101,11090.516,77.484375,77.484375
2026-04-02 12:00:00,2026-04-02 12:00:00,2026-04-02,12,3,4,11122,11179.695806415304,11117.442,4.5576171875,4.5576171875
2026-04-02 13:00:00,2026-04-02 13:00:00,2026-04-02,13,3,4,11088,11104.781795006737,11051.53,36.4697265625,36.4697265625
2026-04-02 14:00:00,2026-04-02 14:00:00,2026-04-02,14,3,4,11043,11078.384777915968,11043.804,-0.8037109375,0.8037109375
2026-04-02 15:00:00,2026-04-02 15:00:00,2026-04-02,15,3,4,10951,11022.526236000545,11027.724,-76.7236328125,76.7236328125
2026-04-02 16:00:00,2026-04-02 16:00:00,2026-04-02,16,3,4,10983,10893.221858668741,10958.748,24.251953125,24.251953125
2026-04-02 17:00:00,2026-04-02 17:00:00,2026-04-02,17,3,4,11021,10978.30142619662,11009.233,11.7666015625,11.7666015625
2026-04-02 18:00:00,2026-04-02 18:00:00,2026-04-02,18,3,4,10897,11002.538197463298,10925.595,-28.5947265625,28.5947265625
2026-04-02 19:00:00,2026-04-02 19:00:00,2026-04-02,19,3,4,10878,10784.045154846974,10797.534,80.4658203125,80.4658203125
2026-04-02 20:00:00,2026-04-02 20:00:00,2026-04-02,20,3,4,11007,10822.34204147296,10885.96,121.0400390625,121.0400390625
2026-04-02 21:00:00,2026-04-02 21:00:00,2026-04-02,21,3,4,10908,11003.754256486667,10922.214,-14.2138671875,14.2138671875
2026-04-02 22:00:00,2026-04-02 22:00:00,2026-04-02,22,3,4,10698,10756.68720919872,10673.705,24.294921875,24.294921875
2026-04-02 23:00:00,2026-04-02 23:00:00,2026-04-02,23,3,4,10461,10464.706303359715,10445.106,15.8935546875,15.8935546875
2026-04-03 00:00:00,2026-04-03 00:00:00,2026-04-03,0,4,4,10237,10326.006348124798,10275.049,-38.048828125,38.048828125
2026-04-03 01:00:00,2026-04-03 01:00:00,2026-04-03,1,4,4,10084,10100.406806357156,10119.582,-35.58203125,35.58203125
2026-04-03 02:00:00,2026-04-03 02:00:00,2026-04-03,2,4,4,9967,9988.632378978318,10001.666,-34.666015625,34.666015625
2026-04-03 03:00:00,2026-04-03 03:00:00,2026-04-03,3,4,4,9958,9914.77261087406,9949.427,8.5732421875,8.5732421875
2026-04-03 04:00:00,2026-04-03 04:00:00,2026-04-03,4,4,4,9977,10002.542474135651,10001.521,-24.521484375,24.521484375
2026-04-03 05:00:00,2026-04-03 05:00:00,2026-04-03,5,4,4,10052,10083.87081990494,10066.77,-14.76953125,14.76953125
2026-04-03 06:00:00,2026-04-03 06:00:00,2026-04-03,6,4,4,10244,10242.704467693282,10246.18,-2.1796875,2.1796875
2026-04-03 07:00:00,2026-04-03 07:00:00,2026-04-03,7,4,4,10373,10505.392100850293,10571.712,-198.7119140625,198.7119140625
2026-04-03 08:00:00,2026-04-03 08:00:00,2026-04-03,8,4,4,10477,10576.827895264614,10464.39,12.6103515625,12.6103515625
2026-04-03 09:00:00,2026-04-03 09:00:00,2026-04-03,9,4,4,10578,10643.690604551859,10551.05,26.9501953125,26.9501953125
2026-04-03 10:00:00,2026-04-03 10:00:00,2026-04-03,10,4,4,10621,10720.659752118352,10626.45,-5.4501953125,5.4501953125
2026-04-03 11:00:00,2026-04-03 11:00:00,2026-04-03,11,4,4,10591,10720.201864741546,10646.578,-55.578125,55.578125
2026-04-03 12:00:00,2026-04-03 12:00:00,2026-04-03,12,4,4,10597,10650.143598237584,10537.093,59.9072265625,59.9072265625
2026-04-03 13:00:00,2026-04-03 13:00:00,2026-04-03,13,4,4,10463,10674.664937092597,10569.93,-106.9296875,106.9296875
2026-04-03 14:00:00,2026-04-03 14:00:00,2026-04-03,14,4,4,10380,10465.727238300253,10442.743,-62.7431640625,62.7431640625
2026-04-03 15:00:00,2026-04-03 15:00:00,2026-04-03,15,4,4,10361,10395.020432174928,10404.514,-43.513671875,43.513671875
2026-04-03 16:00:00,2026-04-03 16:00:00,2026-04-03,16,4,4,10376,10395.770099099798,10440.839,-64.8388671875,64.8388671875
2026-04-03 17:00:00,2026-04-03 17:00:00,2026-04-03,17,4,4,10392,10417.24456998143,10433.738,-41.73828125,41.73828125
2026-04-03 18:00:00,2026-04-03 18:00:00,2026-04-03,18,4,4,10318,10414.852880875504,10353.313,-35.3134765625,35.3134765625
2026-04-03 19:00:00,2026-04-03 19:00:00,2026-04-03,19,4,4,10386,10293.063054424896,10334.695,51.3046875,51.3046875
2026-04-03 20:00:00,2026-04-03 20:00:00,2026-04-03,20,4,4,10543,10431.383802166358,10437.704,105.2958984375,105.2958984375
2026-04-03 21:00:00,2026-04-03 21:00:00,2026-04-03,21,4,4,10508,10583.473814258947,10505.855,2.14453125,2.14453125
2026-04-03 22:00:00,2026-04-03 22:00:00,2026-04-03,22,4,4,10331,10407.693293776603,10348.436,-17.435546875,17.435546875
2026-04-03 23:00:00,2026-04-03 23:00:00,2026-04-03,23,4,4,10139,10132.92029322515,10119.355,19.64453125,19.64453125
2026-04-04 00:00:00,2026-04-04 00:00:00,2026-04-04,0,5,4,9963,10016.332394884468,9992.844,-29.84375,29.84375
2026-04-04 01:00:00,2026-04-04 01:00:00,2026-04-04,1,5,4,9854,9836.334977482158,9811.267,42.7333984375,42.7333984375
2026-04-04 02:00:00,2026-04-04 02:00:00,2026-04-04,2,5,4,9754,9757.45281805042,9768.926,-14.92578125,14.92578125
2026-04-04 03:00:00,2026-04-04 03:00:00,2026-04-04,3,5,4,9691,9677.422168982734,9716.632,-25.6318359375,25.6318359375
2026-04-04 04:00:00,2026-04-04 04:00:00,2026-04-04,4,5,4,9714,9666.083999637547,9689.009,24.9912109375,24.9912109375
2026-04-04 05:00:00,2026-04-04 05:00:00,2026-04-04,5,5,4,9785,9769.49945043843,9802.759,-17.7587890625,17.7587890625
2026-04-04 06:00:00,2026-04-04 06:00:00,2026-04-04,6,5,4,9930,9904.438801330049,9920.773,9.2265625,9.2265625
2026-04-04 07:00:00,2026-04-04 07:00:00,2026-04-04,7,5,4,10050,10100.434868236744,10123.603,-73.6025390625,73.6025390625
2026-04-04 08:00:00,2026-04-04 08:00:00,2026-04-04,8,5,4,10245,10196.727140396506,10146.738,98.26171875,98.26171875
2026-04-04 09:00:00,2026-04-04 09:00:00,2026-04-04,9,5,4,10345,10405.958541536149,10334.741,10.2587890625,10.2587890625
2026-04-04 10:00:00,2026-04-04 10:00:00,2026-04-04,10,5,4,10363,10433.556234598595,10378.121,-15.12109375,15.12109375
2026-04-04 11:00:00,2026-04-04 11:00:00,2026-04-04,11,5,4,10372,10399.010299023288,10343.395,28.60546875,28.60546875
2026-04-04 12:00:00,2026-04-04 12:00:00,2026-04-04,12,5,4,10307,10399.815582778763,10326.524,-19.5244140625,19.5244140625
2026-04-04 13:00:00,2026-04-04 13:00:00,2026-04-04,13,5,4,10269,10298.204449227203,10267.594,1.40625,1.40625
2026-04-04 14:00:00,2026-04-04 14:00:00,2026-04-04,14,5,4,10242,10280.870269051631,10257.636,-15.6357421875,15.6357421875
2026-04-04 15:00:00,2026-04-04 15:00:00,2026-04-04,15,5,4,10234,10250.459213778926,10251.998,-17.998046875,17.998046875
2026-04-04 16:00:00,2026-04-04 16:00:00,2026-04-04,16,5,4,10307,10243.659995264401,10279.894,27.1064453125,27.1064453125
2026-04-04 17:00:00,2026-04-04 17:00:00,2026-04-04,17,5,4,10379,10349.193116028246,10369.35,9.650390625,9.650390625
2026-04-04 18:00:00,2026-04-04 18:00:00,2026-04-04,18,5,4,10335,10393.064868823802,10358.822,-23.822265625,23.822265625
2026-04-04 19:00:00,2026-04-04 19:00:00,2026-04-04,19,5,4,10395,10271.112008196427,10315.547,79.453125,79.453125
2026-04-04 20:00:00,2026-04-04 20:00:00,2026-04-04,20,5,4,10527,10373.863615592205,10404.542,122.4580078125,122.4580078125
2026-04-04 21:00:00,2026-04-04 21:00:00,2026-04-04,21,5,4,10522,10503.621209717023,10492.543,29.45703125,29.45703125
2026-04-04 22:00:00,2026-04-04 22:00:00,2026-04-04,22,5,4,10409,10392.709679369571,10335.927,73.0732421875,73.0732421875
2026-04-04 23:00:00,2026-04-04 23:00:00,2026-04-04,23,5,4,10193,10206.231749691784,10164.211,28.7890625,28.7890625
2026-04-05 00:00:00,2026-04-05 00:00:00,2026-04-05,0,6,4,10018,10056.33413741668,10019.215,-1.21484375,1.21484375
2026-04-05 01:00:00,2026-04-05 01:00:00,2026-04-05,1,6,4,9945,9892.773975268537,9908.106,36.8935546875,36.8935546875
2026-04-05 02:00:00,2026-04-05 02:00:00,2026-04-05,2,6,4,9900,9869.274504749701,9823.688,76.3115234375,76.3115234375
2026-04-05 03:00:00,2026-04-05 03:00:00,2026-04-05,3,6,4,9875,9852.8311759983,9841.356,33.6435546875,33.6435546875
2026-04-05 04:00:00,2026-04-05 04:00:00,2026-04-05,4,6,4,9879,9866.437247691138,9870.137,8.86328125,8.86328125
2026-04-05 05:00:00,2026-04-05 05:00:00,2026-04-05,5,6,4,9941,9924.103084146891,9896.724,44.2763671875,44.2763671875
2026-04-05 06:00:00,2026-04-05 06:00:00,2026-04-05,6,6,4,10071,10048.973778432188,10036.935,34.0654296875,34.0654296875
2026-04-05 07:00:00,2026-04-05 07:00:00,2026-04-05,7,6,4,10021,10213.455706039455,10277.38,-256.3798828125,256.3798828125
2026-04-05 08:00:00,2026-04-05 08:00:00,2026-04-05,8,6,4,10223,10076.295189479997,10032.508,190.4921875,190.4921875
2026-04-05 09:00:00,2026-04-05 09:00:00,2026-04-05,9,6,4,10361,10399.545716275252,10343.189,17.810546875,17.810546875
2026-04-05 10:00:00,2026-04-05 10:00:00,2026-04-05,10,6,4,10517,10481.225483989527,10417.598,99.40234375,99.40234375
2026-04-05 11:00:00,2026-04-05 11:00:00,2026-04-05,11,6,4,10640,10621.863638990735,10575.128,64.8720703125,64.8720703125
2026-04-05 12:00:00,2026-04-05 12:00:00,2026-04-05,12,6,4,10725,10703.285294901572,10671.031,53.96875,53.96875
2026-04-05 13:00:00,2026-04-05 13:00:00,2026-04-05,13,6,4,10713,10741.480018765262,10739.585,-26.5849609375,26.5849609375
2026-04-05 14:00:00,2026-04-05 14:00:00,2026-04-05,14,6,4,10661,10674.961036373896,10673.275,-12.275390625,12.275390625
2026-04-05 15:00:00,2026-04-05 15:00:00,2026-04-05,15,6,4,10689,10607.213620119306,10648.568,40.431640625,40.431640625
2026-04-05 16:00:00,2026-04-05 16:00:00,2026-04-05,16,6,4,10754,10684.587977737961,10779.426,-25.42578125,25.42578125
2026-04-05 17:00:00,2026-04-05 17:00:00,2026-04-05,17,6,4,10716,10761.598654887239,10837.226,-121.2255859375,121.2255859375
2026-04-05 18:00:00,2026-04-05 18:00:00,2026-04-05,18,6,4,10603,10651.863518628817,10646.902,-43.90234375,43.90234375
2026-04-05 19:00:00,2026-04-05 19:00:00,2026-04-05,19,6,4,10530,10490.1508913358,10544.364,-14.3642578125,14.3642578125
2026-04-05 20:00:00,2026-04-05 20:00:00,2026-04-05,20,6,4,10644,10436.460059103678,10520.608,123.3916015625,123.3916015625
2026-04-05 21:00:00,2026-04-05 21:00:00,2026-04-05,21,6,4,10598,10626.989076094053,10630.511,-32.5107421875,32.5107421875
2026-04-05 22:00:00,2026-04-05 22:00:00,2026-04-05,22,6,4,10338,10468.890038831934,10394.772,-56.7724609375,56.7724609375
2026-04-05 23:00:00,2026-04-05 23:00:00,2026-04-05,23,6,4,10105,10080.034808273158,10094.06,10.9404296875,10.9404296875
2026-04-06 00:00:00,2026-04-06 00:00:00,2026-04-06,0,0,4,9908,9997.456015092223,9936.029,-28.029296875,28.029296875
2026-04-06 01:00:00,2026-04-06 01:00:00,2026-04-06,1,0,4,9827,9811.734633156435,9789.292,37.7080078125,37.7080078125
2026-04-06 02:00:00,2026-04-06 02:00:00,2026-04-06,2,0,4,9810,9791.023446138906,9779.3545,30.6455078125,30.6455078125
2026-04-06 03:00:00,2026-04-06 03:00:00,2026-04-06,3,0,4,9825,9827.104252073625,9828.483,-3.4833984375,3.4833984375
2026-04-06 04:00:00,2026-04-06 04:00:00,2026-04-06,4,0,4,9899,9898.278780671342,9917.81,-18.8095703125,18.8095703125
2026-04-06 05:00:00,2026-04-06 05:00:00,2026-04-06,5,0,4,10089,10042.229978196845,10069.368,19.6318359375,19.6318359375
2026-04-06 06:00:00,2026-04-06 06:00:00,2026-04-06,6,0,4,10474,10306.680420624933,10474.469,-0.46875,0.46875
2026-04-06 07:00:00,2026-04-06 07:00:00,2026-04-06,7,0,4,10799,10745.181841675952,10859.296,-60.2958984375,60.2958984375
2026-04-06 08:00:00,2026-04-06 08:00:00,2026-04-06,8,0,4,10957,10983.31279318577,10891.46,65.5400390625,65.5400390625
2026-04-06 09:00:00,2026-04-06 09:00:00,2026-04-06,9,0,4,11112,11019.704687511083,11002.068,109.931640625,109.931640625
2026-04-06 10:00:00,2026-04-06 10:00:00,2026-04-06,10,0,4,11191,11154.326451742747,11164.444,26.5556640625,26.5556640625
2026-04-06 11:00:00,2026-04-06 11:00:00,2026-04-06,11,0,4,11216,11193.569428445324,11216.102,-0.1015625,0.1015625
2026-04-06 12:00:00,2026-04-06 12:00:00,2026-04-06,12,0,4,11239,11206.888593323518,11164.07,74.9296875,74.9296875
2026-04-06 13:00:00,2026-04-06 13:00:00,2026-04-06,13,0,4,11184,11240.263959049124,11183.464,0.5361328125,0.5361328125
2026-04-06 14:00:00,2026-04-06 14:00:00,2026-04-06,14,0,4,11152,11148.09122377466,11134.948,17.0517578125,17.0517578125
2026-04-06 15:00:00,2026-04-06 15:00:00,2026-04-06,15,0,4,11113,11135.086450178902,11160.634,-47.6337890625,47.6337890625
2026-04-06 16:00:00,2026-04-06 16:00:00,2026-04-06,16,0,4,11177,11089.888964064348,11167.385,9.615234375,9.615234375
2026-04-06 17:00:00,2026-04-06 17:00:00,2026-04-06,17,0,4,11189,11197.342934683984,11239.8,-50.7998046875,50.7998046875
2026-04-06 18:00:00,2026-04-06 18:00:00,2026-04-06,18,0,4,11038,11160.72177056029,11046.887,-8.88671875,8.88671875
2026-04-06 19:00:00,2026-04-06 19:00:00,2026-04-06,19,0,4,10938,10916.227214090199,10876.735,61.2646484375,61.2646484375
2026-04-06 20:00:00,2026-04-06 20:00:00,2026-04-06,20,0,4,11028,10841.965661672368,10856.269,171.7314453125,171.7314453125
2026-04-06 21:00:00,2026-04-06 21:00:00,2026-04-06,21,0,4,10942,11014.548145148912,10898.215,43.78515625,43.78515625
2026-04-06 22:00:00,2026-04-06 22:00:00,2026-04-06,22,0,4,10655,10813.944286250176,10673.875,-18.875,18.875
2026-04-06 23:00:00,2026-04-06 23:00:00,2026-04-06,23,0,4,10360,10404.248001558419,10358.654,1.345703125,1.345703125
2026-04-07 00:00:00,2026-04-07 00:00:00,2026-04-07,0,1,4,10186,10205.454803898883,10171.466,14.5341796875,14.5341796875
2026-04-07 01:00:00,2026-04-07 01:00:00,2026-04-07,1,1,4,10072,10094.548121913625,10079.339,-7.3388671875,7.3388671875
2026-04-07 02:00:00,2026-04-07 02:00:00,2026-04-07,2,1,4,10011,10018.202334192742,9995.833,15.1669921875,15.1669921875
2026-04-07 03:00:00,2026-04-07 03:00:00,2026-04-07,3,1,4,9930,10012.48910331358,10002.237,-72.2373046875,72.2373046875
2026-04-07 04:00:00,2026-04-07 04:00:00,2026-04-07,4,1,4,9979,9968.485714263765,9990.703,-11.703125,11.703125
2026-04-07 05:00:00,2026-04-07 05:00:00,2026-04-07,5,1,4,10143,10135.152497383026,10104.133,38.8671875,38.8671875
2026-04-07 06:00:00,2026-04-07 06:00:00,2026-04-07,6,1,4,10457,10393.096755465172,10534.605,-77.60546875,77.60546875
2026-04-07 07:00:00,2026-04-07 07:00:00,2026-04-07,7,1,4,10842,10756.56551547421,10840.053,1.947265625,1.947265625
2026-04-07 08:00:00,2026-04-07 08:00:00,2026-04-07,8,1,4,11058,11116.370493519256,10971.912,86.087890625,86.087890625
2026-04-07 09:00:00,2026-04-07 09:00:00,2026-04-07,9,1,4,11202,11190.380491523436,11074.653,127.3466796875,127.3466796875
2026-04-07 10:00:00,2026-04-07 10:00:00,2026-04-07,10,1,4,11169,11266.43466434239,11247.725,-78.724609375,78.724609375
2026-04-07 11:00:00,2026-04-07 11:00:00,2026-04-07,11,1,4,11128,11141.41561310741,11130.716,-2.7158203125,2.7158203125
2026-04-07 12:00:00,2026-04-07 12:00:00,2026-04-07,12,1,4,11113,11121.112114256732,11060.843,52.1572265625,52.1572265625
2026-04-07 13:00:00,2026-04-07 13:00:00,2026-04-07,13,1,4,11083,11143.256943979388,11092.526,-9.5263671875,9.5263671875
2026-04-07 14:00:00,2026-04-07 14:00:00,2026-04-07,14,1,4,10996,11109.011750686679,11081.781,-85.78125,85.78125
2026-04-07 15:00:00,2026-04-07 15:00:00,2026-04-07,15,1,4,11011,10981.259842930682,11034.463,-23.462890625,23.462890625
2026-04-07 16:00:00,2026-04-07 16:00:00,2026-04-07,16,1,4,11096,11046.500381514765,11105.597,-9.5966796875,9.5966796875
2026-04-07 17:00:00,2026-04-07 17:00:00,2026-04-07,17,1,4,11088,11152.702538709254,11186.947,-98.947265625,98.947265625
2026-04-07 18:00:00,2026-04-07 18:00:00,2026-04-07,18,1,4,10937,11072.974011999304,10996.399,-59.3994140625,59.3994140625
2026-04-07 19:00:00,2026-04-07 19:00:00,2026-04-07,19,1,4,10895,10834.477114408923,10842.514,52.486328125,52.486328125
2026-04-07 20:00:00,2026-04-07 20:00:00,2026-04-07,20,1,4,10972,10848.860973682506,10882.379,89.62109375,89.62109375
2026-04-07 21:00:00,2026-04-07 21:00:00,2026-04-07,21,1,4,10941,10967.378876361552,10896.836,44.1640625,44.1640625
2026-04-07 22:00:00,2026-04-07 22:00:00,2026-04-07,22,1,4,10634,10846.924895358556,10752.612,-118.6123046875,118.6123046875
2026-04-07 23:00:00,2026-04-07 23:00:00,2026-04-07,23,1,4,10382,10370.16266207935,10367.103,14.8974609375,14.8974609375
2026-04-08 00:00:00,2026-04-08 00:00:00,2026-04-08,0,2,4,10217,10239.824198197322,10213.633,3.3671875,3.3671875
2026-04-08 01:00:00,2026-04-08 01:00:00,2026-04-08,1,2,4,10110,10114.239980838911,10110.581,-0.5810546875,0.5810546875
2026-04-08 02:00:00,2026-04-08 02:00:00,2026-04-08,2,2,4,10061,10040.972434759307,10048.324,12.67578125,12.67578125
2026-04-08 03:00:00,2026-04-08 03:00:00,2026-04-08,3,2,4,10020,10046.146775624193,10055.148,-35.1484375,35.1484375
2026-04-08 04:00:00,2026-04-08 04:00:00,2026-04-08,4,2,4,10033,10059.148535352178,10059.905,-26.9052734375,26.9052734375
2026-04-08 05:00:00,2026-04-08 05:00:00,2026-04-08,5,2,4,10165,10148.981713739799,10104.665,60.3349609375,60.3349609375
2026-04-08 06:00:00,2026-04-08 06:00:00,2026-04-08,6,2,4,10458,10384.888813257985,10491.611,-33.611328125,33.611328125
2026-04-08 07:00:00,2026-04-08 07:00:00,2026-04-08,7,2,4,10679,10740.611243197525,10814.638,-135.6376953125,135.6376953125
2026-04-08 08:00:00,2026-04-08 08:00:00,2026-04-08,8,2,4,10739,10877.53011335212,10800.825,-61.8251953125,61.8251953125
2026-04-08 09:00:00,2026-04-08 09:00:00,2026-04-08,9,2,4,10802,10828.31743807362,10743.913,58.0869140625,58.0869140625
2026-04-08 10:00:00,2026-04-08 10:00:00,2026-04-08,10,2,4,10801,10879.469795451056,10827.499,-26.4990234375,26.4990234375
2026-04-08 11:00:00,2026-04-08 11:00:00,2026-04-08,11,2,4,10664,10847.612917861925,10786.788,-122.7880859375,122.7880859375
2026-04-08 12:00:00,2026-04-08 12:00:00,2026-04-08,12,2,4,10577,10665.343066775533,10592.583,-15.5830078125,15.5830078125
2026-04-08 13:00:00,2026-04-08 13:00:00,2026-04-08,13,2,4,10515,10613.734847776026,10515.963,-0.962890625,0.962890625
2026-04-08 14:00:00,2026-04-08 14:00:00,2026-04-08,14,2,4,10462,10554.531897416171,10504.523,-42.5234375,42.5234375
2026-04-08 15:00:00,2026-04-08 15:00:00,2026-04-08,15,2,4,10465,10493.392621398421,10490.564,-25.564453125,25.564453125
2026-04-08 16:00:00,2026-04-08 16:00:00,2026-04-08,16,2,4,10588,10522.29209927145,10556.329,31.6708984375,31.6708984375
2026-04-08 17:00:00,2026-04-08 17:00:00,2026-04-08,17,2,4,10699,10700.757618384048,10683.449,15.55078125,15.55078125
2026-04-08 18:00:00,2026-04-08 18:00:00,2026-04-08,18,2,4,10598,10767.799019234348,10666.95,-68.9501953125,68.9501953125
2026-04-08 19:00:00,2026-04-08 19:00:00,2026-04-08,19,2,4,10541,10536.63808561353,10513.481,27.5185546875,27.5185546875
2026-04-08 20:00:00,2026-04-08 20:00:00,2026-04-08,20,2,4,10637,10499.49632377864,10529.108,107.8916015625,107.8916015625
2026-04-08 21:00:00,2026-04-08 21:00:00,2026-04-08,21,2,4,10561,10649.798353205599,10580.954,-19.9541015625,19.9541015625
2026-04-08 22:00:00,2026-04-08 22:00:00,2026-04-08,22,2,4,10354,10455.185899946193,10369.451,-15.451171875,15.451171875
2026-04-08 23:00:00,2026-04-08 23:00:00,2026-04-08,23,2,4,10113,10147.02634016795,10147.531,-34.53125,34.53125
2026-04-09 00:00:00,2026-04-09 00:00:00,2026-04-09,0,3,4,9941,9983.390495732618,9968.46,-27.4599609375,27.4599609375
2026-04-09 01:00:00,2026-04-09 01:00:00,2026-04-09,1,3,4,9864,9838.616466154499,9825.367,38.6328125,38.6328125
2026-04-09 02:00:00,2026-04-09 02:00:00,2026-04-09,2,3,4,9817,9811.185401341354,9805.894,11.1064453125,11.1064453125
2026-04-09 03:00:00,2026-04-09 03:00:00,2026-04-09,3,3,4,9808,9797.572022124872,9815.745,-7.7451171875,7.7451171875
2026-04-09 04:00:00,2026-04-09 04:00:00,2026-04-09,4,3,4,9864,9844.144101065589,9856.42,7.580078125,7.580078125
2026-04-09 05:00:00,2026-04-09 05:00:00,2026-04-09,5,3,4,10058,9975.560441033846,10008.626,49.3740234375,49.3740234375
2026-04-09 06:00:00,2026-04-09 06:00:00,2026-04-09,6,3,4,10433,10264.044699673412,10425.383,7.6171875,7.6171875
2026-04-09 07:00:00,2026-04-09 07:00:00,2026-04-09,7,3,4,10714,10695.595520976944,10764.264,-50.263671875,50.263671875
2026-04-09 08:00:00,2026-04-09 08:00:00,2026-04-09,8,3,4,10800,10872.311057586126,10757.679,42.3212890625,42.3212890625
2026-04-09 09:00:00,2026-04-09 09:00:00,2026-04-09,9,3,4,10718,10829.228004136823,10808.909,-90.9091796875,90.9091796875
2026-04-09 10:00:00,2026-04-09 10:00:00,2026-04-09,10,3,4,10612,10663.159329810365,10683.833,-71.8330078125,71.8330078125
2026-04-09 11:00:00,2026-04-09 11:00:00,2026-04-09,11,3,4,10580,10572.314032915887,10556.417,23.5830078125,23.5830078125
2026-04-09 12:00:00,2026-04-09 12:00:00,2026-04-09,12,3,4,10539,10609.894202958703,10529.464,9.5361328125,9.5361328125
2026-04-09 13:00:00,2026-04-09 13:00:00,2026-04-09,13,3,4,10539,10566.580644890244,10498.103,40.8974609375,40.8974609375
2026-04-09 14:00:00,2026-04-09 14:00:00,2026-04-09,14,3,4,10475,10578.559065090783,10510.32,-35.3203125,35.3203125
2026-04-09 15:00:00,2026-04-09 15:00:00,2026-04-09,15,3,4,10471,10480.246803637543,10481.692,-10.6923828125,10.6923828125
2026-04-09 16:00:00,2026-04-09 16:00:00,2026-04-09,16,3,4,10534,10511.010041432499,10544.507,-10.5068359375,10.5068359375
2026-04-09 17:00:00,2026-04-09 17:00:00,2026-04-09,17,3,4,10565,10597.458579200633,10578.047,-13.046875,13.046875
2026-04-09 18:00:00,2026-04-09 18:00:00,2026-04-09,18,3,4,10514,10583.735212124362,10551.108,-37.1083984375,37.1083984375
2026-04-09 19:00:00,2026-04-09 19:00:00,2026-04-09,19,3,4,10498,10472.706211024171,10489.672,8.328125,8.328125
2026-04-09 20:00:00,2026-04-09 20:00:00,2026-04-09,20,3,4,10601,10469.282678703408,10527.216,73.7841796875,73.7841796875
2026-04-09 21:00:00,2026-04-09 21:00:00,2026-04-09,21,3,4,10648,10606.931276224086,10546.351,101.6494140625,101.6494140625
2026-04-09 22:00:00,2026-04-09 22:00:00,2026-04-09,22,3,4,10402,10585.749772039724,10484.181,-82.1806640625,82.1806640625
2026-04-09 23:00:00,2026-04-09 23:00:00,2026-04-09,23,3,4,10140,10164.196913653821,10133.43,6.5703125,6.5703125
2026-04-10 00:00:00,2026-04-10 00:00:00,2026-04-10,0,4,4,9921,10003.439767867474,9969.5,-48.5,48.5
2026-04-10 01:00:00,2026-04-10 01:00:00,2026-04-10,1,4,4,9804,9796.255036695478,9784.583,19.4169921875,19.4169921875
2026-04-10 02:00:00,2026-04-10 02:00:00,2026-04-10,2,4,4,9723,9729.939547461989,9756.011,-33.0107421875,33.0107421875
2026-04-10 03:00:00,2026-04-10 03:00:00,2026-04-10,3,4,4,9714,9682.536728179542,9709.483,4.5166015625,4.5166015625
2026-04-10 04:00:00,2026-04-10 04:00:00,2026-04-10,4,4,4,9808,9750.823583266629,9769.088,38.912109375,38.912109375
2026-04-10 05:00:00,2026-04-10 05:00:00,2026-04-10,5,4,4,9973,9940.085756077398,10003.943,-30.943359375,30.943359375
2026-04-10 06:00:00,2026-04-10 06:00:00,2026-04-10,6,4,4,10382,10167.582217273111,10329.594,52.40625,52.40625
2026-04-10 07:00:00,2026-04-10 07:00:00,2026-04-10,7,4,4,10724,10654.80477777977,10689.763,34.2373046875,34.2373046875
2026-04-10 08:00:00,2026-04-10 08:00:00,2026-04-10,8,4,4,10818,10891.98344595214,10759.952,58.0478515625,58.0478515625
2026-04-10 09:00:00,2026-04-10 09:00:00,2026-04-10,9,4,4,10750,10820.196103479566,10811.955,-61.955078125,61.955078125
2026-04-10 10:00:00,2026-04-10 10:00:00,2026-04-10,10,4,4,10635,10669.828440856345,10726.314,-91.314453125,91.314453125
2026-04-10 11:00:00,2026-04-10 11:00:00,2026-04-10,11,4,4,10658,10553.691939765253,10555.527,102.47265625,102.47265625
2026-04-10 12:00:00,2026-04-10 12:00:00,2026-04-10,12,4,4,10591,10682.711346397355,10604.051,-13.05078125,13.05078125
2026-04-10 13:00:00,2026-04-10 13:00:00,2026-04-10,13,4,4,10541,10574.99462056602,10534.648,6.3515625,6.3515625
2026-04-10 14:00:00,2026-04-10 14:00:00,2026-04-10,14,4,4,10460,10524.154825233181,10494.257,-34.2568359375,34.2568359375
2026-04-10 15:00:00,2026-04-10 15:00:00,2026-04-10,15,4,4,10461,10426.022613723619,10438.415,22.5849609375,22.5849609375
2026-04-10 16:00:00,2026-04-10 16:00:00,2026-04-10,16,4,4,10509,10470.94458890728,10511.345,-2.3447265625,2.3447265625
2026-04-10 17:00:00,2026-04-10 17:00:00,2026-04-10,17,4,4,10518,10533.073857887593,10548.643,-30.642578125,30.642578125
2026-04-10 18:00:00,2026-04-10 18:00:00,2026-04-10,18,4,4,10437,10506.1500646495,10462.557,-25.556640625,25.556640625
2026-04-10 19:00:00,2026-04-10 19:00:00,2026-04-10,19,4,4,10455,10369.276668390197,10405.26,49.740234375,49.740234375
2026-04-10 20:00:00,2026-04-10 20:00:00,2026-04-10,20,4,4,10491,10436.49884684756,10474.405,16.5947265625,16.5947265625
2026-04-10 21:00:00,2026-04-10 21:00:00,2026-04-10,21,4,4,10484,10461.095717611595,10451.424,32.576171875,32.576171875
2026-04-10 22:00:00,2026-04-10 22:00:00,2026-04-10,22,4,4,10261,10403.851569813662,10306.842,-45.841796875,45.841796875
2026-04-10 23:00:00,2026-04-10 23:00:00,2026-04-10,23,4,4,9996,10040.624309803647,10033.7295,-37.7294921875,37.7294921875
2026-04-11 00:00:00,2026-04-11 00:00:00,2026-04-11,0,5,4,9836,9835.2577672817,9813.424,22.576171875,22.576171875
2026-04-11 01:00:00,2026-04-11 01:00:00,2026-04-11,1,5,4,9750,9722.56080095991,9719.474,30.5263671875,30.5263671875
2026-04-11 02:00:00,2026-04-11 02:00:00,2026-04-11,2,5,4,9730,9675.48782687128,9671.715,58.28515625,58.28515625
2026-04-11 03:00:00,2026-04-11 03:00:00,2026-04-11,3,5,4,9682,9705.396760012003,9698.13,-16.1298828125,16.1298828125
2026-04-11 04:00:00,2026-04-11 04:00:00,2026-04-11,4,5,4,9715,9680.938889356248,9679.001,35.9990234375,35.9990234375
2026-04-11 05:00:00,2026-04-11 05:00:00,2026-04-11,5,5,4,9802,9800.230197179555,9802.057,-0.056640625,0.056640625
2026-04-11 06:00:00,2026-04-11 06:00:00,2026-04-11,6,5,4,9943,9948.235019403504,9942.919,0.0810546875,0.0810546875
2026-04-11 07:00:00,2026-04-11 07:00:00,2026-04-11,7,5,4,10045,10114.322469014638,10125.023,-80.0234375,80.0234375
2026-04-11 08:00:00,2026-04-11 08:00:00,2026-04-11,8,5,4,10207,10180.721893383372,10125.277,81.72265625,81.72265625
2026-04-11 09:00:00,2026-04-11 09:00:00,2026-04-11,9,5,4,10340,10344.538510174949,10288.88,51.1201171875,51.1201171875
2026-04-11 10:00:00,2026-04-11 10:00:00,2026-04-11,10,5,4,10409,10431.92446554006,10372.693,36.306640625,36.306640625
2026-04-11 11:00:00,2026-04-11 11:00:00,2026-04-11,11,5,4,10388,10451.113641407212,10376.11,11.8896484375,11.8896484375
2026-04-11 12:00:00,2026-04-11 12:00:00,2026-04-11,12,5,4,10321,10378.198941851337,10318.781,2.21875,2.21875
2026-04-11 13:00:00,2026-04-11 13:00:00,2026-04-11,13,5,4,10177,10292.605630490529,10280.65,-103.650390625,103.650390625
2026-04-11 14:00:00,2026-04-11 14:00:00,2026-04-11,14,5,4,10166,10113.681672063109,10128.211,37.7890625,37.7890625
2026-04-11 15:00:00,2026-04-11 15:00:00,2026-04-11,15,5,4,10210,10164.225644301658,10173.481,36.5185546875,36.5185546875
2026-04-11 16:00:00,2026-04-11 16:00:00,2026-04-11,16,5,4,10302,10225.789304445618,10253.322,48.677734375,48.677734375
2026-04-11 17:00:00,2026-04-11 17:00:00,2026-04-11,17,5,4,10361,10329.651183833446,10364.577,-3.5771484375,3.5771484375
2026-04-11 18:00:00,2026-04-11 18:00:00,2026-04-11,18,5,4,10254,10346.822364579257,10327.072,-73.072265625,73.072265625
2026-04-11 19:00:00,2026-04-11 19:00:00,2026-04-11,19,5,4,10190,10142.06087439516,10223.462,-33.4619140625,33.4619140625
2026-04-11 20:00:00,2026-04-11 20:00:00,2026-04-11,20,5,4,10306,10097.88905047334,10193.666,112.333984375,112.333984375
2026-04-11 21:00:00,2026-04-11 21:00:00,2026-04-11,21,5,4,10307,10291.091163793644,10283.47,23.5302734375,23.5302734375
2026-04-11 22:00:00,2026-04-11 22:00:00,2026-04-11,22,5,4,10115,10202.225399054223,10137.64,-22.6396484375,22.6396484375
2026-04-11 23:00:00,2026-04-11 23:00:00,2026-04-11,23,5,4,9923,9885.63110302707,9882.198,40.8017578125,40.8017578125
2026-04-12 00:00:00,2026-04-12 00:00:00,2026-04-12,0,6,4,9776,9814.195338517891,9771.03,4.9697265625,4.9697265625
2026-04-12 01:00:00,2026-04-12 01:00:00,2026-04-12,1,6,4,9640,9683.0338390209,9673.908,-33.908203125,33.908203125
2026-04-12 02:00:00,2026-04-12 02:00:00,2026-04-12,2,6,4,9579,9549.470614629845,9571.641,7.359375,7.359375
2026-04-12 03:00:00,2026-04-12 03:00:00,2026-04-12,3,6,4,9556,9541.512236260489,9549.155,6.8447265625,6.8447265625
2026-04-12 04:00:00,2026-04-12 04:00:00,2026-04-12,4,6,4,9629,9570.353931581678,9591.25,37.75,37.75
2026-04-12 05:00:00,2026-04-12 05:00:00,2026-04-12,5,6,4,9726,9726.943673380521,9775.908,-49.908203125,49.908203125
2026-04-12 06:00:00,2026-04-12 06:00:00,2026-04-12,6,6,4,9818,9865.356002996306,9875.016,-57.015625,57.015625
2026-04-12 07:00:00,2026-04-12 07:00:00,2026-04-12,7,6,4,9903,9956.08015309336,9944.889,-41.888671875,41.888671875
2026-04-12 08:00:00,2026-04-12 08:00:00,2026-04-12,8,6,4,10075,10032.242514805937,9990.9,84.099609375,84.099609375
2026-04-12 09:00:00,2026-04-12 09:00:00,2026-04-12,9,6,4,10295,10228.64964914792,10177.944,117.0556640625,117.0556640625
2026-04-12 10:00:00,2026-04-12 10:00:00,2026-04-12,10,6,4,10441,10441.06821969923,10376.8125,64.1875,64.1875
2026-04-12 11:00:00,2026-04-12 11:00:00,2026-04-12,11,6,4,10417,10520.333149345026,10500.137,-83.13671875,83.13671875
2026-04-12 12:00:00,2026-04-12 12:00:00,2026-04-12,12,6,4,10460,10397.787102560458,10359.248,100.751953125,100.751953125
2026-04-12 13:00:00,2026-04-12 13:00:00,2026-04-12,13,6,4,10454,10470.805072492318,10438.759,15.2412109375,15.2412109375
2026-04-12 14:00:00,2026-04-12 14:00:00,2026-04-12,14,6,4,10442,10441.075943052636,10426.081,15.9189453125,15.9189453125
2026-04-12 15:00:00,2026-04-12 15:00:00,2026-04-12,15,6,4,10455,10437.19880606161,10457.198,-2.1982421875,2.1982421875
2026-04-12 16:00:00,2026-04-12 16:00:00,2026-04-12,16,6,4,10541,10465.608561460767,10512.83,28.169921875,28.169921875
2026-04-12 17:00:00,2026-04-12 17:00:00,2026-04-12,17,6,4,10532,10564.176019519604,10606.151,-74.1513671875,74.1513671875
2026-04-12 18:00:00,2026-04-12 18:00:00,2026-04-12,18,6,4,10487,10479.610265514204,10487.909,-0.9091796875,0.9091796875
2026-04-12 19:00:00,2026-04-12 19:00:00,2026-04-12,19,6,4,10372,10401.142341324121,10463.249,-91.2490234375,91.2490234375
2026-04-12 20:00:00,2026-04-12 20:00:00,2026-04-12,20,6,4,10442,10243.376954523621,10350.554,91.4462890625,91.4462890625
2026-04-12 21:00:00,2026-04-12 21:00:00,2026-04-12,21,6,4,10460,10396.159076151094,10398.024,61.9755859375,61.9755859375
2026-04-12 22:00:00,2026-04-12 22:00:00,2026-04-12,22,6,4,10223,10355.990877527494,10264.438,-41.4384765625,41.4384765625
2026-04-12 23:00:00,2026-04-12 23:00:00,2026-04-12,23,6,4,9976,9962.379792961114,9969.066,6.93359375,6.93359375
2026-04-13 00:00:00,2026-04-13 00:00:00,2026-04-13,0,0,4,9814,9844.717400993333,9788.259,25.7412109375,25.7412109375
2026-04-13 01:00:00,2026-04-13 01:00:00,2026-04-13,1,0,4,9753,9724.540615664617,9711.881,41.119140625,41.119140625
2026-04-13 02:00:00,2026-04-13 02:00:00,2026-04-13,2,0,4,9618,9719.037547767926,9685.307,-67.306640625,67.306640625
2026-04-13 03:00:00,2026-04-13 03:00:00,2026-04-13,3,0,4,9635,9561.376478060914,9592.688,42.3115234375,42.3115234375
2026-04-13 04:00:00,2026-04-13 04:00:00,2026-04-13,4,0,4,9698,9699.734655708538,9722.128,-24.1279296875,24.1279296875
2026-04-13 05:00:00,2026-04-13 05:00:00,2026-04-13,5,0,4,9901,9826.735272559372,9873.534,27.4658203125,27.4658203125
2026-04-13 06:00:00,2026-04-13 06:00:00,2026-04-13,6,0,4,10261,10121.313125200395,10267.305,-6.3046875,6.3046875
2026-04-13 07:00:00,2026-04-13 07:00:00,2026-04-13,7,0,4,10568,10523.61000153253,10587.919,-19.9189453125,19.9189453125
2026-04-13 08:00:00,2026-04-13 08:00:00,2026-04-13,8,0,4,10680,10750.119695496396,10644.973,35.02734375,35.02734375
2026-04-13 09:00:00,2026-04-13 09:00:00,2026-04-13,9,0,4,10668,10735.504339284847,10709.56,-41.5595703125,41.5595703125
2026-04-13 10:00:00,2026-04-13 10:00:00,2026-04-13,10,0,4,10596,10661.354942113792,10656.255,-60.2548828125,60.2548828125
2026-04-13 11:00:00,2026-04-13 11:00:00,2026-04-13,11,0,4,10534,10581.36925081941,10526.16,7.83984375,7.83984375
2026-04-13 12:00:00,2026-04-13 12:00:00,2026-04-13,12,0,4,10449,10559.856669226749,10486.308,-37.3076171875,37.3076171875
2026-04-13 13:00:00,2026-04-13 13:00:00,2026-04-13,13,0,4,10392,10473.519778248114,10434.169,-42.1689453125,42.1689453125
2026-04-13 14:00:00,2026-04-13 14:00:00,2026-04-13,14,0,4,10370,10422.405435427623,10396.287,-26.287109375,26.287109375
2026-04-13 15:00:00,2026-04-13 15:00:00,2026-04-13,15,0,4,10461,10414.197379057709,10391.563,69.4365234375,69.4365234375
2026-04-13 16:00:00,2026-04-13 16:00:00,2026-04-13,16,0,4,10563,10563.392853972799,10564.286,-1.2861328125,1.2861328125
2026-04-13 17:00:00,2026-04-13 17:00:00,2026-04-13,17,0,4,10617,10652.572071868963,10636.489,-19.4892578125,19.4892578125
2026-04-13 18:00:00,2026-04-13 18:00:00,2026-04-13,18,0,4,10531,10645.774713801402,10582.989,-51.9892578125,51.9892578125
2026-04-13 19:00:00,2026-04-13 19:00:00,2026-04-13,19,0,4,10513,10465.561712346416,10481.37,31.6298828125,31.6298828125
2026-04-13 20:00:00,2026-04-13 20:00:00,2026-04-13,20,0,4,10570,10480.545192107931,10505.271,64.728515625,64.728515625
2026-04-13 21:00:00,2026-04-13 21:00:00,2026-04-13,21,0,4,10543,10564.021489637566,10513.072,29.927734375,29.927734375
2026-04-13 22:00:00,2026-04-13 22:00:00,2026-04-13,22,0,4,10303,10467.175378687467,10318.357,-15.357421875,15.357421875
2026-04-13 23:00:00,2026-04-13 23:00:00,2026-04-13,23,0,4,10009,10086.917475844552,10018.486,-9.486328125,9.486328125
2026-04-14 00:00:00,2026-04-14 00:00:00,2026-04-14,0,1,4,9819,9855.134090343032,9813.876,5.1240234375,5.1240234375
2026-04-14 01:00:00,2026-04-14 01:00:00,2026-04-14,1,1,4,9722,9712.769539653667,9718.093,3.9072265625,3.9072265625
2026-04-14 02:00:00,2026-04-14 02:00:00,2026-04-14,2,1,4,9650,9666.225501990783,9674.043,-24.04296875,24.04296875
2026-04-14 03:00:00,2026-04-14 03:00:00,2026-04-14,3,1,4,9609,9625.63878906745,9611.282,-2.2822265625,2.2822265625
2026-04-14 04:00:00,2026-04-14 04:00:00,2026-04-14,4,1,4,9686,9644.226055493806,9660.685,25.3154296875,25.3154296875
2026-04-14 05:00:00,2026-04-14 05:00:00,2026-04-14,5,1,4,9921,9830.290562730721,9863.636,57.3642578125,57.3642578125
2026-04-14 06:00:00,2026-04-14 06:00:00,2026-04-14,6,1,4,10315,10163.373858417179,10286.9795,28.0205078125,28.0205078125
2026-04-14 07:00:00,2026-04-14 07:00:00,2026-04-14,7,1,4,10645,10594.026162008982,10659.342,-14.341796875,14.341796875
2026-04-14 08:00:00,2026-04-14 08:00:00,2026-04-14,8,1,4,10760,10829.82821902594,10696.2705,63.7294921875,63.7294921875
2026-04-14 09:00:00,2026-04-14 09:00:00,2026-04-14,9,1,4,10873,10800.174124214553,10768.998,104.001953125,104.001953125
2026-04-14 10:00:00,2026-04-14 10:00:00,2026-04-14,10,1,4,10840,10897.768107039125,10896.24,-56.240234375,56.240234375
2026-04-14 11:00:00,2026-04-14 11:00:00,2026-04-14,11,1,4,10890,10799.512661218458,10797.735,92.2646484375,92.2646484375
2026-04-14 12:00:00,2026-04-14 12:00:00,2026-04-14,12,1,4,10848,10919.643590346288,10842.731,5.2685546875,5.2685546875
2026-04-14 13:00:00,2026-04-14 13:00:00,2026-04-14,13,1,4,10862,10850.755751997307,10793.4795,68.5205078125,68.5205078125
2026-04-14 14:00:00,2026-04-14 14:00:00,2026-04-14,14,1,4,10863,10896.251256376003,10840.651,22.3486328125,22.3486328125
2026-04-14 15:00:00,2026-04-14 15:00:00,2026-04-14,15,1,4,11007,10889.66515553215,10853.306,153.6943359375,153.6943359375
2026-04-14 16:00:00,2026-04-14 16:00:00,2026-04-14,16,1,4,11054,11085.789256350505,11103.558,-49.5576171875,49.5576171875
2026-04-14 17:00:00,2026-04-14 17:00:00,2026-04-14,17,1,4,11077,11053.91192796295,11055.895,21.10546875,21.10546875
2026-04-14 18:00:00,2026-04-14 18:00:00,2026-04-14,18,1,4,11010,11035.449801777539,10934.95,75.0498046875,75.0498046875
2026-04-14 19:00:00,2026-04-14 19:00:00,2026-04-14,19,1,4,10961,10907.24198111512,10887.26,73.740234375,73.740234375
2026-04-14 20:00:00,2026-04-14 20:00:00,2026-04-14,20,1,4,11000,10867.516435342173,10873.775,126.224609375,126.224609375
2026-04-14 21:00:00,2026-04-14 21:00:00,2026-04-14,21,1,4,10892,10947.049154339638,10877.145,14.85546875,14.85546875
2026-04-14 22:00:00,2026-04-14 22:00:00,2026-04-14,22,1,4,10599,10732.35016183768,10616.446,-17.4462890625,17.4462890625
2026-04-14 23:00:00,2026-04-14 23:00:00,2026-04-14,23,1,4,10262,10315.021852521288,10273.16,-11.16015625,11.16015625
2026-04-15 00:00:00,2026-04-15 00:00:00,2026-04-15,0,2,4,10025,10044.212403385747,10062.9795,-37.9794921875,37.9794921875
2026-04-15 01:00:00,2026-04-15 01:00:00,2026-04-15,1,2,4,9890,9859.843792335518,9875.193,14.806640625,14.806640625
2026-04-15 02:00:00,2026-04-15 02:00:00,2026-04-15,2,2,4,9870,9786.073473321612,9783.602,86.3984375,86.3984375
2026-04-15 03:00:00,2026-04-15 03:00:00,2026-04-15,3,2,4,9871,9856.170481034247,9823.761,47.2392578125,47.2392578125
2026-04-15 04:00:00,2026-04-15 04:00:00,2026-04-15,4,2,4,9866,9916.442497129874,9893.356,-27.3564453125,27.3564453125
2026-04-15 05:00:00,2026-04-15 05:00:00,2026-04-15,5,2,4,10013,9966.015541593782,9952.109,60.890625,60.890625
2026-04-15 06:00:00,2026-04-15 06:00:00,2026-04-15,6,2,4,10489,10236.486031506178,10348.864,140.1357421875,140.1357421875
2026-04-15 07:00:00,2026-04-15 07:00:00,2026-04-15,7,2,4,10860,10834.283329902171,10886.892,-26.8916015625,26.8916015625
2026-04-15 08:00:00,2026-04-15 08:00:00,2026-04-15,8,2,4,10971,11074.077634044914,10922.615,48.384765625,48.384765625
2026-04-15 09:00:00,2026-04-15 09:00:00,2026-04-15,9,2,4,11041,11006.156438879547,10959.978,81.0224609375,81.0224609375
2026-04-15 10:00:00,2026-04-15 10:00:00,2026-04-15,10,2,4,11042,11035.193618662377,11033.209,8.791015625,8.791015625
2026-04-15 11:00:00,2026-04-15 11:00:00,2026-04-15,11,2,4,11064,11004.402352051924,10986.3,77.7001953125,77.7001953125
2026-04-15 12:00:00,2026-04-15 12:00:00,2026-04-15,12,2,4,11018,11065.707801844455,11029.717,-11.716796875,11.716796875
2026-04-15 13:00:00,2026-04-15 13:00:00,2026-04-15,13,2,4,11092,11008.080248785385,10973.65,118.349609375,118.349609375
2026-04-15 14:00:00,2026-04-15 14:00:00,2026-04-15,14,2,4,11124,11140.677551162,11087.684,36.31640625,36.31640625
2026-04-15 15:00:00,2026-04-15 15:00:00,2026-04-15,15,2,4,11140,11139.704172120142,11129.41,10.58984375,10.58984375
2026-04-15 16:00:00,2026-04-15 16:00:00,2026-04-15,16,2,4,11306,11136.91796665417,11192.572,113.427734375,113.427734375
2026-04-15 17:00:00,2026-04-15 17:00:00,2026-04-15,17,2,4,11283,11349.642067843926,11370.415,-87.4150390625,87.4150390625
2026-04-15 18:00:00,2026-04-15 18:00:00,2026-04-15,18,2,4,11179,11196.187070908705,11125.655,53.3447265625,53.3447265625
2026-04-15 19:00:00,2026-04-15 19:00:00,2026-04-15,19,2,4,11155,11042.00942081573,11055.246,99.75390625,99.75390625
2026-04-15 20:00:00,2026-04-15 20:00:00,2026-04-15,20,2,4,11204,11057.280286604677,11082.857,121.142578125,121.142578125
2026-04-15 21:00:00,2026-04-15 21:00:00,2026-04-15,21,2,4,11134,11127.101291013616,11056.891,77.109375,77.109375
2026-04-15 22:00:00,2026-04-15 22:00:00,2026-04-15,22,2,4,10838,10969.61850862613,10885.781,-47.78125,47.78125
2026-04-15 23:00:00,2026-04-15 23:00:00,2026-04-15,23,2,4,10520,10529.933887767143,10561.001,-41.0009765625,41.0009765625
