timestamp,actual_load,pred_lr,pred_xgb
2025-11-25 04:00:00,10140,10162.690664088093,10111.237
2025-11-25 05:00:00,10176,10151.246668906391,10176.764
2025-11-25 06:00:00,10353,10233.077001301983,10343.859
2025-11-25 07:00:00,10771,10501.524158826835,10691.415
2025-11-25 08:00:00,11179,10952.136622978767,11180.814
2025-11-25 09:00:00,11315,11286.70237403227,11319.101
2025-11-25 10:00:00,11293,11399.800325660632,11372.948
2025-11-25 11:00:00,11260,11379.287023213097,11353.953
2025-11-25 12:00:00,11267,11341.178226149648,11323.806
2025-11-25 13:00:00,11201,11320.147346493557,11306.787
2025-11-25 14:00:00,11235,11258.02678227125,11267.806
2025-11-25 15:00:00,11180,11278.609416864803,11276.121
2025-11-25 16:00:00,11302,11254.41350266835,11295.451
2025-11-25 17:00:00,11525,11420.10497102577,11487.47
2025-11-25 18:00:00,11719,11635.894426495885,11676.8545
2025-11-25 19:00:00,11590,11702.689809827545,11608.028
2025-11-25 20:00:00,11567,11561.781359214125,11473.984
2025-11-25 21:00:00,11422,11494.634478072068,11437.507
2025-11-25 22:00:00,11179,11294.297195757052,11225.5625
2025-11-25 23:00:00,10866,10993.335234794335,10909.981
2025-11-26 00:00:00,10553,10586.813487604615,10619.399
2025-11-26 01:00:00,10398,10558.781416941083,10343.79
2025-11-26 02:00:00,10288,10414.133780847369,10269.37
2025-11-26 03:00:00,10262,10297.501685483729,10224.193
2025-11-26 04:00:00,10247,10259.797315070267,10213.495
2025-11-26 05:00:00,10309,10249.833389457794,10281.816
2025-11-26 06:00:00,10483,10348.755445601415,10492.869
2025-11-26 07:00:00,10849,10610.89177229516,10864.835
2025-11-26 08:00:00,11237,11021.990596161662,11259.997
2025-11-26 09:00:00,11279,11341.652308248023,11354.66
2025-11-26 10:00:00,11305,11348.934557346418,11347.886
2025-11-26 11:00:00,11342,11351.660691588315,11357.729
2025-11-26 12:00:00,11274,11366.18730340104,11389.712
2025-11-26 13:00:00,11253,11284.663271136666,11291.276
2025-11-26 14:00:00,11265,11266.0197100711,11314.074
2025-11-26 15:00:00,11295,11257.068515837183,11301.077
2025-11-26 16:00:00,11416,11298.12537971557,11356.262
2025-11-26 17:00:00,11554,11442.72992483407,11591.083
2025-11-26 18:00:00,11740,11607.360567358117,11703.763
2025-11-26 19:00:00,11598,11694.937702500903,11665.525
2025-11-26 20:00:00,11515,11567.384267390516,11478.978
2025-11-26 21:00:00,11389,11448.64746319377,11407.344
2025-11-26 22:00:00,11226,11271.081951564787,11214.071
2025-11-26 23:00:00,10925,11041.524753772452,10929.297
2025-11-27 00:00:00,10644,10646.496578990884,10673.82
2025-11-27 01:00:00,10460,10639.981753185357,10505.57
2025-11-27 02:00:00,10414,10459.08959705269,10372.516
2025-11-27 03:00:00,10364,10403.576775647067,10331.27
2025-11-27 04:00:00,10342,10352.84481544318,10321.472
2025-11-27 05:00:00,10379,10342.07632529337,10391.11
2025-11-27 06:00:00,10577,10425.733182134005,10534.5
2025-11-27 07:00:00,10976,10700.557021347993,10976.803
2025-11-27 08:00:00,11390,11126.9908821392,11310.88
2025-11-27 09:00:00,11485,11452.282377235902,11518.256
2025-11-27 10:00:00,11534,11523.158876409103,11584.106
2025-11-27 11:00:00,11556,11553.99358593589,11585.9
2025-11-27 12:00:00,11625,11543.15297940476,11597.875
2025-11-27 13:00:00,11572,11575.454682498355,11633.425
2025-11-27 14:00:00,11670,11533.088446589238,11593.71
2025-11-27 15:00:00,11678,11610.357748240385,11684.025
2025-11-27 16:00:00,11736,11633.531421836118,11717.834
2025-11-27 17:00:00,11877,11725.62961031637,11874.838
2025-11-27 18:00:00,11926,11894.675478147332,11949.943
2025-11-27 19:00:00,11782,11873.933973141377,11847.007
2025-11-27 20:00:00,11632,11719.32732194142,11710.748
2025-11-27 21:00:00,11501,11559.831926621036,11474.921
2025-11-27 22:00:00,11268,11391.635306205953,11331.296
2025-11-27 23:00:00,11023,11096.455093074213,10989.54
2025-11-28 00:00:00,10822,10742.786310286234,10770.8955
2025-11-28 01:00:00,10652,10784.633092985536,10652.503
2025-11-28 02:00:00,10572,10623.948205778705,10583.251
2025-11-28 03:00:00,10496,10538.21491319587,10516.646
2025-11-28 04:00:00,10436,10468.148275399433,10503.963
2025-11-28 05:00:00,10481,10425.945217034465,10497.073
2025-11-28 06:00:00,10681,10513.500084193118,10640.119
2025-11-28 07:00:00,11019,10793.276305255778,11043.43
2025-11-28 08:00:00,11481,11181.773723840177,11413.153
2025-11-28 09:00:00,11714,11556.85115925163,11630.56
2025-11-28 10:00:00,11759,11728.70276678255,11745.412
2025-11-28 11:00:00,11839,11757.712414685795,11762.56
2025-11-28 12:00:00,11836,11821.897251449742,11838.081
2025-11-28 13:00:00,11790,11798.415533258463,11797.257
2025-11-28 14:00:00,11815,11777.910403403062,11774.948
2025-11-28 15:00:00,11754,11784.730179721408,11774.948
2025-11-28 16:00:00,11765,11737.188103945597,11774.749
2025-11-28 17:00:00,11897,11780.160073275623,11893.556
2025-11-28 18:00:00,11973,11894.385935932836,11974.74
2025-11-28 19:00:00,11839,11887.753975399306,11872.384
2025-11-28 20:00:00,11801,11725.511727126328,11759.686
2025-11-28 21:00:00,11579,11644.902493638116,11687.475
2025-11-28 22:00:00,11295,11398.43080082214,11373.002
2025-11-28 23:00:00,11076,11096.870923051874,11049.576
2025-11-29 00:00:00,10809,10826.690470832822,10820.107
2025-11-29 01:00:00,10707,10821.668529767585,10624.444
2025-11-29 02:00:00,10614,10703.177748566275,10606.078
2025-11-29 03:00:00,10543,10600.654181596474,10584.734
2025-11-29 04:00:00,10544,10514.920004361013,10529.044
2025-11-29 05:00:00,10559,10514.87086441961,10550.259
2025-11-29 06:00:00,10648,10569.447944728725,10633.683
2025-11-29 07:00:00,10816,10715.669468919556,10858.479
2025-11-29 08:00:00,11038,10959.327735658582,11005.92
2025-11-29 09:00:00,11207,11192.13684230588,11131.199
2025-11-29 10:00:00,11390,11344.756367540836,11278.843
2025-11-29 11:00:00,11490,11496.506359328157,11452.709
2025-11-29 12:00:00,11532,11555.59047506834,11536.497
2025-11-29 13:00:00,11492,11563.528221828592,11525.906
2025-11-29 14:00:00,11418,11521.438307526883,11532.332
2025-11-29 15:00:00,11413,11446.829951702228,11443.485
2025-11-29 16:00:00,11522,11438.906086424793,11489.105
2025-11-29 17:00:00,11801,11570.893812779917,11699.833
2025-11-29 18:00:00,11897,11817.447015788795,11897.623
2025-11-29 19:00:00,11727,11831.852588112648,11837.622
2025-11-29 20:00:00,11686,11665.373957925038,11591.942
2025-11-29 21:00:00,11617,11565.736059626477,11512.947
2025-11-29 22:00:00,11459,11423.227705303076,11431.179
2025-11-29 23:00:00,11332,11212.271375502947,11207.88
2025-11-30 00:00:00,11155,10962.175925201089,11084.525
2025-11-30 01:00:00,10982,11040.58057215672,10985.678
2025-11-30 02:00:00,10917,10871.710364621238,10897.192
2025-11-30 03:00:00,10783,10789.45986923299,10821.601
2025-11-30 04:00:00,10742,10679.237718043338,10723.625
2025-11-30 05:00:00,10734,10642.614077005464,10722.173
2025-11-30 06:00:00,10805,10651.172783040372,10792.266
2025-11-30 07:00:00,10918,10753.732455344598,10939.171
2025-11-30 08:00:00,11091,10902.48595905187,11084.273
2025-11-30 09:00:00,11273,11075.517627318624,11184.255
2025-11-30 10:00:00,11399,11256.802125464752,11316.804
2025-11-30 11:00:00,11466,11377.234086420334,11444.6045
2025-11-30 12:00:00,11513,11442.002299657912,11463.97
2025-11-30 13:00:00,11492,11458.907201608541,11504.739
2025-11-30 14:00:00,11443,11412.980161984997,11507.142
2025-11-30 15:00:00,11426,11365.475689638424,11416.659
2025-11-30 16:00:00,11503,11381.872910294804,11502.347
2025-11-30 17:00:00,11769,11522.348064084917,11711.827
2025-11-30 18:00:00,11944,11757.41714098289,11867.661
2025-11-30 19:00:00,11779,11829.629307310028,11890.476
2025-11-30 20:00:00,11716,11675.819185491351,11648.031
2025-11-30 21:00:00,11608,11585.986700293182,11578.373
2025-11-30 22:00:00,11396,11436.080591819607,11409.696
2025-11-30 23:00:00,11065,11192.263148605301,11193.406
2025-12-01 00:00:00,10785,10840.620119994062,10886.044
2025-12-01 01:00:00,10553,10828.379003737993,10722.306
2025-12-01 02:00:00,10438,10623.834611732813,10508.233
2025-12-01 03:00:00,10355,10499.144336502077,10462.534
2025-12-01 04:00:00,10369,10417.800046595343,10349.5625
2025-12-01 05:00:00,10423,10424.665518805867,10467.497
2025-12-01 06:00:00,10588,10495.731121398441,10626.475
2025-12-01 07:00:00,10949,10695.226660211212,10950.899
2025-12-01 08:00:00,11395,11055.068859367126,11351.318
2025-12-01 09:00:00,11511,11441.24191159801,11540.831
2025-12-01 10:00:00,11587,11554.941873913596,11595.391
2025-12-01 11:00:00,11708,11618.292977747435,11655.819
2025-12-01 12:00:00,11779,11706.588187897201,11692.472
2025-12-01 13:00:00,11667,11741.770544700643,11708.691
2025-12-01 14:00:00,11593,11636.883668156643,11649.924
2025-12-01 15:00:00,11564,11570.163870485752,11577.559
2025-12-01 16:00:00,11576,11563.5952650789,11608.003
2025-12-01 17:00:00,11808,11647.167573811483,11730.685
2025-12-01 18:00:00,11962,11877.479574559233,11898.688
2025-12-01 19:00:00,11810,11922.846180692353,11879.939
2025-12-01 20:00:00,11631,11768.345559196227,11677.893
2025-12-01 21:00:00,11477,11585.579020537965,11421.941
2025-12-01 22:00:00,11280,11384.414888274961,11199.906
2025-12-01 23:00:00,10969,11112.146195971687,11015.836
2025-12-02 00:00:00,10688,10708.405225302524,10662.024
2025-12-02 01:00:00,10447,10684.935150225643,10499.338
2025-12-02 02:00:00,10325,10465.972283711873,10318.965
2025-12-02 03:00:00,10230,10338.943600125289,10225.323
2025-12-02 04:00:00,10177,10256.595444016753,10177.376
2025-12-02 05:00:00,10231,10223.189066207035,10203.915
2025-12-02 06:00:00,10473,10312.511572142994,10357.31
2025-12-02 07:00:00,10944,10616.577063509434,10908.907
2025-12-02 08:00:00,11414,11109.121309629367,11286.551
2025-12-02 09:00:00,11537,11496.244824551452,11461.588
2025-12-02 10:00:00,11591,11593.021094750322,11528.443
2025-12-02 11:00:00,11655,11646.146330859663,11596.07
2025-12-02 12:00:00,11673,11700.619758126564,11642.696
2025-12-02 13:00:00,11701,11672.148026600215,11615.367
2025-12-02 14:00:00,11704,11671.493623636261,11678.979
2025-12-02 15:00:00,11714,11651.0695427433,11683.512
2025-12-02 16:00:00,11805,11668.056263999772,11719.1455
2025-12-02 17:00:00,12042,11806.251533112047,11926.756
2025-12-02 18:00:00,12111,12032.757788420326,12139.639
2025-12-02 19:00:00,11941,12026.254676278739,12013.712
2025-12-02 20:00:00,11822,11847.866265835204,11867.3545
2025-12-02 21:00:00,11658,11696.347502871233,11737.492
2025-12-02 22:00:00,11426,11488.997975551109,11441.055
2025-12-02 23:00:00,11072,11196.238979073372,11137.411
2025-12-03 00:00:00,10799,10764.033174248418,10793.741
2025-12-03 01:00:00,10678,10746.48622058878,10576.871
2025-12-03 02:00:00,10592,10606.177445790005,10560.352
2025-12-03 03:00:00,10535,10509.001166759965,10496.456
2025-12-03 04:00:00,10438,10444.216815182246,10504.491
2025-12-03 05:00:00,10466,10382.078237364161,10464.694
2025-12-03 06:00:00,10641,10468.95435146487,10602.388
2025-12-03 07:00:00,10961,10739.988463649775,11063.7
2025-12-03 08:00:00,11382,11122.413026435925,11320.726
2025-12-03 09:00:00,11455,11461.73853816734,11481.988
2025-12-03 10:00:00,11406,11521.87733217766,11496.013
2025-12-03 11:00:00,11253,11493.162100920383,11474.632
2025-12-03 12:00:00,11399,11363.529270060628,11318.101
2025-12-03 13:00:00,11419,11466.748250104627,11438.497
2025-12-03 14:00:00,11401,11474.087664278224,11460.484
2025-12-03 15:00:00,11425,11456.432064979419,11443.421
2025-12-03 16:00:00,11484,11499.424514203021,11505.137
2025-12-03 17:00:00,11761,11602.5070062753,11711.127
2025-12-03 18:00:00,11952,11840.546772717777,11881.983
2025-12-03 19:00:00,11767,11919.993809885449,11912.873
2025-12-03 20:00:00,11662,11734.856503603954,11654.155
2025-12-03 21:00:00,11480,11594.757590937428,11525.137
2025-12-03 22:00:00,11219,11377.474518310913,11330.152
2025-12-03 23:00:00,10892,11057.039034304835,10976.4
2025-12-04 00:00:00,10614,10647.074707415653,10631.973
2025-12-04 01:00:00,10375,10646.528916093921,10477.362
2025-12-04 02:00:00,10229,10432.915921051452,10249.037
2025-12-04 03:00:00,10154,10294.657729504292,10125.298
2025-12-04 04:00:00,10213,10204.969988797455,10071.971
2025-12-04 05:00:00,10333,10250.704921433671,10215.106
2025-12-04 06:00:00,10500,10394.350883042118,10478.194
2025-12-04 07:00:00,10886,10630.08675999666,10944.291
2025-12-04 08:00:00,11371,11054.876580987135,11225.369
2025-12-04 09:00:00,11498,11438.43081758249,11475.689
2025-12-04 10:00:00,11483,11520.91822929361,11564.051
2025-12-04 11:00:00,11525,11471.705724022484,11521.661
2025-12-04 12:00:00,11549,11535.054057171214,11496.816
2025-12-04 13:00:00,11536,11541.818809253238,11514.261
2025-12-04 14:00:00,11501,11532.196779867676,11488.329
2025-12-04 15:00:00,11484,11503.227053884628,11484.954
2025-12-04 16:00:00,11499,11501.556439601873,11580.577
2025-12-04 17:00:00,11729,11581.68022876283,11691.899
2025-12-04 18:00:00,11878,11793.326372283505,11825.945
2025-12-04 19:00:00,11703,11838.78306823324,11782.261
2025-12-04 20:00:00,11622,11656.56830963152,11594.18
2025-12-04 21:00:00,11489,11531.031640536681,11467.805
2025-12-04 22:00:00,11293,11336.541450953291,11285.756
2025-12-04 23:00:00,11063,11078.684648625764,10970.044
2025-12-05 00:00:00,10766,10751.714832573109,10815.082
2025-12-05 01:00:00,10556,10714.367009477599,10553.327
2025-12-05 02:00:00,10429,10506.192272276703,10407.456
2025-12-05 03:00:00,10348,10375.806796646197,10312.861
2025-12-05 04:00:00,10375,10311.005329121292,10290.828
2025-12-05 05:00:00,10392,10354.18445678902,10412.56
2025-12-05 06:00:00,10530,10419.987627602619,10494.314
2025-12-05 07:00:00,10926,10640.404288937945,10948.932
2025-12-05 08:00:00,11386,11090.795116800573,11266.525
2025-12-05 09:00:00,11536,11486.74694463856,11491.7295
2025-12-05 10:00:00,11529,11593.899896508465,11585.897
2025-12-05 11:00:00,11639,11600.10356812301,11567.588
2025-12-05 12:00:00,11715,11678.883401094577,11647.611
2025-12-05 13:00:00,11748,11718.776906964747,11694.023
2025-12-05 14:00:00,11804,11731.007274502004,11740.697
2025-12-05 15:00:00,11890,11753.53177203704,11775.751
2025-12-05 16:00:00,11918,11814.790398852672,11896.294
2025-12-05 17:00:00,12159,11893.437085579766,12028.066
2025-12-05 18:00:00,12221,12108.52357789166,12126.958
2025-12-05 19:00:00,12065,12092.415597855319,12025.449
2025-12-05 20:00:00,11941,11944.207953211606,11991.187
2025-12-05 21:00:00,11834,11785.135043240425,11841.06
2025-12-05 22:00:00,11682,11617.124584249474,11704.116
2025-12-05 23:00:00,11421,11417.287193686572,11418.13
2025-12-06 00:00:00,11157,11090.918686802346,11184.637
2025-12-06 01:00:00,10962,11093.492473893186,10983.487
2025-12-06 02:00:00,10813,10899.262512902114,10830.011
2025-12-06 03:00:00,10724,10752.078205084932,10738.765
2025-12-06 04:00:00,10653,10682.457306128177,10647.036
2025-12-06 05:00:00,10688,10626.149729012322,10650.562
2025-12-06 06:00:00,10741,10684.967552931514,10738.563
2025-12-06 07:00:00,10937,10821.488295756682,11007.761
2025-12-06 08:00:00,11171,11085.708462928722,11181.417
2025-12-06 09:00:00,11235,11303.845298820486,11284.481
2025-12-06 10:00:00,11464,11366.81408021748,11302.379
2025-12-06 11:00:00,11600,11566.08104070365,11499.954
2025-12-06 12:00:00,11656,11681.043140652268,11610.307
2025-12-06 13:00:00,11671,11715.744735410875,11658.906
2025-12-06 14:00:00,11705,11719.817866696665,11668.707
2025-12-06 15:00:00,11701,11753.374225638581,11699.7
2025-12-06 16:00:00,11733,11761.010417130263,11736.245
2025-12-06 17:00:00,11954,11863.03466143173,11864.436
2025-12-06 18:00:00,12075,12045.358667407094,12033.62
2025-12-06 19:00:00,11904,12071.225118262979,12056.747
2025-12-06 20:00:00,11795,11901.03477507665,11859.089
2025-12-06 21:00:00,11654,11777.631121941358,11702.463
2025-12-06 22:00:00,11482,11609.506694043073,11494.217
2025-12-06 23:00:00,11291,11398.604347021466,11333.686
2025-12-07 00:00:00,11105,11106.49991226493,11084.883
2025-12-07 01:00:00,10924,11160.796104354631,10947.025
2025-12-07 02:00:00,10781,10975.183858365195,10803.281
2025-12-07 03:00:00,10703,10821.955301855518,10727.509
2025-12-07 04:00:00,10679,10733.586319828175,10656.859
2025-12-07 05:00:00,10679,10712.842617238937,10679.04
2025-12-07 06:00:00,10733,10724.22203279896,10744.925
2025-12-07 07:00:00,10826,10812.316971418737,11007.235
2025-12-07 08:00:00,10987,10945.265915918297,11071.084
2025-12-07 09:00:00,11173,11094.03283311538,11148.452
2025-12-07 10:00:00,11298,11289.213512186028,11266.663
2025-12-07 11:00:00,11388,11411.42976045638,11380.022
2025-12-07 12:00:00,11443,11485.942902861743,11429.265
2025-12-07 13:00:00,11419,11517.41048385021,11458.447
2025-12-07 14:00:00,11408,11492.854564280871,11471.459
2025-12-07 15:00:00,11438,11472.047331194732,11452.842
2025-12-07 16:00:00,11563,11501.942453997595,11506.129
2025-12-07 17:00:00,11924,11668.523843753088,11766.791
2025-12-07 18:00:00,12149,11980.3959560359,12025.729
2025-12-07 19:00:00,12039,12083.376432475687,12020.011
2025-12-07 20:00:00,11942,11960.164073725093,11973.297
2025-12-07 21:00:00,11803,11833.599756321657,11850.164
2025-12-07 22:00:00,11581,11656.310089747421,11634.098
2025-12-07 23:00:00,11245,11396.238950549548,11298.245
2025-12-08 00:00:00,10969,11043.05120333057,10958.561
2025-12-08 01:00:00,10751,11024.582392671915,10755.614
2025-12-08 02:00:00,10635,10805.313080164775,10658.074
2025-12-08 03:00:00,10542,10680.847725879034,10578.621
2025-12-08 04:00:00,10514,10597.78764457341,10527.543
2025-12-08 05:00:00,10568,10573.56677188051,10545.293
2025-12-08 06:00:00,10703,10637.347820074729,10728.077
2025-12-08 07:00:00,11103,10796.472508776455,11145.208
2025-12-08 08:00:00,11519,11181.902303945217,11339.525
2025-12-08 09:00:00,11643,11542.132467847068,11603.69
2025-12-08 10:00:00,11680,11664.913464445182,11619.361
2025-12-08 11:00:00,11841,11719.664852495394,11659.524
2025-12-08 12:00:00,11873,11853.79738604987,11770.8
2025-12-08 13:00:00,11836,11850.22275934179,11757.291
2025-12-08 14:00:00,11818,11801.778995709858,11770.129
2025-12-08 15:00:00,11823,11782.25826605889,11749.504
2025-12-08 16:00:00,11932,11805.861178252295,11852.962
2025-12-08 17:00:00,12174,11986.403722013138,12036.861
2025-12-08 18:00:00,12325,12227.647450989973,12156.64
2025-12-08 19:00:00,12173,12289.318796409858,12058.08
2025-12-08 20:00:00,12041,12122.324301188159,12001.37
2025-12-08 21:00:00,11835,11963.972166313115,11944.098
2025-12-08 22:00:00,11571,11726.509838788514,11671.848
2025-12-08 23:00:00,11219,11406.406879910517,11284.894
2025-12-09 00:00:00,10915,10976.762600181986,10895.621
2025-12-09 01:00:00,10730,10928.599242775683,10710.95
2025-12-09 02:00:00,10567,10739.347145702946,10597.236
2025-12-09 03:00:00,10512,10575.642147804041,10462.537
2025-12-09 04:00:00,10569,10512.13784863924,10483.808
2025-12-09 05:00:00,10671,10564.303954525378,10561.037
2025-12-09 06:00:00,10836,10691.942198414785,10715.944
2025-12-09 07:00:00,11254,10952.200716697835,11237.303
2025-12-09 08:00:00,11737,11405.723482704016,11643.105
2025-12-09 09:00:00,11826,11804.137628070006,11800.94
2025-12-09 10:00:00,11874,11877.5998668124,11843.76
2025-12-09 11:00:00,11859,11947.791626649969,11823.651
2025-12-09 12:00:00,11862,11936.386111670328,11800.279
2025-12-09 13:00:00,11863,11924.71506805614,11812.984
2025-12-09 14:00:00,11854,11913.104909478416,11797.47
2025-12-09 15:00:00,11921,11899.802808077317,11797.47
2025-12-09 16:00:00,11954,11975.504755792519,11918.898
2025-12-09 17:00:00,12230,12072.412272517746,12085.969
2025-12-09 18:00:00,12424,12312.259016386573,12164.894
2025-12-09 19:00:00,12242,12394.554757861015,12078.693
2025-12-09 20:00:00,12052,12200.197689031242,12009.466
2025-12-09 21:00:00,11860,11977.584904810046,11919.466
2025-12-09 22:00:00,11585,11736.137111993537,11678.541
2025-12-09 23:00:00,11370,11409.787165459202,11314.106
2025-12-10 00:00:00,11109,11078.461585614465,11102.907
2025-12-10 01:00:00,10871,11085.8640929158,10917.032
2025-12-10 02:00:00,10785,10852.312767089254,10765.991
2025-12-10 03:00:00,10767,10760.259439804484,10674.527
2025-12-10 04:00:00,10756,10737.801317644835,10705.268
2025-12-10 05:00:00,10811,10746.029996665922,10754.8
2025-12-10 06:00:00,10983,10836.288616503874,10943.285
2025-12-10 07:00:00,11389,11087.451885297503,11302.931
2025-12-10 08:00:00,11832,11541.510952942665,11717.131
2025-12-10 09:00:00,11950,11893.914013468955,11841.475
2025-12-10 10:00:00,11880,11977.061807465529,11913.682
2025-12-10 11:00:00,11878,11891.806007350562,11824.907
2025-12-10 12:00:00,11924,11899.914987672508,11821.707
2025-12-10 13:00:00,11859,11927.686194805405,11865.593
2025-12-10 14:00:00,11770,11865.069377402831,11801.298
2025-12-10 15:00:00,11731,11805.258190519213,11740.718
2025-12-10 16:00:00,11803,11779.917168636544,11745.723
2025-12-10 17:00:00,12139,11918.599646543262,11945.224
2025-12-10 18:00:00,12249,12228.022118431356,12160.824
2025-12-10 19:00:00,12101,12238.384389143765,12071.902
2025-12-10 20:00:00,11993,12063.465296526847,12024.81
2025-12-10 21:00:00,11916,11907.763706242002,11857.304
2025-12-10 22:00:00,11732,11748.425559232477,11721.642
2025-12-10 23:00:00,11446,11512.214922737412,11464.418
2025-12-11 00:00:00,11207,11135.87690723894,11153.243
2025-12-11 01:00:00,11091,11132.500775997441,11006.357
2025-12-11 02:00:00,10997,10998.652206494613,11001.814
2025-12-11 03:00:00,10974,10905.078267119285,10936.761
2025-12-11 04:00:00,10987,10884.027367485594,10898.476
2025-12-11 05:00:00,11031,10912.103119349187,10987.246
2025-12-11 06:00:00,11177,10994.233124975251,11103.559
2025-12-11 07:00:00,11644,11231.729018275173,11522.104
2025-12-11 08:00:00,12092,11732.042969551812,11831.636
2025-12-11 09:00:00,12233,12101.829316813082,12036.0
2025-12-11 10:00:00,12360,12181.869708606704,12026.482
2025-12-11 11:00:00,12435,12273.760051206613,12026.482
2025-12-11 12:00:00,12464,12334.624876539701,11998.715
2025-12-11 13:00:00,12485,12332.770390242475,11989.675
2025-12-11 14:00:00,12452,12316.97945991533,11991.42
2025-12-11 15:00:00,12460,12273.706118410528,11991.42
2025-12-11 16:00:00,12493,12289.00430401826,12024.14
2025-12-11 17:00:00,12741,12406.81812519754,12168.646
2025-12-11 18:00:00,12785,12627.748591899455,12154.161
2025-12-11 19:00:00,12615,12598.10864345272,12069.536
2025-12-11 20:00:00,12520,12427.941460080901,12010.466
2025-12-11 21:00:00,12405,12314.060496327389,11950.622
2025-12-11 22:00:00,12184,12153.851978478478,11871.522
2025-12-11 23:00:00,11788,11887.506110581553,11786.999
2025-12-12 00:00:00,11539,11431.060232798838,11592.572
2025-12-12 01:00:00,11347,11450.33438351711,11419.013
2025-12-12 02:00:00,11256,11260.174178509697,11300.032
2025-12-12 03:00:00,11183,11166.792843181993,11222.088
2025-12-12 04:00:00,11115,11108.577584691491,11206.328
2025-12-12 05:00:00,11178,11059.6207927498,11155.883
2025-12-12 06:00:00,11308,11146.539874818936,11307.516
2025-12-12 07:00:00,11617,11385.758656403188,11672.126
2025-12-12 08:00:00,12014,11763.065663404985,11879.413
2025-12-12 09:00:00,12202,12100.86611532126,12061.069
2025-12-12 10:00:00,12278,12258.770761648728,12041.987
2025-12-12 11:00:00,12350,12337.134037761303,12043.895
2025-12-12 12:00:00,12411,12397.542968074178,12024.942
2025-12-12 13:00:00,12386,12442.167767627108,12018.334
2025-12-12 14:00:00,12369,12413.564326435937,12019.682
2025-12-12 15:00:00,12342,12403.898209906238,12019.682
2025-12-12 16:00:00,12355,12384.391938348654,12052.401
2025-12-12 17:00:00,12534,12468.165335592108,12173.723
2025-12-12 18:00:00,12613,12610.133521728598,12156.806
2025-12-12 19:00:00,12423,12603.29314954299,12074.612
2025-12-12 20:00:00,12293,12413.87494083736,12027.307
2025-12-12 21:00:00,12105,12266.983044220477,11995.415
2025-12-12 22:00:00,11984,12048.434639535919,11936.859
2025-12-12 23:00:00,11749,11829.286408281389,11791.125
2025-12-13 00:00:00,11442,11530.526902593412,11573.88
2025-12-13 01:00:00,11244,11492.113456620762,11443.511
2025-12-13 02:00:00,11111,11294.52445362466,11233.011
2025-12-13 03:00:00,11012,11157.791507721346,11128.535
2025-12-13 04:00:00,10979,11049.713443312505,11013.851
2025-12-13 05:00:00,10988,11032.165328208352,11049.346
2025-12-13 06:00:00,11052,11063.124337536776,11125.926
2025-12-13 07:00:00,11202,11191.571995648936,11236.782
2025-12-13 08:00:00,11400,11407.930674723575,11462.687
2025-12-13 09:00:00,11529,11595.878177972168,11524.144
2025-12-13 10:00:00,11665,11728.421223031177,11588.351
2025-12-13 11:00:00,11646,11852.712697292953,11717.266
2025-12-13 12:00:00,11520,11847.31777284758,11668.597
2025-12-13 13:00:00,11655,11737.787364159021,11552.273
2025-12-13 14:00:00,11761,11829.294921006285,11697.595
2025-12-13 15:00:00,11788,11892.321221135517,11761.416
2025-12-13 16:00:00,11827,11908.950448705984,11815.21
2025-12-13 17:00:00,12058,11994.426590715431,11980.022
2025-12-13 18:00:00,12202,12190.283700812437,12157.905
2025-12-13 19:00:00,12031,12225.757471221503,12072.142
2025-12-13 20:00:00,11796,12044.804873054862,12007.572
2025-12-13 21:00:00,11598,11799.027367790977,11714.781
2025-12-13 22:00:00,11445,11591.29691739485,11409.952
2025-12-13 23:00:00,11254,11390.671866926075,11215.919
2025-12-14 00:00:00,10955,11086.961018115584,11098.183
2025-12-14 01:00:00,10713,11053.426085197862,10868.729
2025-12-14 02:00:00,10603,10813.90342075562,10655.223
2025-12-14 03:00:00,10488,10689.455866557648,10651.967
2025-12-14 04:00:00,10442,10582.318381036064,10512.775
2025-12-14 05:00:00,10457,10539.194344388165,10482.28
2025-12-14 06:00:00,10504,10560.670630194256,10574.4
2025-12-14 07:00:00,10607,10629.54902560116,10761.817
2025-12-14 08:00:00,10818,10759.656053903662,10905.563
2025-12-14 09:00:00,11047,10959.700553030538,10976.9795
2025-12-14 10:00:00,11195,11167.011431284149,11090.112
2025-12-14 11:00:00,11339,11275.988282664826,11243.59
2025-12-14 12:00:00,11472,11355.292777726334,11333.892
2025-12-14 13:00:00,11514,11471.995602739797,11414.751
2025-12-14 14:00:00,11508,11514.872198156141,11502.409
2025-12-14 15:00:00,11423,11509.63631517151,11510.703
2025-12-14 16:00:00,11479,11460.102204024693,11468.237
2025-12-14 17:00:00,11851,11588.613522559699,11720.844
2025-12-14 18:00:00,12098,11919.134489648703,11997.401
2025-12-14 19:00:00,11975,12045.072420004588,12092.482
2025-12-14 20:00:00,11814,11880.72402586923,11895.2705
2025-12-14 21:00:00,11642,11690.328622417184,11684.946
2025-12-14 22:00:00,11407,11490.421692586615,11414.505
2025-12-14 23:00:00,11076,11219.983381750813,11131.711
2025-12-15 00:00:00,10854,10846.998613755326,10822.65
2025-12-15 01:00:00,10640,10858.471028098174,10668.661
2025-12-15 02:00:00,10495,10649.58574850216,10565.252
2025-12-15 03:00:00,10456,10494.862710535836,10424.829
2025-12-15 04:00:00,10503,10443.6547576051,10439.533
2025-12-15 05:00:00,10581,10480.56476121901,10508.047
2025-12-15 06:00:00,10825,10558.398042612444,10641.949
2025-12-15 07:00:00,11230,10808.159879407625,11077.979
2025-12-15 08:00:00,11672,11204.666224732066,11386.174
2025-12-15 09:00:00,11820,11595.618523782408,11690.16
2025-12-15 10:00:00,11874,11736.114246680912,11769.965
2025-12-15 11:00:00,11851,11820.656326734612,11773.688
2025-12-15 12:00:00,11819,11827.869062323825,11749.0205
2025-12-15 13:00:00,11779,11799.696608065615,11752.234
2025-12-15 14:00:00,11707,11757.522057105814,11695.309
2025-12-15 15:00:00,11603,11677.347427814168,11642.343
2025-12-15 16:00:00,11613,11616.611847606106,11595.061
2025-12-15 17:00:00,11981,11725.807576796558,11797.11
2025-12-15 18:00:00,12233,12066.75124744756,12047.222
2025-12-15 19:00:00,12100,12202.241895629895,12046.017
2025-12-15 20:00:00,11926,12042.262545176516,11979.257
2025-12-15 21:00:00,11810,11838.603374094051,11805.216
2025-12-15 22:00:00,11550,11658.317322649624,11622.023
2025-12-15 23:00:00,11261,11338.213991532923,11262.578
2025-12-16 00:00:00,11001,10965.49017309719,10966.668
2025-12-16 01:00:00,10797,10959.096950469926,10800.259
2025-12-16 02:00:00,10664,10744.738916771576,10621.125
2025-12-16 03:00:00,10597,10620.385499003318,10548.869
2025-12-16 04:00:00,10610,10578.510399041043,10513.847
2025-12-16 05:00:00,10685,10609.309780665599,10616.733
2025-12-16 06:00:00,10838,10729.388298697195,10780.707
2025-12-16 07:00:00,11253,10974.832908739289,11230.979
2025-12-16 08:00:00,11726,11435.177130052589,11675.572
2025-12-16 09:00:00,11917,11824.655660559318,11773.753
2025-12-16 10:00:00,11851,11978.172718677433,11919.763
2025-12-16 11:00:00,11847,11912.887444522692,11840.792
2025-12-16 12:00:00,11763,11894.389301940404,11798.196
2025-12-16 13:00:00,11670,11813.730240218387,11708.097
2025-12-16 14:00:00,11718,11718.173251288097,11644.681
2025-12-16 15:00:00,11743,11732.093705401265,11669.471
2025-12-16 16:00:00,11847,11749.07079592902,11738.414
2025-12-16 17:00:00,12144,11932.980823112828,11963.193
2025-12-16 18:00:00,12338,12226.725700098605,12130.412
2025-12-16 19:00:00,12175,12312.025411873872,12056.258
2025-12-16 20:00:00,12013,12118.719547109962,11999.355
2025-12-16 21:00:00,11857,11938.208957949,11850.15
2025-12-16 22:00:00,11646,11720.717171200713,11672.096
2025-12-16 23:00:00,11364,11463.395468130348,11319.148
2025-12-17 00:00:00,11051,11092.95929898276,11080.818
2025-12-17 01:00:00,10791,11041.856597942437,10800.198
2025-12-17 02:00:00,10710,10797.539426987072,10636.525
2025-12-17 03:00:00,10663,10711.131528950811,10587.328
2025-12-17 04:00:00,10644,10668.587128323084,10595.851
2025-12-17 05:00:00,10686,10668.540461474126,10639.4375
2025-12-17 06:00:00,10922,10746.292430568508,10755.665
2025-12-17 07:00:00,11280,11055.510053469941,11193.326
2025-12-17 08:00:00,11728,11474.214293744782,11622.846
2025-12-17 09:00:00,12007,11858.545361450362,11738.318
2025-12-17 10:00:00,12014,12036.48391010129,11928.074
2025-12-17 11:00:00,12093,12032.269546490448,12014.703
2025-12-17 12:00:00,12278,12071.725700570345,11990.716
2025-12-17 13:00:00,12303,12174.871756086262,11983.175
2025-12-17 14:00:00,12299,12184.421048394413,11984.522
2025-12-17 15:00:00,12286,12173.335585708955,11995.539
2025-12-17 16:00:00,12324,12187.094058740493,12025.22
2025-12-17 17:00:00,12598,12314.443344866808,12169.633
2025-12-17 18:00:00,12737,12567.90441900076,12142.647
2025-12-17 19:00:00,12574,12610.189073534544,12068.493
2025-12-17 20:00:00,12367,12430.20767043134,11999.776
2025-12-17 21:00:00,12188,12222.195926018898,11959.913
2025-12-17 22:00:00,11929,12009.73790203576,11886.605
2025-12-17 23:00:00,11630,11707.975490325227,11677.439
2025-12-18 00:00:00,11316,11314.80733280985,11343.121
2025-12-18 01:00:00,11125,11268.201671835743,11149.747
2025-12-18 02:00:00,11054,11086.59668127841,11031.701
2025-12-18 03:00:00,11005,11013.872337473333,10937.73
2025-12-18 04:00:00,10968,10966.855678878404,10915.46
2025-12-18 05:00:00,11000,10945.740598885146,10918.436
2025-12-18 06:00:00,11204,11030.920887808667,11041.705
2025-12-18 07:00:00,11615,11313.139311356377,11439.419
2025-12-18 08:00:00,12068,11767.955534664901,11847.331
2025-12-18 09:00:00,12233,12178.411945355998,12050.77
2025-12-18 10:00:00,12259,12312.343037266788,12024.796
2025-12-18 11:00:00,12299,12350.406129995683,12024.796
2025-12-18 12:00:00,12238,12414.885451304528,12000.809
2025-12-18 13:00:00,12159,12368.282561313106,11991.769
2025-12-18 14:00:00,12132,12294.749674108594,11993.116
2025-12-18 15:00:00,12154,12263.596697244318,11993.116
2025-12-18 16:00:00,12227,12283.37474236976,12037.82
2025-12-18 17:00:00,12396,12419.686730691532,12158.048
2025-12-18 18:00:00,12539,12573.016341598706,12134.622
2025-12-18 19:00:00,12423,12614.579319454562,12060.468
2025-12-18 20:00:00,12311,12461.549261469492,12011.579
2025-12-18 21:00:00,12165,12315.177065416747,11982.325
2025-12-18 22:00:00,11931,12112.430712075202,11894.943
2025-12-18 23:00:00,11644,11812.397611119597,11696.179
2025-12-19 00:00:00,11373,11428.927421719147,11324.785
2025-12-19 01:00:00,11169,11418.184755778397,11251.975
2025-12-19 02:00:00,11035,11228.714155805372,11111.855
2025-12-19 03:00:00,10946,11098.884123809867,10902.749
2025-12-19 04:00:00,10921,11006.129213869892,10891.353
2025-12-19 05:00:00,11040,10993.403138503616,10920.81
2025-12-19 06:00:00,11250,11134.5103754266,11098.095
2025-12-19 07:00:00,11625,11411.378029186657,11582.949
2025-12-19 08:00:00,12090,11832.374909540107,11814.452
2025-12-19 09:00:00,12327,12232.206423494716,12044.355
2025-12-19 10:00:00,12362,12417.038109336534,12025.273
2025-12-19 11:00:00,12376,12452.45503922192,12011.825
2025-12-19 12:00:00,12330,12448.958530464151,11987.838
2025-12-19 13:00:00,12244,12385.25168121789,11992.246
2025-12-19 14:00:00,12248,12303.580774304906,12009.687
2025-12-19 15:00:00,12264,12299.382349691665,11993.594
2025-12-19 16:00:00,12295,12319.924924760211,12046.413
2025-12-19 17:00:00,12541,12393.716814260275,12161.005
2025-12-19 18:00:00,12709,12611.275560567747,12150.728
2025-12-19 19:00:00,12531,12679.825108732522,12061.498
2025-12-19 20:00:00,12399,12496.085052150553,12012.609
2025-12-19 21:00:00,12277,12332.277347780226,11983.355
2025-12-19 22:00:00,12102,12165.960338775603,11913.785
2025-12-19 23:00:00,11792,11933.735946427509,11892.545
2025-12-20 00:00:00,11514,11570.415743486983,11642.87
2025-12-20 01:00:00,11328,11550.896203867262,11406.664
2025-12-20 02:00:00,11193,11356.212540258166,11268.771
2025-12-20 03:00:00,11129,11213.85086562624,11112.305
2025-12-20 04:00:00,11096,11147.098911752697,11070.398
2025-12-20 05:00:00,11121,11139.814205770619,11097.189
2025-12-20 06:00:00,11225,11202.216523710644,11195.896
2025-12-20 07:00:00,11358,11368.35929234353,11432.985
2025-12-20 08:00:00,11487,11583.114622353703,11555.096
2025-12-20 09:00:00,11713,11736.888323597843,11623.966
2025-12-20 10:00:00,11811,11921.529557635937,11737.826
2025-12-20 11:00:00,11891,11985.949366071523,11807.543
2025-12-20 12:00:00,11923,12009.688807617824,11883.505
2025-12-20 13:00:00,11888,12022.60560528218,11876.664
2025-12-20 14:00:00,11856,12000.538138205955,11881.27
2025-12-20 15:00:00,11830,11972.931779219018,11818.576
2025-12-20 16:00:00,11841,11954.361049435638,11861.971
2025-12-20 17:00:00,12141,12034.73118427828,11974.287
2025-12-20 18:00:00,12303,12305.108201133475,12144.004
2025-12-20 19:00:00,12159,12357.06643430258,12047.25
2025-12-20 20:00:00,12023,12180.207067828198,11970.117
2025-12-20 21:00:00,11933,12016.074172617757,11934.674
2025-12-20 22:00:00,11793,11879.998036142404,11767.968
2025-12-20 23:00:00,11593,11673.578961804758,11620.143
2025-12-21 00:00:00,11338,11355.544564727801,11323.008
2025-12-21 01:00:00,11158,11350.51828830255,11281.451
2025-12-21 02:00:00,11021,11161.982572750396,11107.131
2025-12-21 03:00:00,10926,11020.21289513289,10975.387
2025-12-21 04:00:00,10851,10924.935341050157,10909.697
2025-12-21 05:00:00,10834,10865.252093926885,10920.8
2025-12-21 06:00:00,10900,10870.35261917837,10971.816
2025-12-21 07:00:00,11045,10951.322673918832,10994.188
2025-12-21 08:00:00,11261,11105.137578823433,11184.795
2025-12-21 09:00:00,11489,11335.344273450555,11359.522
2025-12-21 10:00:00,11578,11536.334851850073,11581.143
2025-12-21 11:00:00,11657,11628.628935277857,11611.144
2025-12-21 12:00:00,11737,11702.154965677726,11680.899
2025-12-21 13:00:00,11755,11750.488209117204,11736.623
2025-12-21 14:00:00,11801,11746.548663101208,11743.25
2025-12-21 15:00:00,11829,11754.107908480915,11778.304
2025-12-21 16:00:00,11948,11774.951375074263,11846.214
2025-12-21 17:00:00,12208,11945.811954211205,12077.839
2025-12-21 18:00:00,12304,12190.967246112572,12204.784
2025-12-21 19:00:00,12198,12230.048573044269,12102.88
2025-12-21 20:00:00,12069,12090.210314183443,11993.321
2025-12-21 21:00:00,11956,11947.049870227323,11923.795
2025-12-21 22:00:00,11799,11794.276191484145,11786.598
2025-12-21 23:00:00,11671,11581.781460972628,11607.472
2025-12-22 00:00:00,11512,11377.681578108679,11404.669
2025-12-22 01:00:00,11315,11449.207122753662,11406.243
2025-12-22 02:00:00,11198,11245.002387146747,11271.107
2025-12-22 03:00:00,11155,11122.607461618236,11154.946
2025-12-22 04:00:00,11145,11071.189327025118,11128.455
2025-12-22 05:00:00,11157,11061.639583240225,11185.027
2025-12-22 06:00:00,11285,11107.735285020743,11244.284
2025-12-22 07:00:00,11582,11278.871218744953,11567.785
2025-12-22 08:00:00,11979,11598.250611479432,11859.815
2025-12-22 09:00:00,12263,11957.609799308837,12003.32
2025-12-22 10:00:00,12370,12190.082368965019,12066.965
2025-12-22 11:00:00,12453,12277.102382096084,12075.864
2025-12-22 12:00:00,12451,12345.237517969428,12038.942
2025-12-22 13:00:00,12425,12334.636886743825,12026.202
2025-12-22 14:00:00,12367,12307.4565786049,12030.166
2025-12-22 15:00:00,12310,12247.941874929695,12018.172
2025-12-22 16:00:00,12278,12219.072642009212,12062.198
2025-12-22 17:00:00,12388,12259.233875704851,12161.91
2025-12-22 18:00:00,12507,12379.041451955536,12198.113
2025-12-22 19:00:00,12382,12434.45370357085,12088.527
2025-12-22 20:00:00,12326,12303.314158745905,12004.74
2025-12-22 21:00:00,12223,12215.384483077883,11967.461
2025-12-22 22:00:00,12090,12062.697390914656,11862.757
2025-12-22 23:00:00,11845,11888.684272434077,11832.038
2025-12-23 00:00:00,11585,11567.607917383957,11657.821
2025-12-23 01:00:00,11366,11562.027585218957,11473.383
2025-12-23 02:00:00,11227,11345.559070837362,11313.278
2025-12-23 03:00:00,11180,11213.457021327316,11164.572
2025-12-23 04:00:00,11181,11168.08868216138,11220.898
2025-12-23 05:00:00,11192,11172.161214352425,11270.729
2025-12-23 06:00:00,11288,11218.23982559235,11284.347
2025-12-23 07:00:00,11574,11398.134557485488,11575.946
2025-12-23 08:00:00,11941,11749.614601786778,11791.927
2025-12-23 09:00:00,12191,12101.219380884972,11943.337
2025-12-23 10:00:00,12316,12294.134751608102,12015.417
2025-12-23 11:00:00,12364,12396.442016054936,11987.911
2025-12-23 12:00:00,12287,12411.332082644882,11966.979
2025-12-23 13:00:00,12187,12325.189357069647,11966.804
2025-12-23 14:00:00,12094,12232.876298281246,11989.817
2025-12-23 15:00:00,12107,12143.10940722787,12021.79
2025-12-23 16:00:00,12221,12149.624748685324,12057.093
2025-12-23 17:00:00,12380,12286.374030221405,12182.403
2025-12-23 18:00:00,12455,12446.728740559953,12167.086
2025-12-23 19:00:00,12269,12444.301376296735,12084.034
2025-12-23 20:00:00,12199,12263.678013241251,12006.927
2025-12-23 21:00:00,12102,12159.600915408659,11972.121
2025-12-23 22:00:00,12003,12021.156907973005,11889.067
2025-12-23 23:00:00,11783,11848.502791309735,11749.536
2025-12-24 00:00:00,11488,11517.540763966947,11624.732
2025-12-24 01:00:00,11344,11472.942007957878,11550.443
2025-12-24 02:00:00,11166,11314.714486726012,11362.732
2025-12-24 03:00:00,11041,11154.860216584131,11183.484
2025-12-24 04:00:00,10987,11048.560415398964,11024.566
2025-12-24 05:00:00,11028,11005.790165421715,11070.27
2025-12-24 06:00:00,11099,11077.743370253362,11173.861
2025-12-24 07:00:00,11328,11228.649058198529,11494.464
2025-12-24 08:00:00,11667,11527.146084607673,11692.307
2025-12-24 09:00:00,11944,11862.017456304704,11753.67
2025-12-24 10:00:00,12078,12087.833727808587,11970.031
2025-12-24 11:00:00,12253,12200.070048172352,12061.193
2025-12-24 12:00:00,12351,12330.064115014577,12035.078
2025-12-24 13:00:00,12269,12376.488439708888,12027.537
2025-12-24 14:00:00,12238,12285.932798140755,12034.643
2025-12-24 15:00:00,12222,12255.013500328836,12034.643
2025-12-24 16:00:00,12253,12263.470439992216,12071.369
2025-12-24 17:00:00,12388,12347.101893156367,12183.94
2025-12-24 18:00:00,12389,12473.949724076272,12167.023
2025-12-24 19:00:00,12105,12404.895382334713,12082.912
2025-12-24 20:00:00,11945,12139.963400200675,12027.851
2025-12-24 21:00:00,11842,11966.102693161722,11899.987
2025-12-24 22:00:00,11715,11824.237260028709,11725.666
2025-12-24 23:00:00,11576,11633.281875960512,11481.963
2025-12-25 00:00:00,11364,11355.500091682397,11331.705
2025-12-25 01:00:00,11192,11398.189805002008,11441.795
2025-12-25 02:00:00,11058,11211.344341643646,11177.89
2025-12-25 03:00:00,10963,11068.2368111127,11072.436
2025-12-25 04:00:00,10903,10971.579035077471,10928.929
2025-12-25 05:00:00,10866,10930.125203561642,10961.341
2025-12-25 06:00:00,10914,10934.47294784438,11039.438
2025-12-25 07:00:00,11001,11063.341144869173,11266.925
2025-12-25 08:00:00,11170,11250.627970364932,11408.883
2025-12-25 09:00:00,11366,11448.214823647386,11302.734
2025-12-25 10:00:00,11456,11617.580635592034,11453.121
2025-12-25 11:00:00,11555,11717.47493298351,11515.994
2025-12-25 12:00:00,11588,11794.527857134395,11605.235
2025-12-25 13:00:00,11596,11780.925071424572,11611.492
2025-12-25 14:00:00,11574,11766.593260821559,11605.979
2025-12-25 15:00:00,11644,11738.875446810292,11585.402
2025-12-25 16:00:00,11773,11796.62087042275,11690.171
2025-12-25 17:00:00,12019,11934.15002026453,11895.776
2025-12-25 18:00:00,12030,12129.586320527604,12138.183
2025-12-25 19:00:00,11675,12053.071703973175,12053.406
2025-12-25 20:00:00,11550,11727.413378697269,11567.595
2025-12-25 21:00:00,11505,11582.91550023074,11444.287
2025-12-25 22:00:00,11449,11481.780499202932,11334.48
2025-12-25 23:00:00,11290,11363.584207809501,11216.356
2025-12-26 00:00:00,11134,11093.73840959192,11145.314
2025-12-26 01:00:00,11076,11170.007385518726,11050.961
2025-12-26 02:00:00,10998,11072.640101396146,11077.321
2025-12-26 03:00:00,10893,10972.963704937636,10940.162
2025-12-26 04:00:00,10825,10868.928129205366,10821.465
2025-12-26 05:00:00,10779,10816.166783760324,10861.448
2025-12-26 06:00:00,10812,10809.88296542049,10887.1
2025-12-26 07:00:00,10961,10892.891466120416,11172.485
2025-12-26 08:00:00,11159,11092.646126167474,11309.653
2025-12-26 09:00:00,11359,11305.843263800825,11313.469
2025-12-26 10:00:00,11498,11471.913753545734,11420.213
2025-12-26 11:00:00,11649,11591.181983420569,11577.637
2025-12-26 12:00:00,11728,11697.971163862132,11688.474
2025-12-26 13:00:00,11784,11739.579010474752,11702.164
2025-12-26 14:00:00,11763,11768.071787733128,11783.737
2025-12-26 15:00:00,11705,11761.074180634194,11754.044
2025-12-26 16:00:00,11743,11741.932314474365,11752.5625
2025-12-26 17:00:00,11942,11845.708833330562,11895.776
2025-12-26 18:00:00,12105,12011.406610626087,12041.252
2025-12-26 19:00:00,12026,12027.693156223966,12049.567
2025-12-26 20:00:00,11912,11916.861711184794,11992.491
2025-12-26 21:00:00,11840,11797.819651885444,11827.651
2025-12-26 22:00:00,11698,11701.18573909504,11757.337
2025-12-26 23:00:00,11503,11512.237968902558,11492.166
2025-12-27 00:00:00,11296,11264.48522132711,11292.671
2025-12-27 01:00:00,11141,11331.32308201014,11214.423
2025-12-27 02:00:00,11047,11171.715673975961,11052.676
2025-12-27 03:00:00,10986,11061.723276993906,10905.372
2025-12-27 04:00:00,10938,10988.463616311956,10873.193
2025-12-27 05:00:00,10881,10937.167286989425,10886.556
2025-12-27 06:00:00,10893,10906.21862517878,10886.033
2025-12-27 07:00:00,10919,10955.625056568182,11039.009
2025-12-27 08:00:00,11127,11025.504966093837,11100.357
2025-12-27 09:00:00,11329,11245.21833659367,11216.107
2025-12-27 10:00:00,11529,11430.934723586035,11340.533
2025-12-27 11:00:00,11749,11615.507997580262,11526.827
2025-12-27 12:00:00,11892,11793.54957949138,11710.178
2025-12-27 13:00:00,11920,11899.946996646413,11844.693
2025-12-27 14:00:00,11917,11903.731442355775,11855.514
2025-12-27 15:00:00,11896,11877.299325281057,11836.659
2025-12-27 16:00:00,11980,11862.222740115787,11892.018
2025-12-27 17:00:00,12167,11998.088602814076,12060.44
2025-12-27 18:00:00,12332,12185.915931040197,12137.136
2025-12-27 19:00:00,12257,12266.148141788133,12047.62
2025-12-27 20:00:00,12155,12159.212357512324,11996.763
2025-12-27 21:00:00,12058,12046.80476868849,11936.62
2025-12-27 22:00:00,11887,11916.627723722124,11897.203
2025-12-27 23:00:00,11650,11711.709512052259,11701.163
2025-12-28 00:00:00,11474,11387.358173157732,11403.278
2025-12-28 01:00:00,11316,11456.903800766268,11335.758
2025-12-28 02:00:00,11238,11291.032279183983,11260.7295
2025-12-28 03:00:00,11169,11197.966849067585,11164.295
2025-12-28 04:00:00,11128,11117.162604828007,11113.451
2025-12-28 05:00:00,11110,11063.357039087285,11113.099
2025-12-28 06:00:00,11116,11052.395702075053,11101.215
2025-12-28 07:00:00,11150,11072.687825528003,11176.163
2025-12-28 08:00:00,11290,11162.127729648499,11310.046
2025-12-28 09:00:00,11396,11331.261283065936,11390.65
2025-12-28 10:00:00,11512,11456.6612728262,11438.073
2025-12-28 11:00:00,11663,11592.109230815257,11550.186
2025-12-28 12:00:00,11741,11737.188659079397,11669.796
2025-12-28 13:00:00,11720,11794.440676462964,11725.52
2025-12-28 14:00:00,11708,11774.34624182912,11690.113
2025-12-28 15:00:00,11683,11754.770474455103,11717.7295
2025-12-28 16:00:00,11722,11759.556994020035,11730.557
2025-12-28 17:00:00,11884,11852.866633115673,11896.278
2025-12-28 18:00:00,12031,12012.787519490968,11984.184
2025-12-28 19:00:00,11846,12083.815894318737,12090.406
2025-12-28 20:00:00,11663,11896.061996872077,11802.647
2025-12-28 21:00:00,11495,11712.771699041381,11556.601
2025-12-28 22:00:00,11339,11519.306506769186,11331.745
2025-12-28 23:00:00,11064,11324.575757587834,11101.401
2025-12-29 00:00:00,10840,11034.470584374985,10939.432
2025-12-29 01:00:00,10629,11064.074756797814,10839.566
2025-12-29 02:00:00,10506,10862.95257345947,10655.396
2025-12-29 03:00:00,10408,10739.485535209486,10506.267
2025-12-29 04:00:00,10371,10645.116175679928,10378.577
2025-12-29 05:00:00,10362,10604.459144251023,10439.236
2025-12-29 06:00:00,10456,10605.17614473441,10534.41
2025-12-29 07:00:00,10723,10711.859170446363,10950.712
2025-12-29 08:00:00,10994,10984.911711024708,11169.4
2025-12-29 09:00:00,11196,11239.398762314571,11193.752
2025-12-29 10:00:00,11295,11421.141385431509,11323.646
2025-12-29 11:00:00,11383,11530.029338798551,11361.953
2025-12-29 12:00:00,11427,11603.983633388649,11410.494
2025-12-29 13:00:00,11421,11620.284064361687,11440.545
2025-12-29 14:00:00,11396,11596.613027930174,11452.22
2025-12-29 15:00:00,11377,11555.99435219127,11433.603
2025-12-29 16:00:00,11458,11536.82898105429,11454.201
2025-12-29 17:00:00,11661,11637.662106223463,11602.241
2025-12-29 18:00:00,11888,11828.206071404691,11822.036
2025-12-29 19:00:00,11707,11934.565122660917,11901.468
2025-12-29 20:00:00,11497,11743.084800494864,11619.59
2025-12-29 21:00:00,11396,11527.155421830234,11403.372
2025-12-29 22:00:00,11186,11391.786737547476,11229.394
2025-12-29 23:00:00,10868,11134.557968934876,10956.516
2025-12-30 00:00:00,10605,10745.03270808178,10653.003
2025-12-30 01:00:00,10462,10732.741907196121,10487.931
2025-12-30 02:00:00,10438,10572.269625316905,10327.873
2025-12-30 03:00:00,10357,10518.674030743903,10364.893
2025-12-30 04:00:00,10291,10441.359733719533,10283.578
2025-12-30 05:00:00,10273,10382.650221880076,10283.342
2025-12-30 06:00:00,10379,10393.142492973426,10408.815
2025-12-30 07:00:00,10662,10558.516299875826,10754.659
2025-12-30 08:00:00,11005,10868.526013472932,11074.737
2025-12-30 09:00:00,11256,11193.808383059813,11127.393
2025-12-30 10:00:00,11341,11412.146478591827,11298.249
2025-12-30 11:00:00,11419,11493.396167672909,11345.326
2025-12-30 12:00:00,11486,11543.493093623756,11389.967
2025-12-30 13:00:00,11513,11571.568925914975,11462.057
2025-12-30 14:00:00,11570,11566.719139473025,11455.965
2025-12-30 15:00:00,11601,11599.206758453898,11495.072
2025-12-30 16:00:00,11602,11646.108499380829,11598.639
2025-12-30 17:00:00,11748,11702.51632130534,11733.354
2025-12-30 18:00:00,11941,11862.150449212208,11869.573
2025-12-30 19:00:00,11778,11936.112491935983,11926.9375
2025-12-30 20:00:00,11633,11751.398862233038,11643.821
2025-12-30 21:00:00,11534,11599.969832481513,11469.664
2025-12-30 22:00:00,11318,11459.64119846532,11287.932
2025-12-30 23:00:00,11096,11192.737774635561,10989.142
2025-12-31 00:00:00,10809,10863.421684728493,10815.589
2025-12-31 01:00:00,10610,10857.827216249118,10583.898
2025-12-31 02:00:00,10500,10671.6058349068,10516.211
2025-12-31 03:00:00,10418,10547.011828684128,10429.816
2025-12-31 04:00:00,10410,10455.85249476797,10323.141
2025-12-31 05:00:00,10434,10443.115698021698,10392.043
2025-12-31 06:00:00,10577,10484.968699840107,10557.251
2025-12-31 07:00:00,10759,10674.563264301902,10889.209
2025-12-31 08:00:00,11032,10920.301761679983,11142.735
2025-12-31 09:00:00,11222,11206.473396246898,11135.053
2025-12-31 10:00:00,11327,11376.841151503286,11260.43
2025-12-31 11:00:00,11458,11486.939707536849,11349.235
2025-12-31 12:00:00,11521,11604.345090775909,11433.782
2025-12-31 13:00:00,11532,11638.606689993729,11495.841
2025-12-31 14:00:00,11499,11646.41258412337,11522.803
2025-12-31 15:00:00,11540,11617.441622501023,11528.562
2025-12-31 16:00:00,11604,11644.029068798945,11581.988
2025-12-31 17:00:00,11740,11732.243795677925,11753.821
2025-12-31 18:00:00,11896,11867.15072299336,11863.19
2025-12-31 19:00:00,11641,11904.150467274583,11879.593
2025-12-31 20:00:00,11385,11651.346087480684,11490.232
2025-12-31 21:00:00,11288,11414.82481497686,11258.363
2025-12-31 22:00:00,11100,11270.031693412306,11112.643
2025-12-31 23:00:00,10922,11053.775498661482,10877.554
2026-01-01 00:00:00,10768,10735.653404287417,10701.069
2026-01-01 01:00:00,10651,10814.144663761776,10591.166
2026-01-01 02:00:00,10584,10676.608297284472,10567.61
2026-01-01 03:00:00,10541,10587.57650621866,10509.053
2026-01-01 04:00:00,10439,10537.379464327683,10525.22
2026-01-01 05:00:00,10421,10452.34458830732,10483.145
2026-01-01 06:00:00,10467,10466.60262214473,10564.361
2026-01-01 07:00:00,10565,10542.156424043182,10889.906
2026-01-01 08:00:00,10676,10686.501865339143,10977.787
2026-01-01 09:00:00,10835,10825.973279280703,10841.612
2026-01-01 10:00:00,10931,10969.13010875121,10974.404
2026-01-01 11:00:00,11071,11072.146062489706,11017.6875
2026-01-01 12:00:00,11125,11185.733158778066,11152.206
2026-01-01 13:00:00,11244,11220.752263871398,11160.916
2026-01-01 14:00:00,11264,11290.965423067686,11269.581
2026-01-01 15:00:00,11296,11314.319811685162,11307.763
2026-01-01 16:00:00,11376,11359.359217680349,11365.393
2026-01-01 17:00:00,11521,11466.20889508646,11522.042
2026-01-01 18:00:00,11671,11598.26872810803,11686.342
2026-01-01 19:00:00,11542,11601.960222101861,11585.911
2026-01-01 20:00:00,11357,11425.90367077913,11442.507
2026-01-01 21:00:00,11220,11252.279074929895,11230.589
2026-01-01 22:00:00,11099,11093.447599831714,11050.463
2026-01-01 23:00:00,10981,10938.277772766716,10823.243
2026-01-02 00:00:00,10783,10727.584935423363,10754.93
2026-01-02 01:00:00,10609,10805.492034745292,10590.241
2026-01-02 02:00:00,10466,10641.251727671766,10565.239
2026-01-02 03:00:00,10424,10501.900515281555,10447.124
2026-01-02 04:00:00,10438,10430.857888807668,10387.455
2026-01-02 05:00:00,10455,10422.8735878039,10490.787
2026-01-02 06:00:00,10532,10441.15501872572,10589.102
2026-01-02 07:00:00,10797,10530.789144660284,10874.819
2026-01-02 08:00:00,11174,10771.234261982616,11054.501
2026-01-02 09:00:00,11413,11106.720379838629,11230.423
2026-01-02 10:00:00,11532,11317.585606600755,11431.708
2026-01-02 11:00:00,11620,11449.65637093881,11554.984
2026-01-02 12:00:00,11727,11530.5407162122,11622.905
2026-01-02 13:00:00,11757,11636.188347959529,11676.947
2026-01-02 14:00:00,11731,11652.61108207807,11726.792
2026-01-02 15:00:00,11737,11624.4987207305,11682.327
2026-01-02 16:00:00,11759,11641.190851944399,11762.548
2026-01-02 17:00:00,11865,11697.840592671366,11885.065
2026-01-02 18:00:00,11935,11822.279648823474,11992.253
2026-01-02 19:00:00,11842,11834.9792011315,11899.052
2026-01-02 20:00:00,11774,11705.809044876829,11770.901
2026-01-02 21:00:00,11678,11607.211482301398,11635.32
2026-01-02 22:00:00,11435,11483.378694190802,11506.962
2026-01-02 23:00:00,11315,11243.342204394225,11228.511
2026-01-03 00:00:00,11189,11052.688706968163,11050.742
2026-01-03 01:00:00,11043,11159.577905950338,11014.307
2026-01-03 02:00:00,10906,10999.504687210929,10932.177
2026-01-03 03:00:00,10780,10872.096493950512,10795.328
2026-01-03 04:00:00,10709,10765.891816205401,10708.1
2026-01-03 05:00:00,10701,10700.455452645254,10674.736
2026-01-03 06:00:00,10700,10704.001104365905,10724.421
2026-01-03 07:00:00,10866,10754.423896228496,10949.3955
2026-01-03 08:00:00,11122,10977.373516853471,11116.27
2026-01-03 09:00:00,11282,11237.304696252851,11257.068
2026-01-03 10:00:00,11403,11400.12438126377,11342.305
2026-01-03 11:00:00,11550,11529.48324460687,11481.326
2026-01-03 12:00:00,11647,11672.256502459344,11603.969
2026-01-03 13:00:00,11640,11745.64287815459,11641.702
2026-01-03 14:00:00,11639,11725.923326784043,11649.514
2026-01-03 15:00:00,11608,11714.728694694599,11649.514
2026-01-03 16:00:00,11649,11697.990433853844,11639.866
2026-01-03 17:00:00,11832,11766.811940053687,11811.508
2026-01-03 18:00:00,12046,11932.210648085738,11961.442
2026-01-03 19:00:00,11871,12055.312325974774,12067.785
2026-01-03 20:00:00,11740,11887.205214146661,11802.934
2026-01-03 21:00:00,11651,11746.71622165901,11679.193
2026-01-03 22:00:00,11516,11597.050714418567,11483.062
2026-01-03 23:00:00,11266,11430.318768395255,11308.494
2026-01-04 00:00:00,11012,11123.354538801821,11086.559
2026-01-04 01:00:00,10804,11138.695402182475,10879.087
2026-01-04 02:00:00,10681,10933.321725600386,10747.151
2026-01-04 03:00:00,10607,10795.830066777675,10635.842
2026-01-04 04:00:00,10561,10710.529592865378,10628.288
2026-01-04 05:00:00,10555,10662.379475959571,10585.125
2026-01-04 06:00:00,10626,10649.323675104928,10594.506
2026-01-04 07:00:00,10735,10731.275868058921,10872.303
2026-01-04 08:00:00,10931,10878.141913274823,11013.783
2026-01-04 09:00:00,11083,11061.004074792278,11073.476
2026-01-04 10:00:00,11177,11210.340046374335,11188.307
2026-01-04 11:00:00,11305,11322.411335006194,11268.865
2026-01-04 12:00:00,11312,11440.6468738714,11365.879
2026-01-04 13:00:00,11356,11432.390298104761,11343.701
2026-01-04 14:00:00,11316,11454.092643787708,11407.243
2026-01-04 15:00:00,11354,11404.562207662797,11347.985
2026-01-04 16:00:00,11553,11437.694413644565,11438.226
2026-01-04 17:00:00,11900,11638.405964280988,11758.789
2026-01-04 18:00:00,12153,11954.387482716758,12074.568
2026-01-04 19:00:00,11991,12075.979691652065,12083.466
2026-01-04 20:00:00,11868,11893.695483962892,11902.42
2026-01-04 21:00:00,11761,11751.475368539663,11779.297
2026-01-04 22:00:00,11546,11612.702006167674,11601.821
2026-01-04 23:00:00,11231,11352.56493372426,11317.401
2026-01-05 00:00:00,10935,11008.081320652258,10921.39
2026-01-05 01:00:00,10788,10971.900182740826,10758.634
2026-01-05 02:00:00,10670,10809.816337478027,10676.923
2026-01-05 03:00:00,10601,10683.250147767378,10624.718
2026-01-05 04:00:00,10602,10607.431444141203,10624.702
2026-01-05 05:00:00,10635,10596.458102064367,10661.822
2026-01-05 06:00:00,10821,10639.062482359883,10781.726
2026-01-05 07:00:00,11219,10822.089552243246,11124.964
2026-01-05 08:00:00,11575,11170.887402959908,11479.028
2026-01-05 09:00:00,11702,11497.702516049922,11709.396
2026-01-05 10:00:00,11734,11609.556386542692,11753.946
2026-01-05 11:00:00,11835,11658.833713187889,11758.225
2026-01-05 12:00:00,11899,11729.618252573118,11821.742
2026-01-05 13:00:00,11827,11778.294375622205,11867.672
2026-01-05 14:00:00,11760,11709.327314692455,11809.216
2026-01-05 15:00:00,11723,11662.988340476566,11760.463
2026-01-05 16:00:00,11755,11676.112109399815,11752.313
2026-01-05 17:00:00,11995,11790.931475763746,11876.893
2026-01-05 18:00:00,12238,12042.108661693774,12061.011
2026-01-05 19:00:00,12060,12158.95203072799,12064.301
2026-01-05 20:00:00,11883,11984.776700037448,11970.559
2026-01-05 21:00:00,11777,11809.526986183568,11769.843
2026-01-05 22:00:00,11581,11647.416259588199,11561.591
2026-01-05 23:00:00,11296,11382.40415964655,11295.012
2026-01-06 00:00:00,11057,11001.54090282414,11008.691
2026-01-06 01:00:00,10885,11030.332564301389,10809.393
2026-01-06 02:00:00,10755,10863.389829819565,10748.886
2026-01-06 03:00:00,10667,10731.09348116962,10676.248
2026-01-06 04:00:00,10596,10647.439823545723,10636.426
2026-01-06 05:00:00,10621,10589.340771735126,10621.261
2026-01-06 06:00:00,10793,10652.042839958985,10780.616
2026-01-06 07:00:00,11205,10893.264225100394,11094.936
2026-01-06 08:00:00,11676,11314.591133933885,11578.841
2026-01-06 09:00:00,11820,11719.467838028748,11714.794
2026-01-06 10:00:00,11784,11836.046195369114,11830.425
2026-01-06 11:00:00,11790,11831.248610937115,11786.083
2026-01-06 12:00:00,11736,11849.024113487232,11736.964
2026-01-06 13:00:00,11616,11786.65667143886,11642.885
2026-01-06 14:00:00,11549,11679.620664236298,11592.193
2026-01-06 15:00:00,11514,11615.629513293778,11524.272
2026-01-06 16:00:00,11546,11586.619711784411,11519.372
2026-01-06 17:00:00,11727,11670.85045080454,11662.238
2026-01-06 18:00:00,12013,11873.857220641028,11801.547
2026-01-06 19:00:00,11900,12020.351572192487,11932.678
2026-01-06 20:00:00,11736,11868.94855837529,11824.752
2026-01-06 21:00:00,11622,11700.35037593436,11571.515
2026-01-06 22:00:00,11429,11534.90210451018,11390.312
2026-01-06 23:00:00,11145,11290.42729485071,11139.753
2026-01-07 00:00:00,10837,10919.035581563978,10927.412
2026-01-07 01:00:00,10634,10882.542511634609,10700.539
2026-01-07 02:00:00,10570,10677.816007006804,10571.693
2026-01-07 03:00:00,10512,10590.691121984919,10488.887
2026-01-07 04:00:00,10465,10521.555760927042,10503.336
2026-01-07 05:00:00,10428,10484.658504982419,10516.119
2026-01-07 06:00:00,10594,10502.190658237661,10558.243
2026-01-07 07:00:00,10973,10729.132557298055,10993.614
2026-01-07 08:00:00,11491,11140.178332629117,11343.1
2026-01-07 09:00:00,11671,11575.466708899914,11603.816
2026-01-07 10:00:00,11616,11707.072849843367,11673.909
2026-01-07 11:00:00,11702,11674.034423661673,11647.839
2026-01-07 12:00:00,11643,11725.824085899092,11676.547
2026-01-07 13:00:00,11474,11647.730071383354,11594.238
2026-01-07 14:00:00,11420,11492.381720353847,11421.888
2026-01-07 15:00:00,11361,11440.08015681025,11390.463
2026-01-07 16:00:00,11415,11401.020920273451,11410.562
2026-01-07 17:00:00,11644,11488.487562265143,11551.41
2026-01-07 18:00:00,11969,11732.927039359223,11776.283
2026-01-07 19:00:00,11834,11911.221270758384,11906.381
2026-01-07 20:00:00,11717,11732.239327368314,11772.634
2026-01-07 21:00:00,11675,11598.050396888795,11568.688
2026-01-07 22:00:00,11484,11491.55906138108,11423.865
2026-01-07 23:00:00,11211,11255.304237853117,11213.652
2026-01-08 00:00:00,10926,10895.042360909765,10889.633
2026-01-08 01:00:00,10711,10880.705260889741,10703.298
2026-01-08 02:00:00,10586,10687.320742886808,10569.283
2026-01-08 03:00:00,10496,10565.547280544251,10485.496
2026-01-08 04:00:00,10466,10465.314153057067,10482.056
2026-01-08 05:00:00,10515,10423.435598902106,10520.289
2026-01-08 06:00:00,10695,10492.456138437006,10651.552
2026-01-08 07:00:00,11107,10712.402199439633,11059.507
2026-01-08 08:00:00,11581,11138.150838648105,11414.609
2026-01-08 09:00:00,11754,11544.17995890366,11689.555
2026-01-08 10:00:00,11698,11665.787319140423,11757.837
2026-01-08 11:00:00,11624,11650.464767845298,11706.012
2026-01-08 12:00:00,11687,11579.943766235972,11611.532
2026-01-08 13:00:00,11697,11597.453659442821,11595.246
2026-01-08 14:00:00,11695,11587.496319026142,11633.467
2026-01-08 15:00:00,11746,11568.992969039018,11633.467
2026-01-08 16:00:00,11780,11620.782501887454,11707.396
2026-01-08 17:00:00,11987,11705.44176985953,11822.479
2026-01-08 18:00:00,12218,11940.882934895622,11995.469
2026-01-08 19:00:00,12026,12059.97988623513,12013.054
2026-01-08 20:00:00,11880,11856.904800608843,12001.72
2026-01-08 21:00:00,11694,11709.887713444637,11764.033
2026-01-08 22:00:00,11482,11504.863361931031,11509.266
2026-01-08 23:00:00,11205,11262.778181344094,11226.578
2026-01-09 00:00:00,10921,10898.841924945324,10916.445
2026-01-09 01:00:00,10733,10875.186712496512,10689.469
2026-01-09 02:00:00,10643,10679.298201224363,10593.584
2026-01-09 03:00:00,10610,10577.799933110511,10582.538
2026-01-09 04:00:00,10559,10539.031296634426,10603.651
2026-01-09 05:00:00,10601,10504.542634114408,10572.684
2026-01-09 06:00:00,10785,10575.163450007223,10718.572
2026-01-09 07:00:00,11197,10826.702506159501,11153.847
2026-01-09 08:00:00,11695,11277.33390542259,11600.218
2026-01-09 09:00:00,11874,11710.463909058775,11761.619
2026-01-09 10:00:00,11828,11840.20334311851,11834.971
2026-01-09 11:00:00,11748,11792.648912049744,11821.666
2026-01-09 12:00:00,11740,11750.823704682203,11718.599
2026-01-09 13:00:00,11681,11741.749469571954,11695.726
2026-01-09 14:00:00,11722,11684.495362973024,11636.621
2026-01-09 15:00:00,11737,11717.943423697123,11661.504
2026-01-09 16:00:00,11718,11730.134526114862,11732.865
2026-01-09 17:00:00,11849,11764.326769827525,11792.488
2026-01-09 18:00:00,12022,11911.708551547976,11907.063
2026-01-09 19:00:00,11879,11979.23190086447,12032.842
2026-01-09 20:00:00,11753,11822.089139430007,11761.809
2026-01-09 21:00:00,11581,11665.679059498167,11629.095
2026-01-09 22:00:00,11373,11450.108492483354,11371.157
2026-01-09 23:00:00,11140,11209.568489596286,11118.25
2026-01-10 00:00:00,10847,10924.554952479544,10857.718
2026-01-10 01:00:00,10597,10903.593334410245,10680.728
2026-01-10 02:00:00,10415,10669.664022247258,10465.585
2026-01-10 03:00:00,10252,10499.770586425768,10312.576
2026-01-10 04:00:00,10198,10347.215749931234,10181.837
2026-01-10 05:00:00,10186,10304.88332515838,10193.841
2026-01-10 06:00:00,10245,10324.9592105596,10285.762
2026-01-10 07:00:00,10394,10468.127870138347,10501.089
2026-01-10 08:00:00,10548,10708.194123876217,10662.319
2026-01-10 09:00:00,10719,10871.261461329419,10726.897
2026-01-10 10:00:00,10896,10994.375650828797,10800.449
2026-01-10 11:00:00,11026,11118.361752698142,10945.113
2026-01-10 12:00:00,11155,11216.77486923296,11035.023
2026-01-10 13:00:00,11180,11290.548529353717,11140.114
2026-01-10 14:00:00,11153,11307.904827465489,11200.669
2026-01-10 15:00:00,11106,11276.394826941387,11150.325
2026-01-10 16:00:00,11093,11231.880091053348,11116.306
2026-01-10 17:00:00,11252,11263.030643073658,11183.51
2026-01-10 18:00:00,11540,11437.271870803846,11399.008
2026-01-10 19:00:00,11432,11590.952166215202,11452.236
2026-01-10 20:00:00,11247,11455.945743108565,11346.245
2026-01-10 21:00:00,11096,11258.710295374503,11126.582
2026-01-10 22:00:00,10951,11073.347492601702,10955.565
2026-01-10 23:00:00,10767,10872.394350215716,10758.951
2026-01-11 00:00:00,10518,10568.92772041969,10633.824
2026-01-11 01:00:00,10318,10559.44223430679,10330.126
2026-01-11 02:00:00,10142,10344.686124678003,10166.554
2026-01-11 03:00:00,10031,10158.559438649061,10034.69
2026-01-11 04:00:00,9960,10048.307108889781,10000.168
2026-01-11 05:00:00,9960,9982.341690350566,9985.821
2026-01-11 06:00:00,10007,9994.949359623382,10041.445
2026-01-11 07:00:00,10124,10067.022612267727,10183.8545
2026-01-11 08:00:00,10303,10204.160045126588,10356.952
2026-01-11 09:00:00,10490,10385.622129658823,10508.885
2026-01-11 10:00:00,10659,10567.027722825309,10633.622
2026-01-11 11:00:00,10793,10729.268318519962,10746.7705
2026-01-11 12:00:00,10863,10849.17486292914,10822.244
2026-01-11 13:00:00,10888,10903.496952562462,10866.112
2026-01-11 14:00:00,10883,10901.891224790807,10880.832
2026-01-11 15:00:00,10872,10883.653757714399,10880.832
2026-01-11 16:00:00,10943,10889.183799624014,10920.231
2026-01-11 17:00:00,11217,11012.696446172873,11099.829
2026-01-11 18:00:00,11495,11304.595408793137,11398.393
2026-01-11 19:00:00,11403,11461.379226763433,11468.709
2026-01-11 20:00:00,11251,11328.041879773316,11332.924
2026-01-11 21:00:00,11087,11159.158568260349,11177.48
2026-01-11 22:00:00,10866,10968.26933710241,10873.868
2026-01-11 23:00:00,10559,10713.246223489206,10605.798
2026-01-12 00:00:00,10309,10366.987396101891,10289.289
2026-01-12 01:00:00,10169,10375.820362024662,10106.073
2026-01-12 02:00:00,10016,10208.684857516937,10042.935
2026-01-12 03:00:00,9940,10052.10764529813,9943.831
2026-01-12 04:00:00,9918,9971.236376073186,9930.992
2026-01-12 05:00:00,9963,9950.481793019238,9962.935
2026-01-12 06:00:00,10098,10010.232316184525,10158.858
2026-01-12 07:00:00,10518,10180.220608207319,10493.356
2026-01-12 08:00:00,11066,10574.191710503077,10887.697
2026-01-12 09:00:00,11212,11036.585491614891,11137.9
2026-01-12 10:00:00,11232,11179.880806676438,11209.474
2026-01-12 11:00:00,11222,11229.63785111727,11217.399
2026-01-12 12:00:00,11192,11238.024166852068,11166.848
2026-01-12 13:00:00,11168,11203.834451210982,11125.283
2026-01-12 14:00:00,11160,11168.3057395504,11107.916
2026-01-12 15:00:00,11200,11147.103830340115,11106.385
2026-01-12 16:00:00,11268,11188.638308168569,11202.178
2026-01-12 17:00:00,11511,11321.53730951028,11357.83
2026-01-12 18:00:00,11682,11587.14810865853,11635.779
2026-01-12 19:00:00,11475,11665.032088037236,11548.454
2026-01-12 20:00:00,11298,11445.559826504843,11311.226
2026-01-12 21:00:00,11096,11255.257218819605,11166.763
2026-01-12 22:00:00,10875,11022.381752289273,10841.6455
2026-01-12 23:00:00,10547,10745.002982943317,10571.089
2026-01-13 00:00:00,10296,10345.474202006319,10250.845
2026-01-13 01:00:00,10112,10363.573561145244,10066.297
2026-01-13 02:00:00,9978,10167.041455150364,9962.994
2026-01-13 03:00:00,9914,10030.06588168997,9883.765
2026-01-13 04:00:00,9875,9959.47467619507,9867.336
2026-01-13 05:00:00,9932,9934.426009275312,9907.36
2026-01-13 06:00:00,10142,10020.035475542607,10093.713
2026-01-13 07:00:00,10475,10312.39077781666,10542.506
2026-01-13 08:00:00,10948,10732.162234028956,10937.876
2026-01-13 09:00:00,11090,11129.24149240015,11081.047
2026-01-13 10:00:00,11051,11226.863146894511,11101.18
2026-01-13 11:00:00,10994,11187.182050116977,11055.482
2026-01-13 12:00:00,10940,11121.760389667195,11025.457
2026-01-13 13:00:00,10870,11051.246080891322,10952.349
2026-01-13 14:00:00,10890,10978.957474180961,10880.727
2026-01-13 15:00:00,10939,10988.759437503662,10885.019
2026-01-13 16:00:00,11049,11034.86432552815,11013.261
2026-01-13 17:00:00,11249,11182.850615181433,11180.588
2026-01-13 18:00:00,11458,11395.61225658324,11441.361
2026-01-13 19:00:00,11265,11485.164838609237,11401.477
2026-01-13 20:00:00,11140,11272.320140095406,11231.281
2026-01-13 21:00:00,11048,11112.845525906812,11055.968
2026-01-13 22:00:00,10851,10963.083211114314,10852.139
2026-01-13 23:00:00,10526,10699.718342705562,10590.354
2026-01-14 00:00:00,10218,10293.079326635192,10233.189
2026-01-14 01:00:00,10094,10254.732237181614,10004.122
2026-01-14 02:00:00,10005,10116.177891173707,9938.841
2026-01-14 03:00:00,9905,10019.43846702713,9898.126
2026-01-14 04:00:00,9882,9921.257324693348,9856.841
2026-01-14 05:00:00,9924,9902.800502370224,9899.499
2026-01-14 06:00:00,10105,9992.023698220402,10099.385
2026-01-14 07:00:00,10522,10239.415659649292,10467.855
2026-01-14 08:00:00,11013,10712.889870871544,10949.461
2026-01-14 09:00:00,11167,11127.6279353,11125.731
2026-01-14 10:00:00,11090,11219.673507786221,11161.91
2026-01-14 11:00:00,11059,11152.48874187696,11064.382
2026-01-14 12:00:00,11020,11101.81354849251,11034.383
2026-01-14 13:00:00,10939,11027.261191251695,10982.739
2026-01-14 14:00:00,11021,10955.230048562893,10923.318
2026-01-14 15:00:00,11062,11011.35884133881,10990.551
2026-01-14 16:00:00,11028,11063.924598505788,11087.728
2026-01-14 17:00:00,11168,11101.721000539705,11097.667
2026-01-14 18:00:00,11437,11284.663732891384,11261.633
2026-01-14 19:00:00,11254,11419.918526255582,11306.376
2026-01-14 20:00:00,11112,11231.668447052421,11163.496
2026-01-14 21:00:00,10920,11090.708991225354,11000.913
2026-01-14 22:00:00,10659,10870.283681892994,10738.29
2026-01-14 23:00:00,10372,10560.359763693206,10405.181
2026-01-15 00:00:00,10159,10173.219318779147,10126.867
2026-01-15 01:00:00,9951,10217.69512017813,9957.605
2026-01-15 02:00:00,9867,10017.030731189578,9876.786
2026-01-15 03:00:00,9809,9912.23297276627,9812.824
2026-01-15 04:00:00,9801,9851.02258214775,9808.014
2026-01-15 05:00:00,9883,9851.864528815539,9841.97
2026-01-15 06:00:00,10056,9966.910114944038,10017.986
2026-01-15 07:00:00,10544,10231.054824805315,10433.144
2026-01-15 08:00:00,11135,10756.343689478881,10934.084
2026-01-15 09:00:00,11282,11248.204307276104,11206.833
2026-01-15 10:00:00,11280,11326.971242046135,11264.064
2026-01-15 11:00:00,11319,11301.201094907854,11264.064
2026-01-15 12:00:00,11362,11322.460328950323,11280.852
2026-01-15 13:00:00,11312,11331.049590661587,11318.324
2026-01-15 14:00:00,11316,11302.78889756523,11246.606
2026-01-15 15:00:00,11309,11313.140847466659,11254.428
2026-01-15 16:00:00,11375,11297.194807809357,11286.602
2026-01-15 17:00:00,11536,11395.57758100646,11441.54
2026-01-15 18:00:00,11804,11596.252559682522,11597.293
2026-01-15 19:00:00,11699,11726.462900391318,11702.382
2026-01-15 20:00:00,11557,11590.636065848175,11544.456
2026-01-15 21:00:00,11386,11411.116258616408,11389.737
2026-01-15 22:00:00,11137,11191.763986105625,11142.222
2026-01-15 23:00:00,10833,10900.04706999617,10821.441
2026-01-16 00:00:00,10566,10521.495701195357,10562.202
2026-01-16 01:00:00,10394,10511.901529155293,10322.323
2026-01-16 02:00:00,10263,10345.176456046665,10234.442
2026-01-16 03:00:00,10202,10222.24552136517,10139.509
2026-01-16 04:00:00,10216,10160.399891626728,10109.724
2026-01-16 05:00:00,10264,10186.175620812352,10197.383
2026-01-16 06:00:00,10460,10275.385253051858,10386.893
2026-01-16 07:00:00,10862,10572.424354003257,10831.638
2026-01-16 08:00:00,11347,11057.325215571927,11235.275
2026-01-16 09:00:00,11586,11468.538033820765,11430.091
2026-01-16 10:00:00,11570,11633.825183185407,11624.822
2026-01-16 11:00:00,11496,11611.70795711401,11587.244
2026-01-16 12:00:00,11416,11555.79409671554,11498.567
2026-01-16 13:00:00,11385,11468.694552955189,11369.235
2026-01-16 14:00:00,11441,11443.4103000619,11339.135
2026-01-16 15:00:00,11517,11477.788768374354,11388.69
2026-01-16 16:00:00,11485,11538.108166882575,11523.977
2026-01-16 17:00:00,11594,11556.315259891551,11625.711
2026-01-16 18:00:00,11797,11708.886235622718,11709.385
2026-01-16 19:00:00,11624,11811.59288363921,11748.665
2026-01-16 20:00:00,11469,11625.293919701438,11504.443
2026-01-16 21:00:00,11347,11440.505303619771,11336.743
2026-01-16 22:00:00,11193,11259.555427987403,11185.801
2026-01-16 23:00:00,10974,11039.949476960594,10939.83
2026-01-17 00:00:00,10714,10748.308046293185,10713.933
2026-01-17 01:00:00,10447,10742.77041620143,10519.503
2026-01-17 02:00:00,10342,10481.717203979528,10312.478
2026-01-17 03:00:00,10300,10359.763488293209,10226.22
2026-01-17 04:00:00,10248,10315.245369583274,10227.916
2026-01-17 05:00:00,10271,10275.595562242315,10230.559
2026-01-17 06:00:00,10362,10333.448341515883,10387.412
2026-01-17 07:00:00,10500,10497.067043225672,10573.874
2026-01-17 08:00:00,10701,10713.646558248993,10753.736
2026-01-17 09:00:00,10875,10926.931976673406,10876.87
2026-01-17 10:00:00,10982,11066.419614900406,10946.115
2026-01-17 11:00:00,11042,11137.426614811495,11048.767
2026-01-17 12:00:00,10977,11171.869503101407,11041.703
2026-01-17 13:00:00,10902,11109.292046692533,10970.544
2026-01-17 14:00:00,10804,11050.777700318622,10895.4
2026-01-17 15:00:00,10750,10976.301959514778,10834.23
2026-01-17 16:00:00,10828,10916.39731120086,10813.993
2026-01-17 17:00:00,10967,11008.108606009713,10928.258
2026-01-17 18:00:00,11278,11182.812747007814,11081.167
2026-01-17 19:00:00,11244,11355.940799981718,11214.792
2026-01-17 20:00:00,11118,11263.291683879823,11124.132
2026-01-17 21:00:00,11007,11112.83030880134,11028.193
2026-01-17 22:00:00,10847,10968.033555976852,10878.347
2026-01-17 23:00:00,10666,10767.061934685355,10665.203
2026-01-18 00:00:00,10448,10473.304953573115,10467.57
2026-01-18 01:00:00,10226,10484.297160310229,10259.304
2026-01-18 02:00:00,10132,10262.293669035387,10101.55
2026-01-18 03:00:00,10070,10158.416479053149,10047.21
2026-01-18 04:00:00,9999,10081.582144619593,10042.145
2026-01-18 05:00:00,10008,10023.140015794514,10040.982
2026-01-18 06:00:00,10058,10045.35883322206,10108.08
2026-01-18 07:00:00,10170,10117.270871241977,10252.298
2026-01-18 08:00:00,10326,10257.499581068398,10411.194
2026-01-18 09:00:00,10516,10425.676577212842,10520.382
2026-01-18 10:00:00,10687,10603.247088909811,10660.286
2026-01-18 11:00:00,10779,10752.130235955776,10793.065
2026-01-18 12:00:00,10894,10806.810546184985,10819.692
2026-01-18 13:00:00,10999,10871.39338411596,10896.493
2026-01-18 14:00:00,11036,10920.151386741414,11029.542
2026-01-18 15:00:00,10959,10926.707478926322,11014.085
2026-01-18 16:00:00,11051,10885.799886178413,10988.253
2026-01-18 17:00:00,11299,11006.063540820016,11143.485
2026-01-18 18:00:00,11559,11283.503749646872,11448.023
2026-01-18 19:00:00,11504,11455.503540234022,11493.238
2026-01-18 20:00:00,11385,11361.69879186193,11438.686
2026-01-18 21:00:00,11257,11220.366550163857,11249.529
2026-01-18 22:00:00,11064,11053.114932823417,11068.597
2026-01-18 23:00:00,10731,10820.5020265229,10793.463
2026-01-19 00:00:00,10488,10467.250975892273,10447.746
2026-01-19 01:00:00,10337,10477.91822584159,10257.562
2026-01-19 02:00:00,10229,10315.380261764118,10192.935
2026-01-19 03:00:00,10177,10201.953655370695,10139.838
2026-01-19 04:00:00,10148,10136.002819708836,10087.156
2026-01-19 05:00:00,10118,10113.161899226123,10157.316
2026-01-19 06:00:00,10295,10109.922696353036,10311.845
2026-01-19 07:00:00,10713,10313.161767040274,10689.108
2026-01-19 08:00:00,11235,10724.707658814963,11052.832
2026-01-19 09:00:00,11465,11170.360059009698,11299.42
2026-01-19 10:00:00,11453,11375.617791181421,11480.092
2026-01-19 11:00:00,11426,11377.505993968145,11476.169
2026-01-19 12:00:00,11411,11370.018989883103,11426.354
2026-01-19 13:00:00,11362,11369.821016769258,11380.791
2026-01-19 14:00:00,11247,11331.207422054458,11364.197
2026-01-19 15:00:00,11203,11224.793348662039,11209.027
2026-01-19 16:00:00,11212,11211.302661868232,11275.993
2026-01-19 17:00:00,11417,11292.120705547728,11380.79
2026-01-19 18:00:00,11674,11514.230766768222,11589.128
2026-01-19 19:00:00,11509,11660.063481161846,11564.947
2026-01-19 20:00:00,11341,11480.7600037644,11449.722
2026-01-19 21:00:00,11223,11291.72924020313,11241.379
2026-01-19 22:00:00,10963,11123.705894727289,11025.707
2026-01-19 23:00:00,10632,10805.09539565482,10663.927
2026-01-20 00:00:00,10325,10402.480624606109,10370.455
2026-01-20 01:00:00,10208,10373.431046120682,10123.588
2026-01-20 02:00:00,10178,10235.406498060172,10097.815
2026-01-20 03:00:00,10198,10184.11696051516,10093.557
2026-01-20 04:00:00,10264,10178.905030730033,10117.612
2026-01-20 05:00:00,10310,10220.921733841717,10259.693
2026-01-20 06:00:00,10481,10311.592277303233,10448.227
2026-01-20 07:00:00,10882,10563.48101812332,10820.209
2026-01-20 08:00:00,11347,11028.652991328147,11212.242
2026-01-20 09:00:00,11430,11436.710923529214,11428.457
2026-01-20 10:00:00,11424,11481.599285445103,11454.342
2026-01-20 11:00:00,11402,11454.181740764041,11463.607
2026-01-20 12:00:00,11354,11417.717767826522,11416.848
2026-01-20 13:00:00,11286,11352.458430647828,11343.237
2026-01-20 14:00:00,11160,11269.619668373463,11267.462
2026-01-20 15:00:00,11219,11162.205296889984,11167.186
2026-01-20 16:00:00,11267,11213.681997030944,11245.766
2026-01-20 17:00:00,11448,11310.77226392009,11389.861
2026-01-20 18:00:00,11612,11520.119298599695,11571.934
2026-01-20 19:00:00,11485,11574.24507157504,11478.616
2026-01-20 20:00:00,11451,11417.584656891586,11404.429
2026-01-20 21:00:00,11422,11345.98918112827,11266.985
2026-01-20 22:00:00,11277,11234.740813485116,11177.158
2026-01-20 23:00:00,10970,11004.081188618935,10948.575
2026-01-21 00:00:00,10683,10599.103622300645,10679.233
2026-01-21 01:00:00,10502,10601.501325272155,10462.799
2026-01-21 02:00:00,10411,10438.521577185946,10358.031
2026-01-21 03:00:00,10361,10352.348893283011,10281.41
2026-01-21 04:00:00,10379,10316.187753409906,10304.043
2026-01-21 05:00:00,10428,10335.638047298093,10433.067
2026-01-21 06:00:00,10604,10423.157508675802,10551.307
2026-01-21 07:00:00,11003,10685.69589248347,10970.941
2026-01-21 08:00:00,11439,11139.253515272694,11423.289
2026-01-21 09:00:00,11613,11496.08427311277,11536.055
2026-01-21 10:00:00,11613,11607.213914003654,11649.637
2026-01-21 11:00:00,11565,11589.16528188996,11654.17
2026-01-21 12:00:00,11556,11528.734973812876,11554.53
2026-01-21 13:00:00,11569,11488.301650955545,11526.663
2026-01-21 14:00:00,11503,11473.276588543738,11518.597
2026-01-21 15:00:00,11561,11432.915656230809,11473.683
2026-01-21 16:00:00,11654,11473.670950150738,11569.368
2026-01-21 17:00:00,11903,11592.088577321667,11773.643
2026-01-21 18:00:00,12099,11841.25449196123,12007.382
2026-01-21 19:00:00,12005,11929.854388592283,11966.624
2026-01-21 20:00:00,11860,11825.137232335886,11843.278
2026-01-21 21:00:00,11727,11676.1002804081,11731.704
2026-01-21 22:00:00,11489,11502.021110423546,11489.588
2026-01-21 23:00:00,11169,11210.889918722753,11236.481
2026-01-22 00:00:00,10891,10812.03050920549,10854.683
2026-01-22 01:00:00,10693,10795.597347540159,10674.134
2026-01-22 02:00:00,10595,10606.873026882917,10592.909
2026-01-22 03:00:00,10581,10505.372066702817,10502.33
2026-01-22 04:00:00,10632,10488.251187471515,10579.406
2026-01-22 05:00:00,10728,10538.55690567715,10671.011
2026-01-22 06:00:00,10950,10661.439348772295,10816.109
2026-01-22 07:00:00,11360,10966.988741585345,11199.175
2026-01-22 08:00:00,11652,11432.53401309258,11719.236
2026-01-22 09:00:00,11797,11701.43276314592,11760.364
2026-01-22 10:00:00,11860,11801.819754841543,11829.335
2026-01-22 11:00:00,11910,11835.672500484045,11865.0625
2026-01-22 12:00:00,11950,11868.703677782001,11894.746
2026-01-22 13:00:00,11901,11887.070048515347,11918.545
2026-01-22 14:00:00,11902,11828.379098458337,11872.511
2026-01-22 15:00:00,11913,11831.945321118195,11883.92
2026-01-22 16:00:00,11918,11859.657994073668,11913.096
2026-01-22 17:00:00,12065,11927.256077150067,12000.543
2026-01-22 18:00:00,12291,12105.792508341921,12155.256
2026-01-22 19:00:00,12250,12233.422255993833,12073.493
2026-01-22 20:00:00,12149,12144.030231897817,11993.63
2026-01-22 21:00:00,12047,12008.44190509024,11962.641
2026-01-22 22:00:00,11857,11839.758638368394,11835.595
2026-01-22 23:00:00,11626,11580.558547035134,11618.589
2026-01-23 00:00:00,11358,11244.58508295424,11382.96
2026-01-23 01:00:00,11130,11237.750840388702,11237.159
2026-01-23 02:00:00,10956,11019.633371680948,11072.402
2026-01-23 03:00:00,11009,10869.088406454253,10882.742
2026-01-23 04:00:00,10951,10912.801768220721,10984.702
2026-01-23 05:00:00,11000,10886.817254781832,10983.649
2026-01-23 06:00:00,11157,10987.274569104391,11121.153
2026-01-23 07:00:00,11547,11235.690186038866,11560.793
2026-01-23 08:00:00,11993,11644.714880359566,11893.821
2026-01-23 09:00:00,12129,12031.91557271111,11977.265
2026-01-23 10:00:00,12135,12138.210806125877,12047.465
2026-01-23 11:00:00,12155,12135.47554489765,12047.465
2026-01-23 12:00:00,12110,12139.601075467706,12017.935
2026-01-23 13:00:00,12054,12082.08661719413,12006.043
2026-01-23 14:00:00,11952,12037.88312637229,12005.401
2026-01-23 15:00:00,11870,11963.63117426504,11914.239
2026-01-23 16:00:00,12002,11889.385590198435,11850.169
2026-01-23 17:00:00,12128,12024.073869728485,12043.568
2026-01-23 18:00:00,12238,12184.029430954459,12156.893
2026-01-23 19:00:00,12127,12226.673499182227,12077.547
2026-01-23 20:00:00,11972,12091.506727355156,12025.818
2026-01-23 21:00:00,11839,11926.956191929354,11894.071
2026-01-23 22:00:00,11678,11756.257841721235,11736.812
2026-01-23 23:00:00,11430,11547.340281051684,11475.439
2026-01-24 00:00:00,11181,11236.284560242355,11238.918
2026-01-24 01:00:00,10968,11223.190195862942,11074.635
2026-01-24 02:00:00,10820,11002.074378149306,10858.507
2026-01-24 03:00:00,10738,10886.222058942714,10833.95
2026-01-24 04:00:00,10679,10795.065789204968,10763.631
2026-01-24 05:00:00,10656,10753.638375000368,10763.292
2026-01-24 06:00:00,10715,10770.893985655908,10786.672
2026-01-24 07:00:00,10857,10905.18387750783,10932.907
2026-01-24 08:00:00,11126,11121.42758545484,11089.993
2026-01-24 09:00:00,11305,11363.429096107684,11287.586
2026-01-24 10:00:00,11470,11501.916335590053,11377.86
2026-01-24 11:00:00,11644,11626.78659399232,11516.565
2026-01-24 12:00:00,11681,11728.79769893823,11672.687
2026-01-24 13:00:00,11649,11723.995377712907,11683.723
2026-01-24 14:00:00,11596,11654.532124439751,11676.111
2026-01-24 15:00:00,11539,11579.282394413154,11615.816
2026-01-24 16:00:00,11559,11563.381440417908,11579.102
2026-01-24 17:00:00,11586,11609.17419191805,11678.155
2026-01-24 18:00:00,11803,11679.445018469394,11726.015
2026-01-24 19:00:00,11768,11803.104294269937,11769.648
2026-01-24 20:00:00,11666,11717.496230443188,11663.044
2026-01-24 21:00:00,11646,11592.345244878607,11531.657
2026-01-24 22:00:00,11585,11512.1315780427,11443.605
2026-01-24 23:00:00,11384,11379.83533043115,11367.979
2026-01-25 00:00:00,11183,11077.311500209571,11157.018
2026-01-25 01:00:00,11057,11109.795031714964,11005.227
2026-01-25 02:00:00,10951,10961.185741066529,10913.656
2026-01-25 03:00:00,10913,10846.791534633508,10855.916
2026-01-25 04:00:00,10916,10787.184387386651,10832.65
2026-01-25 05:00:00,10946,10776.747047063813,10885.229
2026-01-25 06:00:00,11017,10809.881493727795,10973.279
2026-01-25 07:00:00,11102,10899.13377480747,11068.452
2026-01-25 08:00:00,11296,11031.397458456737,11196.769
2026-01-25 09:00:00,11494,11230.92153498187,11365.528
2026-01-25 10:00:00,11632,11428.163422782965,11526.47
2026-01-25 11:00:00,11666,11571.389267334944,11648.708
2026-01-25 12:00:00,11623,11609.699392394456,11651.387
2026-01-25 13:00:00,11612,11574.151968136375,11600.858
2026-01-25 14:00:00,11567,11549.650798146873,11608.066
2026-01-25 15:00:00,11560,11484.205813416489,11538.928
2026-01-25 16:00:00,11603,11486.094538367626,11571.042
2026-01-25 17:00:00,11751,11546.412391480677,11723.753
2026-01-25 18:00:00,12018,11728.787374576154,11875.163
2026-01-25 19:00:00,11977,11906.277886012565,12020.724
2026-01-25 20:00:00,11821,11829.129347500635,11882.809
2026-01-25 21:00:00,11676,11681.477507770693,11749.193
2026-01-25 22:00:00,11436,11524.504207759497,11460.82
2026-01-25 23:00:00,11134,11247.64208759926,11182.005
2026-01-26 00:00:00,10883,10920.885351307243,10911.052
2026-01-26 01:00:00,10684,10942.719373717677,10820.997
2026-01-26 02:00:00,10558,10745.723217123372,10684.375
2026-01-26 03:00:00,10526,10625.551122183762,10581.027
2026-01-26 04:00:00,10540,10587.817340096723,10592.164
2026-01-26 05:00:00,10619,10590.293914106063,10650.8125
2026-01-26 06:00:00,10802,10677.220036801244,10852.257
2026-01-26 07:00:00,11237,10877.14340154467,11184.509
2026-01-26 08:00:00,11684,11303.938153604133,11614.752
2026-01-26 09:00:00,11871,11703.505632649134,11779.067
2026-01-26 10:00:00,11932,11864.927049379028,11882.305
2026-01-26 11:00:00,11889,11906.051575802483,11932.91
2026-01-26 12:00:00,11898,11853.01142916553,11897.51
2026-01-26 13:00:00,11880,11842.351922646858,11878.032
2026-01-26 14:00:00,11925,11795.881039357031,11826.289
2026-01-26 15:00:00,11928,11813.732532124703,11880.092
2026-01-26 16:00:00,11941,11816.780196550737,11903.314
2026-01-26 17:00:00,11987,11873.280103793617,12013.123
2026-01-26 18:00:00,12120,11989.907817253985,12059.645
2026-01-26 19:00:00,12047,12052.350677348244,12045.18
2026-01-26 20:00:00,11983,11932.890660093804,11980.478
2026-01-26 21:00:00,11834,11829.753555271456,11860.592
2026-01-26 22:00:00,11576,11623.420163650835,11672.361
2026-01-26 23:00:00,11265,11312.542828368712,11256.479
2026-01-27 00:00:00,10960,10915.748326260817,10985.065
2026-01-27 01:00:00,10797,10886.80565038693,10724.3125
2026-01-27 02:00:00,10726,10724.082831412294,10644.657
2026-01-27 03:00:00,10685,10657.330320003644,10611.514
2026-01-27 04:00:00,10640,10628.921916637217,10600.051
2026-01-27 05:00:00,10636,10608.623879563609,10685.599
2026-01-27 06:00:00,10836,10657.509244667808,10760.508
2026-01-27 07:00:00,11212,10943.258684016462,11184.622
2026-01-27 08:00:00,11657,11372.127850764107,11597.978
2026-01-27 09:00:00,11786,11748.130953932632,11732.765
2026-01-27 10:00:00,11716,11847.814383739636,11783.042
2026-01-27 11:00:00,11663,11773.306915419244,11691.474
2026-01-27 12:00:00,11608,11718.945303568797,11635.803
2026-01-27 13:00:00,11493,11654.47086322506,11545.307
2026-01-27 14:00:00,11429,11550.508968256663,11485.384
2026-01-27 15:00:00,11366,11499.751116742349,11394.901
2026-01-27 16:00:00,11435,11450.157122265115,11389.36
2026-01-27 17:00:00,11670,11523.595299163107,11546.31
2026-01-27 18:00:00,11876,11739.019459179468,11818.868
2026-01-27 19:00:00,11758,11852.112307277259,11859.02
2026-01-27 20:00:00,11642,11736.420625979317,11689.451
2026-01-27 21:00:00,11527,11603.237262231041,11484.103
2026-01-27 22:00:00,11298,11433.223751392088,11314.17
2026-01-27 23:00:00,10976,11145.02747437988,11030.899
2026-01-28 00:00:00,10712,10730.672092857896,10696.067
2026-01-28 01:00:00,10620,10731.391410591292,10585.591
2026-01-28 02:00:00,10495,10625.195744848099,10592.643
2026-01-28 03:00:00,10460,10506.038294957294,10469.751
2026-01-28 04:00:00,10407,10462.69657722144,10479.502
2026-01-28 05:00:00,10439,10418.48624854184,10445.068
2026-01-28 06:00:00,10659,10498.413257162085,10603.204
2026-01-28 07:00:00,11035,10786.292007525135,11066.059
2026-01-28 08:00:00,11490,11211.17543015556,11418.78
2026-01-28 09:00:00,11644,11594.10425788961,11624.284
2026-01-28 10:00:00,11617,11685.702551724251,11664.422
2026-01-28 11:00:00,11612,11638.64637553687,11641.997
2026-01-28 12:00:00,11569,11613.043096704681,11604.449
2026-01-28 13:00:00,11569,11548.840937782948,11503.449
2026-01-28 14:00:00,11538,11517.680254695688,11493.835
2026-01-28 15:00:00,11470,11479.18671008518,11476.502
2026-01-28 16:00:00,11502,11445.774439531717,11466.337
2026-01-28 17:00:00,11642,11542.50759204523,11650.523
2026-01-28 18:00:00,11818,11705.760169457724,11807.452
2026-01-28 19:00:00,11700,11792.97872696735,11797.484
2026-01-28 20:00:00,11577,11650.740915201246,11611.809
2026-01-28 21:00:00,11400,11508.947542488426,11437.633
2026-01-28 22:00:00,11161,11286.706041929756,11212.567
2026-01-28 23:00:00,10921,10988.422132990192,10886.46
2026-01-29 00:00:00,10667,10646.521512262694,10674.776
2026-01-29 01:00:00,10488,10668.649243499001,10516.095
2026-01-29 02:00:00,10428,10485.586045958713,10354.991
2026-01-29 03:00:00,10325,10422.188208419997,10307.729
2026-01-29 04:00:00,10305,10330.780578903086,10279.114
2026-01-29 05:00:00,10290,10325.792407621988,10314.588
2026-01-29 06:00:00,10465,10380.85512971024,10444.713
2026-01-29 07:00:00,10865,10636.416828218631,10887.654
2026-01-29 08:00:00,11304,11062.476186480679,11274.659
2026-01-29 09:00:00,11383,11434.660391457537,11438.778
2026-01-29 10:00:00,11406,11488.256849191526,11455.352
2026-01-29 11:00:00,11388,11501.189190029349,11476.184
2026-01-29 12:00:00,11270,11474.220935200667,11424.001
2026-01-29 13:00:00,11214,11370.241646891996,11282.602
2026-01-29 14:00:00,11213,11312.214025747744,11243.131
2026-01-29 15:00:00,11191,11289.076165943941,11222.089
2026-01-29 16:00:00,11199,11270.190235169122,11268.244
2026-01-29 17:00:00,11351,11312.252903604829,11367.693
2026-01-29 18:00:00,11534,11485.282552292689,11523.565
2026-01-29 19:00:00,11492,11586.1717491918,11502.984
2026-01-29 20:00:00,11406,11506.637533562076,11466.098
2026-01-29 21:00:00,11349,11382.655217175552,11283.433
2026-01-29 22:00:00,11148,11255.609755150323,11117.134
2026-01-29 23:00:00,10838,11014.543194460795,10841.205
2026-01-30 00:00:00,10562,10623.66877232632,10578.345
2026-01-30 01:00:00,10358,10607.175643877976,10338.274
2026-01-30 02:00:00,10210,10409.257776336777,10232.16
2026-01-30 03:00:00,10159,10273.782817106428,10129.847
2026-01-30 04:00:00,10182,10214.773120789088,10089.503
2026-01-30 05:00:00,10265,10226.692830949412,10197.512
2026-01-30 06:00:00,10412,10338.148093723168,10410.045
2026-01-30 07:00:00,10762,10575.832750634514,10796.114
2026-01-30 08:00:00,11208,10981.998447828983,11178.016
2026-01-30 09:00:00,11436,11343.937461143552,11331.954
2026-01-30 10:00:00,11528,11513.50534557286,11451.969
2026-01-30 11:00:00,11590,11573.667771279814,11521.959
2026-01-30 12:00:00,11622,11582.102290070488,11544.697
2026-01-30 13:00:00,11571,11579.395271930218,11572.53
2026-01-30 14:00:00,11552,11519.866421591336,11506.003
2026-01-30 15:00:00,11498,11482.384628201407,11499.948
2026-01-30 16:00:00,11481,11452.027214927735,11496.273
2026-01-30 17:00:00,11541,11479.956765109584,11603.408
2026-01-30 18:00:00,11693,11570.301311417405,11635.423
2026-01-30 19:00:00,11565,11653.089455681295,11604.498
2026-01-30 20:00:00,11399,11509.754801106448,11422.876
2026-01-30 21:00:00,11272,11346.85543936066,11251.567
2026-01-30 22:00:00,11116,11179.101302824181,11085.552
2026-01-30 23:00:00,10868,10954.827815170134,10825.558
2026-01-31 00:00:00,10591,10644.905817477797,10604.465
2026-01-31 01:00:00,10354,10624.126328273125,10366.812
2026-01-31 02:00:00,10176,10386.468612304447,10200.937
2026-01-31 03:00:00,10112,10222.520336449958,10065.286
2026-01-31 04:00:00,10057,10162.807284436183,10035.681
2026-01-31 05:00:00,10069,10127.126282535912,10073.147
2026-01-31 06:00:00,10082,10165.663335779307,10158.545
2026-01-31 07:00:00,10211,10258.1290516287,10318.648
2026-01-31 08:00:00,10428,10474.850185579106,10450.648
2026-01-31 09:00:00,10612,10699.63080033203,10598.8955
2026-01-31 10:00:00,10724,10868.861556664218,10714.678
2026-01-31 11:00:00,10746,10978.255474744634,10790.696
2026-01-31 12:00:00,10776,10995.77355402886,10747.762
2026-01-31 13:00:00,10730,10992.72337014958,10764.982
2026-01-31 14:00:00,10689,10936.580981108857,10726.915
2026-01-31 15:00:00,10673,10876.156069076438,10717.324
2026-01-31 16:00:00,10725,10852.179257690368,10698.929
2026-01-31 17:00:00,10876,10896.963978548789,10858.298
2026-01-31 18:00:00,11136,11060.734095356038,11027.999
2026-01-31 19:00:00,11184,11214.918323303797,11118.109
2026-01-31 20:00:00,11076,11192.752320218895,11155.24
2026-01-31 21:00:00,10972,11072.124798234863,11025.405
2026-01-31 22:00:00,10813,10942.677486127473,10867.203
2026-01-31 23:00:00,10556,10734.728882155905,10667.323
2026-02-01 00:00:00,10317,10382.935606049205,10371.217
2026-02-01 01:00:00,10123,10395.089545848272,10122.481
2026-02-01 02:00:00,10014,10189.056488251013,10029.729
2026-02-01 03:00:00,9925,10079.743105833044,9961.52
2026-02-01 04:00:00,9862,9992.729457135116,9940.171
2026-02-01 05:00:00,9847,9943.100355858025,9888.613
2026-02-01 06:00:00,9925,9935.508082209175,9926.221
2026-02-01 07:00:00,10093,10024.391266113033,10118.32
2026-02-01 08:00:00,10288,10213.917148918565,10283.124
2026-02-01 09:00:00,10487,10417.193217471598,10477.819
2026-02-01 10:00:00,10628,10600.350192977903,10606.433
2026-02-01 11:00:00,10774,10707.126514222482,10705.154
2026-02-01 12:00:00,10816,10809.359790989287,10815.964
2026-02-01 13:00:00,10810,10821.91760898804,10847.066
2026-02-01 14:00:00,10836,10794.98330271481,10824.313
2026-02-01 15:00:00,10862,10802.37104108257,10850.74
2026-02-01 16:00:00,10939,10831.068461691031,10907.267
2026-02-01 17:00:00,11142,10932.82726307889,11071.184
2026-02-01 18:00:00,11407,11168.108631670935,11299.078
2026-02-01 19:00:00,11295,11364.564227025925,11360.609
2026-02-01 20:00:00,11164,11228.859978320086,11207.236
2026-02-01 21:00:00,11041,11080.952395701825,11049.17
2026-02-01 22:00:00,10853,10914.880773364577,10885.603
2026-02-01 23:00:00,10598,10670.905001206998,10631.134
2026-02-02 00:00:00,10312,10372.234176224862,10333.836
2026-02-02 01:00:00,10134,10348.954133320061,10112.397
2026-02-02 02:00:00,10024,10166.692915391182,10000.818
2026-02-02 03:00:00,9927,10052.074285275401,9952.93
2026-02-02 04:00:00,9912,9958.628233362104,9942.752
2026-02-02 05:00:00,9985,9946.21532504543,9974.614
2026-02-02 06:00:00,10200,10033.575860526807,10137.656
2026-02-02 07:00:00,10584,10280.34056677704,10595.38
2026-02-02 08:00:00,11094,10662.420870674063,10902.261
2026-02-02 09:00:00,11242,11106.681725892291,11156.227
2026-02-02 10:00:00,11221,11249.818583168788,11232.633
2026-02-02 11:00:00,11188,11253.310457338195,11193.048
2026-02-02 12:00:00,11105,11231.089743924054,11149.7295
2026-02-02 13:00:00,11092,11157.521954218706,11029.055
2026-02-02 14:00:00,11074,11151.4781098691,11036.866
2026-02-02 15:00:00,11055,11136.12772505345,11041.321
2026-02-02 16:00:00,11141,11131.818393222735,11040.89
2026-02-02 17:00:00,11343,11237.628199839879,11252.364
2026-02-02 18:00:00,11490,11455.38054043069,11470.536
2026-02-02 19:00:00,11372,11524.416079836954,11442.43
2026-02-02 20:00:00,11213,11390.976053568591,11269.544
2026-02-02 21:00:00,11114,11217.4132086245,11113.229
2026-02-02 22:00:00,10853,11060.930735264807,10922.603
2026-02-02 23:00:00,10590,10761.319567073208,10617.497
2026-02-03 00:00:00,10354,10394.527986532608,10321.438
2026-02-03 01:00:00,10178,10417.334935977035,10150.885
2026-02-03 02:00:00,10084,10243.795892677988,10028.68
2026-02-03 03:00:00,10000,10138.68617856443,9960.033
2026-02-03 04:00:00,9973,10058.115097083572,9929.399
2026-02-03 05:00:00,9969,10044.243012690677,10013.742
2026-02-03 06:00:00,10134,10104.223972858921,10139.377
2026-02-03 07:00:00,10586,10350.376326495769,10516.265
2026-02-03 08:00:00,11084,10848.564529875815,11012.349
2026-02-03 09:00:00,11192,11263.137155805658,11200.371
2026-02-03 10:00:00,11205,11322.363620548958,11219.502
2026-02-03 11:00:00,11123,11309.520270098483,11237.99
2026-02-03 12:00:00,11082,11214.057872704101,11132.836
2026-02-03 13:00:00,11084,11156.837601096233,11091.71
2026-02-03 14:00:00,11044,11137.356399625356,11099.521
2026-02-03 15:00:00,11065,11086.249264103115,11047.247
2026-02-03 16:00:00,11131,11120.60057757158,11129.297
2026-02-03 17:00:00,11293,11234.283369153152,11299.571
2026-02-03 18:00:00,11503,11405.771479608344,11436.432
2026-02-03 19:00:00,11448,11515.532453227428,11441.828
2026-02-03 20:00:00,11325,11416.856784829692,11309.771
2026-02-03 21:00:00,11193,11279.726731393246,11173.444
2026-02-03 22:00:00,11016,11086.587447603048,10948.792
2026-02-03 23:00:00,10706,10847.370404875448,10731.1045
2026-02-04 00:00:00,10453,10461.002442863984,10416.23
2026-02-04 01:00:00,10233,10480.130464830716,10255.165
2026-02-04 02:00:00,10049,10269.482929403443,10087.61
2026-02-04 03:00:00,9932,10099.64780201931,9993.456
2026-02-04 04:00:00,9878,9990.078923525596,9922.321
2026-02-04 05:00:00,9912,9943.914229955568,9917.186
2026-02-04 06:00:00,10110,10024.543954925943,10061.788
2026-02-04 07:00:00,10479,10310.097336162471,10495.825
2026-02-04 08:00:00,11003,10744.702869784347,10931.55
2026-02-04 09:00:00,11041,11173.444645645115,11124.979
2026-02-04 10:00:00,11021,11192.685080259876,11049.344
2026-02-04 11:00:00,11005,11150.650027192682,11058.241
2026-02-04 12:00:00,10999,11115.66807701351,11035.627
2026-02-04 13:00:00,10917,11102.947427943414,11027.416
2026-02-04 14:00:00,10921,11019.971566245818,10923.301
2026-02-04 15:00:00,10968,11010.381448544977,10927.831
2026-02-04 16:00:00,10983,11055.770305192447,10989.233
2026-02-04 17:00:00,11153,11111.530007766309,11062.074
2026-02-04 18:00:00,11355,11298.498747230622,11242.544
2026-02-04 19:00:00,11233,11414.706990718327,11233.33
2026-02-04 20:00:00,11179,11270.973879957137,11121.425
2026-02-04 21:00:00,11035,11169.961382187106,11082.123
2026-02-04 22:00:00,10833,10983.525111490113,10876.396
2026-02-04 23:00:00,10515,10724.837764004882,10575.926
2026-02-05 00:00:00,10274,10329.366506561479,10293.81
2026-02-05 01:00:00,10056,10336.304236542363,10088.947
2026-02-05 02:00:00,9959,10116.173193574494,9976.264
2026-02-05 03:00:00,9896,9996.027509053361,9896.442
2026-02-05 04:00:00,9870,9925.712209909912,9870.293
2026-02-05 05:00:00,9943,9903.275569350486,9906.065
2026-02-05 06:00:00,10155,10014.302325114868,10097.677
2026-02-05 07:00:00,10582,10295.600590236334,10540.401
2026-02-05 08:00:00,11041,10777.147432214466,10991.947
2026-02-05 09:00:00,11136,11132.661862704084,11097.154
2026-02-05 10:00:00,11070,11194.383749901015,11113.182
2026-02-05 11:00:00,11064,11130.298939540406,11052.642
2026-02-05 12:00:00,11073,11100.562273974412,11024.499
2026-02-05 13:00:00,11026,11073.901028079268,11008.548
2026-02-05 14:00:00,11001,11030.537418628368,10971.37
2026-02-05 15:00:00,10922,11009.948149756112,10974.749
2026-02-05 16:00:00,10920,10945.274352542296,10921.067
2026-02-05 17:00:00,11083,10990.25015621659,11011.263
2026-02-05 18:00:00,11304,11170.06521599141,11242.877
2026-02-05 19:00:00,11266,11295.008957941809,11269.312
2026-02-05 20:00:00,11184,11233.831484776114,11216.06
2026-02-05 21:00:00,11075,11126.464085067584,11114.755
2026-02-05 22:00:00,10900,10967.006540426484,10913.158
2026-02-05 23:00:00,10652,10718.714509869467,10629.586
2026-02-06 00:00:00,10385,10376.424525188568,10418.711
2026-02-06 01:00:00,10179,10361.878501645004,10186.932
2026-02-06 02:00:00,10050,10158.331577821502,10056.633
2026-02-06 03:00:00,10011,10032.676589790673,9989.567
2026-02-06 04:00:00,9991,9992.109399091889,9951.096
2026-02-06 05:00:00,10100,9994.91487974435,10022.753
2026-02-06 06:00:00,10252,10132.76369163332,10241.014
2026-02-06 07:00:00,10695,10374.998179543853,10638.896
2026-02-06 08:00:00,11130,10855.420945754831,11103.757
2026-02-06 09:00:00,11287,11224.02021848619,11212.0625
2026-02-06 10:00:00,11284,11331.695837210458,11257.735
2026-02-06 11:00:00,11315,11328.05197285113,11257.735
2026-02-06 12:00:00,11246,11349.053866815873,11249.45
2026-02-06 13:00:00,11186,11272.03095744951,11171.315
2026-02-06 14:00:00,11205,11210.725503494972,11132.048
2026-02-06 15:00:00,11197,11193.163488673037,11139.49
2026-02-06 16:00:00,11159,11176.37114544525,11160.997
2026-02-06 17:00:00,11242,11181.975603179519,11239.233
2026-02-06 18:00:00,11300,11302.647526833654,11323.008
2026-02-06 19:00:00,11243,11312.821826508076,11197.679
2026-02-06 20:00:00,11172,11222.024057388346,11096.695
2026-02-06 21:00:00,11069,11119.932651118856,11045.319
2026-02-06 22:00:00,10880,10975.880643219585,10882.352
2026-02-06 23:00:00,10588,10739.672999377763,10618.542
2026-02-07 00:00:00,10312,10394.224173334671,10319.465
2026-02-07 01:00:00,10115,10370.44477688699,10102.961
2026-02-07 02:00:00,10041,10162.847365009204,9965.838
2026-02-07 03:00:00,9958,10081.318792042715,9967.697
2026-02-07 04:00:00,9907,9998.026870999758,9926.035
2026-02-07 05:00:00,9949,9975.035822558835,9941.88
2026-02-07 06:00:00,9999,10031.16495403357,10060.164
2026-02-07 07:00:00,10162,10170.034411168856,10203.455
2026-02-07 08:00:00,10397,10402.500210836157,10420.994
2026-02-07 09:00:00,10581,10625.537848542855,10563.669
2026-02-07 10:00:00,10666,10766.988228682103,10678.5625
2026-02-07 11:00:00,10781,10829.962936843222,10729.571
2026-02-07 12:00:00,10805,10895.203123410522,10773.913
2026-02-07 13:00:00,10796,10884.415746894145,10820.983
2026-02-07 14:00:00,10775,10866.228952560643,10807.072
2026-02-07 15:00:00,10791,10836.254135478299,10772.974
2026-02-07 16:00:00,10769,10836.573692688826,10822.797
2026-02-07 17:00:00,10843,10846.612601774914,10847.932
2026-02-07 18:00:00,11046,10938.429581477607,10921.002
2026-02-07 19:00:00,11128,11076.14549575639,10937.041
2026-02-07 20:00:00,11026,11099.369945260749,11011.782
2026-02-07 21:00:00,10917,10977.64320214509,10901.459
2026-02-07 22:00:00,10754,10825.129316878754,10727.662
2026-02-07 23:00:00,10552,10597.170384409488,10506.901
2026-02-08 00:00:00,10370,10286.683241325367,10283.467
2026-02-08 01:00:00,10185,10341.19532231462,10161.286
2026-02-08 02:00:00,10108,10163.038888808878,10016.182
2026-02-08 03:00:00,10037,10066.812298152241,9968.538
2026-02-08 04:00:00,9952,9985.237927531949,9929.177
2026-02-08 05:00:00,9932,9919.06239726384,9940.246
2026-02-08 06:00:00,10010,9915.594677878917,10029.398
2026-02-08 07:00:00,10161,10021.689719975211,10166.443
2026-02-08 08:00:00,10391,10201.603676964618,10350.704
2026-02-08 09:00:00,10525,10430.499497778581,10504.908
2026-02-08 10:00:00,10693,10558.639418121682,10602.035
2026-02-08 11:00:00,10758,10719.37586185788,10736.291
2026-02-08 12:00:00,10733,10769.6067194404,10768.054
2026-02-08 13:00:00,10709,10738.412506880784,10733.874
2026-02-08 14:00:00,10679,10710.00555876129,10704.942
2026-02-08 15:00:00,10631,10685.156715847615,10673.5625
2026-02-08 16:00:00,10619,10644.976326764723,10678.766
2026-02-08 17:00:00,10729,10668.417861326909,10758.815
2026-02-08 18:00:00,10907,10819.746783927501,10844.151
2026-02-08 19:00:00,10992,10947.653801446804,10875.673
2026-02-08 20:00:00,11011,10963.734335410423,10934.071
2026-02-08 21:00:00,10892,10929.75801208211,10902.947
2026-02-08 22:00:00,10812,10772.099715216284,10723.133
2026-02-08 23:00:00,10545,10626.67016049215,10521.584
2026-02-09 00:00:00,10282,10325.806115632571,10293.581
2026-02-09 01:00:00,10096,10323.468709520937,10087.151
2026-02-09 02:00:00,10024,10143.344729304103,10012.77
2026-02-09 03:00:00,9999,10052.077076735975,10002.651
2026-02-09 04:00:00,9987,10003.9751862742,9962.862
2026-02-09 05:00:00,10042,9990.88460670245,10000.695
2026-02-09 06:00:00,10264,10067.976344051778,10219.831
2026-02-09 07:00:00,10701,10308.065920745817,10652.4
2026-02-09 08:00:00,11088,10744.184501946926,11063.405
2026-02-09 09:00:00,11159,11072.791705519789,11180.043
2026-02-09 10:00:00,11173,11155.327018044638,11205.1875
2026-02-09 11:00:00,11055,11168.554002073233,11194.85
2026-02-09 12:00:00,11050,11055.868959794723,11025.361
2026-02-09 13:00:00,11040,11037.145398373144,11005.238
2026-02-09 14:00:00,11001,11012.70542136041,11017.703
2026-02-09 15:00:00,11011,10962.713730031182,11017.031
2026-02-09 16:00:00,11082,10970.977983010578,11060.068
2026-02-09 17:00:00,11250,11065.872858539384,11148.348
2026-02-09 18:00:00,11348,11241.660871583465,11373.029
2026-02-09 19:00:00,11399,11310.597909783904,11261.8955
2026-02-09 20:00:00,11258,11324.55320887792,11284.159
2026-02-09 21:00:00,11184,11171.931437821235,11118.902
2026-02-09 22:00:00,11082,11056.860159969467,10959.316
2026-02-09 23:00:00,10771,10880.32148575853,10788.361
2026-02-10 00:00:00,10497,10490.808324315407,10519.574
2026-02-10 01:00:00,10282,10481.069105107616,10275.448
2026-02-10 02:00:00,10167,10282.965203914819,10148.896
2026-02-10 03:00:00,10101,10171.230776970391,10062.008
2026-02-10 04:00:00,10123,10106.614143108694,10006.199
2026-02-10 05:00:00,10196,10125.423023232745,10151.799
2026-02-10 06:00:00,10383,10239.99940434088,10340.347
2026-02-10 07:00:00,10834,10523.573755405881,10720.54
2026-02-10 08:00:00,11270,11001.244756379676,11236.645
2026-02-10 09:00:00,11379,11350.000592354421,11339.082
2026-02-10 10:00:00,11377,11428.189237187653,11357.125
2026-02-10 11:00:00,11266,11382.170029700896,11357.125
2026-02-10 12:00:00,11149,11283.356876426436,11225.679
2026-02-10 13:00:00,11023,11184.257124776588,11108.035
2026-02-10 14:00:00,10979,11066.63902572668,10990.589
2026-02-10 15:00:00,10962,11029.168458610351,10966.121
2026-02-10 16:00:00,11006,11030.88066768788,10985.206
2026-02-10 17:00:00,11075,11111.119405300631,11129.431
2026-02-10 18:00:00,11291,11201.7425547883,11239.636
2026-02-10 19:00:00,11414,11359.393909950184,11210.15
2026-02-10 20:00:00,11318,11397.239744899522,11291.978
2026-02-10 21:00:00,11193,11283.068638843086,11156.005
2026-02-10 22:00:00,11021,11135.032738812333,11002.832
2026-02-10 23:00:00,10713,10889.679040916559,10742.004
2026-02-11 00:00:00,10420,10497.349913968914,10450.626
2026-02-11 01:00:00,10221,10460.84404269338,10184.944
2026-02-11 02:00:00,10061,10253.261745770413,10107.266
2026-02-11 03:00:00,10036,10094.21459020562,10040.865
2026-02-11 04:00:00,10009,10063.516432952405,10015.812
2026-02-11 05:00:00,10055,10053.5106822151,10089.364
2026-02-11 06:00:00,10271,10143.96472623336,10225.889
2026-02-11 07:00:00,10687,10440.887491391219,10671.117
2026-02-11 08:00:00,11199,10905.081308955268,11110.757
2026-02-11 09:00:00,11204,11308.866986656989,11316.364
2026-02-11 10:00:00,11142,11300.001961221222,11256.808
2026-02-11 11:00:00,11080,11217.724260252156,11160.911
2026-02-11 12:00:00,11031,11135.690232578761,11091.203
2026-02-11 13:00:00,10977,11051.899716092656,11020.974
2026-02-11 14:00:00,10983,10993.199257091272,10956.833
2026-02-11 15:00:00,10928,10991.116223180647,10963.237
2026-02-11 16:00:00,10954,10951.82174848564,10931.708
2026-02-11 17:00:00,11078,10998.6286505927,11066.788
2026-02-11 18:00:00,11248,11154.798972006014,11228.475
2026-02-11 19:00:00,11399,11284.07483424635,11178.227
2026-02-11 20:00:00,11268,11361.077666301848,11318.903
2026-02-11 21:00:00,11117,11207.868807703937,11166.157
2026-02-11 22:00:00,10893,11022.002045198738,10944.699
2026-02-11 23:00:00,10629,10737.057718360235,10599.659
2026-02-12 00:00:00,10387,10375.2977723469,10371.5205
2026-02-12 01:00:00,10211,10380.896186745778,10175.401
2026-02-12 02:00:00,10084,10192.688040060531,10076.545
2026-02-12 03:00:00,9997,10074.164560955336,10008.294
2026-02-12 04:00:00,9968,9989.96105145606,9971.25
2026-02-12 05:00:00,10008,9978.013077359485,10039.053
2026-02-12 06:00:00,10213,10072.229481348866,10175.669
2026-02-12 07:00:00,10644,10361.226456631875,10590.585
2026-02-12 08:00:00,11011,10844.966502613906,11075.995
2026-02-12 09:00:00,11072,11125.109345412986,11118.337
2026-02-12 10:00:00,11088,11139.900174074215,11104.314
2026-02-12 11:00:00,11043,11128.552942965176,11117.878
2026-02-12 12:00:00,10995,11076.053507843548,11028.747
2026-02-12 13:00:00,11012,11013.211076350972,11005.342
2026-02-12 14:00:00,11013,11014.990952634429,11007.719
2026-02-12 15:00:00,10997,10984.72831377495,11004.34
2026-02-12 16:00:00,10974,10969.183953722777,11030.937
2026-02-12 17:00:00,11060,10990.001643263176,11072.031
2026-02-12 18:00:00,11272,11110.307742428182,11224.029
2026-02-12 19:00:00,11378,11288.294087659215,11203.909
2026-02-12 20:00:00,11283,11320.58593540489,11263.078
2026-02-12 21:00:00,11140,11193.669866165066,11157.72
2026-02-12 22:00:00,10937,11006.625072449751,10901.088
2026-02-12 23:00:00,10683,10756.567567596217,10669.179
2026-02-13 00:00:00,10389,10409.92485310248,10418.241
2026-02-13 01:00:00,10179,10382.780823308753,10176.986
2026-02-13 02:00:00,10054,10171.954774796988,10057.452
2026-02-13 03:00:00,10003,10045.218489580537,10003.176
2026-02-13 04:00:00,9979,9988.718248443294,9944.275
2026-02-13 05:00:00,9986,9984.114180406457,10035.311
2026-02-13 06:00:00,10166,10043.52334668881,10155.038
2026-02-13 07:00:00,10515,10318.978580453977,10541.459
2026-02-13 08:00:00,10945,10706.939825412137,10960.963
2026-02-13 09:00:00,11085,11054.62808051057,11082.2705
2026-02-13 10:00:00,11110,11153.555335456538,11163.454
2026-02-13 11:00:00,10999,11158.373857881377,11143.046
2026-02-13 12:00:00,10920,11046.737103406642,11015.331
2026-02-13 13:00:00,10905,10973.82628123185,10911.204
2026-02-13 14:00:00,10893,10955.920822321348,10897.584
2026-02-13 15:00:00,10821,10932.267535816403,10922.751
2026-02-13 16:00:00,10773,10859.841020237041,10884.795
2026-02-13 17:00:00,10826,10843.687657107654,10900.235
2026-02-13 18:00:00,10955,10926.686848953525,10954.769
2026-02-13 19:00:00,11110,11028.950275148698,10935.9795
2026-02-13 20:00:00,11011,11106.63844112807,11059.144
2026-02-13 21:00:00,10908,10979.01905147359,10934.187
2026-02-13 22:00:00,10822,10824.329406837851,10751.841
2026-02-13 23:00:00,10627,10658.172250748614,10594.2295
2026-02-14 00:00:00,10404,10379.902723330513,10392.394
2026-02-14 01:00:00,10244,10400.427769978167,10180.207
2026-02-14 02:00:00,10099,10234.747355962541,10094.357
2026-02-14 03:00:00,10034,10094.901459006858,9988.893
2026-02-14 04:00:00,9955,10024.961388667278,9942.927
2026-02-14 05:00:00,9945,9963.02751698518,9971.992
2026-02-14 06:00:00,9988,9990.886208420017,10063.899
2026-02-14 07:00:00,10153,10108.9406360933,10187.309
2026-02-14 08:00:00,10353,10344.80136015753,10410.916
2026-02-14 09:00:00,10500,10538.312568417237,10514.989
2026-02-14 10:00:00,10657,10654.859994897744,10629.871
2026-02-14 11:00:00,10710,10754.322553429378,10692.285
2026-02-14 12:00:00,10767,10771.087335081955,10708.489
2026-02-14 13:00:00,10693,10800.282354092426,10748.946
2026-02-14 14:00:00,10624,10729.550201496253,10678.953
2026-02-14 15:00:00,10551,10654.5685327915,10623.229
2026-02-14 16:00:00,10565,10576.774573283214,10550.662
2026-02-14 17:00:00,10634,10598.600755584395,10625.839
2026-02-14 18:00:00,10879,10694.823823969395,10704.945
2026-02-14 19:00:00,11044,10913.674548464403,10848.749
2026-02-14 20:00:00,10970,10994.382046859848,10917.422
2026-02-14 21:00:00,10836,10893.330145473705,10852.734
2026-02-14 22:00:00,10718,10743.481382349391,10714.196
2026-02-14 23:00:00,10556,10577.308275976193,10481.676
2026-02-15 00:00:00,10366,10314.934744380498,10313.438
2026-02-15 01:00:00,10185,10372.347172702108,10147.436
2026-02-15 02:00:00,10089,10186.072858282152,10053.983
2026-02-15 03:00:00,10052,10081.697793233272,9990.779
2026-02-15 04:00:00,10029,10016.931482174145,9987.592
2026-02-15 05:00:00,10017,9985.913003968175,9992.063
2026-02-15 06:00:00,10045,9987.194994913572,10073.15
2026-02-15 07:00:00,10195,10054.10908659901,10197.8125
2026-02-15 08:00:00,10388,10230.532562183624,10410.411
2026-02-15 09:00:00,10515,10415.408506134068,10489.5
2026-02-15 10:00:00,10534,10557.077721523401,10592.375
2026-02-15 11:00:00,10543,10581.78878524264,10575.237
2026-02-15 12:00:00,10532,10587.821021343649,10551.236
2026-02-15 13:00:00,10539,10551.047924733095,10528.187
2026-02-15 14:00:00,10537,10528.38362389977,10533.169
2026-02-15 15:00:00,10547,10496.024503999994,10520.014
2026-02-15 16:00:00,10628,10496.021231853867,10558.3955
2026-02-15 17:00:00,10764,10576.874100684954,10731.909
2026-02-15 18:00:00,11027,10745.689227188832,10898.486
2026-02-15 19:00:00,11203,10981.110155129689,10967.843
2026-02-15 20:00:00,11097,11091.329542688969,11087.561
2026-02-15 21:00:00,10973,10958.8720961561,10960.509
2026-02-15 22:00:00,10840,10821.418563739395,10771.447
2026-02-15 23:00:00,10641,10643.717261870826,10546.047
2026-02-16 00:00:00,10403,10395.449075047329,10380.109
2026-02-16 01:00:00,10260,10412.254723669788,10157.651
2026-02-16 02:00:00,10148,10265.72606290865,10097.131
2026-02-16 03:00:00,10063,10160.945293506582,10031.261
2026-02-16 04:00:00,9994,10080.579857664508,10052.095
2026-02-16 05:00:00,10015,10023.850931037503,10063.225
2026-02-16 06:00:00,10190,10065.501989324099,10194.578
2026-02-16 07:00:00,10395,10277.354261643392,10613.403
2026-02-16 08:00:00,10631,10514.68618458702,10791.6455
2026-02-16 09:00:00,10742,10720.578796001158,10728.692
2026-02-16 10:00:00,10877,10802.342197459851,10770.088
2026-02-16 11:00:00,10952,10882.84899498973,10919.454
2026-02-16 12:00:00,11033,10928.716639222044,10944.328
2026-02-16 13:00:00,11089,10982.261899242467,10994.667
2026-02-16 14:00:00,11042,11011.235579313241,11043.342
2026-02-16 15:00:00,11101,10971.720867120428,10991.962
2026-02-16 16:00:00,11233,11035.161884844614,11065.057
2026-02-16 17:00:00,11461,11177.886581536915,11258.558
2026-02-16 18:00:00,11700,11410.937102074247,11511.808
2026-02-16 19:00:00,11750,11627.185319587586,11557.219
2026-02-16 20:00:00,11651,11616.112613464187,11597.529
2026-02-16 21:00:00,11479,11497.483939031219,11478.371
2026-02-16 22:00:00,11282,11318.22093436893,11286.452
2026-02-16 23:00:00,11050,11079.058279750101,10967.036
2026-02-17 00:00:00,10801,10749.994267706243,10759.211
2026-02-17 01:00:00,10637,10763.500039484014,10604.398
2026-02-17 02:00:00,10581,10592.87801600502,10538.357
2026-02-17 03:00:00,10548,10515.75329664073,10503.441
2026-02-17 04:00:00,10532,10470.763722245252,10521.391
2026-02-17 05:00:00,10578,10464.545016067152,10546.7
2026-02-17 06:00:00,10722,10552.755676750257,10648.816
2026-02-17 07:00:00,11143,10755.821539768423,10984.222
2026-02-17 08:00:00,11537,11172.84583679042,11310.846
2026-02-17 09:00:00,11708,11500.58528699998,11568.397
2026-02-17 10:00:00,11928,11651.219913503504,11671.662
2026-02-17 11:00:00,12104,11811.908086506408,11832.817
2026-02-17 12:00:00,12200,11939.893709158141,11878.784
2026-02-17 13:00:00,12186,12000.746009078428,11870.478
2026-02-17 14:00:00,12191,11967.48189622184,11874.721
2026-02-17 15:00:00,12128,11974.350330380075,11874.721
2026-02-17 16:00:00,12217,11953.368048322589,11902.374
2026-02-17 17:00:00,12213,12070.110603517805,12012.635
2026-02-17 18:00:00,12373,12137.917435513837,12091.977
2026-02-17 19:00:00,12404,12276.684184992702,12005.551
2026-02-17 20:00:00,12306,12258.203891945257,11972.318
2026-02-17 21:00:00,12142,12123.243954169584,11900.52
2026-02-17 22:00:00,11894,11927.108170368056,11789.814
2026-02-17 23:00:00,11573,11642.815580944336,11625.275
2026-02-18 00:00:00,11335,11241.649183830667,11292.6045
2026-02-18 01:00:00,11189,11260.732449593032,11199.531
2026-02-18 02:00:00,11076,11109.411364388132,11102.746
2026-02-18 03:00:00,11000,11005.218660834327,11042.807
2026-02-18 04:00:00,10989,10932.376917863005,10964.1
2026-02-18 05:00:00,10974,10931.012506089326,11002.555
2026-02-18 06:00:00,11117,10969.643374703623,11029.175
2026-02-18 07:00:00,11472,11212.012385651064,11343.673
2026-02-18 08:00:00,11837,11620.68250675602,11745.476
2026-02-18 09:00:00,11869,11923.456692328471,11853.695
2026-02-18 10:00:00,11886,11976.922618122813,11825.557
2026-02-18 11:00:00,11897,12008.943796766634,11833.406
2026-02-18 12:00:00,11895,12020.767458705526,11857.872
2026-02-18 13:00:00,11969,11998.668147653892,11853.351
2026-02-18 14:00:00,11976,12045.378885494518,11892.493
2026-02-18 15:00:00,11943,12019.366517089438,11899.36
2026-02-18 16:00:00,11975,12005.9285447971,11924.93
2026-02-18 17:00:00,12012,12034.409974388002,12020.15
2026-02-18 18:00:00,12141,12107.464752668073,12039.921
2026-02-18 19:00:00,12249,12219.807048391105,12073.354
2026-02-18 20:00:00,12163,12252.850485728964,12032.324
2026-02-18 21:00:00,11979,12123.05738109986,11973.821
2026-02-18 22:00:00,11738,11891.955182499263,11799.574
2026-02-18 23:00:00,11508,11597.880674943517,11563.846
2026-02-19 00:00:00,11298,11272.606831834535,11315.129
2026-02-19 01:00:00,11118,11317.750358054329,11220.473
2026-02-19 02:00:00,11009,11131.508121958386,11137.271
2026-02-19 03:00:00,10998,11012.180112617149,10967.277
2026-02-19 04:00:00,10990,10987.651657151991,10987.385
2026-02-19 05:00:00,11000,10973.416713894245,11039.584
2026-02-19 06:00:00,11154,11026.755087980617,11191.804
2026-02-19 07:00:00,11419,11259.653508875777,11505.152
2026-02-19 08:00:00,11722,11564.739620529066,11776.151
2026-02-19 09:00:00,11778,11809.607397506124,11782.175
2026-02-19 10:00:00,11793,11850.880975914662,11778.219
2026-02-19 11:00:00,11759,11848.72075469143,11802.0205
2026-02-19 12:00:00,11737,11806.212904748309,11738.824
2026-02-19 13:00:00,11706,11797.118940213177,11723.34
2026-02-19 14:00:00,11680,11764.845041971988,11687.509
2026-02-19 15:00:00,11615,11725.582276475792,11654.767
2026-02-19 16:00:00,11620,11669.71296470429,11648.711
2026-02-19 17:00:00,11666,11681.55444976134,11747.875
2026-02-19 18:00:00,11779,11758.691555235011,11814.65
2026-02-19 19:00:00,11829,11868.641836624181,11729.502
2026-02-19 20:00:00,11846,11867.09706530356,11817.213
2026-02-19 21:00:00,11786,11812.005802778198,11786.225
2026-02-19 22:00:00,11636,11679.44867230471,11670.294
2026-02-19 23:00:00,11347,11474.417615215702,11375.953
2026-02-20 00:00:00,11053,11103.60861914425,11168.216
2026-02-20 01:00:00,10921,11073.927228886156,10915.365
2026-02-20 02:00:00,10853,10924.73661195468,10849.425
2026-02-20 03:00:00,10833,10854.193164944614,10874.866
2026-02-20 04:00:00,10821,10823.819082192766,10903.07
2026-02-20 05:00:00,10907,10807.484306928847,10933.558
2026-02-20 06:00:00,11111,10917.612407305274,11085.575
2026-02-20 07:00:00,11452,11162.28654798979,11472.358
2026-02-20 08:00:00,11750,11527.008512686003,11796.228
2026-02-20 09:00:00,11772,11771.933291155681,11820.383
2026-02-20 10:00:00,11831,11788.367410739966,11772.903
2026-02-20 11:00:00,11908,11801.515154143679,11861.654
2026-02-20 12:00:00,11826,11835.177910166203,11878.101
2026-02-20 13:00:00,11739,11755.116503533614,11792.679
2026-02-20 14:00:00,11681,11672.669572973713,11720.211
2026-02-20 15:00:00,11624,11596.012557862336,11649.261
2026-02-20 16:00:00,11544,11537.948116703019,11639.804
2026-02-20 17:00:00,11631,11484.089105711297,11674.689
2026-02-20 18:00:00,11761,11578.571426332574,11774.723
2026-02-20 19:00:00,11891,11696.469451867733,11687.027
2026-02-20 20:00:00,11867,11775.069756463392,11839.201
2026-02-20 21:00:00,11771,11722.922853265498,11775.295
2026-02-20 22:00:00,11631,11597.502342484295,11622.055
2026-02-20 23:00:00,11483,11395.57046279765,11417.396
2026-02-21 00:00:00,11290,11159.540749497284,11299.033
2026-02-21 01:00:00,11064,11223.8213484479,11109.148
2026-02-21 02:00:00,10982,11010.80082419439,11005.9375
2026-02-21 03:00:00,10930,10926.886776699077,10910.152
2026-02-21 04:00:00,10903,10865.179732371687,10862.295
2026-02-21 05:00:00,10859,10851.358437879984,10892.366
2026-02-21 06:00:00,10952,10857.111231357563,11003.094
2026-02-21 07:00:00,11132,11010.575880974646,11125.869
2026-02-21 08:00:00,11300,11224.385074743688,11343.825
2026-02-21 09:00:00,11417,11363.93580970867,11410.35
2026-02-21 10:00:00,11511,11474.268397326634,11456.746
2026-02-21 11:00:00,11518,11557.684449709406,11545.888
2026-02-21 12:00:00,11462,11541.964669829498,11508.87
2026-02-21 13:00:00,11401,11460.880965732676,11421.775
2026-02-21 14:00:00,11375,11382.956734489284,11390.525
2026-02-21 15:00:00,11348,11331.120134478017,11361.072
2026-02-21 16:00:00,11376,11285.082909975868,11367.277
2026-02-21 17:00:00,11510,11323.102404928251,11470.293
2026-02-21 18:00:00,11721,11471.777705246577,11646.598
2026-02-21 19:00:00,11838,11669.818616734525,11619.762
2026-02-21 20:00:00,11799,11733.40875772793,11774.112
2026-02-21 21:00:00,11693,11656.74470625447,11713.971
2026-02-21 22:00:00,11522,11521.687514691273,11540.998
2026-02-21 23:00:00,11273,11330.46131781348,11318.796
2026-02-22 00:00:00,11072,11007.024946160098,11078.182
2026-02-22 01:00:00,10914,11041.50974397153,10969.671
2026-02-22 02:00:00,10815,10882.553219875326,10814.606
2026-02-22 03:00:00,10753,10782.011522322,10815.322
2026-02-22 04:00:00,10749,10716.406432862252,10754.701
2026-02-22 05:00:00,10784,10692.352737338946,10780.496
2026-02-22 06:00:00,10878,10731.99193005624,10864.464
2026-02-22 07:00:00,11085,10850.517896013966,11014.998
2026-02-22 08:00:00,11217,11057.042880370582,11205.573
2026-02-22 09:00:00,11251,11187.673798062153,11287.904
2026-02-22 10:00:00,11301,11225.56581146694,11277.969
2026-02-22 11:00:00,11361,11255.555688582035,11297.826
2026-02-22 12:00:00,11401,11277.428376179852,11331.257
2026-02-22 13:00:00,11414,11285.628070723838,11346.398
2026-02-22 14:00:00,11372,11279.690142267384,11353.791
2026-02-22 15:00:00,11367,11233.736475510446,11324.338
2026-02-22 16:00:00,11366,11236.428514671961,11366.216
2026-02-22 17:00:00,11493,11271.62451845185,11476.852
2026-02-22 18:00:00,11718,11436.28271155607,11649.281
2026-02-22 19:00:00,11851,11643.582206853154,11641.07
2026-02-22 20:00:00,11787,11711.947817918905,11750.685
2026-02-22 21:00:00,11699,11615.379792966334,11690.408
2026-02-22 22:00:00,11464,11485.534025628165,11504.627
2026-02-22 23:00:00,11149,11219.739465788063,11156.71
2026-02-23 00:00:00,10885,10884.090021455804,10936.651
2026-02-23 01:00:00,10702,10890.610039033982,10728.696
2026-02-23 02:00:00,10612,10707.107689453043,10674.002
2026-02-23 03:00:00,10543,10604.993752316394,10630.072
2026-02-23 04:00:00,10528,10532.994903955503,10586.932
2026-02-23 05:00:00,10576,10521.6625564484,10603.056
2026-02-23 06:00:00,10805,10590.551974545553,10768.856
2026-02-23 07:00:00,11224,10823.991453216951,11142.034
2026-02-23 08:00:00,11606,11188.98672100654,11463.786
2026-02-23 09:00:00,11714,11489.647903158077,11652.109
2026-02-23 10:00:00,11797,11590.565392703018,11673.268
2026-02-23 11:00:00,11765,11667.035714881184,11740.847
2026-02-23 12:00:00,11722,11652.896416165839,11685.454
2026-02-23 13:00:00,11769,11621.704146614153,11624.338
2026-02-23 14:00:00,11747,11633.305793258156,11675.662
2026-02-23 15:00:00,11718,11614.685285822261,11670.104
2026-02-23 16:00:00,11652,11601.010782521098,11662.656
2026-02-23 17:00:00,11710,11599.027650293616,11731.18
2026-02-23 18:00:00,11848,11712.530577468364,11822.504
2026-02-23 19:00:00,11910,11839.653275782815,11848.203
2026-02-23 20:00:00,11771,11849.997789468882,11849.168
2026-02-23 21:00:00,11680,11695.566228873153,11655.407
2026-02-23 22:00:00,11437,11543.680715153805,11462.321
2026-02-23 23:00:00,11142,11254.402627442958,11142.778
2026-02-24 00:00:00,10846,10875.08521729126,10857.655
2026-02-24 01:00:00,10680,10850.499762634425,10623.423
2026-02-24 02:00:00,10569,10689.873769480402,10554.955
2026-02-24 03:00:00,10554,10578.204368829434,10461.667
2026-02-24 04:00:00,10484,10552.547434065307,10521.717
2026-02-24 05:00:00,10475,10506.894044059298,10502.268
2026-02-24 06:00:00,10620,10558.116755002984,10648.886
2026-02-24 07:00:00,11079,10801.503009399234,11038.974
2026-02-24 08:00:00,11441,11269.13220975099,11507.973
2026-02-24 09:00:00,11481,11577.79569779416,11536.505
2026-02-24 10:00:00,11471,11644.835957328058,11543.63
2026-02-24 11:00:00,11360,11643.630221872343,11461.864
2026-02-24 12:00:00,11323,11553.888928976763,11370.642
2026-02-24 13:00:00,11252,11524.832190108933,11291.117
2026-02-24 14:00:00,11162,11457.623567297082,11238.319
2026-02-24 15:00:00,11162,11365.7480995352,11120.855
2026-02-24 16:00:00,11236,11353.627692570566,11152.791
2026-02-24 17:00:00,11341,11411.60567156216,11344.996
2026-02-24 18:00:00,11451,11530.618175992577,11533.46
2026-02-24 19:00:00,11512,11621.875981272673,11433.521
2026-02-24 20:00:00,11487,11616.494905611404,11461.24
2026-02-24 21:00:00,11323,11547.77761502074,11410.289
2026-02-24 22:00:00,11100,11331.143967430466,11119.558
2026-02-24 23:00:00,10822,11049.800086989655,10837.467
2026-02-25 00:00:00,10600,10677.550573497672,10648.981
2026-02-25 01:00:00,10448,10714.444144246061,10405.328
2026-02-25 02:00:00,10345,10552.905608192632,10328.919
2026-02-25 03:00:00,10234,10453.20994597517,10226.476
2026-02-25 04:00:00,10204,10344.065653299,10173.674
2026-02-25 05:00:00,10272,10308.598007206945,10215.42
2026-02-25 06:00:00,10486,10400.38318453526,10422.901
2026-02-25 07:00:00,10855,10695.984412460255,10915.511
2026-02-25 08:00:00,11207,11089.275117506062,11197.11
2026-02-25 09:00:00,11279,11358.18973055378,11281.365
2026-02-25 10:00:00,11314,11403.431824492567,11251.935
2026-02-25 11:00:00,11234,11398.57067459476,11271.792
2026-02-25 12:00:00,11194,11321.36081003944,11182.463
2026-02-25 13:00:00,11142,11276.765386523544,11134.83
2026-02-25 14:00:00,11183,11211.102913312889,11076.019
2026-02-25 15:00:00,11111,11229.255939215285,11138.819
2026-02-25 16:00:00,11117,11186.41857974798,11100.265
2026-02-25 17:00:00,11174,11209.465225261107,11184.736
2026-02-25 18:00:00,11348,11283.944153440898,11242.952
2026-02-25 19:00:00,11492,11433.47112603349,11244.986
2026-02-25 20:00:00,11441,11516.83054929957,11396.377
2026-02-25 21:00:00,11313,11410.509226925686,11265.868
2026-02-25 22:00:00,11120,11226.83215222981,11094.384
2026-02-25 23:00:00,10862,10984.049039537624,10807.51
2026-02-26 00:00:00,10578,10647.369482441769,10588.779
2026-02-26 01:00:00,10396,10636.994418688064,10354.176
2026-02-26 02:00:00,10291,10455.290557747448,10235.578
2026-02-26 03:00:00,10233,10342.649164562737,10164.034
2026-02-26 04:00:00,10193,10283.13422431582,10148.103
2026-02-26 05:00:00,10250,10260.410063014671,10189.849
2026-02-26 06:00:00,10386,10360.05680175274,10381.822
2026-02-26 07:00:00,10743,10566.539120481253,10785.452
2026-02-26 08:00:00,11043,10941.074447715773,11113.549
2026-02-26 09:00:00,11099,11180.894134601784,11085.345
2026-02-26 10:00:00,11134,11223.48344056213,11073.899
2026-02-26 11:00:00,11153,11219.530579262258,11106.125
2026-02-26 12:00:00,11115,11213.65108182301,11108.51
2026-02-26 13:00:00,11098,11161.22504187724,11056.352
2026-02-26 14:00:00,11231,11145.34511424945,11024.478
2026-02-26 15:00:00,11232,11213.249768281914,11143.799
2026-02-26 16:00:00,11313,11207.656586951522,11192.109
2026-02-26 17:00:00,11380,11278.522739455304,11329.42
2026-02-26 18:00:00,11449,11372.272873121343,11440.056
2026-02-26 19:00:00,11512,11452.549322837871,11315.084
2026-02-26 20:00:00,11506,11482.472515440795,11386.172
2026-02-26 21:00:00,11399,11434.320690805589,11348.83
2026-02-26 22:00:00,11275,11285.08095457287,11159.928
2026-02-26 23:00:00,11048,11090.916910288632,10952.146
2026-02-27 00:00:00,10792,10752.74149093575,10770.573
2026-02-27 01:00:00,10553,10763.529784160766,10584.651
2026-02-27 02:00:00,10417,10543.910212508947,10380.477
2026-02-27 03:00:00,10366,10418.024245346347,10289.526
2026-02-27 04:00:00,10325,10361.030160427536,10294.191
2026-02-27 05:00:00,10381,10345.062429870803,10333.983
2026-02-27 06:00:00,10576,10434.485363084246,10501.025
2026-02-27 07:00:00,10940,10693.359405245255,10953.792
2026-02-27 08:00:00,11273,11061.928033044345,11274.51
2026-02-27 09:00:00,11457,11319.587357428974,11380.657
2026-02-27 10:00:00,11568,11465.420647994615,11476.616
2026-02-27 11:00:00,11601,11555.31656703977,11597.003
2026-02-27 12:00:00,11635,11554.146644041804,11598.964
2026-02-27 13:00:00,11593,11557.527899450979,11585.214
2026-02-27 14:00:00,11599,11538.953275635342,11550.266
2026-02-27 15:00:00,11579,11528.354246100542,11550.266
2026-02-27 16:00:00,11583,11512.002963510951,11562.185
2026-02-27 17:00:00,11675,11531.866941463073,11706.064
2026-02-27 18:00:00,11762,11624.322538988154,11801.311
2026-02-27 19:00:00,11783,11711.821344003432,11683.641
2026-02-27 20:00:00,11700,11714.861864401228,11725.284
2026-02-27 21:00:00,11628,11608.786848240734,11598.184
2026-02-27 22:00:00,11432,11501.526800771151,11434.653
2026-02-27 23:00:00,11188,11277.938687009928,11197.635
2026-02-28 00:00:00,10947,10982.580092508093,10927.452
2026-02-28 01:00:00,10764,10980.005301544365,10774.301
2026-02-28 02:00:00,10639,10793.9570778361,10653.254
2026-02-28 03:00:00,10540,10674.459424362545,10574.586
2026-02-28 04:00:00,10480,10579.431268826482,10503.725
2026-02-28 05:00:00,10493,10532.268962111983,10482.682
2026-02-28 06:00:00,10543,10586.851800381613,10544.553
2026-02-28 07:00:00,10742,10715.854131551117,10823.1455
2026-02-28 08:00:00,10946,10943.382062611228,11026.84
2026-02-28 09:00:00,11031,11112.90125192319,11116.454
2026-02-28 10:00:00,11048,11235.896875947636,11135.791
2026-02-28 11:00:00,11119,11247.359055934896,11110.994
2026-02-28 12:00:00,11109,11290.749479681735,11159.834
2026-02-28 13:00:00,11079,11256.281062207061,11103.277
2026-02-28 14:00:00,11009,11221.321445611247,11105.654
2026-02-28 15:00:00,10917,11150.334834121295,11040.388
2026-02-28 16:00:00,10900,11074.839457041928,10949.452
2026-02-28 17:00:00,10964,11088.141804302075,11012.415
2026-02-28 18:00:00,11061,11167.136955944508,11124.226
2026-02-28 19:00:00,11148,11251.607879323785,11085.751
2026-02-28 20:00:00,11155,11286.390325295402,11118.184
2026-02-28 21:00:00,11114,11252.910652885139,11092.769
2026-02-28 22:00:00,11010,11148.227581237308,11006.625
2026-02-28 23:00:00,10817,10976.138273495773,10831.269
2026-03-01 00:00:00,10601,10680.453957409069,10668.309
2026-03-01 01:00:00,10442,10716.085051166072,10523.62
2026-03-01 02:00:00,10323,10547.339220378237,10365.412
2026-03-01 03:00:00,10261,10419.30728435405,10222.721
2026-03-01 04:00:00,10224,10349.979924543948,10186.272
2026-03-01 05:00:00,10228,10320.100671306265,10220.974
2026-03-01 06:00:00,10299,10336.745109435991,10314.939
2026-03-01 07:00:00,10421,10450.109343620052,10567.071
2026-03-01 08:00:00,10558,10593.40160129129,10686.648
2026-03-01 09:00:00,10759,10709.887087609919,10755.565
2026-03-01 10:00:00,10997,10862.303686238969,10863.423
2026-03-01 11:00:00,11029,11055.189454949706,11065.211
2026-03-01 12:00:00,11006,11073.108694121134,11031.273
2026-03-01 13:00:00,10929,11041.855489664684,11015.522
2026-03-01 14:00:00,10840,10954.161349688826,10905.889
2026-03-01 15:00:00,10808,10857.857211354916,10855.78
2026-03-01 16:00:00,10799,10821.106868244013,10866.867
2026-03-01 17:00:00,10921,10835.106009614577,10948.351
2026-03-01 18:00:00,11157,10965.985072179623,11093.802
2026-03-01 19:00:00,11292,11172.812651226477,11147.272
2026-03-01 20:00:00,11265,11260.26707357473,11182.794
2026-03-01 21:00:00,11146,11211.678901045469,11172.434
2026-03-01 22:00:00,10977,11061.070270776312,10953.611
2026-03-01 23:00:00,10698,10843.210198580053,10689.377
2026-03-02 00:00:00,10436,10529.050369821049,10435.77
2026-03-02 01:00:00,10211,10532.613004504236,10269.894
2026-03-02 02:00:00,10089,10316.72871684232,10115.456
2026-03-02 03:00:00,10070,10193.014985232165,10052.449
2026-03-02 04:00:00,10105,10159.641894492392,10081.9
2026-03-02 05:00:00,10249,10184.081557279596,10157.717
2026-03-02 06:00:00,10496,10328.817909479565,10442.323
2026-03-02 07:00:00,10981,10587.071411605435,10900.33
2026-03-02 08:00:00,11399,11023.928127142717,11272.499
2026-03-02 09:00:00,11478,11389.176732711252,11486.286
2026-03-02 10:00:00,11496,11502.918274116346,11461.055
2026-03-02 11:00:00,11536,11511.797742292592,11534.649
2026-03-02 12:00:00,11479,11524.113508707514,11491.205
2026-03-02 13:00:00,11442,11463.34134579937,11469.101
2026-03-02 14:00:00,11391,11406.267029881119,11391.829
2026-03-02 15:00:00,11358,11349.927597752107,11376.658
2026-03-02 16:00:00,11385,11307.153964708925,11365.491
2026-03-02 17:00:00,11533,11353.07929510125,11480.706
2026-03-02 18:00:00,11595,11524.72758909664,11656.634
2026-03-02 19:00:00,11534,11599.169010271917,11509.0
2026-03-02 20:00:00,11548,11521.585481009783,11466.439
2026-03-02 21:00:00,11518,11488.39119894469,11446.291
2026-03-02 22:00:00,11356,11390.868298528456,11315.588
2026-03-02 23:00:00,11060,11163.228839866351,11078.398
2026-03-03 00:00:00,10749,10778.11202690463,10825.398
2026-03-03 01:00:00,10562,10734.244191963347,10568.919
2026-03-03 02:00:00,10427,10545.239291887601,10433.929
2026-03-03 03:00:00,10320,10429.49262213028,10312.02
2026-03-03 04:00:00,10249,10338.944494985884,10265.057
2026-03-03 05:00:00,10286,10306.370016595703,10257.978
2026-03-03 06:00:00,10450,10396.728343280147,10431.441
2026-03-03 07:00:00,10844,10673.911592458238,10909.719
2026-03-03 08:00:00,11250,11097.224501361352,11229.84
2026-03-03 09:00:00,11402,11415.748877093249,11359.052
2026-03-03 10:00:00,11437,11523.506296967184,11418.001
2026-03-03 11:00:00,11422,11534.723885450976,11445.366
2026-03-03 12:00:00,11438,11497.08286736683,11401.944
2026-03-03 13:00:00,11450,11483.308702778564,11373.484
2026-03-03 14:00:00,11446,11460.6505531823,11396.134
2026-03-03 15:00:00,11494,11441.511499274366,11381.124
2026-03-03 16:00:00,11535,11483.971091864918,11507.246
2026-03-03 17:00:00,11665,11551.010974098926,11603.291
2026-03-03 18:00:00,11752,11667.349588301377,11749.067
2026-03-03 19:00:00,11753,11718.47571717568,11644.901
2026-03-03 20:00:00,11675,11709.835636734015,11638.838
2026-03-03 21:00:00,11593,11614.316592499654,11501.348
2026-03-03 22:00:00,11370,11479.479715349926,11372.129
2026-03-03 23:00:00,11146,11202.726683641436,11129.675
2026-03-04 00:00:00,10907,10869.155597803789,10906.885
2026-03-04 01:00:00,10760,10888.290588973636,10718.865
2026-03-04 02:00:00,10656,10726.630309649168,10675.658
2026-03-04 03:00:00,10643,10602.334826472186,10638.206
2026-03-04 04:00:00,10635,10564.787393736702,10646.841
2026-03-04 05:00:00,10624,10567.197386164506,10685.097
2026-03-04 06:00:00,10768,10612.203869843457,10724.744
2026-03-04 07:00:00,11137,10840.73093451924,11116.0625
2026-03-04 08:00:00,11346,11232.189239743975,11460.696
2026-03-04 09:00:00,11370,11428.252714491498,11475.334
2026-03-04 10:00:00,11490,11454.644819714818,11448.548
2026-03-04 11:00:00,11610,11524.338173714843,11588.2705
2026-03-04 12:00:00,11568,11604.494289695669,11649.102
2026-03-04 13:00:00,11559,11559.800531987537,11544.712
2026-03-04 14:00:00,11552,11548.226071619978,11547.089
2026-03-04 15:00:00,11564,11534.58827620354,11554.487
2026-03-04 16:00:00,11639,11543.74485075069,11597.866
2026-03-04 17:00:00,11701,11625.796278929865,11756.109
2026-03-04 18:00:00,11747,11703.830037573682,11826.667
2026-03-04 19:00:00,11713,11747.691225771088,11690.509
2026-03-04 20:00:00,11711,11689.532497540842,11621.327
2026-03-04 21:00:00,11609,11644.612775684784,11589.277
2026-03-04 22:00:00,11383,11485.832140710121,11393.214
2026-03-04 23:00:00,11095,11225.001541250167,11132.392
2026-03-05 00:00:00,10815,10850.95455266123,10840.007
2026-03-05 01:00:00,10629,10843.289722210766,10685.06
2026-03-05 02:00:00,10506,10657.804911091442,10584.054
2026-03-05 03:00:00,10497,10545.136187210546,10497.044
2026-03-05 04:00:00,10471,10521.614041715897,10536.767
2026-03-05 05:00:00,10474,10497.222902640005,10570.093
2026-03-05 06:00:00,10644,10537.855723068924,10663.062
2026-03-05 07:00:00,11001,10778.93641218747,11047.017
2026-03-05 08:00:00,11280,11120.875471736887,11428.208
2026-03-05 09:00:00,11336,11335.979418578196,11410.027
2026-03-05 10:00:00,11336,11399.222253906097,11390.207
2026-03-05 11:00:00,11324,11417.56108297564,11381.786
2026-03-05 12:00:00,11283,11384.621377126972,11345.891
2026-03-05 13:00:00,11213,11339.376444226373,11287.684
2026-03-05 14:00:00,11171,11292.221762217645,11241.419
2026-03-05 15:00:00,11143,11253.379193318273,11176.171
2026-03-05 16:00:00,11141,11248.212712388244,11207.976
2026-03-05 17:00:00,11263,11258.236396403825,11267.348
2026-03-05 18:00:00,11334,11356.802698675858,11445.293
2026-03-05 19:00:00,11397,11399.72821072322,11309.053
2026-03-05 20:00:00,11357,11435.976783947057,11378.047
2026-03-05 21:00:00,11185,11360.66742765842,11275.915
2026-03-05 22:00:00,10991,11158.59523586216,11094.475
2026-03-05 23:00:00,10754,10912.295665219171,10819.316
2026-03-06 00:00:00,10490,10571.411476620902,10628.97
2026-03-06 01:00:00,10330,10560.139015521989,10367.312
2026-03-06 02:00:00,10231,10386.336399044832,10224.33
2026-03-06 03:00:00,10206,10293.565098218964,10165.918
2026-03-06 04:00:00,10242,10254.287097654087,10163.555
2026-03-06 05:00:00,10250,10279.509132829051,10284.12
2026-03-06 06:00:00,10380,10337.324694183535,10410.484
2026-03-06 07:00:00,10757,10548.90704862199,10794.47
2026-03-06 08:00:00,11106,10925.979241718078,11110.874
2026-03-06 09:00:00,11282,11215.690867357169,11168.096
2026-03-06 10:00:00,11257,11353.580385914804,11277.441
2026-03-06 11:00:00,11175,11326.838880056042,11270.194
2026-03-06 12:00:00,11100,11251.430503565824,11137.351
2026-03-06 13:00:00,11021,11165.446428631072,11051.5
2026-03-06 14:00:00,11014,11089.122635375252,11010.241
2026-03-06 15:00:00,10994,11066.420913486594,11010.241
2026-03-06 16:00:00,10929,11041.921762433627,11040.119
2026-03-06 17:00:00,10950,11021.520452748444,10995.487
2026-03-06 18:00:00,11065,11054.185987960891,11079.098
2026-03-06 19:00:00,11208,11147.678093518885,11036.085
2026-03-06 20:00:00,11211,11227.318197229495,11131.365
2026-03-06 21:00:00,11130,11174.745536926453,11088.568
2026-03-06 22:00:00,10999,11038.406403854147,10916.662
2026-03-06 23:00:00,10786,10849.398347764427,10758.866
2026-03-07 00:00:00,10491,10569.210333867348,10531.998
2026-03-07 01:00:00,10326,10548.307875402965,10288.136
2026-03-07 02:00:00,10217,10378.019667314418,10155.133
2026-03-07 03:00:00,10081,10268.8191675976,10082.201
2026-03-07 04:00:00,10024,10157.123824461522,10027.411
2026-03-07 05:00:00,10026,10108.281695207497,10044.929
2026-03-07 06:00:00,10114,10134.616135327564,10127.567
2026-03-07 07:00:00,10253,10297.201402115297,10363.672
2026-03-07 08:00:00,10413,10492.337744655737,10531.993
2026-03-07 09:00:00,10619,10650.847984389608,10578.416
2026-03-07 10:00:00,10783,10792.5389918777,10724.798
2026-03-07 11:00:00,10752,10897.589088525188,10841.943
2026-03-07 12:00:00,10728,10847.071656164624,10778.609
2026-03-07 13:00:00,10731,10798.59041019516,10725.573
2026-03-07 14:00:00,10786,10780.770877375606,10727.95
2026-03-07 15:00:00,10729,10796.340871134975,10800.227
2026-03-07 16:00:00,10780,10727.874175439812,10747.737
2026-03-07 17:00:00,10866,10769.736355481298,10856.497
2026-03-07 18:00:00,10910,10862.20647203289,10953.932
2026-03-07 19:00:00,10965,10927.426365311909,10843.271
2026-03-07 20:00:00,10982,10960.251776078407,10895.142
2026-03-07 21:00:00,10840,10940.459544360285,10916.209
2026-03-07 22:00:00,10655,10782.486795199218,10746.798
2026-03-07 23:00:00,10408,10562.822726003027,10521.965
2026-03-08 00:00:00,10195,10217.222725405321,10182.783
2026-03-08 01:00:00,10074,10259.393686681866,10050.086
2026-03-08 02:00:00,9962,10108.970911566372,9987.883
2026-03-08 03:00:00,9912,9978.084599982278,9892.191
2026-03-08 04:00:00,9847,9913.821792824016,9952.054
2026-03-08 05:00:00,9842,9856.369397504175,9897.689
2026-03-08 06:00:00,9884,9870.966570569242,9972.974
2026-03-08 07:00:00,9993,9938.6314990077,10030.82
2026-03-08 08:00:00,10128,10063.170651975364,10198.023
2026-03-08 09:00:00,10349,10225.630358403674,10264.954
2026-03-08 10:00:00,10378,10448.19621910361,10438.406
2026-03-08 11:00:00,10216,10457.174639581941,10450.5205
2026-03-08 12:00:00,10246,10317.603838386922,10251.169
2026-03-08 13:00:00,10346,10321.929392122003,10280.049
2026-03-08 14:00:00,10388,10387.698525901482,10371.407
2026-03-08 15:00:00,10323,10392.999427829649,10420.619
2026-03-08 16:00:00,10409,10343.374350930751,10439.486
2026-03-08 17:00:00,10550,10432.291321665813,10502.191
2026-03-08 18:00:00,10584,10562.086764406366,10568.05
2026-03-08 19:00:00,10592,10596.191353547882,10597.024
2026-03-08 20:00:00,10575,10599.609406534368,10573.09
2026-03-08 21:00:00,10487,10539.839933201967,10529.015
2026-03-08 22:00:00,10302,10403.81298292682,10343.613
2026-03-08 23:00:00,10075,10166.850188178829,10048.435
2026-03-09 00:00:00,9931,10160.534899276121,9967.956
2026-03-09 01:00:00,9821,9987.771220745091,9885.078
2026-03-09 02:00:00,9775,9856.027059537571,9817.976
2026-03-09 03:00:00,9783,9799.153383484285,9791.49
2026-03-09 04:00:00,9903,9786.99724763592,9851.038
2026-03-09 05:00:00,10102,9886.542874367815,10037.366
2026-03-09 06:00:00,10498,10069.725001807816,10396.52
2026-03-09 07:00:00,10963,10447.217668184514,10875.479
2026-03-09 08:00:00,11101,10873.870729422526,11022.522
2026-03-09 09:00:00,11157,11028.780263674387,11081.678
2026-03-09 10:00:00,11187,11072.949760626801,11133.715
2026-03-09 11:00:00,11200,11060.26946250596,11153.923
2026-03-09 12:00:00,11188,11063.185820630226,11155.973
2026-03-09 13:00:00,11138,11063.682954344593,11140.087
2026-03-09 14:00:00,10965,11021.122846851447,11099.543
2026-03-09 15:00:00,10917,10865.653564249462,10962.502
2026-03-09 16:00:00,10975,10844.330819176053,10970.294
2026-03-09 17:00:00,10949,10929.419568785848,11030.036
2026-03-09 18:00:00,10915,10916.388863776418,10906.025
2026-03-09 19:00:00,10963,10869.033001146667,10838.247
2026-03-09 20:00:00,10816,10871.862468146057,10868.205
2026-03-09 21:00:00,10618,10759.522269339837,10699.233
2026-03-09 22:00:00,10347,10544.20887170902,10440.903
2026-03-09 23:00:00,10093,10238.708288712909,10089.464
2026-03-10 00:00:00,9960,10182.904657190986,9892.103
2026-03-10 01:00:00,9891,10026.681566911551,9861.777
2026-03-10 02:00:00,9868,9939.130773154846,9806.511
2026-03-10 03:00:00,9936,9902.041864382347,9845.95
2026-03-10 04:00:00,9962,9961.245392543184,9991.976
2026-03-10 05:00:00,10161,10019.349665725327,10092.18
2026-03-10 06:00:00,10554,10266.000434113072,10504.471
2026-03-10 07:00:00,11026,10702.772558556817,10986.1455
2026-03-10 08:00:00,11167,11130.98837533784,11133.809
2026-03-10 09:00:00,11123,11260.13144915761,11167.682
2026-03-10 10:00:00,11032,11228.738816989027,11129.862
2026-03-10 11:00:00,10895,11151.2732491924,11071.908
2026-03-10 12:00:00,10810,11037.44335443322,10931.004
2026-03-10 13:00:00,10744,10954.664251805993,10855.622
2026-03-10 14:00:00,10629,10858.622616577519,10765.476
2026-03-10 15:00:00,10577,10759.333628962378,10665.139
2026-03-10 16:00:00,10637,10728.628957943956,10667.118
2026-03-10 17:00:00,10703,10775.72049918002,10729.019
2026-03-10 18:00:00,10621,10818.808248004621,10701.502
2026-03-10 19:00:00,10585,10756.274348266394,10617.513
2026-03-10 20:00:00,10731,10682.527733648853,10601.983
2026-03-10 21:00:00,10628,10731.550263890796,10604.904
2026-03-10 22:00:00,10418,10559.251154564892,10426.961
2026-03-10 23:00:00,10215,10310.28356374545,10150.79
2026-03-11 00:00:00,10150,10298.777202941683,10021.918
2026-03-11 01:00:00,10120,10208.408151956388,9989.041
2026-03-11 02:00:00,10050,10159.47134113918,10012.146
2026-03-11 03:00:00,10040,10111.419999433712,9998.108
2026-03-11 04:00:00,10084,10100.179625460962,10039.1875
2026-03-11 05:00:00,10257,10166.037825376416,10233.509
2026-03-11 06:00:00,10663,10389.942793992373,10601.634
2026-03-11 07:00:00,11129,10835.076065718804,11049.272
2026-03-11 08:00:00,11199,11234.404166973614,11190.14
2026-03-11 09:00:00,11181,11272.512158355117,11181.653
2026-03-11 10:00:00,11194,11246.560662806081,11155.566
2026-03-11 11:00:00,11024,11234.241722342626,11131.307
2026-03-11 12:00:00,10954,11074.508067770976,10966.9375
2026-03-11 13:00:00,10945,10998.539882939689,10897.417
2026-03-11 14:00:00,10913,10958.500644084552,10897.835
2026-03-11 15:00:00,10906,10917.240207346536,10870.033
2026-03-11 16:00:00,10975,10926.941591129229,10907.414
2026-03-11 17:00:00,10996,10993.308616047549,10978.868
2026-03-11 18:00:00,10991,10988.790128954282,10932.285
2026-03-11 19:00:00,11151,10964.347313403869,10929.757
2026-03-11 20:00:00,11173,11109.469296212992,11078.402
2026-03-11 21:00:00,10985,11084.207445157092,10984.048
2026-03-11 22:00:00,10731,10861.078604234222,10746.872
2026-03-11 23:00:00,10544,10581.789621880664,10428.492
2026-03-12 00:00:00,10396,10591.225892771095,10312.786
2026-03-12 01:00:00,10287,10441.107220654736,10196.344
2026-03-12 02:00:00,10241,10320.103855130177,10138.584
2026-03-12 03:00:00,10193,10273.764675576618,10173.843
2026-03-12 04:00:00,10246,10235.249899664823,10175.07
2026-03-12 05:00:00,10387,10303.746070462745,10375.291
2026-03-12 06:00:00,10797,10509.357075837113,10682.082
2026-03-12 07:00:00,11274,10953.338211143431,11180.347
2026-03-12 08:00:00,11393,11355.185417242987,11392.121
2026-03-12 09:00:00,11454,11440.421321457567,11392.833
2026-03-12 10:00:00,11506,11480.746379834185,11426.46
2026-03-12 11:00:00,11525,11473.92658590693,11501.933
2026-03-12 12:00:00,11426,11460.15260237138,11467.285
2026-03-12 13:00:00,11410,11366.714278389172,11367.805
2026-03-12 14:00:00,11429,11333.995311866172,11353.79
2026-03-12 15:00:00,11420,11334.671479551927,11446.613
2026-03-12 16:00:00,11462,11334.457368742811,11484.478
2026-03-12 17:00:00,11502,11378.383611861444,11500.557
2026-03-12 18:00:00,11462,11408.405870183109,11435.694
2026-03-12 19:00:00,11554,11412.191330541364,11362.924
2026-03-12 20:00:00,11569,11472.272152409108,11447.555
2026-03-12 21:00:00,11390,11413.33411579109,11408.945
2026-03-12 22:00:00,11098,11191.234474588788,11169.858
2026-03-12 23:00:00,10806,10892.677695853032,10804.505
2026-03-13 00:00:00,10662,10806.49505596907,10579.653
2026-03-13 01:00:00,10581,10645.607727552797,10537.953
2026-03-13 02:00:00,10470,10553.570046295557,10507.791
2026-03-13 03:00:00,10475,10447.920523674562,10485.661
2026-03-13 04:00:00,10530,10459.120716724896,10518.006
2026-03-13 05:00:00,10712,10523.105887689473,10635.903
2026-03-13 06:00:00,11098,10755.433042219553,10972.561
2026-03-13 07:00:00,11511,11187.31642123117,11404.879
2026-03-13 08:00:00,11630,11559.498601612919,11631.741
2026-03-13 09:00:00,11643,11675.72890747618,11683.212
2026-03-13 10:00:00,11601,11684.264597709289,11686.76
2026-03-13 11:00:00,11546,11636.869319796597,11657.958
2026-03-13 12:00:00,11422,11555.516088214574,11571.658
2026-03-13 13:00:00,11377,11439.161536859505,11411.173
2026-03-13 14:00:00,11350,11398.67751200075,11365.846
2026-03-13 15:00:00,11310,11363.708988697974,11389.015
2026-03-13 16:00:00,11320,11323.95233912839,11398.548
2026-03-13 17:00:00,11270,11332.275337605503,11431.949
2026-03-13 18:00:00,11234,11290.663692425618,11235.252
2026-03-13 19:00:00,11278,11290.029282978256,11183.288
2026-03-13 20:00:00,11355,11319.550522420826,11226.552
2026-03-13 21:00:00,11242,11319.028809462317,11237.211
2026-03-13 22:00:00,10979,11145.01974664653,11066.604
2026-03-13 23:00:00,10737,10847.810261515046,10763.615
2026-03-14 00:00:00,10547,10831.65825767373,10511.821
2026-03-14 01:00:00,10441,10640.60500670923,10383.049
2026-03-14 02:00:00,10366,10513.392132199542,10388.45
2026-03-14 03:00:00,10386,10430.597076311305,10321.276
2026-03-14 04:00:00,10399,10440.146108127292,10414.114
2026-03-14 05:00:00,10467,10479.025573108855,10519.331
2026-03-14 06:00:00,10620,10613.57955707241,10675.577
2026-03-14 07:00:00,10843,10823.575929199935,10825.027
2026-03-14 08:00:00,10982,11025.948913091517,11016.374
2026-03-14 09:00:00,11075,11148.943353957755,11081.207
2026-03-14 10:00:00,11249,11220.736163387026,11135.065
2026-03-14 11:00:00,11361,11326.314837521752,11306.615
2026-03-14 12:00:00,11326,11371.043087949318,11351.627
2026-03-14 13:00:00,11206,11325.37825116799,11303.272
2026-03-14 14:00:00,11078,11226.16889422265,11204.506
2026-03-14 15:00:00,11005,11103.658385715016,11096.809
2026-03-14 16:00:00,11005,11047.098807505823,11084.003
2026-03-14 17:00:00,11110,11037.101996979147,11090.455
2026-03-14 18:00:00,11091,11103.655501032668,11073.72
2026-03-14 19:00:00,11187,11091.416531097511,11013.274
2026-03-14 20:00:00,11312,11174.371529431637,11148.806
2026-03-14 21:00:00,11213,11216.697856668872,11188.06
2026-03-14 22:00:00,11120,11055.56005508272,10982.267
2026-03-14 23:00:00,10936,10892.761580879107,10866.99
2026-03-15 00:00:00,10723,10884.682848903178,10715.361
2026-03-15 01:00:00,10630,10676.912046678463,10587.611
2026-03-15 02:00:00,10546,10567.45010166817,10588.603
2026-03-15 03:00:00,10501,10492.67165320025,10529.159
2026-03-15 04:00:00,10525,10443.875605392417,10540.863
2026-03-15 05:00:00,10586,10466.553363791925,10594.246
2026-03-15 06:00:00,10703,10541.021305882867,10651.823
2026-03-15 07:00:00,10833,10681.083196661772,10857.697
2026-03-15 08:00:00,10968,10816.351792553536,11014.028
2026-03-15 09:00:00,11121,10957.127144234624,11025.585
2026-03-15 10:00:00,11109,11102.90213092301,11147.698
2026-03-15 11:00:00,11011,11085.914139544526,11144.713
2026-03-15 12:00:00,10897,10997.393470647537,11048.899
2026-03-15 13:00:00,10777,10887.890664928507,10923.194
2026-03-15 14:00:00,10710,10764.998663323095,10833.489
2026-03-15 15:00:00,10670,10680.166348242037,10792.927
2026-03-15 16:00:00,10760,10650.93246254958,10798.6045
2026-03-15 17:00:00,10928,10749.13053058484,10892.038
2026-03-15 18:00:00,11023,10864.727086391238,10898.311
2026-03-15 19:00:00,11179,10948.075166023591,10967.859
2026-03-15 20:00:00,11281,11081.033844440302,11138.118
2026-03-15 21:00:00,11117,11115.662488009491,11148.509
2026-03-15 22:00:00,10783,10938.322617268539,10948.739
2026-03-15 23:00:00,10509,10607.611380330047,10619.174
2026-03-16 00:00:00,10393,10579.790574145534,10332.395
2026-03-16 01:00:00,10327,10448.126594930192,10271.024
2026-03-16 02:00:00,10329,10364.226336183025,10245.59
2026-03-16 03:00:00,10323,10346.83638986883,10327.32
2026-03-16 04:00:00,10408,10352.988270190313,10354.297
2026-03-16 05:00:00,10588,10446.232366521284,10572.925
2026-03-16 06:00:00,10979,10648.766650681806,10836.154
2026-03-16 07:00:00,11453,11022.973939650672,11254.711
2026-03-16 08:00:00,11627,11418.980303496844,11529.281
2026-03-16 09:00:00,11632,11582.103203475232,11636.046
2026-03-16 10:00:00,11602,11579.017096039406,11632.123
2026-03-16 11:00:00,11669,11529.374368834577,11596.197
2026-03-16 12:00:00,11565,11546.216865014168,11639.511
2026-03-16 13:00:00,11533,11428.200467090317,11537.426
2026-03-16 14:00:00,11420,11359.647934949871,11486.048
2026-03-16 15:00:00,11390,11252.227427195774,11412.479
2026-03-16 16:00:00,11506,11249.05489257025,11448.213
2026-03-16 17:00:00,11505,11360.46994511033,11579.105
2026-03-16 18:00:00,11378,11367.370318653013,11395.843
2026-03-16 19:00:00,11425,11302.510919044344,11257.263
2026-03-16 20:00:00,11337,11331.356894501127,11264.322
2026-03-16 21:00:00,11017,11194.62712282557,11141.515
2026-03-16 22:00:00,10663,10837.543668002416,10770.656
2026-03-16 23:00:00,10349,10469.819936257727,10390.459
2026-03-17 00:00:00,10134,10389.698366524986,10138.378
2026-03-17 01:00:00,9968,10194.645954466734,10034.047
2026-03-17 02:00:00,9910,10056.806960688291,9927.59
2026-03-17 03:00:00,9858,10010.252680549318,9900.15
2026-03-17 04:00:00,9912,9982.197439571974,9912.321
2026-03-17 05:00:00,10137,10076.631648621506,10038.759
2026-03-17 06:00:00,10568,10369.862045548722,10479.125
2026-03-17 07:00:00,10991,10846.364881975633,10984.6875
2026-03-17 08:00:00,11086,11209.76171809544,11123.669
2026-03-17 09:00:00,11069,11266.058924294883,11116.004
2026-03-17 10:00:00,11069,11224.530841524787,11116.227
2026-03-17 11:00:00,11049,11210.229622061184,11116.227
2026-03-17 12:00:00,11018,11151.0758647323,11034.763
2026-03-17 13:00:00,10955,11101.428869073336,11036.856
2026-03-17 14:00:00,10929,11004.182765061478,10953.602
2026-03-17 15:00:00,11045,10960.939768204009,10934.77
2026-03-17 16:00:00,11118,11070.172072858297,11092.996
2026-03-17 17:00:00,11135,11122.83253002543,11173.183
2026-03-17 18:00:00,11055,11087.406945580331,11027.356
2026-03-17 19:00:00,11144,11022.173009951557,10926.92
2026-03-17 20:00:00,11210,11078.720824027921,11067.216
2026-03-17 21:00:00,11018,11037.01897374842,11052.208
2026-03-17 22:00:00,10712,10780.760702964106,10765.226
2026-03-17 23:00:00,10410,10447.841035784391,10402.755
2026-03-18 00:00:00,10187,10364.87066349687,10159.037
2026-03-18 01:00:00,10118,10148.84144275655,10056.37
2026-03-18 02:00:00,10079,10066.764231103196,10015.028
2026-03-18 03:00:00,10062,10016.391350378759,9984.301
2026-03-18 04:00:00,10142,10012.293920872302,10060.701
2026-03-18 05:00:00,10301,10134.31289217028,10279.224
2026-03-18 06:00:00,10651,10389.610535076696,10629.631
2026-03-18 07:00:00,11097,10794.095262535633,11083.425
2026-03-18 08:00:00,11180,11150.66852419222,11170.71
2026-03-18 09:00:00,11189,11199.040520698161,11194.944
2026-03-18 10:00:00,11208,11198.801614034663,11195.167
2026-03-18 11:00:00,11214,11178.088854752437,11205.834
2026-03-18 12:00:00,11174,11157.936735219793,11180.073
2026-03-18 13:00:00,11074,11103.941838573797,11108.707
2026-03-18 14:00:00,11019,11010.204615617535,11035.602
2026-03-18 15:00:00,10930,10983.4848386931,11024.415
2026-03-18 16:00:00,11021,10931.569437012417,10973.452
2026-03-18 17:00:00,11134,10997.15773754657,11070.537
2026-03-18 18:00:00,11120,11055.360266601814,11015.888
2026-03-18 19:00:00,11108,11075.008628205802,11004.9795
2026-03-18 20:00:00,11210,11073.667008738174,10982.931
2026-03-18 21:00:00,11077,11075.962888745042,11052.68
2026-03-18 22:00:00,10735,10868.650555700426,10826.205
2026-03-18 23:00:00,10422,10513.721358381683,10452.881
2026-03-19 00:00:00,10262,10410.299433555387,10165.455
2026-03-19 01:00:00,10162,10252.139343870405,10089.702
2026-03-19 02:00:00,10049,10153.544181262794,10023.434
2026-03-19 03:00:00,9988,10049.513613667079,10018.615
2026-03-19 04:00:00,10076,10018.410526430047,10046.27
2026-03-19 05:00:00,10252,10127.40449559078,10243.068
2026-03-19 06:00:00,10659,10378.41020092937,10595.856
2026-03-19 07:00:00,11088,10832.350046166373,11079.498
2026-03-19 08:00:00,11184,11179.661997292407,11179.064
2026-03-19 09:00:00,11222,11252.909165181047,11214.933
2026-03-19 10:00:00,11179,11283.402372860517,11233.421
2026-03-19 11:00:00,11100,11245.728992759485,11224.216
2026-03-19 12:00:00,10982,11155.892628803671,11074.021
2026-03-19 13:00:00,10968,11034.517339478507,11009.005
2026-03-19 14:00:00,10954,11005.771465329779,10972.313
2026-03-19 15:00:00,10990,10966.507505074234,10954.329
2026-03-19 16:00:00,11047,11009.80664886181,11055.221
2026-03-19 17:00:00,11040,11073.115778588855,11107.368
2026-03-19 18:00:00,10921,11050.482708206531,10963.292
2026-03-19 19:00:00,10982,10961.196465712028,10858.133
2026-03-19 20:00:00,11012,11021.778105157106,10918.047
2026-03-19 21:00:00,10920,10983.778594191914,10905.821
2026-03-19 22:00:00,10633,10794.666294568322,10671.808
2026-03-19 23:00:00,10351,10465.249090441086,10390.999
2026-03-20 00:00:00,10157,10399.385078745056,10116.658
2026-03-20 01:00:00,10038,10212.523724902088,10038.31
2026-03-20 02:00:00,9949,10075.523812633379,9967.088
2026-03-20 03:00:00,9935,9987.215485213163,9921.546
2026-03-20 04:00:00,10062,9993.32002331879,10019.608
2026-03-20 05:00:00,10235,10141.12154605954,10216.503
2026-03-20 06:00:00,10627,10398.791823470154,10579.25
2026-03-20 07:00:00,10969,10826.144144198075,11051.943
2026-03-20 08:00:00,11195,11114.211760527043,11127.089
2026-03-20 09:00:00,11306,11286.250873417152,11246.965
2026-03-20 10:00:00,11430,11347.348575001752,11311.344
2026-03-20 11:00:00,11457,11408.827656447414,11425.159
2026-03-20 12:00:00,11362,11380.037541304893,11399.617
2026-03-20 13:00:00,11293,11291.588767709682,11323.093
2026-03-20 14:00:00,11294,11225.120857916432,11200.87
2026-03-20 15:00:00,11271,11220.59560820865,11219.959
2026-03-20 16:00:00,11294,11208.400092164757,11299.872
2026-03-20 17:00:00,11280,11209.321743390354,11303.946
2026-03-20 18:00:00,11166,11160.21118225094,11132.479
2026-03-20 19:00:00,11127,11084.086945319328,11025.905
2026-03-20 20:00:00,11193,11062.691954242548,10985.917
2026-03-20 21:00:00,11049,11069.927675369934,10986.864
2026-03-20 22:00:00,10849,10857.865212658457,10778.582
2026-03-20 23:00:00,10553,10607.34179935552,10588.023
2026-03-21 00:00:00,10315,10554.232711676685,10287.133
2026-03-21 01:00:00,10191,10327.477301711488,10131.878
2026-03-21 02:00:00,10045,10196.61458608765,10062.638
2026-03-21 03:00:00,10009,10077.267555285094,9958.321
2026-03-21 04:00:00,10031,10069.894279011025,10034.262
2026-03-21 05:00:00,10107,10122.800771624856,10164.396
2026-03-21 06:00:00,10257,10273.53345964781,10341.715
2026-03-21 07:00:00,10455,10478.199269687724,10549.376
2026-03-21 08:00:00,10628,10682.082252702294,10697.114
2026-03-21 09:00:00,10778,10838.092946675662,10787.451
2026-03-21 10:00:00,10913,10990.717060305687,10911.699
2026-03-21 11:00:00,10931,11102.286793626503,11014.851
2026-03-21 12:00:00,10785,11081.754419409343,10937.217
2026-03-21 13:00:00,10727,10931.45101493472,10810.725
2026-03-21 14:00:00,10639,10860.816735666145,10747.761
2026-03-21 15:00:00,10581,10769.280883919746,10696.008
2026-03-21 16:00:00,10604,10719.93901976534,10699.845
2026-03-21 17:00:00,10661,10737.119577957916,10723.926
2026-03-21 18:00:00,10618,10742.645956067301,10662.215
2026-03-21 19:00:00,10685,10703.655843334354,10651.464
2026-03-21 20:00:00,10823,10774.744908759392,10678.669
2026-03-21 21:00:00,10747,10825.182739780537,10763.07
2026-03-21 22:00:00,10560,10704.78476388967,10609.115
2026-03-21 23:00:00,10355,10467.835127071512,10351.595
2026-03-22 00:00:00,10183,10433.976119981106,10180.734
2026-03-22 01:00:00,10038,10257.062179597897,10053.173
2026-03-22 02:00:00,9936,10097.160869909188,9953.215
2026-03-22 03:00:00,9927,9998.0766110919,9903.347
2026-03-22 04:00:00,9993,9990.223945533242,9984.157
2026-03-22 05:00:00,10118,10055.309006981473,10066.525
2026-03-22 06:00:00,10298,10188.058006139196,10324.475
2026-03-22 07:00:00,10423,10374.233140759623,10522.478
2026-03-22 08:00:00,10518,10513.794795899279,10562.063
2026-03-22 09:00:00,10573,10628.057528677282,10623.673
2026-03-22 10:00:00,10626,10687.479717659136,10640.601
2026-03-22 11:00:00,10683,10709.18344878311,10677.48
2026-03-22 12:00:00,10740,10697.338126605455,10670.839
2026-03-22 13:00:00,10806,10703.843998565819,10727.65
2026-03-22 14:00:00,10781,10717.25344820465,10790.273
2026-03-22 15:00:00,10667,10671.97288471562,10754.585
2026-03-22 16:00:00,10803,10594.068541470173,10721.276
2026-03-22 17:00:00,10905,10721.784610919283,10873.503
2026-03-22 18:00:00,10807,10792.387489942466,10851.433
2026-03-22 19:00:00,10845,10739.333209892542,10763.215
2026-03-22 20:00:00,10960,10798.074592007937,10817.432
2026-03-22 21:00:00,10854,10847.370890501097,10823.868
2026-03-22 22:00:00,10520,10675.718207662518,10644.352
2026-03-22 23:00:00,10176,10336.41621859532,10273.869
2026-03-23 00:00:00,10089,10269.737701458524,10028.963
2026-03-23 01:00:00,10118,10156.39728820491,9946.902
2026-03-23 02:00:00,10079,10147.910981693169,10020.856
2026-03-23 03:00:00,10091,10107.27587609053,9994.927
2026-03-23 04:00:00,10139,10132.882770208098,10071.795
2026-03-23 05:00:00,10341,10210.626890352283,10316.219
2026-03-23 06:00:00,10746,10443.272831671975,10694.398
2026-03-23 07:00:00,11115,10825.723732319253,11072.69
2026-03-23 08:00:00,11213,11142.518096849351,11216.473
2026-03-23 09:00:00,11250,11222.157509417195,11251.356
2026-03-23 10:00:00,11222,11250.842269337702,11263.655
2026-03-23 11:00:00,11096,11243.502598043784,11198.577
2026-03-23 12:00:00,11117,11139.864670222752,11049.601
2026-03-23 13:00:00,11134,11157.974914776598,11073.037
2026-03-23 14:00:00,11155,11143.109578853198,11080.624
2026-03-23 15:00:00,11157,11123.081109802004,11135.986
2026-03-23 16:00:00,11210,11160.965676462978,11182.475
2026-03-23 17:00:00,11210,11214.57900412058,11249.952
2026-03-23 18:00:00,11125,11169.130341672939,11087.59
2026-03-23 19:00:00,11167,11111.371792347061,10983.417
2026-03-23 20:00:00,11297,11148.2427580579,11027.309
2026-03-23 21:00:00,11165,11174.285147865861,11081.983
2026-03-23 22:00:00,10914,10949.287392051581,10875.609
2026-03-23 23:00:00,10593,10637.906859873094,10597.057
2026-03-24 00:00:00,10383,10549.602737821773,10338.982
2026-03-24 01:00:00,10269,10367.051436229794,10195.262
2026-03-24 02:00:00,10183,10256.226614300454,10156.133
2026-03-24 03:00:00,10134,10177.89552747292,10091.081
2026-03-24 04:00:00,10247,10149.027506973329,10157.023
2026-03-24 05:00:00,10460,10297.075890347955,10411.166
2026-03-24 06:00:00,10817,10590.407592040367,10790.0205
2026-03-24 07:00:00,11285,10983.79895171892,11190.989
2026-03-24 08:00:00,11419,11360.750217922903,11335.043
2026-03-24 09:00:00,11497,11458.497570811025,11420.327
2026-03-24 10:00:00,11509,11502.489441673097,11497.54
2026-03-24 11:00:00,11521,11473.371316518285,11515.351
2026-03-24 12:00:00,11449,11474.2457926627,11490.583
2026-03-24 13:00:00,11450,11406.369367167992,11433.939
2026-03-24 14:00:00,11423,11399.258613115893,11441.162
2026-03-24 15:00:00,11456,11384.883057438918,11461.993
2026-03-24 16:00:00,11526,11418.676695150241,11525.893
2026-03-24 17:00:00,11533,11459.923608990242,11594.181
2026-03-24 18:00:00,11418,11435.04482818618,11440.44
2026-03-24 19:00:00,11400,11360.289532152447,11332.103
2026-03-24 20:00:00,11406,11373.65906456621,11323.329
2026-03-24 21:00:00,11266,11317.875659244473,11238.664
2026-03-24 22:00:00,11037,11110.92271857961,10983.463
2026-03-24 23:00:00,10781,10821.13067692182,10747.489
2026-03-25 00:00:00,10610,10752.381256724277,10570.048
2026-03-25 01:00:00,10497,10582.618698414482,10506.1045
2026-03-25 02:00:00,10461,10465.97843242787,10408.083
2026-03-25 03:00:00,10456,10417.522161237452,10462.576
2026-03-25 04:00:00,10537,10439.811202288092,10494.446
2026-03-25 05:00:00,10691,10558.072244154397,10626.897
2026-03-25 06:00:00,11104,10786.572051658575,10985.845
2026-03-25 07:00:00,11419,11245.611164404152,11418.514
2026-03-25 08:00:00,11484,11512.378308007244,11554.586
2026-03-25 09:00:00,11502,11566.397078411012,11589.772
2026-03-25 10:00:00,11454,11564.741638702248,11574.051
2026-03-25 11:00:00,11560,11514.635080532731,11503.738
2026-03-25 12:00:00,11501,11581.488269857959,11594.174
2026-03-25 13:00:00,11558,11520.432854594877,11509.988
2026-03-25 14:00:00,11559,11541.310722104792,11547.106
2026-03-25 15:00:00,11582,11528.453489248424,11560.664
2026-03-25 16:00:00,11663,11563.002784800581,11704.383
2026-03-25 17:00:00,11581,11630.623960887497,11767.012
2026-03-25 18:00:00,11497,11533.239557377665,11462.42
2026-03-25 19:00:00,11517,11454.884066746548,11448.773
2026-03-25 20:00:00,11608,11475.389093455402,11423.889
2026-03-25 21:00:00,11457,11487.01335923039,11440.539
2026-03-25 22:00:00,11158,11271.069754133803,11214.772
2026-03-25 23:00:00,10928,10942.088780166718,10900.33
2026-03-26 00:00:00,10709,10909.067549666026,10713.305
2026-03-26 01:00:00,10602,10698.346286783952,10589.653
2026-03-26 02:00:00,10533,10585.824527980727,10608.775
2026-03-26 03:00:00,10537,10516.543006322583,10550.646
2026-03-26 04:00:00,10638,10538.547804134892,10593.146
2026-03-26 05:00:00,10791,10661.436974876053,10737.688
2026-03-26 06:00:00,11154,10905.832496328758,11077.592
2026-03-26 07:00:00,11356,11287.806679901372,11557.027
2026-03-26 08:00:00,11524,11459.46220120641,11478.876
2026-03-26 09:00:00,11548,11580.408538376334,11582.561
2026-03-26 10:00:00,11555,11582.01837940953,11615.566
2026-03-26 11:00:00,11584,11590.714566140037,11603.708
2026-03-26 12:00:00,11562,11574.724587053648,11622.394
2026-03-26 13:00:00,11530,11558.915669394804,11588.752
2026-03-26 14:00:00,11465,11523.46533043773,11541.486
2026-03-26 15:00:00,11401,11474.065796977056,11481.626
2026-03-26 16:00:00,11322,11437.949402213042,11534.852
2026-03-26 17:00:00,11282,11351.653650202252,11440.488
2026-03-26 18:00:00,11169,11269.135314639687,11217.08
2026-03-26 19:00:00,11142,11157.300021141762,11098.478
2026-03-26 20:00:00,11272,11147.079681736008,11081.933
2026-03-26 21:00:00,11143,11219.166971712611,11135.676
2026-03-26 22:00:00,10976,11021.471693156325,10977.668
2026-03-26 23:00:00,10785,10799.519196173396,10731.011
2026-03-27 00:00:00,10575,10781.727442045298,10549.407
2026-03-27 01:00:00,10484,10576.14034927451,10460.632
2026-03-27 02:00:00,10488,10471.927109153765,10426.54
2026-03-27 03:00:00,10449,10464.345958490703,10501.474
2026-03-27 04:00:00,10473,10463.045738769724,10546.474
2026-03-27 05:00:00,10650,10526.247135263164,10634.005
2026-03-27 06:00:00,11048,10777.964606832302,10961.035
2026-03-27 07:00:00,11407,11155.445189884873,11367.576
2026-03-27 08:00:00,11590,11481.591489074064,11497.627
2026-03-27 09:00:00,11617,11629.761834284456,11609.004
2026-03-27 10:00:00,11593,11658.0549816205,11662.777
2026-03-27 11:00:00,11530,11640.816390664715,11607.868
2026-03-27 12:00:00,11349,11566.81567697642,11511.75
2026-03-27 13:00:00,11273,11404.980197265339,11342.824
2026-03-27 14:00:00,11171,11324.119130898902,11244.05
2026-03-27 15:00:00,11086,11220.749656887108,11171.059
2026-03-27 16:00:00,11063,11132.655070024144,11164.6
2026-03-27 17:00:00,11109,11095.442156028728,11150.29
2026-03-27 18:00:00,11024,11081.34400972979,11017.97
2026-03-27 19:00:00,11060,10996.808911492206,10956.157
2026-03-27 20:00:00,11193,11049.142760341381,11040.664
2026-03-27 21:00:00,11028,11092.70423169252,11075.734
2026-03-27 22:00:00,10769,10897.26834732542,10813.727
2026-03-27 23:00:00,10500,10613.382408035335,10660.47
2026-03-28 00:00:00,10319,10570.520597602881,10310.602
2026-03-28 01:00:00,10241,10387.985186836944,10181.403
2026-03-28 02:00:00,10164,10301.13564618519,10156.447
2026-03-28 03:00:00,10138,10220.420708485706,10089.322
2026-03-28 04:00:00,10186,10198.99655149086,10168.737
2026-03-28 05:00:00,10248,10273.644814228282,10330.234
2026-03-28 06:00:00,10428,10412.569126609797,10446.174
2026-03-28 07:00:00,10568,10640.142268244359,10648.234
2026-03-28 08:00:00,10807,10795.993154726322,10749.656
2026-03-28 09:00:00,10997,10990.151212190947,10928.265
2026-03-28 10:00:00,11060,11135.015250940323,11105.528
2026-03-28 11:00:00,11008,11160.691259761421,11134.058
2026-03-28 12:00:00,10877,11053.476916185995,11043.051
2026-03-28 13:00:00,10756,10920.443945042842,10887.821
2026-03-28 14:00:00,10686,10785.66603270576,10791.612
2026-03-28 15:00:00,10737,10697.213066680933,10718.49
2026-03-28 16:00:00,10823,10723.53884089807,10819.927
2026-03-28 17:00:00,10959,10795.564932072311,10896.841
2026-03-28 18:00:00,10917,10864.877999359252,10872.309
2026-03-28 19:00:00,10934,10839.920211366572,10832.605
2026-03-28 20:00:00,11079,10888.993631958094,10878.867
2026-03-28 21:00:00,10978,10943.244624773184,10951.143
2026-03-28 22:00:00,10729,10778.089730324047,10760.687
2026-03-28 23:00:00,10492,10497.287601478203,10461.067
2026-03-29 00:00:00,10350,10456.20551939104,10293.873
2026-03-29 01:00:00,10258,10304.434109128799,10160.124
2026-03-29 02:00:00,10223,10196.23347644116,10118.567
2026-03-29 03:00:00,10271,10153.984442166528,10160.782
2026-03-29 04:00:00,10313,10199.932982666063,10242.009
2026-03-29 05:00:00,10406,10251.867809713904,10396.097
2026-03-29 06:00:00,10509,10374.11863832384,10510.646
2026-03-29 07:00:00,10547,10486.400953466498,10645.001
2026-03-29 08:00:00,10631,10568.752413894015,10717.87
2026-03-29 09:00:00,10776,10670.663070489987,10770.51
2026-03-29 10:00:00,10897,10791.594050523703,10882.781
2026-03-29 11:00:00,10998,10869.563046319849,10942.594
2026-03-29 12:00:00,11057,10915.942669535749,11025.101
2026-03-29 13:00:00,11034,10934.316790304669,11027.582
2026-03-29 14:00:00,10982,10890.409013133418,11018.253
2026-03-29 15:00:00,10970,10838.854574891708,11008.057
2026-03-29 16:00:00,11077,10857.10342841319,11047.332
2026-03-29 17:00:00,11137,10970.88111876156,11155.435
2026-03-29 18:00:00,11045,10985.384568029514,11042.05
2026-03-29 19:00:00,11038,10915.539750873704,10940.15
2026-03-29 20:00:00,11209,10946.374761198405,10958.727
2026-03-29 21:00:00,11075,11031.773774247476,11034.136
2026-03-29 22:00:00,10798,10825.376313927356,10837.146
2026-03-29 23:00:00,10595,10512.28474512998,10517.27
2026-03-30 00:00:00,10410,10561.615318219352,10357.44
2026-03-30 01:00:00,10282,10397.057436282706,10206.37
2026-03-30 02:00:00,10219,10278.91284098849,10181.213
2026-03-30 03:00:00,10237,10233.939005392238,10163.912
2026-03-30 04:00:00,10305,10253.351238550533,10296.068
2026-03-30 05:00:00,10502,10341.129515212884,10515.146
2026-03-30 06:00:00,10888,10554.796999143153,10841.418
2026-03-30 07:00:00,11189,10894.574485299463,11182.208
2026-03-30 08:00:00,11303,11144.548441061355,11303.649
2026-03-30 09:00:00,11404,11259.245528863537,11339.889
2026-03-30 10:00:00,11455,11349.854915108346,11444.091
2026-03-30 11:00:00,11487,11385.8329866987,11473.307
2026-03-30 12:00:00,11453,11417.16950767633,11506.988
2026-03-30 13:00:00,11363,11380.43197563871,11426.494
2026-03-30 14:00:00,11199,11295.81447977045,11347.831
2026-03-30 15:00:00,11146,11161.423556339645,11205.883
2026-03-30 16:00:00,11211,11142.474729763562,11225.173
2026-03-30 17:00:00,11248,11195.239584215804,11300.189
2026-03-30 18:00:00,11107,11183.258846276973,11130.817
2026-03-30 19:00:00,11098,11067.998656038428,11008.985
2026-03-30 20:00:00,11229,11099.035257097006,10997.996
2026-03-30 21:00:00,11068,11140.467616590797,11061.113
2026-03-30 22:00:00,10884,10930.532061045627,10848.341
2026-03-30 23:00:00,10641,10698.50637549243,10603.417
2026-03-31 00:00:00,10480,10647.778272719732,10457.153
2026-03-31 01:00:00,10344,10475.7602950804,10314.706
2026-03-31 02:00:00,10301,10339.998193865304,10239.653
2026-03-31 03:00:00,10285,10296.13056129414,10266.525
2026-03-31 04:00:00,10366,10303.966768754875,10299.459
2026-03-31 05:00:00,10569,10425.481643648141,10496.12
2026-03-31 06:00:00,10997,10697.724540181292,10931.937
2026-03-31 07:00:00,11308,11135.879292087551,11346.484
2026-03-31 08:00:00,11454,11403.205932642406,11384.435
2026-03-31 09:00:00,11476,11536.126927399653,11463.91
2026-03-31 10:00:00,11421,11556.142762246578,11452.711
2026-03-31 11:00:00,11308,11513.765870761636,11445.1
2026-03-31 12:00:00,11226,11402.656241106804,11280.305
2026-03-31 13:00:00,11113,11312.665639131561,11210.736
2026-03-31 14:00:00,10975,11179.577500907282,11099.72
2026-03-31 15:00:00,10934,11059.216630458417,10990.705
2026-03-31 16:00:00,11008,11041.848229020707,11028.307
2026-03-31 17:00:00,11044,11097.09095341834,11090.683
2026-03-31 18:00:00,10996,11070.005029666805,10961.38
2026-03-31 19:00:00,11035,11020.443981799071,10946.002
2026-03-31 20:00:00,11213,11069.75268833338,10947.085
2026-03-31 21:00:00,11151,11142.694349062103,11050.025
2026-03-31 22:00:00,10849,11018.109174700274,10880.144
2026-03-31 23:00:00,10510,10696.551851529859,10590.284
2026-04-01 00:00:00,10335,10579.496601960564,10248.45
2026-04-01 01:00:00,10200,10394.741839963162,10156.613
2026-04-01 02:00:00,10132,10269.865744722509,10120.851
2026-04-01 03:00:00,10147,10205.262265066654,10071.203
2026-04-01 04:00:00,10281,10234.903534200877,10171.49
2026-04-01 05:00:00,10499,10389.741940654167,10427.634
2026-04-01 06:00:00,10903,10689.003293272322,10921.816
2026-04-01 07:00:00,11023,11090.280589181946,11232.77
2026-04-01 08:00:00,10952,11211.330235419571,11147.252
2026-04-01 09:00:00,10900,11155.090875331227,11014.468
2026-04-01 10:00:00,10825,11087.788174690912,10959.602
2026-04-01 11:00:00,10760,11010.753234346816,10913.473
2026-04-01 12:00:00,10728,10927.028255076712,10792.02
2026-04-01 13:00:00,10746,10876.703352560091,10743.598
2026-04-01 14:00:00,10803,10851.974736735163,10758.219
2026-04-01 15:00:00,10797,10880.274558442901,10844.207
2026-04-01 16:00:00,10859,10893.164943213857,10874.074
2026-04-01 17:00:00,10888,10928.00090761572,10960.444
2026-04-01 18:00:00,10849,10919.88118635288,10807.119
2026-04-01 19:00:00,10922,10892.649631606277,10819.383
2026-04-01 20:00:00,11083,10988.615039319136,10835.162
2026-04-01 21:00:00,10930,11068.029880754613,10933.96
2026-04-01 22:00:00,10677,10840.804795771388,10671.752
2026-04-01 23:00:00,10315,10538.992656492732,10410.867
2026-04-02 00:00:00,10108,10399.441720726974,10120.216
2026-04-02 01:00:00,9968,10191.73247878367,9993.335
2026-04-02 02:00:00,9910,10053.368661553075,9914.742
2026-04-02 03:00:00,9911,10004.372380698222,9896.018
2026-04-02 04:00:00,9977,10037.366337749827,9987.059
2026-04-02 05:00:00,10137,10143.876709672528,10125.012
2026-04-02 06:00:00,10538,10387.942239520717,10466.081
2026-04-02 07:00:00,10894,10732.52630731557,10917.758
2026-04-02 08:00:00,10993,10998.407121626075,10986.527
2026-04-02 09:00:00,11080,11056.715734395584,11015.089
2026-04-02 10:00:00,11121,11099.174541059487,11046.868
2026-04-02 11:00:00,11168,11112.250906184096,11075.324
2026-04-02 12:00:00,11122,11130.378582732754,11095.007
2026-04-02 13:00:00,11088,11087.724036039088,11047.556
2026-04-02 14:00:00,11043,11057.885417631458,11017.11
2026-04-02 15:00:00,10951,11006.182782779331,10998.907
2026-04-02 16:00:00,10983,10931.564927148776,10991.195
2026-04-02 17:00:00,11021,10948.12386085278,11023.14
2026-04-02 18:00:00,10897,10944.977787737882,10893.962
2026-04-02 19:00:00,10878,10854.389275003312,10844.268
2026-04-02 20:00:00,11007,10881.960852184166,10857.123
2026-04-02 21:00:00,10908,10920.462245062166,10887.072
2026-04-02 22:00:00,10698,10761.49817713692,10674.224
2026-04-02 23:00:00,10461,10492.815339544577,10460.075
2026-04-03 00:00:00,10237,10442.626961336193,10243.171
2026-04-03 01:00:00,10084,10224.067501644704,10107.697
2026-04-03 02:00:00,9967,10088.232136285298,9954.5
2026-04-03 03:00:00,9958,9986.824270590758,9910.855
2026-04-03 04:00:00,9977,9988.636045875126,10005.145
2026-04-03 05:00:00,10052,10051.187244404915,10110.84
2026-04-03 06:00:00,10244,10235.507525870793,10409.776
2026-04-03 07:00:00,10373,10493.015209543277,10639.243
2026-04-03 08:00:00,10477,10625.772254691572,10602.613
2026-04-03 09:00:00,10578,10716.827066948248,10649.64
2026-04-03 10:00:00,10621,10789.434578906135,10666.138
2026-04-03 11:00:00,10591,10814.147452364587,10675.775
2026-04-03 12:00:00,10597,10748.564571504745,10588.612
2026-04-03 13:00:00,10463,10725.904291930488,10586.811
2026-04-03 14:00:00,10380,10592.042657268255,10470.152
2026-04-03 15:00:00,10361,10488.817006371606,10384.512
2026-04-03 16:00:00,10376,10468.219015057615,10410.398
2026-04-03 17:00:00,10392,10483.334894352545,10423.567
2026-04-03 18:00:00,10318,10447.309668452013,10372.117
2026-04-03 19:00:00,10386,10381.8502431279,10309.038
2026-04-03 20:00:00,10543,10467.71285254034,10377.251
2026-04-03 21:00:00,10508,10533.998813640548,10482.171
2026-04-03 22:00:00,10331,10419.832849784887,10349.242
2026-04-03 23:00:00,10139,10191.899538745607,10129.622
2026-04-04 00:00:00,9963,10210.836111014336,9966.063
2026-04-04 01:00:00,9854,10026.131780197098,9886.04
2026-04-04 02:00:00,9754,9899.764656469184,9778.617
2026-04-04 03:00:00,9691,9809.77461525319,9748.35
2026-04-04 04:00:00,9714,9763.168309830622,9731.452
2026-04-04 05:00:00,9785,9795.086529694961,9803.876
2026-04-04 06:00:00,9930,9903.283119133763,9943.929
2026-04-04 07:00:00,10050,10048.644755164632,10135.401
2026-04-04 08:00:00,10245,10182.905450859298,10242.311
2026-04-04 09:00:00,10345,10367.11302291597,10360.468
2026-04-04 10:00:00,10363,10450.593870822633,10423.749
2026-04-04 11:00:00,10372,10441.89266061482,10395.205
2026-04-04 12:00:00,10307,10423.698323109102,10385.75
2026-04-04 13:00:00,10269,10321.236507381713,10317.023
2026-04-04 14:00:00,10242,10256.454181164321,10278.22
2026-04-04 15:00:00,10234,10229.591206280738,10261.107
2026-04-04 16:00:00,10307,10229.306102905075,10282.141
2026-04-04 17:00:00,10379,10296.285478160917,10335.732
2026-04-04 18:00:00,10335,10320.552674676139,10343.457
2026-04-04 19:00:00,10395,10295.411211420944,10312.858
2026-04-04 20:00:00,10527,10384.110051510925,10363.429
2026-04-04 21:00:00,10522,10454.750076297942,10402.468
2026-04-04 22:00:00,10409,10372.904311302107,10303.133
2026-04-04 23:00:00,10193,10207.286924966002,10141.296
2026-04-05 00:00:00,10018,10187.621959139029,10016.3
2026-04-05 01:00:00,9945,10011.658879953628,9885.98
2026-04-05 02:00:00,9900,9922.010754900535,9847.506
2026-04-05 03:00:00,9875,9872.365260489978,9810.414
2026-04-05 04:00:00,9879,9855.446197659974,9860.014
2026-04-05 05:00:00,9941,9877.50349792759,9888.596
2026-04-05 06:00:00,10071,9960.020480713587,10064.409
2026-04-05 07:00:00,10021,10075.339839952443,10209.433
2026-04-05 08:00:00,10223,10079.144812573726,10220.02
2026-04-05 09:00:00,10361,10262.662066135354,10355.932
2026-04-05 10:00:00,10517,10384.390188552043,10448.016
2026-04-05 11:00:00,10640,10508.796516248607,10544.444
2026-04-05 12:00:00,10725,10587.74759642351,10652.012
2026-04-05 13:00:00,10713,10633.314879737662,10697.028
2026-04-05 14:00:00,10661,10604.1813842648,10693.935
2026-04-05 15:00:00,10689,10554.232108836095,10637.5
2026-04-05 16:00:00,10754,10597.191213316302,10777.845
2026-04-05 17:00:00,10716,10661.518693649168,10825.403
2026-04-05 18:00:00,10603,10603.62250535962,10662.727
2026-04-05 19:00:00,10530,10522.23328235228,10579.875
2026-04-05 20:00:00,10644,10509.294486491348,10498.354
2026-04-05 21:00:00,10598,10568.270175635791,10518.52
2026-04-05 22:00:00,10338,10464.896778510252,10344.249
2026-04-05 23:00:00,10105,10187.80949798941,10081.079
2026-04-06 00:00:00,9908,10195.084077382347,9919.259
2026-04-06 01:00:00,9827,10005.360253825724,9831.532
2026-04-06 02:00:00,9810,9917.643861752726,9802.497
2026-04-06 03:00:00,9825,9892.889006371866,9826.62
2026-04-06 04:00:00,9899,9905.099913159233,9894.843
2026-04-06 05:00:00,10089,9991.164823049077,10046.269
2026-04-06 06:00:00,10474,10203.967458302539,10434.636
2026-04-06 07:00:00,10799,10515.463329721628,10854.062
2026-04-06 08:00:00,10957,10811.502603999725,10850.142
2026-04-06 09:00:00,11112,10966.090250551559,10973.609
2026-04-06 10:00:00,11191,11115.90157166845,11090.019
2026-04-06 11:00:00,11216,11198.808792660155,11143.463
2026-04-06 12:00:00,11239,11224.131943958584,11151.559
2026-04-06 13:00:00,11184,11219.933054573714,11150.375
2026-04-06 14:00:00,11152,11138.556068259035,11120.647
2026-04-06 15:00:00,11113,11105.728700451671,11104.426
2026-04-06 16:00:00,11177,11090.71054964422,11128.312
2026-04-06 17:00:00,11189,11127.579750989999,11182.252
2026-04-06 18:00:00,11038,11086.608674120833,11024.045
2026-04-06 19:00:00,10938,10947.936753812239,10900.915
2026-04-06 20:00:00,11028,10906.041808376307,10849.166
2026-04-06 21:00:00,10942,10935.003140064297,10857.908
2026-04-06 22:00:00,10655,10782.856378400751,10674.681
2026-04-06 23:00:00,10360,10477.597590972879,10358.09
2026-04-07 00:00:00,10186,10392.710798401453,10124.067
2026-04-07 01:00:00,10072,10218.664154029404,10061.397
2026-04-07 02:00:00,10011,10115.369300255576,9934.498
2026-04-07 03:00:00,9930,10062.104353987359,9927.689
2026-04-07 04:00:00,9979,10018.87735168314,9974.831
2026-04-07 05:00:00,10143,10113.602189224222,10112.7
2026-04-07 06:00:00,10457,10365.924079444512,10502.834
2026-04-07 07:00:00,10842,10703.533036829913,10912.936
2026-04-07 08:00:00,11058,11037.99829524749,10980.94
2026-04-07 09:00:00,11202,11228.006526597632,11086.381
2026-04-07 10:00:00,11169,11337.340909198896,11205.925
2026-04-07 11:00:00,11128,11294.108679936233,11158.724
2026-04-07 12:00:00,11113,11248.245747021438,11094.676
2026-04-07 13:00:00,11083,11201.224422267249,11084.048
2026-04-07 14:00:00,10996,11144.418594939625,11053.603
2026-04-07 15:00:00,11011,11055.570211323527,11024.854
2026-04-07 16:00:00,11096,11080.386130299257,11070.112
2026-04-07 17:00:00,11088,11142.116737156748,11128.504
2026-04-07 18:00:00,10937,11088.265099179169,10965.694
2026-04-07 19:00:00,10895,10949.095726686133,10882.17
2026-04-07 20:00:00,10972,10950.837884079296,10849.443
2026-04-07 21:00:00,10941,10973.401373173028,10840.816
2026-04-07 22:00:00,10634,10840.903781845034,10688.2
2026-04-07 23:00:00,10382,10494.549868956801,10361.677
2026-04-08 00:00:00,10217,10443.964706165903,10158.174
2026-04-08 01:00:00,10110,10269.011933160147,10054.422
2026-04-08 02:00:00,10061,10157.717772671096,9993.097
2026-04-08 03:00:00,10020,10096.651444904857,9980.192
2026-04-08 04:00:00,10033,10084.80053307733,10046.717
2026-04-08 05:00:00,10165,10148.828103320931,10184.225
2026-04-08 06:00:00,10458,10358.53721338183,10503.452
2026-04-08 07:00:00,10679,10667.770489854836,10909.386
2026-04-08 08:00:00,10739,10861.462705109157,10826.853
2026-04-08 09:00:00,10802,10920.688378684123,10795.934
2026-04-08 10:00:00,10801,10941.108817890165,10869.373
2026-04-08 11:00:00,10664,10912.15346603899,10883.37
2026-04-08 12:00:00,10577,10791.142629233476,10704.282
2026-04-08 13:00:00,10515,10711.084441203722,10605.813
2026-04-08 14:00:00,10462,10642.901047294226,10546.723
2026-04-08 15:00:00,10465,10595.246959438682,10526.214
2026-04-08 16:00:00,10588,10613.104383625963,10560.668
2026-04-08 17:00:00,10699,10697.581843840073,10669.378
2026-04-08 18:00:00,10598,10731.736290797937,10689.973
2026-04-08 19:00:00,10541,10643.782949636454,10577.794
2026-04-08 20:00:00,10637,10630.686872717615,10510.998
2026-04-08 21:00:00,10561,10666.83301122779,10554.784
2026-04-08 22:00:00,10354,10504.396933046777,10365.112
2026-04-08 23:00:00,10113,10237.292502748513,10137.456
2026-04-09 00:00:00,9941,10192.718651327381,9980.517
2026-04-09 01:00:00,9864,10013.02269573199,9907.758
2026-04-09 02:00:00,9817,9927.62518505449,9851.868
2026-04-09 03:00:00,9808,9874.325427566768,9859.066
2026-04-09 04:00:00,9864,9869.419028147742,9892.69
2026-04-09 05:00:00,10058,9950.835200578036,10005.311
2026-04-09 06:00:00,10433,10201.941873042348,10408.758
2026-04-09 07:00:00,10714,10568.729065781883,10827.224
2026-04-09 08:00:00,10800,10797.195228393444,10787.0625
2026-04-09 09:00:00,10718,10877.828975202397,10819.958
2026-04-09 10:00:00,10612,10811.972205259568,10730.255
2026-04-09 11:00:00,10580,10699.910913350304,10639.395
2026-04-09 12:00:00,10539,10642.65198282531,10567.308
2026-04-09 13:00:00,10539,10585.364744669001,10519.341
2026-04-09 14:00:00,10475,10559.558012117683,10517.352
2026-04-09 15:00:00,10471,10491.6418141483,10488.24
2026-04-09 16:00:00,10534,10510.582699793335,10522.558
2026-04-09 17:00:00,10565,10577.661349809647,10562.654
2026-04-09 18:00:00,10514,10554.244179652389,10531.938
2026-04-09 19:00:00,10498,10491.704444758361,10508.209
2026-04-09 20:00:00,10601,10507.965625965327,10468.87
2026-04-09 21:00:00,10648,10548.48253860602,10501.144
2026-04-09 22:00:00,10402,10503.809413426245,10424.993
2026-04-09 23:00:00,10140,10227.883975433033,10128.723
2026-04-10 00:00:00,9921,10164.038838768858,9959.739
2026-04-10 01:00:00,9804,9954.310963058284,9789.921
2026-04-10 02:00:00,9723,9831.927934695337,9774.17
2026-04-10 03:00:00,9714,9758.68229349624,9713.782
2026-04-10 04:00:00,9808,9756.80168367667,9785.832
2026-04-10 05:00:00,9973,9869.450294038868,9956.268
2026-04-10 06:00:00,10382,10089.241334128537,10282.844
2026-04-10 07:00:00,10724,10464.50151803685,10679.392
2026-04-10 08:00:00,10818,10744.453061524306,10782.522
2026-04-10 09:00:00,10750,10801.43416495425,10810.508
2026-04-10 10:00:00,10635,10723.983062144938,10753.884
2026-04-10 11:00:00,10658,10617.694863445078,10629.468
2026-04-10 12:00:00,10591,10617.999177661059,10623.675
2026-04-10 13:00:00,10541,10541.075307333513,10550.552
2026-04-10 14:00:00,10460,10469.537396954356,10512.862
2026-04-10 15:00:00,10461,10395.79107654091,10461.551
2026-04-10 16:00:00,10509,10402.545068347275,10496.786
2026-04-10 17:00:00,10518,10437.813392940858,10539.77
2026-04-10 18:00:00,10437,10414.495915691812,10475.747
2026-04-10 19:00:00,10455,10344.732397026875,10409.632
2026-04-10 20:00:00,10491,10392.099377684992,10419.044
2026-04-10 21:00:00,10484,10419.058463945512,10420.436
2026-04-10 22:00:00,10261,10329.12140326922,10305.641
2026-04-10 23:00:00,9996,10071.367795030073,9986.845
2026-04-11 00:00:00,9836,10037.263856981039,9812.197
2026-04-11 01:00:00,9750,9868.467522940009,9697.419
2026-04-11 02:00:00,9730,9764.02616479881,9656.68
2026-04-11 03:00:00,9682,9729.634811356982,9672.095
2026-04-11 04:00:00,9715,9706.976268906783,9690.767
2026-04-11 05:00:00,9802,9766.474035053781,9796.778
2026-04-11 06:00:00,9943,9927.935757083935,9954.64
2026-04-11 07:00:00,10045,10112.027340901206,10149.718
2026-04-11 08:00:00,10207,10223.050798790355,10249.968
2026-04-11 09:00:00,10340,10332.741191632424,10331.02
2026-04-11 10:00:00,10409,10400.549680232596,10430.104
2026-04-11 11:00:00,10388,10449.43878236217,10430.728
2026-04-11 12:00:00,10321,10401.116184685794,10406.087
2026-04-11 13:00:00,10177,10325.26154500585,10330.298
2026-04-11 14:00:00,10166,10186.129033327006,10202.409
2026-04-11 15:00:00,10210,10166.833201419668,10198.288
2026-04-11 16:00:00,10302,10210.09909115555,10251.344
2026-04-11 17:00:00,10361,10281.267931968712,10319.52
2026-04-11 18:00:00,10254,10292.964818579632,10316.752
2026-04-11 19:00:00,10190,10214.126891908292,10229.581
2026-04-11 20:00:00,10306,10181.257172441101,10162.833
2026-04-11 21:00:00,10307,10257.362724641998,10215.339
2026-04-11 22:00:00,10115,10186.592341506277,10084.587
2026-04-11 23:00:00,9923,9948.543549267708,9863.262
2026-04-12 00:00:00,9776,9945.953299602192,9770.298
2026-04-12 01:00:00,9640,9798.294723863883,9653.233
2026-04-12 02:00:00,9579,9676.936612451538,9549.91
2026-04-12 03:00:00,9556,9608.343059402694,9549.04
2026-04-12 04:00:00,9629,9589.493918136077,9585.393
2026-04-12 05:00:00,9726,9661.944463966982,9700.039
2026-04-12 06:00:00,9818,9772.693712921238,9882.05
2026-04-12 07:00:00,9903,9847.736000285837,9980.702
2026-04-12 08:00:00,10075,9962.862597968675,10068.168
2026-04-12 09:00:00,10295,10129.035279180074,10180.538
2026-04-12 10:00:00,10441,10320.196900043493,10402.452
2026-04-12 11:00:00,10417,10432.601960912978,10491.252
2026-04-12 12:00:00,10460,10402.767927101988,10424.399
2026-04-12 13:00:00,10454,10394.687210321406,10473.167
2026-04-12 14:00:00,10442,10372.969908809302,10469.322
2026-04-12 15:00:00,10455,10368.205925816781,10472.939
2026-04-12 16:00:00,10541,10397.717282801375,10545.276
2026-04-12 17:00:00,10532,10454.151015662217,10579.962
2026-04-12 18:00:00,10487,10408.319043019657,10508.202
2026-04-12 19:00:00,10372,10332.0560349345,10418.837
2026-04-12 20:00:00,10442,10286.75807269891,10366.145
2026-04-12 21:00:00,10460,10326.769839498993,10372.242
2026-04-12 22:00:00,10223,10256.796116312005,10245.598
2026-04-12 23:00:00,9976,9998.166712980868,9957.188
2026-04-13 00:00:00,9814,9999.385047866068,9789.25
2026-04-13 01:00:00,9753,9829.216441363555,9736.307
2026-04-13 02:00:00,9618,9759.578679320277,9688.741
2026-04-13 03:00:00,9635,9646.274492851991,9610.602
2026-04-13 04:00:00,9698,9675.587636123098,9713.451
2026-04-13 05:00:00,9901,9759.563614412411,9863.562
2026-04-13 06:00:00,10261,9971.26315032591,10220.99
2026-04-13 07:00:00,10568,10290.457991204044,10660.074
2026-04-13 08:00:00,10680,10570.630348051965,10674.538
2026-04-13 09:00:00,10668,10696.880491635371,10721.539
2026-04-13 10:00:00,10596,10743.410122989239,10704.125
2026-04-13 11:00:00,10534,10682.564260696407,10622.849
2026-04-13 12:00:00,10449,10639.915728517191,10533.358
2026-04-13 13:00:00,10392,10559.050352818906,10463.407
2026-04-13 14:00:00,10370,10500.842107121041,10404.892
2026-04-13 15:00:00,10461,10473.529565142335,10399.7
2026-04-13 16:00:00,10563,10560.173973140738,10513.056
2026-04-13 17:00:00,10617,10628.197452216646,10601.223
2026-04-13 18:00:00,10531,10631.007673478196,10582.556
2026-04-13 19:00:00,10513,10520.370794610184,10512.412
2026-04-13 20:00:00,10570,10525.466239616338,10476.859
2026-04-13 21:00:00,10543,10553.019106490356,10430.934
2026-04-13 22:00:00,10303,10436.62922047762,10247.823
2026-04-13 23:00:00,10009,10156.351880726752,10001.413
2026-04-14 00:00:00,9819,10077.003777566228,9809.067
2026-04-14 01:00:00,9722,9897.348597811515,9728.914
2026-04-14 02:00:00,9650,9778.824572219723,9658.395
2026-04-14 03:00:00,9609,9708.657146221532,9627.951
2026-04-14 04:00:00,9686,9688.570792524337,9685.723
2026-04-14 05:00:00,9921,9802.174339604093,9848.271
2026-04-14 06:00:00,10315,10087.599460721034,10204.405
2026-04-14 07:00:00,10645,10490.940343847813,10693.108
2026-04-14 08:00:00,10760,10782.92523943728,10715.549
2026-04-14 09:00:00,10873,10877.545745669982,10746.677
2026-04-14 10:00:00,10840,10934.798727707413,10854.574
2026-04-14 11:00:00,10890,10883.424434872572,10821.022
2026-04-14 12:00:00,10848,10893.22052377003,10836.637
2026-04-14 13:00:00,10862,10837.92687398661,10807.724
2026-04-14 14:00:00,10863,10824.864681197349,10832.375
2026-04-14 15:00:00,11007,10839.374242055124,10840.228
2026-04-14 16:00:00,11054,10973.032540861404,11040.422
2026-04-14 17:00:00,11077,11011.140686142415,11042.304
2026-04-14 18:00:00,11010,10982.752155850327,10930.865
2026-04-14 19:00:00,10961,10915.059880003131,10893.393
2026-04-14 20:00:00,11000,10892.082387467417,10845.9795
2026-04-14 21:00:00,10892,10903.912385767882,10850.234
2026-04-14 22:00:00,10599,10723.41153584812,10605.387
2026-04-14 23:00:00,10262,10399.08229698374,10281.378
2026-04-15 00:00:00,10025,10282.905207714919,10053.606
2026-04-15 01:00:00,9890,10061.475161588112,9888.122
2026-04-15 02:00:00,9870,9929.774485861642,9774.317
2026-04-15 03:00:00,9871,9892.402189494942,9824.244
2026-04-15 04:00:00,9866,9902.709195973704,9888.151
2026-04-15 05:00:00,10013,9957.24907125691,9969.272
2026-04-15 06:00:00,10489,10180.884165354146,10322.394
2026-04-15 07:00:00,10860,10629.701261978658,10827.318
2026-04-15 08:00:00,10971,10932.672567819176,10968.841
2026-04-15 09:00:00,11041,11039.757035628576,10973.579
2026-04-15 10:00:00,11042,11076.453967803369,11024.167
2026-04-15 11:00:00,11064,11061.308214906865,11025.845
2026-04-15 12:00:00,11018,11048.185440607296,11042.657
2026-04-15 13:00:00,11092,10998.898936283189,11021.719
2026-04-15 14:00:00,11124,11039.34530946424,11056.286
2026-04-15 15:00:00,11140,11085.815535625681,11084.031
2026-04-15 16:00:00,11306,11114.881855982581,11161.986
2026-04-15 17:00:00,11283,11249.747137011043,11325.759
2026-04-15 18:00:00,11179,11195.733032029051,11150.415
2026-04-15 19:00:00,11155,11090.415130217478,11072.603
2026-04-15 20:00:00,11204,11083.98982205933,11046.766
2026-04-15 21:00:00,11134,11079.042753382006,11027.573
2026-04-15 22:00:00,10838,10928.423976492897,10862.223
2026-04-15 23:00:00,10520,10593.784115842396,10529.918
