model_timestamp,local_datetime_naive,date,hour,dayofweek,month,pool_price,pred_price_xgb,pred_price_naive_1h,error_xgb,abs_error_xgb,price_regime,actual_high_price,prob_high_price,pred_high_price
2025-11-29 19:00:00,2025-11-29 18:00:00,2025-11-29,18,5,11,37.82,36.051495,39.79,1.7685054016113284,1.7685054016113284,< $50,0,0.064263016,0
2025-11-29 20:00:00,2025-11-29 19:00:00,2025-11-29,19,5,11,37.27,45.377934,37.82,-8.107933502197262,8.107933502197262,< $50,0,0.13263477,0
2025-11-29 21:00:00,2025-11-29 20:00:00,2025-11-29,20,5,11,39.28,38.023212,37.27,1.256787567138673,1.256787567138673,< $50,0,0.039814297,0
2025-11-29 22:00:00,2025-11-29 21:00:00,2025-11-29,21,5,11,38.14,42.541508,39.28,-4.401507720947265,4.401507720947265,< $50,0,0.050993312,0
2025-11-29 23:00:00,2025-11-29 22:00:00,2025-11-29,22,5,11,37.93,37.986603,38.14,-0.056602783203125284,0.056602783203125284,< $50,0,0.0057639563,0
2025-11-30 00:00:00,2025-11-29 23:00:00,2025-11-29,23,5,11,32.39,38.702934,37.93,-6.312934265136718,6.312934265136718,< $50,0,0.008317509,0
2025-11-30 01:00:00,2025-11-30 00:00:00,2025-11-30,0,6,11,38.26,30.889671,32.39,7.370328674316404,7.370328674316404,< $50,0,0.0067294207,0
2025-11-30 02:00:00,2025-11-30 01:00:00,2025-11-30,1,6,11,39.78,40.024452,38.26,-0.2444522094726551,0.2444522094726551,< $50,0,0.019106964,0
2025-11-30 03:00:00,2025-11-30 02:00:00,2025-11-30,2,6,11,39.82,38.48257,39.78,1.337429351806641,1.337429351806641,< $50,0,0.014059733,0
2025-11-30 04:00:00,2025-11-30 03:00:00,2025-11-30,3,6,11,39.79,38.634243,39.82,1.1557569885253898,1.1557569885253898,< $50,0,0.019566333,0
2025-11-30 05:00:00,2025-11-30 04:00:00,2025-11-30,4,6,11,39.83,37.38238,39.79,2.447618560791014,2.447618560791014,< $50,0,0.01980974,0
2025-11-30 06:00:00,2025-11-30 05:00:00,2025-11-30,5,6,11,38.69,42.2692,39.83,-3.579199371337893,3.579199371337893,< $50,0,0.018144678,0
2025-11-30 07:00:00,2025-11-30 06:00:00,2025-11-30,6,6,11,34.42,42.976433,38.69,-8.556432800292967,8.556432800292967,< $50,0,0.0036206222,0
2025-11-30 08:00:00,2025-11-30 07:00:00,2025-11-30,7,6,11,31.84,34.148605,34.42,-2.3086053466796876,2.3086053466796876,< $50,0,0.0041411375,0
2025-11-30 09:00:00,2025-11-30 08:00:00,2025-11-30,8,6,11,31.23,30.633524,31.84,0.5964760589599614,0.5964760589599614,< $50,0,0.0057774326,0
2025-11-30 10:00:00,2025-11-30 09:00:00,2025-11-30,9,6,11,25.9,29.188608,31.23,-3.2886081695556655,3.2886081695556655,< $50,0,0.0084686065,0
2025-11-30 11:00:00,2025-11-30 10:00:00,2025-11-30,10,6,11,22.59,23.057861,25.9,-0.46786132812500014,0.46786132812500014,< $50,0,0.0027166528,0
2025-11-30 12:00:00,2025-11-30 11:00:00,2025-11-30,11,6,11,23.68,21.916462,22.59,1.7635380554199216,1.7635380554199216,< $50,0,0.0017373114,0
2025-11-30 13:00:00,2025-11-30 12:00:00,2025-11-30,12,6,11,24.32,23.736097,23.68,0.5839026641845706,0.5839026641845706,< $50,0,0.0014106883,0
2025-11-30 14:00:00,2025-11-30 13:00:00,2025-11-30,13,6,11,23.37,24.229376,24.32,-0.8593758392333974,0.8593758392333974,< $50,0,0.0018592081,0
2025-11-30 15:00:00,2025-11-30 14:00:00,2025-11-30,14,6,11,23.25,22.714066,23.37,0.5359344482421875,0.5359344482421875,< $50,0,0.00080090476,0
2025-11-30 16:00:00,2025-11-30 15:00:00,2025-11-30,15,6,11,32.57,23.275597,23.25,9.294403381347657,9.294403381347657,< $50,0,0.001960966,0
2025-11-30 17:00:00,2025-11-30 16:00:00,2025-11-30,16,6,11,76.36,43.970734,32.57,32.389266357421874,32.389266357421874,$50–100,0,0.061386805,0
2025-11-30 18:00:00,2025-11-30 17:00:00,2025-11-30,17,6,11,94.51,116.91742,76.36,-22.407419433593745,22.407419433593745,$50–100,0,0.44188514,0
2025-11-30 19:00:00,2025-11-30 18:00:00,2025-11-30,18,6,11,42.55,82.86655,94.51,-40.31654663085938,40.31654663085938,< $50,0,0.38587818,0
2025-11-30 20:00:00,2025-11-30 19:00:00,2025-11-30,19,6,11,34.67,54.953075,42.55,-20.283075408935545,20.283075408935545,< $50,0,0.24731892,0
2025-11-30 21:00:00,2025-11-30 20:00:00,2025-11-30,20,6,11,35.21,38.466133,34.67,-3.2561331176757804,3.2561331176757804,< $50,0,0.035872374,0
2025-11-30 22:00:00,2025-11-30 21:00:00,2025-11-30,21,6,11,45.63,37.222454,35.21,8.40754592895508,8.40754592895508,< $50,0,0.020243987,0
2025-11-30 23:00:00,2025-11-30 22:00:00,2025-11-30,22,6,11,35.78,45.265614,45.63,-9.485613555908202,9.485613555908202,< $50,0,0.027690982,0
2025-12-01 00:00:00,2025-11-30 23:00:00,2025-11-30,23,6,11,42.9,34.40025,35.78,8.499750518798827,8.499750518798827,< $50,0,0.0049953284,0
2025-12-01 01:00:00,2025-12-01 00:00:00,2025-12-01,0,0,12,38.33,44.923897,42.9,-6.593896789550783,6.593896789550783,< $50,0,0.020575065,0
2025-12-01 02:00:00,2025-12-01 01:00:00,2025-12-01,1,0,12,36.68,37.356316,38.33,-0.676315612792969,0.676315612792969,< $50,0,0.019768713,0
2025-12-01 03:00:00,2025-12-01 02:00:00,2025-12-01,2,0,12,37.5,33.7306,36.68,3.7694015502929688,3.7694015502929688,< $50,0,0.007240883,0
2025-12-01 04:00:00,2025-12-01 03:00:00,2025-12-01,3,0,12,39.47,37.95945,37.5,1.5105502319335926,1.5105502319335926,< $50,0,0.008082311,0
2025-12-01 05:00:00,2025-12-01 04:00:00,2025-12-01,4,0,12,39.55,40.075985,39.47,-0.5259849548339872,0.5259849548339872,< $50,0,0.015354481,0
2025-12-01 06:00:00,2025-12-01 05:00:00,2025-12-01,5,0,12,39.83,41.896828,39.55,-2.066827697753908,2.066827697753908,< $50,0,0.009775762,0
2025-12-01 07:00:00,2025-12-01 06:00:00,2025-12-01,6,0,12,44.94,45.364998,39.83,-0.4249978637695335,0.4249978637695335,< $50,0,0.011281089,0
2025-12-01 08:00:00,2025-12-01 07:00:00,2025-12-01,7,0,12,43.11,51.272793,44.94,-8.16279281616211,8.16279281616211,< $50,0,0.05920305,0
2025-12-01 09:00:00,2025-12-01 08:00:00,2025-12-01,8,0,12,39.66,43.13267,43.11,-3.4726713562011753,3.4726713562011753,< $50,0,0.022073975,0
2025-12-01 10:00:00,2025-12-01 09:00:00,2025-12-01,9,0,12,36.94,34.957966,39.66,1.9820341491699196,1.9820341491699196,< $50,0,0.010552774,0
2025-12-01 11:00:00,2025-12-01 10:00:00,2025-12-01,10,0,12,32.23,32.7234,36.94,-0.4934001159668,0.4934001159668,< $50,0,0.005209207,0
2025-12-01 12:00:00,2025-12-01 11:00:00,2025-12-01,11,0,12,24.09,27.842382,32.23,-3.7523824310302736,3.7523824310302736,< $50,0,0.0026677866,0
2025-12-01 13:00:00,2025-12-01 12:00:00,2025-12-01,12,0,12,23.53,20.883356,24.09,2.6466439056396496,2.6466439056396496,< $50,0,0.0011647153,0
2025-12-01 14:00:00,2025-12-01 13:00:00,2025-12-01,13,0,12,23.62,21.575146,23.53,2.044854278564454,2.044854278564454,< $50,0,0.0016349357,0
2025-12-01 15:00:00,2025-12-01 14:00:00,2025-12-01,14,0,12,23.68,22.629929,23.62,1.0500714111328122,1.0500714111328122,< $50,0,0.0028729364,0
2025-12-01 16:00:00,2025-12-01 15:00:00,2025-12-01,15,0,12,21.76,23.946907,23.68,-2.1869070434570297,2.1869070434570297,< $50,0,0.011105736,0
2025-12-01 17:00:00,2025-12-01 16:00:00,2025-12-01,16,0,12,32.98,18.858343,21.76,14.121656875610348,14.121656875610348,< $50,0,0.0148404585,0
2025-12-01 18:00:00,2025-12-01 17:00:00,2025-12-01,17,0,12,26.52,40.595894,32.98,-14.075893859863282,14.075893859863282,< $50,0,0.14530395,0
2025-12-01 19:00:00,2025-12-01 18:00:00,2025-12-01,18,0,12,18.04,20.797073,26.52,-2.7570733642578134,2.7570733642578134,< $50,0,0.0195404,0
2025-12-01 20:00:00,2025-12-01 19:00:00,2025-12-01,19,0,12,0.0,17.88876,18.04,-17.88875961303711,17.88875961303711,< $50,0,0.008642875,0
2025-12-01 21:00:00,2025-12-01 20:00:00,2025-12-01,20,0,12,0.0,0.0,0.0,0.0,0.0,< $50,0,0.0010172476,0
2025-12-01 22:00:00,2025-12-01 21:00:00,2025-12-01,21,0,12,0.0,1.1537733,0.0,-1.153773307800293,1.153773307800293,< $50,0,0.00060870306,0
2025-12-01 23:00:00,2025-12-01 22:00:00,2025-12-01,22,0,12,0.0,0.0,0.0,0.0,0.0,< $50,0,0.00018939697,0
2025-12-02 00:00:00,2025-12-01 23:00:00,2025-12-01,23,0,12,0.0,0.5200075,0.0,-0.5200074911117554,0.5200074911117554,< $50,0,0.00057387556,0
2025-12-02 01:00:00,2025-12-02 00:00:00,2025-12-02,0,1,12,0.0,2.5239377,0.0,-2.523937702178955,2.523937702178955,< $50,0,0.0003488187,0
2025-12-02 02:00:00,2025-12-02 01:00:00,2025-12-02,1,1,12,0.0,1.6976256,0.0,-1.6976256370544434,1.6976256370544434,< $50,0,0.00038696892,0
2025-12-02 03:00:00,2025-12-02 02:00:00,2025-12-02,2,1,12,0.0,1.7304012,0.0,-1.7304011583328247,1.7304011583328247,< $50,0,0.00018077556,0
2025-12-02 04:00:00,2025-12-02 03:00:00,2025-12-02,3,1,12,0.0,3.0260005,0.0,-3.026000499725342,3.026000499725342,< $50,0,0.00020965768,0
2025-12-02 05:00:00,2025-12-02 04:00:00,2025-12-02,4,1,12,0.0,3.084805,0.0,-3.0848050117492676,3.0848050117492676,< $50,0,0.00024450332,0
2025-12-02 06:00:00,2025-12-02 05:00:00,2025-12-02,5,1,12,0.0,4.11613,0.0,-4.1161298751831055,4.1161298751831055,< $50,0,0.00040662562,0
2025-12-02 07:00:00,2025-12-02 06:00:00,2025-12-02,6,1,12,0.0,5.0554442,0.0,-5.055444240570068,5.055444240570068,< $50,0,0.00050461915,0
2025-12-02 08:00:00,2025-12-02 07:00:00,2025-12-02,7,1,12,19.15,4.2826767,0.0,14.867323303222655,14.867323303222655,< $50,0,0.00033084117,0
2025-12-02 09:00:00,2025-12-02 08:00:00,2025-12-02,8,1,12,13.94,28.205496,19.15,-14.265495834350586,14.265495834350586,< $50,0,0.0034055857,0
2025-12-02 10:00:00,2025-12-02 09:00:00,2025-12-02,9,1,12,10.62,11.9241085,13.94,-1.3041085052490242,1.3041085052490242,< $50,0,0.00010670019,0
2025-12-02 11:00:00,2025-12-02 10:00:00,2025-12-02,10,1,12,0.0,7.2034545,10.62,-7.203454494476318,7.203454494476318,< $50,0,5.022278e-05,0
2025-12-02 12:00:00,2025-12-02 11:00:00,2025-12-02,11,1,12,0.0,1.2938948,0.0,-1.2938947677612305,1.2938947677612305,< $50,0,5.7344107e-05,0
2025-12-02 13:00:00,2025-12-02 12:00:00,2025-12-02,12,1,12,0.0,0.0,0.0,0.0,0.0,< $50,0,0.00020480117,0
2025-12-02 14:00:00,2025-12-02 13:00:00,2025-12-02,13,1,12,22.5,0.0,0.0,22.5,22.5,< $50,0,0.0002277556,0
2025-12-02 15:00:00,2025-12-02 14:00:00,2025-12-02,14,1,12,25.79,33.45329,22.5,-7.663289031982423,7.663289031982423,< $50,0,0.013634455,0
2025-12-02 16:00:00,2025-12-02 15:00:00,2025-12-02,15,1,12,21.84,27.361479,25.79,-5.521478805541992,5.521478805541992,< $50,0,0.03653871,0
2025-12-02 17:00:00,2025-12-02 16:00:00,2025-12-02,16,1,12,16.21,22.658407,21.84,-6.44840721130371,6.44840721130371,< $50,0,0.010302863,0
2025-12-02 18:00:00,2025-12-02 17:00:00,2025-12-02,17,1,12,34.4,19.025496,16.21,15.374504470825194,15.374504470825194,< $50,0,0.0055088014,0
2025-12-02 19:00:00,2025-12-02 18:00:00,2025-12-02,18,1,12,37.39,50.27207,34.4,-12.882071838378906,12.882071838378906,< $50,0,0.06704549,0
2025-12-02 20:00:00,2025-12-02 19:00:00,2025-12-02,19,1,12,42.52,57.47325,37.39,-14.953251342773434,14.953251342773434,< $50,0,0.028188135,0
2025-12-02 21:00:00,2025-12-02 20:00:00,2025-12-02,20,1,12,74.24,64.09558,42.52,10.144418945312495,10.144418945312495,$50–100,0,0.041521624,0
2025-12-02 22:00:00,2025-12-02 21:00:00,2025-12-02,21,1,12,105.94,77.755844,74.24,28.18415588378906,28.18415588378906,$100–250,1,0.06983935,0
2025-12-02 23:00:00,2025-12-02 22:00:00,2025-12-02,22,1,12,152.98,98.76758,105.94,54.21242187499999,54.21242187499999,$100–250,1,0.1664391,0
2025-12-03 00:00:00,2025-12-02 23:00:00,2025-12-02,23,1,12,63.87,131.08101,152.98,-67.21100891113281,67.21100891113281,$50–100,0,0.67813104,1
2025-12-03 01:00:00,2025-12-03 00:00:00,2025-12-03,0,2,12,49.56,60.751297,63.87,-11.19129699707031,11.19129699707031,< $50,0,0.07848318,0
2025-12-03 02:00:00,2025-12-03 01:00:00,2025-12-03,1,2,12,54.13,61.443752,49.56,-7.313752288818357,7.313752288818357,$50–100,0,0.04285943,0
2025-12-03 03:00:00,2025-12-03 02:00:00,2025-12-03,2,2,12,57.61,57.38786,54.13,0.22214065551757756,0.22214065551757756,$50–100,0,0.026901118,0
2025-12-03 04:00:00,2025-12-03 03:00:00,2025-12-03,3,2,12,56.69,54.53387,57.61,2.1561293029785134,2.1561293029785134,$50–100,0,0.04341526,0
2025-12-03 05:00:00,2025-12-03 04:00:00,2025-12-03,4,2,12,56.89,54.50058,56.69,2.3894201660156256,2.3894201660156256,$50–100,0,0.04125979,0
2025-12-03 06:00:00,2025-12-03 05:00:00,2025-12-03,5,2,12,48.15,57.74081,56.89,-9.59081039428711,9.59081039428711,< $50,0,0.0634904,0
2025-12-03 07:00:00,2025-12-03 06:00:00,2025-12-03,6,2,12,38.99,56.220627,48.15,-17.230626831054686,17.230626831054686,< $50,0,0.056227703,0
2025-12-03 08:00:00,2025-12-03 07:00:00,2025-12-03,7,2,12,35.27,43.30257,38.99,-8.032570343017575,8.032570343017575,< $50,0,0.032297146,0
2025-12-03 09:00:00,2025-12-03 08:00:00,2025-12-03,8,2,12,31.96,34.886326,35.27,-2.9263258361816398,2.9263258361816398,< $50,0,0.0075484305,0
2025-12-03 10:00:00,2025-12-03 09:00:00,2025-12-03,9,2,12,32.5,28.409382,31.96,4.090618133544922,4.090618133544922,< $50,0,0.0022265797,0
2025-12-03 11:00:00,2025-12-03 10:00:00,2025-12-03,10,2,12,42.36,29.821268,32.5,12.53873191833496,12.53873191833496,< $50,0,0.002765346,0
2025-12-03 12:00:00,2025-12-03 11:00:00,2025-12-03,11,2,12,38.07,43.084145,42.36,-5.014144592285156,5.014144592285156,< $50,0,0.011409091,0
2025-12-03 13:00:00,2025-12-03 12:00:00,2025-12-03,12,2,12,36.22,37.511402,38.07,-1.2914021301269543,1.2914021301269543,< $50,0,0.01541585,0
2025-12-03 14:00:00,2025-12-03 13:00:00,2025-12-03,13,2,12,31.09,32.83304,36.22,-1.7430383300781251,1.7430383300781251,< $50,0,0.0073529575,0
2025-12-03 15:00:00,2025-12-03 14:00:00,2025-12-03,14,2,12,31.84,29.675726,31.09,2.1642740631103514,2.1642740631103514,< $50,0,0.0049268194,0
2025-12-03 16:00:00,2025-12-03 15:00:00,2025-12-03,15,2,12,34.22,30.204187,31.84,4.015812606811522,4.015812606811522,< $50,0,0.02930797,0
2025-12-03 17:00:00,2025-12-03 16:00:00,2025-12-03,16,2,12,35.52,39.09329,34.22,-3.5732884216308562,3.5732884216308562,< $50,0,0.22748609,0
2025-12-03 18:00:00,2025-12-03 17:00:00,2025-12-03,17,2,12,35.99,42.00837,35.52,-6.018369445800779,6.018369445800779,< $50,0,0.12183791,0
2025-12-03 19:00:00,2025-12-03 18:00:00,2025-12-03,18,2,12,36.21,37.206745,35.99,-0.9967451477050773,0.9967451477050773,< $50,0,0.020560391,0
2025-12-03 20:00:00,2025-12-03 19:00:00,2025-12-03,19,2,12,35.27,43.33135,36.21,-8.06134841918945,8.06134841918945,< $50,0,0.029870937,0
2025-12-03 21:00:00,2025-12-03 20:00:00,2025-12-03,20,2,12,34.62,33.34947,35.27,1.2705317687988256,1.2705317687988256,< $50,0,0.022866726,0
2025-12-03 22:00:00,2025-12-03 21:00:00,2025-12-03,21,2,12,32.64,36.927193,34.62,-4.287192687988281,4.287192687988281,< $50,0,0.009438626,0
2025-12-03 23:00:00,2025-12-03 22:00:00,2025-12-03,22,2,12,26.6,29.938845,32.64,-3.3388446807861314,3.3388446807861314,< $50,0,0.0017519187,0
2025-12-04 00:00:00,2025-12-03 23:00:00,2025-12-03,23,2,12,20.54,26.046736,26.6,-5.5067357635498055,5.5067357635498055,< $50,0,0.0038630427,0
2025-12-04 01:00:00,2025-12-04 00:00:00,2025-12-04,0,3,12,17.62,20.81612,20.54,-3.196120147705077,3.196120147705077,< $50,0,0.0020303812,0
2025-12-04 02:00:00,2025-12-04 01:00:00,2025-12-04,1,3,12,4.64,18.219675,17.62,-13.579675064086913,13.579675064086913,< $50,0,0.0013302212,0
2025-12-04 03:00:00,2025-12-04 02:00:00,2025-12-04,2,3,12,0.0,3.9698434,4.64,-3.9698433876037598,3.9698433876037598,< $50,0,0.00016220658,0
2025-12-04 04:00:00,2025-12-04 03:00:00,2025-12-04,3,3,12,0.0,2.7362185,0.0,-2.7362184524536133,2.7362184524536133,< $50,0,0.0001280193,0
2025-12-04 05:00:00,2025-12-04 04:00:00,2025-12-04,4,3,12,0.0,2.1496384,0.0,-2.1496384143829346,2.1496384143829346,< $50,0,0.000347014,0
2025-12-04 06:00:00,2025-12-04 05:00:00,2025-12-04,5,3,12,5.76,2.8498495,0.0,2.9101505374908445,2.9101505374908445,< $50,0,0.0006591452,0
2025-12-04 07:00:00,2025-12-04 06:00:00,2025-12-04,6,3,12,21.92,11.4025,5.76,10.517499847412111,10.517499847412111,< $50,0,0.00036163107,0
2025-12-04 08:00:00,2025-12-04 07:00:00,2025-12-04,7,3,12,26.47,27.783442,21.92,-1.3134415435791027,1.3134415435791027,< $50,0,0.0046002413,0
2025-12-04 09:00:00,2025-12-04 08:00:00,2025-12-04,8,3,12,35.84,28.021454,26.47,7.818546142578128,7.818546142578128,< $50,0,0.008241549,0
2025-12-04 10:00:00,2025-12-04 09:00:00,2025-12-04,9,3,12,36.63,37.403538,35.84,-0.7735377502441381,0.7735377502441381,< $50,0,0.008653523,0
2025-12-04 11:00:00,2025-12-04 10:00:00,2025-12-04,10,3,12,27.57,32.086334,36.63,-4.516334228515625,4.516334228515625,< $50,0,0.0055012177,0
2025-12-04 12:00:00,2025-12-04 11:00:00,2025-12-04,11,3,12,22.79,25.928436,27.57,-3.138436279296876,3.138436279296876,< $50,0,0.0036973327,0
2025-12-04 13:00:00,2025-12-04 12:00:00,2025-12-04,12,3,12,22.46,21.312843,22.79,1.1471566772460946,1.1471566772460946,< $50,0,0.0023082374,0
2025-12-04 14:00:00,2025-12-04 13:00:00,2025-12-04,13,3,12,20.11,20.391207,22.46,-0.2812067413330084,0.2812067413330084,< $50,0,0.0017001914,0
2025-12-04 15:00:00,2025-12-04 14:00:00,2025-12-04,14,3,12,20.42,19.482174,20.11,0.9378260803222673,0.9378260803222673,< $50,0,0.0015125818,0
2025-12-04 16:00:00,2025-12-04 15:00:00,2025-12-04,15,3,12,32.6,21.90626,20.42,10.693740463256837,10.693740463256837,< $50,0,0.008803188,0
2025-12-04 17:00:00,2025-12-04 16:00:00,2025-12-04,16,3,12,37.24,47.49941,32.6,-10.259408721923826,10.259408721923826,< $50,0,0.16276838,0
2025-12-04 18:00:00,2025-12-04 17:00:00,2025-12-04,17,3,12,38.23,45.00889,37.24,-6.778888244628909,6.778888244628909,< $50,0,0.06441473,0
2025-12-04 19:00:00,2025-12-04 18:00:00,2025-12-04,18,3,12,35.5,29.405867,38.23,6.094133377075195,6.094133377075195,< $50,0,0.024052516,0
2025-12-04 20:00:00,2025-12-04 19:00:00,2025-12-04,19,3,12,35.92,35.626106,35.5,0.29389373779297046,0.29389373779297046,< $50,0,0.04294878,0
2025-12-04 21:00:00,2025-12-04 20:00:00,2025-12-04,20,3,12,35.27,35.876244,35.92,-0.6062435913085906,0.6062435913085906,< $50,0,0.051569533,0
2025-12-04 22:00:00,2025-12-04 21:00:00,2025-12-04,21,3,12,23.68,31.118134,35.27,-7.438133544921875,7.438133544921875,< $50,0,0.018933589,0
2025-12-04 23:00:00,2025-12-04 22:00:00,2025-12-04,22,3,12,23.76,31.43379,23.68,-7.673790206909178,7.673790206909178,< $50,0,0.0016706763,0
2025-12-05 00:00:00,2025-12-04 23:00:00,2025-12-04,23,3,12,21.73,25.461325,23.76,-3.7313246917724605,3.7313246917724605,< $50,0,0.006076195,0
2025-12-05 01:00:00,2025-12-05 00:00:00,2025-12-05,0,4,12,19.33,20.84968,21.73,-1.5196799468994158,1.5196799468994158,< $50,0,0.0011363551,0
2025-12-05 02:00:00,2025-12-05 01:00:00,2025-12-05,1,4,12,22.88,19.209047,19.33,3.670952682495116,3.670952682495116,< $50,0,0.001116305,0
2025-12-05 03:00:00,2025-12-05 02:00:00,2025-12-05,2,4,12,34.07,25.537554,22.88,8.532446212768555,8.532446212768555,< $50,0,0.0017975809,0
2025-12-05 04:00:00,2025-12-05 03:00:00,2025-12-05,3,4,12,36.78,41.85942,34.07,-5.079420776367186,5.079420776367186,< $50,0,0.021570696,0
2025-12-05 05:00:00,2025-12-05 04:00:00,2025-12-05,4,4,12,31.23,36.152603,36.78,-4.922603149414062,4.922603149414062,< $50,0,0.009070316,0
2025-12-05 06:00:00,2025-12-05 05:00:00,2025-12-05,5,4,12,22.39,31.387087,31.23,-8.997086868286132,8.997086868286132,< $50,0,0.0057341955,0
2025-12-05 07:00:00,2025-12-05 06:00:00,2025-12-05,6,4,12,40.28,24.446096,22.39,15.833903579711915,15.833903579711915,< $50,0,0.003712833,0
2025-12-05 08:00:00,2025-12-05 07:00:00,2025-12-05,7,4,12,89.4,52.611847,40.28,36.78815307617188,36.78815307617188,$50–100,0,0.13247927,0
2025-12-05 09:00:00,2025-12-05 08:00:00,2025-12-05,8,4,12,58.6,171.13747,89.4,-112.53746643066407,112.53746643066407,$50–100,0,0.6350776,1
2025-12-05 10:00:00,2025-12-05 09:00:00,2025-12-05,9,4,12,48.13,44.318428,58.6,3.8115719604492213,3.8115719604492213,< $50,0,0.14172222,0
2025-12-05 11:00:00,2025-12-05 10:00:00,2025-12-05,10,4,12,29.35,40.22518,48.13,-10.875181579589842,10.875181579589842,< $50,0,0.02659352,0
2025-12-05 12:00:00,2025-12-05 11:00:00,2025-12-05,11,4,12,34.51,24.739021,29.35,9.770978698730467,9.770978698730467,< $50,0,0.008853265,0
2025-12-05 13:00:00,2025-12-05 12:00:00,2025-12-05,12,4,12,36.94,35.229225,34.51,1.7107748413085915,1.7107748413085915,< $50,0,0.008313172,0
2025-12-05 14:00:00,2025-12-05 13:00:00,2025-12-05,13,4,12,37.97,34.17317,36.94,3.796831817626952,3.796831817626952,< $50,0,0.0155146485,0
2025-12-05 15:00:00,2025-12-05 14:00:00,2025-12-05,14,4,12,37.94,33.424675,37.97,4.515325012207029,4.515325012207029,< $50,0,0.021465562,0
2025-12-05 16:00:00,2025-12-05 15:00:00,2025-12-05,15,4,12,37.87,33.489563,37.94,4.380437011718747,4.380437011718747,< $50,0,0.04285145,0
2025-12-05 17:00:00,2025-12-05 16:00:00,2025-12-05,16,4,12,50.19,35.91575,37.87,14.274251403808591,14.274251403808591,$50–100,0,0.05658015,0
2025-12-05 18:00:00,2025-12-05 17:00:00,2025-12-05,17,4,12,41.8,50.157696,50.19,-8.357695770263675,8.357695770263675,< $50,0,0.36335644,0
2025-12-05 19:00:00,2025-12-05 18:00:00,2025-12-05,18,4,12,34.13,50.01948,41.8,-15.889481658935544,15.889481658935544,< $50,0,0.052084208,0
2025-12-05 20:00:00,2025-12-05 19:00:00,2025-12-05,19,4,12,37.04,44.298206,34.13,-7.258206329345704,7.258206329345704,< $50,0,0.08534694,0
2025-12-05 21:00:00,2025-12-05 20:00:00,2025-12-05,20,4,12,41.8,50.226906,37.04,-8.426905822753909,8.426905822753909,< $50,0,0.10817368,0
2025-12-05 22:00:00,2025-12-05 21:00:00,2025-12-05,21,4,12,52.25,48.986824,41.8,3.2631759643554688,3.2631759643554688,$50–100,0,0.06846333,0
2025-12-05 23:00:00,2025-12-05 22:00:00,2025-12-05,22,4,12,39.08,65.91888,52.25,-26.83887664794922,26.83887664794922,< $50,0,0.06937601,0
2025-12-06 00:00:00,2025-12-05 23:00:00,2025-12-05,23,4,12,37.13,42.22152,39.08,-5.091519470214841,5.091519470214841,< $50,0,0.03424621,0
2025-12-06 01:00:00,2025-12-06 00:00:00,2025-12-06,0,5,12,37.84,35.96773,37.13,1.8722685241699253,1.8722685241699253,< $50,0,0.0073478296,0
2025-12-06 02:00:00,2025-12-06 01:00:00,2025-12-06,1,5,12,37.12,38.371048,37.84,-1.251047973632815,1.251047973632815,< $50,0,0.011837772,0
2025-12-06 03:00:00,2025-12-06 02:00:00,2025-12-06,2,5,12,42.59,38.303932,37.12,4.286067810058597,4.286067810058597,< $50,0,0.0062849717,0
2025-12-06 04:00:00,2025-12-06 03:00:00,2025-12-06,3,5,12,43.73,44.69293,42.59,-0.9629283142089875,0.9629283142089875,< $50,0,0.0209001,0
2025-12-06 05:00:00,2025-12-06 04:00:00,2025-12-06,4,5,12,43.18,41.498573,43.73,1.6814266967773435,1.6814266967773435,< $50,0,0.023589946,0
2025-12-06 06:00:00,2025-12-06 05:00:00,2025-12-06,5,5,12,41.04,42.20892,43.18,-1.1689195251464852,1.1689195251464852,< $50,0,0.01186732,0
2025-12-06 07:00:00,2025-12-06 06:00:00,2025-12-06,6,5,12,55.76,46.665524,41.04,9.094476470947264,9.094476470947264,$50–100,0,0.012660718,0
2025-12-06 08:00:00,2025-12-06 07:00:00,2025-12-06,7,5,12,69.65,68.788345,55.76,0.8616546630859432,0.8616546630859432,$50–100,0,0.15571363,0
2025-12-06 09:00:00,2025-12-06 08:00:00,2025-12-06,8,5,12,113.05,72.03952,69.65,41.01047973632812,41.01047973632812,$100–250,1,0.20536302,0
2025-12-06 10:00:00,2025-12-06 09:00:00,2025-12-06,9,5,12,62.71,121.52141,113.05,-58.81140808105469,58.81140808105469,$50–100,0,0.6177351,1
2025-12-06 11:00:00,2025-12-06 10:00:00,2025-12-06,10,5,12,66.94,65.26725,62.71,1.6727499389648415,1.6727499389648415,$50–100,0,0.10791788,0
2025-12-06 12:00:00,2025-12-06 11:00:00,2025-12-06,11,5,12,59.0,66.56198,66.94,-7.561981201171875,7.561981201171875,$50–100,0,0.124453574,0
2025-12-06 13:00:00,2025-12-06 12:00:00,2025-12-06,12,5,12,54.7,55.500088,59.0,-0.8000877380371065,0.8000877380371065,$50–100,0,0.07766709,0
2025-12-06 14:00:00,2025-12-06 13:00:00,2025-12-06,13,5,12,54.03,48.707123,54.7,5.322877197265626,5.322877197265626,$50–100,0,0.04582635,0
2025-12-06 15:00:00,2025-12-06 14:00:00,2025-12-06,14,5,12,50.54,50.572937,54.03,-0.03293701171875085,0.03293701171875085,$50–100,0,0.050424248,0
2025-12-06 16:00:00,2025-12-06 15:00:00,2025-12-06,15,5,12,38.96,42.76938,50.54,-3.809378662109374,3.809378662109374,< $50,0,0.16507249,0
2025-12-06 17:00:00,2025-12-06 16:00:00,2025-12-06,16,5,12,33.44,65.78104,38.96,-32.34103637695313,32.34103637695313,< $50,0,0.1814117,0
2025-12-06 18:00:00,2025-12-06 17:00:00,2025-12-06,17,5,12,33.58,38.74516,33.44,-5.165159149169924,5.165159149169924,< $50,0,0.058893632,0
2025-12-06 19:00:00,2025-12-06 18:00:00,2025-12-06,18,5,12,36.67,42.104694,33.58,-5.434694366455076,5.434694366455076,< $50,0,0.063608505,0
2025-12-06 20:00:00,2025-12-06 19:00:00,2025-12-06,19,5,12,40.6,37.984688,36.67,2.61531219482422,2.61531219482422,< $50,0,0.11486381,0
2025-12-06 21:00:00,2025-12-06 20:00:00,2025-12-06,20,5,12,43.12,41.99747,40.6,1.1225291442871068,1.1225291442871068,< $50,0,0.090595655,0
2025-12-06 22:00:00,2025-12-06 21:00:00,2025-12-06,21,5,12,39.45,41.879044,43.12,-2.4290435791015597,2.4290435791015597,< $50,0,0.0434612,0
2025-12-06 23:00:00,2025-12-06 22:00:00,2025-12-06,22,5,12,33.37,34.0985,39.45,-0.7284992980957057,0.7284992980957057,< $50,0,0.0070171454,0
2025-12-07 00:00:00,2025-12-06 23:00:00,2025-12-06,23,5,12,29.34,32.225895,33.37,-2.8858949279785158,2.8858949279785158,< $50,0,0.008927503,0
2025-12-07 01:00:00,2025-12-07 00:00:00,2025-12-07,0,6,12,36.51,29.57072,29.34,6.939279327392576,6.939279327392576,< $50,0,0.0017509784,0
2025-12-07 02:00:00,2025-12-07 01:00:00,2025-12-07,1,6,12,36.09,40.088512,36.51,-3.9985124206542935,3.9985124206542935,< $50,0,0.016377717,0
2025-12-07 03:00:00,2025-12-07 02:00:00,2025-12-07,2,6,12,39.36,35.00495,36.09,4.355048522949218,4.355048522949218,< $50,0,0.007164114,0
2025-12-07 04:00:00,2025-12-07 03:00:00,2025-12-07,3,6,12,42.98,40.520523,39.36,2.4594769287109344,2.4594769287109344,< $50,0,0.010528237,0
2025-12-07 05:00:00,2025-12-07 04:00:00,2025-12-07,4,6,12,43.53,41.313877,42.98,2.2161228942871105,2.2161228942871105,< $50,0,0.018067027,0
2025-12-07 06:00:00,2025-12-07 05:00:00,2025-12-07,5,6,12,43.68,43.23505,43.53,0.4449497985839841,0.4449497985839841,< $50,0,0.022776248,0
2025-12-07 07:00:00,2025-12-07 06:00:00,2025-12-07,6,6,12,37.52,52.841614,43.68,-15.321613769531247,15.321613769531247,< $50,0,0.04131059,0
2025-12-07 08:00:00,2025-12-07 07:00:00,2025-12-07,7,6,12,35.48,44.37759,37.52,-8.897590179443363,8.897590179443363,< $50,0,0.038847383,0
2025-12-07 09:00:00,2025-12-07 08:00:00,2025-12-07,8,6,12,43.72,40.03019,35.48,3.6898104858398426,3.6898104858398426,< $50,0,0.01589828,0
2025-12-07 10:00:00,2025-12-07 09:00:00,2025-12-07,9,6,12,58.03,48.63102,43.72,9.398980407714845,9.398980407714845,$50–100,0,0.08869248,0
2025-12-07 11:00:00,2025-12-07 10:00:00,2025-12-07,10,6,12,57.47,52.242825,58.03,5.2271754455566395,5.2271754455566395,$50–100,0,0.14638194,0
2025-12-07 12:00:00,2025-12-07 11:00:00,2025-12-07,11,6,12,94.25,53.596233,57.47,40.65376663208008,40.65376663208008,$50–100,0,0.105972365,0
2025-12-07 13:00:00,2025-12-07 12:00:00,2025-12-07,12,6,12,108.57,126.52365,94.25,-17.953651123046882,17.953651123046882,$100–250,1,0.55412066,1
2025-12-07 14:00:00,2025-12-07 13:00:00,2025-12-07,13,6,12,50.12,97.60204,108.57,-47.48204315185547,47.48204315185547,$50–100,0,0.44947696,0
2025-12-07 15:00:00,2025-12-07 14:00:00,2025-12-07,14,6,12,40.26,40.98788,50.12,-0.7278807067871114,0.7278807067871114,< $50,0,0.07208596,0
2025-12-07 16:00:00,2025-12-07 15:00:00,2025-12-07,15,6,12,35.19,35.091022,40.26,0.0989775085449196,0.0989775085449196,< $50,0,0.1299894,0
2025-12-07 17:00:00,2025-12-07 16:00:00,2025-12-07,16,6,12,29.48,44.405876,35.19,-14.925876159667968,14.925876159667968,< $50,0,0.17850736,0
2025-12-07 18:00:00,2025-12-07 17:00:00,2025-12-07,17,6,12,11.6,80.73543,29.48,-69.13542785644532,69.13542785644532,< $50,0,0.053582896,0
2025-12-07 19:00:00,2025-12-07 18:00:00,2025-12-07,18,6,12,0.0,3.3684802,11.6,-3.3684802055358887,3.3684802055358887,< $50,0,0.00052207353,0
2025-12-07 20:00:00,2025-12-07 19:00:00,2025-12-07,19,6,12,0.0,6.834432,0.0,-6.834432125091553,6.834432125091553,< $50,0,0.0013050019,0
2025-12-07 21:00:00,2025-12-07 20:00:00,2025-12-07,20,6,12,12.2,0.0,0.0,12.2,12.2,< $50,0,0.0009565149,0
2025-12-07 22:00:00,2025-12-07 21:00:00,2025-12-07,21,6,12,0.0,7.733089,12.2,-7.733088970184326,7.733088970184326,< $50,0,0.0011194301,0
2025-12-07 23:00:00,2025-12-07 22:00:00,2025-12-07,22,6,12,0.0,0.0,0.0,0.0,0.0,< $50,0,0.00013328534,0
2025-12-08 00:00:00,2025-12-07 23:00:00,2025-12-07,23,6,12,0.0,0.79213464,0.0,-0.7921346426010132,0.7921346426010132,< $50,0,0.00019125087,0
2025-12-08 01:00:00,2025-12-08 00:00:00,2025-12-08,0,0,12,0.0,1.94922,0.0,-1.9492199420928955,1.9492199420928955,< $50,0,0.0003478281,0
2025-12-08 02:00:00,2025-12-08 01:00:00,2025-12-08,1,0,12,0.0,1.6988118,0.0,-1.6988117694854736,1.6988117694854736,< $50,0,0.00016877824,0
2025-12-08 03:00:00,2025-12-08 02:00:00,2025-12-08,2,0,12,0.0,3.416214,0.0,-3.4162139892578125,3.4162139892578125,< $50,0,0.00020608069,0
2025-12-08 04:00:00,2025-12-08 03:00:00,2025-12-08,3,0,12,0.0,2.42442,0.0,-2.424420118331909,2.424420118331909,< $50,0,0.00023812293,0
2025-12-08 05:00:00,2025-12-08 04:00:00,2025-12-08,4,0,12,12.48,2.516862,0.0,9.963138084411622,9.963138084411622,< $50,0,0.00038744492,0
2025-12-08 06:00:00,2025-12-08 05:00:00,2025-12-08,5,0,12,21.2,21.79186,12.48,-0.5918605804443366,0.5918605804443366,< $50,0,0.0009877138,0
2025-12-08 07:00:00,2025-12-08 06:00:00,2025-12-08,6,0,12,30.91,28.708778,21.2,2.201221618652344,2.201221618652344,< $50,0,0.003876921,0
2025-12-08 08:00:00,2025-12-08 07:00:00,2025-12-08,7,0,12,27.85,45.692654,30.91,-17.842653656005858,17.842653656005858,< $50,0,0.040973283,0
2025-12-08 09:00:00,2025-12-08 08:00:00,2025-12-08,8,0,12,23.25,26.15193,27.85,-2.9019298553466797,2.9019298553466797,< $50,0,0.005675987,0
2025-12-08 10:00:00,2025-12-08 09:00:00,2025-12-08,9,0,12,0.0,21.117327,23.25,-21.117326736450195,21.117326736450195,< $50,0,0.0014254032,0
2025-12-08 11:00:00,2025-12-08 10:00:00,2025-12-08,10,0,12,0.0,0.59521127,0.0,-0.5952112674713135,0.5952112674713135,< $50,0,0.00028082074,0
2025-12-08 12:00:00,2025-12-08 11:00:00,2025-12-08,11,0,12,0.0,0.0,0.0,0.0,0.0,< $50,0,0.00028682264,0
2025-12-08 13:00:00,2025-12-08 12:00:00,2025-12-08,12,0,12,0.0,2.9647672,0.0,-2.9647672176361084,2.9647672176361084,< $50,0,0.0002845334,0
2025-12-08 14:00:00,2025-12-08 13:00:00,2025-12-08,13,0,12,12.64,0.118391246,0.0,12.52160875439644,12.52160875439644,< $50,0,0.00047005154,0
2025-12-08 15:00:00,2025-12-08 14:00:00,2025-12-08,14,0,12,21.86,9.286631,12.64,12.573369369506835,12.573369369506835,< $50,0,0.0005826384,0
2025-12-08 16:00:00,2025-12-08 15:00:00,2025-12-08,15,0,12,24.1,21.593515,21.86,2.5064846038818374,2.5064846038818374,< $50,0,0.0023346294,0
2025-12-08 17:00:00,2025-12-08 16:00:00,2025-12-08,16,0,12,29.29,44.922153,24.1,-15.632153472900391,15.632153472900391,< $50,0,0.01240634,0
2025-12-08 18:00:00,2025-12-08 17:00:00,2025-12-08,17,0,12,33.17,51.875298,29.29,-18.705297546386717,18.705297546386717,< $50,0,0.03699184,0
2025-12-08 19:00:00,2025-12-08 18:00:00,2025-12-08,18,0,12,29.5,52.371937,33.17,-22.871936798095703,22.871936798095703,< $50,0,0.010050732,0
2025-12-08 20:00:00,2025-12-08 19:00:00,2025-12-08,19,0,12,24.4,29.516241,29.5,-5.1162410736084,5.1162410736084,< $50,0,0.015933285,0
2025-12-08 21:00:00,2025-12-08 20:00:00,2025-12-08,20,0,12,25.07,21.627245,24.4,3.44275505065918,3.44275505065918,< $50,0,0.013985191,0
2025-12-08 22:00:00,2025-12-08 21:00:00,2025-12-08,21,0,12,26.09,19.942127,25.07,6.147872772216797,6.147872772216797,< $50,0,0.009364384,0
2025-12-08 23:00:00,2025-12-08 22:00:00,2025-12-08,22,0,12,23.36,22.101171,26.09,1.258828506469726,1.258828506469726,< $50,0,0.0022721102,0
2025-12-09 00:00:00,2025-12-08 23:00:00,2025-12-08,23,0,12,21.94,23.133404,23.36,-1.1934037780761706,1.1934037780761706,< $50,0,0.0010492651,0
2025-12-09 01:00:00,2025-12-09 00:00:00,2025-12-09,0,1,12,19.4,20.068655,21.94,-0.6686550140380874,0.6686550140380874,< $50,0,0.0005660518,0
2025-12-09 02:00:00,2025-12-09 01:00:00,2025-12-09,1,1,12,16.54,19.346674,19.4,-2.8066739654541024,2.8066739654541024,< $50,0,0.000612566,0
2025-12-09 03:00:00,2025-12-09 02:00:00,2025-12-09,2,1,12,1.72,18.153456,16.54,-16.43345573425293,16.43345573425293,< $50,0,0.00073221856,0
2025-12-09 04:00:00,2025-12-09 03:00:00,2025-12-09,3,1,12,0.0,2.4484155,1.72,-2.448415517807007,2.448415517807007,< $50,0,9.5234296e-05,0
2025-12-09 05:00:00,2025-12-09 04:00:00,2025-12-09,4,1,12,0.0,2.6299121,0.0,-2.6299121379852295,2.6299121379852295,< $50,0,0.00017963619,0
2025-12-09 06:00:00,2025-12-09 05:00:00,2025-12-09,5,1,12,3.17,3.6598742,0.0,-0.4898742008209229,0.4898742008209229,< $50,0,0.0003745297,0
2025-12-09 07:00:00,2025-12-09 06:00:00,2025-12-09,6,1,12,33.66,12.218387,3.17,21.441613349914547,21.441613349914547,< $50,0,0.00038855456,0
2025-12-09 08:00:00,2025-12-09 07:00:00,2025-12-09,7,1,12,79.19,31.198847,33.66,47.991153182983396,47.991153182983396,$50–100,0,0.020566048,0
2025-12-09 09:00:00,2025-12-09 08:00:00,2025-12-09,8,1,12,48.36,79.58109,79.19,-31.221092834472657,31.221092834472657,< $50,0,0.083380476,0
2025-12-09 10:00:00,2025-12-09 09:00:00,2025-12-09,9,1,12,37.65,41.680637,48.36,-4.030637359619142,4.030637359619142,< $50,0,0.018134907,0
2025-12-09 11:00:00,2025-12-09 10:00:00,2025-12-09,10,1,12,23.76,41.12197,37.65,-17.361971130371092,17.361971130371092,< $50,0,0.0031059508,0
2025-12-09 12:00:00,2025-12-09 11:00:00,2025-12-09,11,1,12,22.35,25.716497,23.76,-3.366497421264647,3.366497421264647,< $50,0,0.0004942097,0
2025-12-09 13:00:00,2025-12-09 12:00:00,2025-12-09,12,1,12,31.09,19.20122,22.35,11.88878044128418,11.88878044128418,< $50,0,0.0007487126,0
2025-12-09 14:00:00,2025-12-09 13:00:00,2025-12-09,13,1,12,24.12,39.71845,31.09,-15.598448638916015,15.598448638916015,< $50,0,0.024895858,0
2025-12-09 15:00:00,2025-12-09 14:00:00,2025-12-09,14,1,12,19.93,27.878914,24.12,-7.9489138793945315,7.9489138793945315,< $50,0,0.004263999,0
2025-12-09 16:00:00,2025-12-09 15:00:00,2025-12-09,15,1,12,33.51,46.314915,19.93,-12.804914703369143,12.804914703369143,< $50,0,0.002958426,0
2025-12-09 17:00:00,2025-12-09 16:00:00,2025-12-09,16,1,12,59.86,93.98238,33.51,-34.122383728027344,34.122383728027344,$50–100,0,0.05647729,0
2025-12-09 18:00:00,2025-12-09 17:00:00,2025-12-09,17,1,12,59.64,94.361435,59.86,-34.72143493652344,34.72143493652344,$50–100,0,0.03836056,0
2025-12-09 19:00:00,2025-12-09 18:00:00,2025-12-09,18,1,12,60.2,86.85174,59.64,-26.651737976074216,26.651737976074216,$50–100,0,0.012060567,0
2025-12-09 20:00:00,2025-12-09 19:00:00,2025-12-09,19,1,12,160.87,119.57068,60.2,41.299321289062505,41.299321289062505,$100–250,1,0.030386038,0
2025-12-09 21:00:00,2025-12-09 20:00:00,2025-12-09,20,1,12,275.05,154.17911,160.87,120.87089233398439,120.87089233398439,>= $250,1,0.6483698,1
2025-12-09 22:00:00,2025-12-09 21:00:00,2025-12-09,21,1,12,298.96,212.93692,275.05,86.02307983398435,86.02307983398435,>= $250,1,0.74954414,1
2025-12-09 23:00:00,2025-12-09 22:00:00,2025-12-09,22,1,12,48.26,216.48396,298.96,-168.22396301269532,168.22396301269532,< $50,0,0.49108702,0
2025-12-10 00:00:00,2025-12-09 23:00:00,2025-12-09,23,1,12,56.35,62.057686,48.26,-5.70768585205078,5.70768585205078,$50–100,0,0.012853712,0
2025-12-10 01:00:00,2025-12-10 00:00:00,2025-12-10,0,2,12,48.81,73.691315,56.35,-24.881314697265623,24.881314697265623,< $50,0,0.016818047,0
2025-12-10 02:00:00,2025-12-10 01:00:00,2025-12-10,1,2,12,40.51,55.95872,48.81,-15.448721160888674,15.448721160888674,< $50,0,0.013208146,0
2025-12-10 03:00:00,2025-12-10 02:00:00,2025-12-10,2,2,12,29.39,45.274426,40.51,-15.884425506591796,15.884425506591796,< $50,0,0.0061347075,0
2025-12-10 04:00:00,2025-12-10 03:00:00,2025-12-10,3,2,12,22.5,43.75998,29.39,-21.259979248046875,21.259979248046875,< $50,0,0.0018960012,0
2025-12-10 05:00:00,2025-12-10 04:00:00,2025-12-10,4,2,12,19.42,24.691319,22.5,-5.271318511962889,5.271318511962889,< $50,0,0.0003174994,0
2025-12-10 06:00:00,2025-12-10 05:00:00,2025-12-10,5,2,12,18.81,18.99641,19.42,-0.18641036987304815,0.18641036987304815,< $50,0,0.00071184774,0
2025-12-10 07:00:00,2025-12-10 06:00:00,2025-12-10,6,2,12,17.12,21.321669,18.81,-4.201668624877929,4.201668624877929,< $50,0,0.00081187556,0
2025-12-10 08:00:00,2025-12-10 07:00:00,2025-12-10,7,2,12,16.95,24.581411,17.12,-7.631411361694337,7.631411361694337,< $50,0,0.00037399863,0
2025-12-10 09:00:00,2025-12-10 08:00:00,2025-12-10,8,2,12,23.7,22.363098,16.95,1.3369018554687493,1.3369018554687493,< $50,0,0.00017602582,0
2025-12-10 10:00:00,2025-12-10 09:00:00,2025-12-10,9,2,12,25.42,30.418615,23.7,-4.998615341186522,4.998615341186522,< $50,0,0.00030563233,0
2025-12-10 11:00:00,2025-12-10 10:00:00,2025-12-10,10,2,12,24.27,29.587517,25.42,-5.317516784667969,5.317516784667969,< $50,0,0.00065123034,0
2025-12-10 12:00:00,2025-12-10 11:00:00,2025-12-10,11,2,12,32.47,26.31351,24.27,6.156489105224608,6.156489105224608,< $50,0,0.0003552308,0
2025-12-10 13:00:00,2025-12-10 12:00:00,2025-12-10,12,2,12,33.95,41.157234,32.47,-7.207234191894528,7.207234191894528,< $50,0,0.002245498,0
2025-12-10 14:00:00,2025-12-10 13:00:00,2025-12-10,13,2,12,27.1,46.69747,33.95,-19.597471618652342,19.597471618652342,< $50,0,0.0040580174,0
2025-12-10 15:00:00,2025-12-10 14:00:00,2025-12-10,14,2,12,33.84,39.69329,27.1,-5.853290710449215,5.853290710449215,< $50,0,0.00079028495,0
2025-12-10 16:00:00,2025-12-10 15:00:00,2025-12-10,15,2,12,51.63,42.029102,33.84,9.60089767456055,9.60089767456055,$50–100,0,0.009528402,0
2025-12-10 17:00:00,2025-12-10 16:00:00,2025-12-10,16,2,12,64.46,101.56457,51.63,-37.104567565917975,37.104567565917975,$50–100,0,0.10549899,0
2025-12-10 18:00:00,2025-12-10 17:00:00,2025-12-10,17,2,12,58.54,95.26018,64.46,-36.72017761230469,36.72017761230469,$50–100,0,0.07560477,0
2025-12-10 19:00:00,2025-12-10 18:00:00,2025-12-10,18,2,12,52.56,92.60087,58.54,-40.040868225097654,40.040868225097654,$50–100,0,0.03991676,0
2025-12-10 20:00:00,2025-12-10 19:00:00,2025-12-10,19,2,12,43.82,100.958755,52.56,-57.13875549316406,57.13875549316406,< $50,0,0.05832588,0
2025-12-10 21:00:00,2025-12-10 20:00:00,2025-12-10,20,2,12,53.1,60.694164,43.82,-7.5941642761230455,7.5941642761230455,$50–100,0,0.015246037,0
2025-12-10 22:00:00,2025-12-10 21:00:00,2025-12-10,21,2,12,43.67,55.095314,53.1,-11.425314025878905,11.425314025878905,< $50,0,0.013614572,0
2025-12-10 23:00:00,2025-12-10 22:00:00,2025-12-10,22,2,12,44.68,36.44668,43.67,8.233321838378906,8.233321838378906,< $50,0,0.0026141352,0
2025-12-11 00:00:00,2025-12-10 23:00:00,2025-12-10,23,2,12,43.63,40.88254,44.68,2.747458343505862,2.747458343505862,< $50,0,0.004136535,0
2025-12-11 01:00:00,2025-12-11 00:00:00,2025-12-11,0,3,12,48.25,40.373608,43.63,7.876392364501953,7.876392364501953,< $50,0,0.0039287494,0
2025-12-11 02:00:00,2025-12-11 01:00:00,2025-12-11,1,3,12,48.25,46.270607,48.25,1.9793930053710938,1.9793930053710938,< $50,0,0.007709734,0
2025-12-11 03:00:00,2025-12-11 02:00:00,2025-12-11,2,3,12,46.7,43.722965,48.25,2.977034759521487,2.977034759521487,< $50,0,0.004236543,0
2025-12-11 04:00:00,2025-12-11 03:00:00,2025-12-11,3,3,12,40.44,44.82304,46.7,-4.383040008544924,4.383040008544924,< $50,0,0.0025706883,0
2025-12-11 05:00:00,2025-12-11 04:00:00,2025-12-11,4,3,12,34.74,38.24298,40.44,-3.502980957031248,3.502980957031248,< $50,0,0.0028339133,0
2025-12-11 06:00:00,2025-12-11 05:00:00,2025-12-11,5,3,12,37.38,47.487003,34.74,-10.107003326416013,10.107003326416013,< $50,0,0.003223779,0
2025-12-11 07:00:00,2025-12-11 06:00:00,2025-12-11,6,3,12,36.77,58.946247,37.38,-22.176247100830075,22.176247100830075,< $50,0,0.002541516,0
2025-12-11 08:00:00,2025-12-11 07:00:00,2025-12-11,7,3,12,25.67,44.118107,36.77,-18.448106842041014,18.448106842041014,< $50,0,0.005534724,0
2025-12-11 09:00:00,2025-12-11 08:00:00,2025-12-11,8,3,12,26.94,19.880693,25.67,7.059306564331056,7.059306564331056,< $50,0,0.0020848103,0
2025-12-11 10:00:00,2025-12-11 09:00:00,2025-12-11,9,3,12,39.31,25.209042,26.94,14.100958404541018,14.100958404541018,< $50,0,0.0030760819,0
2025-12-11 11:00:00,2025-12-11 10:00:00,2025-12-11,10,3,12,44.75,32.98441,39.31,11.76559066772461,11.76559066772461,< $50,0,0.007985395,0
2025-12-11 12:00:00,2025-12-11 11:00:00,2025-12-11,11,3,12,45.56,40.097664,44.75,5.462336120605471,5.462336120605471,< $50,0,0.0048058126,0
2025-12-11 13:00:00,2025-12-11 12:00:00,2025-12-11,12,3,12,40.43,39.665356,45.56,0.7646443176269528,0.7646443176269528,< $50,0,0.0076035843,0
2025-12-11 14:00:00,2025-12-11 13:00:00,2025-12-11,13,3,12,37.8,34.434357,40.43,3.365643310546872,3.365643310546872,< $50,0,0.003218246,0
2025-12-11 15:00:00,2025-12-11 14:00:00,2025-12-11,14,3,12,36.24,36.67983,37.8,-0.43982864379882614,0.43982864379882614,< $50,0,0.004377604,0
2025-12-11 16:00:00,2025-12-11 15:00:00,2025-12-11,15,3,12,37.21,48.512337,36.24,-11.30233673095703,11.30233673095703,< $50,0,0.015658129,0
2025-12-11 17:00:00,2025-12-11 16:00:00,2025-12-11,16,3,12,43.65,113.86421,37.21,-70.2142120361328,70.2142120361328,< $50,0,0.107503936,0
2025-12-11 18:00:00,2025-12-11 17:00:00,2025-12-11,17,3,12,44.2,68.51555,43.65,-24.315548706054685,24.315548706054685,< $50,0,0.09905773,0
2025-12-11 19:00:00,2025-12-11 18:00:00,2025-12-11,18,3,12,42.95,94.18711,44.2,-51.2371109008789,51.2371109008789,< $50,0,0.05873544,0
2025-12-11 20:00:00,2025-12-11 19:00:00,2025-12-11,19,3,12,45.07,82.09592,42.95,-37.025916748046875,37.025916748046875,< $50,0,0.022422938,0
2025-12-11 21:00:00,2025-12-11 20:00:00,2025-12-11,20,3,12,47.06,93.41607,45.07,-46.35606903076172,46.35606903076172,< $50,0,0.047534294,0
2025-12-11 22:00:00,2025-12-11 21:00:00,2025-12-11,21,3,12,52.4,66.96409,47.06,-14.564088439941408,14.564088439941408,$50–100,0,0.01807754,0
2025-12-11 23:00:00,2025-12-11 22:00:00,2025-12-11,22,3,12,56.4,60.61922,52.4,-4.2192207336425795,4.2192207336425795,$50–100,0,0.013430213,0
2025-12-12 00:00:00,2025-12-11 23:00:00,2025-12-11,23,3,12,56.51,61.619267,56.4,-5.109266510009768,5.109266510009768,$50–100,0,0.0075143958,0
2025-12-12 01:00:00,2025-12-12 00:00:00,2025-12-12,0,4,12,54.87,61.581486,56.51,-6.711485748291018,6.711485748291018,$50–100,0,0.012547118,0
2025-12-12 02:00:00,2025-12-12 01:00:00,2025-12-12,1,4,12,52.78,59.507008,54.87,-6.727007598876952,6.727007598876952,$50–100,0,0.009176878,0
2025-12-12 03:00:00,2025-12-12 02:00:00,2025-12-12,2,4,12,56.53,57.936905,52.78,-1.4069049072265614,1.4069049072265614,$50–100,0,0.0073582605,0
2025-12-12 04:00:00,2025-12-12 03:00:00,2025-12-12,3,4,12,57.51,62.872173,56.53,-5.362173309326174,5.362173309326174,$50–100,0,0.010466602,0
2025-12-12 05:00:00,2025-12-12 04:00:00,2025-12-12,4,4,12,55.91,59.415512,57.51,-3.505512084960941,3.505512084960941,$50–100,0,0.008654371,0
2025-12-12 06:00:00,2025-12-12 05:00:00,2025-12-12,5,4,12,57.23,77.123344,55.91,-19.893344421386722,19.893344421386722,$50–100,0,0.00977178,0
2025-12-12 07:00:00,2025-12-12 06:00:00,2025-12-12,6,4,12,54.64,74.95751,57.23,-20.317511901855468,20.317511901855468,$50–100,0,0.009283052,0
2025-12-12 08:00:00,2025-12-12 07:00:00,2025-12-12,7,4,12,69.64,79.812485,54.64,-10.172484741210937,10.172484741210937,$50–100,0,0.04014609,0
2025-12-12 09:00:00,2025-12-12 08:00:00,2025-12-12,8,4,12,86.31,81.55309,69.64,4.7569070434570335,4.7569070434570335,$50–100,0,0.051975958,0
2025-12-12 10:00:00,2025-12-12 09:00:00,2025-12-12,9,4,12,82.39,149.55106,86.31,-67.16105590820312,67.16105590820312,$50–100,0,0.05982033,0
2025-12-12 11:00:00,2025-12-12 10:00:00,2025-12-12,10,4,12,59.37,174.84131,82.39,-115.47130859375,115.47130859375,$50–100,0,0.029851895,0
2025-12-12 12:00:00,2025-12-12 11:00:00,2025-12-12,11,4,12,55.32,118.32134,59.37,-63.00134246826172,63.00134246826172,$50–100,0,0.03133396,0
2025-12-12 13:00:00,2025-12-12 12:00:00,2025-12-12,12,4,12,55.24,110.128075,55.32,-54.88807464599609,54.88807464599609,$50–100,0,0.02350799,0
2025-12-12 14:00:00,2025-12-12 13:00:00,2025-12-12,13,4,12,55.03,105.67422,55.24,-50.64421722412109,50.64421722412109,$50–100,0,0.012138625,0
2025-12-12 15:00:00,2025-12-12 14:00:00,2025-12-12,14,4,12,48.95,95.62114,55.03,-46.671139526367185,46.671139526367185,< $50,0,0.013553814,0
2025-12-12 16:00:00,2025-12-12 15:00:00,2025-12-12,15,4,12,46.85,80.22963,48.95,-33.37962951660156,33.37962951660156,< $50,0,0.02887572,0
2025-12-12 17:00:00,2025-12-12 16:00:00,2025-12-12,16,4,12,49.44,110.62488,46.85,-61.1848779296875,61.1848779296875,< $50,0,0.066360384,0
2025-12-12 18:00:00,2025-12-12 17:00:00,2025-12-12,17,4,12,54.0,75.34279,49.44,-21.342788696289062,21.342788696289062,$50–100,0,0.10082555,0
2025-12-12 19:00:00,2025-12-12 18:00:00,2025-12-12,18,4,12,48.46,91.69741,54.0,-43.23741058349609,43.23741058349609,< $50,0,0.044050667,0
2025-12-12 20:00:00,2025-12-12 19:00:00,2025-12-12,19,4,12,47.15,56.969185,48.46,-9.819184875488283,9.819184875488283,< $50,0,0.028090216,0
2025-12-12 21:00:00,2025-12-12 20:00:00,2025-12-12,20,4,12,55.15,52.95035,47.15,2.199648284912108,2.199648284912108,$50–100,0,0.021085344,0
2025-12-12 22:00:00,2025-12-12 21:00:00,2025-12-12,21,4,12,56.81,71.210396,55.15,-14.400395812988279,14.400395812988279,$50–100,0,0.040600818,0
2025-12-12 23:00:00,2025-12-12 22:00:00,2025-12-12,22,4,12,56.71,52.579094,56.81,4.130906066894532,4.130906066894532,$50–100,0,0.007002197,0
2025-12-13 00:00:00,2025-12-12 23:00:00,2025-12-12,23,4,12,85.26,50.90601,56.71,34.35399032592774,34.35399032592774,$50–100,0,0.007731367,0
2025-12-13 01:00:00,2025-12-13 00:00:00,2025-12-13,0,5,12,63.43,118.88595,85.26,-55.455948181152344,55.455948181152344,$50–100,0,0.009035492,0
2025-12-13 02:00:00,2025-12-13 01:00:00,2025-12-13,1,5,12,62.99,75.794815,63.43,-12.80481506347656,12.80481506347656,$50–100,0,0.013998058,0
2025-12-13 03:00:00,2025-12-13 02:00:00,2025-12-13,2,5,12,53.08,67.71691,62.99,-14.63691131591797,14.63691131591797,$50–100,0,0.009041275,0
2025-12-13 04:00:00,2025-12-13 03:00:00,2025-12-13,3,5,12,52.43,63.245647,53.08,-10.815647430419922,10.815647430419922,$50–100,0,0.010254161,0
2025-12-13 05:00:00,2025-12-13 04:00:00,2025-12-13,4,5,12,69.04,58.835266,52.43,10.204733886718756,10.204733886718756,$50–100,0,0.009134014,0
2025-12-13 06:00:00,2025-12-13 05:00:00,2025-12-13,5,5,12,76.1,91.2954,69.04,-15.195402526855474,15.195402526855474,$50–100,0,0.017386537,0
2025-12-13 07:00:00,2025-12-13 06:00:00,2025-12-13,6,5,12,89.67,100.95746,76.1,-11.287458496093748,11.287458496093748,$50–100,0,0.020520953,0
2025-12-13 08:00:00,2025-12-13 07:00:00,2025-12-13,7,5,12,104.49,153.5132,89.67,-49.02319885253907,49.02319885253907,$100–250,1,0.12994434,0
2025-12-13 09:00:00,2025-12-13 08:00:00,2025-12-13,8,5,12,64.68,149.08752,104.49,-84.4075244140625,84.4075244140625,$50–100,0,0.1824673,0
2025-12-13 10:00:00,2025-12-13 09:00:00,2025-12-13,9,5,12,47.27,118.24497,64.68,-70.9749722290039,70.9749722290039,< $50,0,0.05122768,0
2025-12-13 11:00:00,2025-12-13 10:00:00,2025-12-13,10,5,12,43.6,93.626144,47.27,-50.026144409179686,50.026144409179686,< $50,0,0.03036763,0
2025-12-13 12:00:00,2025-12-13 11:00:00,2025-12-13,11,5,12,39.89,83.220314,43.6,-43.330314025878906,43.330314025878906,< $50,0,0.006776959,0
2025-12-13 13:00:00,2025-12-13 12:00:00,2025-12-13,12,5,12,40.99,81.50326,39.89,-40.51325775146484,40.51325775146484,< $50,0,0.0052121906,0
2025-12-13 14:00:00,2025-12-13 13:00:00,2025-12-13,13,5,12,39.29,81.48834,40.99,-42.19834228515625,42.19834228515625,< $50,0,0.011492635,0
2025-12-13 15:00:00,2025-12-13 14:00:00,2025-12-13,14,5,12,31.64,39.504242,39.29,-7.864241943359374,7.864241943359374,< $50,0,0.0067294342,0
2025-12-13 16:00:00,2025-12-13 15:00:00,2025-12-13,15,5,12,28.67,37.367294,31.64,-8.697294311523436,8.697294311523436,< $50,0,0.0024841311,0
2025-12-13 17:00:00,2025-12-13 16:00:00,2025-12-13,16,5,12,31.39,39.83812,28.67,-8.448119506835937,8.448119506835937,< $50,0,0.0019690597,0
2025-12-13 18:00:00,2025-12-13 17:00:00,2025-12-13,17,5,12,34.24,46.007748,31.39,-11.767747650146482,11.767747650146482,< $50,0,0.012754954,0
2025-12-13 19:00:00,2025-12-13 18:00:00,2025-12-13,18,5,12,29.87,49.549637,34.24,-19.67963684082031,19.67963684082031,< $50,0,0.005510805,0
2025-12-13 20:00:00,2025-12-13 19:00:00,2025-12-13,19,5,12,24.71,41.5477,29.87,-16.837698974609374,16.837698974609374,< $50,0,0.003602648,0
2025-12-13 21:00:00,2025-12-13 20:00:00,2025-12-13,20,5,12,22.39,29.542007,24.71,-7.152007446289062,7.152007446289062,< $50,0,0.001640707,0
2025-12-13 22:00:00,2025-12-13 21:00:00,2025-12-13,21,5,12,21.85,20.668016,22.39,1.181983566284181,1.181983566284181,< $50,0,0.0005177931,0
2025-12-13 23:00:00,2025-12-13 22:00:00,2025-12-13,22,5,12,21.45,19.385921,21.85,2.064078521728515,2.064078521728515,< $50,0,0.00011196644,0
2025-12-14 00:00:00,2025-12-13 23:00:00,2025-12-13,23,5,12,19.35,19.280613,21.45,0.0693870544433608,0.0693870544433608,< $50,0,0.00017770022,0
2025-12-14 01:00:00,2025-12-14 00:00:00,2025-12-14,0,6,12,19.68,19.386112,19.35,0.2938877868652341,0.2938877868652341,< $50,0,0.00022185658,0
2025-12-14 02:00:00,2025-12-14 01:00:00,2025-12-14,1,6,12,20.16,21.030048,19.68,-0.870048370361328,0.870048370361328,< $50,0,0.00027590027,0
2025-12-14 03:00:00,2025-12-14 02:00:00,2025-12-14,2,6,12,19.46,21.680458,20.16,-2.2204580688476554,2.2204580688476554,< $50,0,0.00031697526,0
2025-12-14 04:00:00,2025-12-14 03:00:00,2025-12-14,3,6,12,19.27,19.051691,19.46,0.218308944702148,0.218308944702148,< $50,0,0.00018000277,0
2025-12-14 05:00:00,2025-12-14 04:00:00,2025-12-14,4,6,12,19.53,19.460403,19.27,0.06959655761718864,0.06959655761718864,< $50,0,0.00021347417,0
2025-12-14 06:00:00,2025-12-14 05:00:00,2025-12-14,5,6,12,20.46,21.895914,19.53,-1.4359140777587882,1.4359140777587882,< $50,0,0.00041081055,0
2025-12-14 07:00:00,2025-12-14 06:00:00,2025-12-14,6,6,12,21.47,22.910433,20.46,-1.440432815551759,1.440432815551759,< $50,0,0.00029661387,0
2025-12-14 08:00:00,2025-12-14 07:00:00,2025-12-14,7,6,12,21.42,22.012434,21.47,-0.592434005737303,0.592434005737303,< $50,0,0.00041415106,0
2025-12-14 09:00:00,2025-12-14 08:00:00,2025-12-14,8,6,12,22.19,21.500967,21.42,0.6890329742431653,0.6890329742431653,< $50,0,0.00041222907,0
2025-12-14 10:00:00,2025-12-14 09:00:00,2025-12-14,9,6,12,21.72,23.967455,22.19,-2.2474549102783214,2.2474549102783214,< $50,0,0.0011943125,0
2025-12-14 11:00:00,2025-12-14 10:00:00,2025-12-14,10,6,12,22.12,19.275312,21.72,2.8446875762939463,2.8446875762939463,< $50,0,0.00020959812,0
2025-12-14 12:00:00,2025-12-14 11:00:00,2025-12-14,11,6,12,19.5,19.416807,22.12,0.08319282531738281,0.08319282531738281,< $50,0,0.00041921987,0
2025-12-14 13:00:00,2025-12-14 12:00:00,2025-12-14,12,6,12,11.68,19.696932,19.5,-8.016931838989258,8.016931838989258,< $50,0,0.00021866884,0
2025-12-14 14:00:00,2025-12-14 13:00:00,2025-12-14,13,6,12,14.52,14.226492,11.68,0.29350807189941364,0.29350807189941364,< $50,0,0.0001025985,0
2025-12-14 15:00:00,2025-12-14 14:00:00,2025-12-14,14,6,12,20.07,17.408197,14.52,2.6618025970458987,2.6618025970458987,< $50,0,0.00025771753,0
2025-12-14 16:00:00,2025-12-14 15:00:00,2025-12-14,15,6,12,20.9,22.504751,20.07,-1.6047512054443374,1.6047512054443374,< $50,0,0.001375608,0
2025-12-14 17:00:00,2025-12-14 16:00:00,2025-12-14,16,6,12,21.76,34.31481,20.9,-12.554811706542967,12.554811706542967,< $50,0,0.0010261011,0
2025-12-14 18:00:00,2025-12-14 17:00:00,2025-12-14,17,6,12,21.48,29.353508,21.76,-7.873507995605468,7.873507995605468,< $50,0,0.00203256,0
2025-12-14 19:00:00,2025-12-14 18:00:00,2025-12-14,18,6,12,20.92,33.66029,21.48,-12.740289764404295,12.740289764404295,< $50,0,0.00048085407,0
2025-12-14 20:00:00,2025-12-14 19:00:00,2025-12-14,19,6,12,19.81,29.45644,20.92,-9.64643997192383,9.64643997192383,< $50,0,0.00059840264,0
2025-12-14 21:00:00,2025-12-14 20:00:00,2025-12-14,20,6,12,20.18,18.90271,19.81,1.2772900390624997,1.2772900390624997,< $50,0,0.00030037656,0
2025-12-14 22:00:00,2025-12-14 21:00:00,2025-12-14,21,6,12,19.88,19.404469,20.18,0.4755314636230459,0.4755314636230459,< $50,0,0.0005104518,0
2025-12-14 23:00:00,2025-12-14 22:00:00,2025-12-14,22,6,12,16.9,19.08334,19.88,-2.183339691162111,2.183339691162111,< $50,0,0.00011191786,0
2025-12-15 00:00:00,2025-12-14 23:00:00,2025-12-14,23,6,12,21.7,18.01487,16.9,3.685130310058593,3.685130310058593,< $50,0,0.00026855452,0
2025-12-15 01:00:00,2025-12-15 00:00:00,2025-12-15,0,0,12,21.52,23.575708,21.7,-2.055708389282227,2.055708389282227,< $50,0,0.0006585355,0
2025-12-15 02:00:00,2025-12-15 01:00:00,2025-12-15,1,0,12,20.99,19.928244,21.52,1.0617563629150375,1.0617563629150375,< $50,0,0.00037511,0
2025-12-15 03:00:00,2025-12-15 02:00:00,2025-12-15,2,0,12,16.54,19.642693,20.99,-3.1026925659179696,3.1026925659179696,< $50,0,0.0002506927,0
2025-12-15 04:00:00,2025-12-15 03:00:00,2025-12-15,3,0,12,3.5,16.380642,16.54,-12.88064193725586,12.88064193725586,< $50,0,0.00022975281,0
2025-12-15 05:00:00,2025-12-15 04:00:00,2025-12-15,4,0,12,0.0,3.302882,3.5,-3.302881956100464,3.302881956100464,< $50,0,9.443353e-05,0
2025-12-15 06:00:00,2025-12-15 05:00:00,2025-12-15,5,0,12,0.0,2.9517024,0.0,-2.951702356338501,2.951702356338501,< $50,0,0.00012314973,0
2025-12-15 07:00:00,2025-12-15 06:00:00,2025-12-15,6,0,12,0.0,5.302358,0.0,-5.302358150482178,5.302358150482178,< $50,0,0.0003196342,0
2025-12-15 08:00:00,2025-12-15 07:00:00,2025-12-15,7,0,12,6.72,1.7918221,0.0,4.928177924156189,4.928177924156189,< $50,0,0.00027233787,0
2025-12-15 09:00:00,2025-12-15 08:00:00,2025-12-15,8,0,12,0.0,6.0844097,6.72,-6.084409713745117,6.084409713745117,< $50,0,0.00025656968,0
2025-12-15 10:00:00,2025-12-15 09:00:00,2025-12-15,9,0,12,0.0,3.8604984,0.0,-3.8604984283447266,3.8604984283447266,< $50,0,6.816439e-05,0
2025-12-15 11:00:00,2025-12-15 10:00:00,2025-12-15,10,0,12,0.0,2.4542363,0.0,-2.4542362689971924,2.4542362689971924,< $50,0,5.9911974e-05,0
2025-12-15 12:00:00,2025-12-15 11:00:00,2025-12-15,11,0,12,0.0,2.340486,0.0,-2.3404860496520996,2.3404860496520996,< $50,0,6.2983185e-05,0
2025-12-15 13:00:00,2025-12-15 12:00:00,2025-12-15,12,0,12,0.0,2.364226,0.0,-2.3642261028289795,2.3642261028289795,< $50,0,8.8611225e-05,0
2025-12-15 14:00:00,2025-12-15 13:00:00,2025-12-15,13,0,12,0.0,0.0,0.0,0.0,0.0,< $50,0,0.00011016066,0
2025-12-15 15:00:00,2025-12-15 14:00:00,2025-12-15,14,0,12,0.0,0.0,0.0,0.0,0.0,< $50,0,8.92434e-05,0
2025-12-15 16:00:00,2025-12-15 15:00:00,2025-12-15,15,0,12,1.93,0.0,0.0,1.93,1.93,< $50,0,0.00015708747,0
2025-12-15 17:00:00,2025-12-15 16:00:00,2025-12-15,16,0,12,20.37,11.825346,1.93,8.544654006958009,8.544654006958009,< $50,0,0.00036143546,0
2025-12-15 18:00:00,2025-12-15 17:00:00,2025-12-15,17,0,12,20.14,39.1109,20.37,-18.97090087890625,18.97090087890625,< $50,0,0.0057164594,0
2025-12-15 19:00:00,2025-12-15 18:00:00,2025-12-15,18,0,12,12.02,14.047953,20.14,-2.0279526519775395,2.0279526519775395,< $50,0,0.0004840525,0
2025-12-15 20:00:00,2025-12-15 19:00:00,2025-12-15,19,0,12,4.41,5.5487323,12.02,-1.138732280731201,1.138732280731201,< $50,0,0.0001961847,0
2025-12-15 21:00:00,2025-12-15 20:00:00,2025-12-15,20,0,12,20.01,1.201349,4.41,18.80865097999573,18.80865097999573,< $50,0,8.2115635e-05,0
2025-12-15 22:00:00,2025-12-15 21:00:00,2025-12-15,21,0,12,17.75,17.79522,20.01,-0.04521942138671875,0.04521942138671875,< $50,0,0.0011431256,0
2025-12-15 23:00:00,2025-12-15 22:00:00,2025-12-15,22,0,12,5.47,12.064897,17.75,-6.594896583557129,6.594896583557129,< $50,0,0.00019838329,0
2025-12-16 00:00:00,2025-12-15 23:00:00,2025-12-15,23,0,12,0.0,2.5700815,5.47,-2.5700814723968506,2.5700814723968506,< $50,0,0.000101579746,0
2025-12-16 01:00:00,2025-12-16 00:00:00,2025-12-16,0,1,12,0.0,2.0676053,0.0,-2.0676052570343018,2.0676052570343018,< $50,0,9.8958146e-05,0
2025-12-16 02:00:00,2025-12-16 01:00:00,2025-12-16,1,1,12,0.0,1.7276057,0.0,-1.7276057004928589,1.7276057004928589,< $50,0,0.00012153215,0
2025-12-16 03:00:00,2025-12-16 02:00:00,2025-12-16,2,1,12,0.0,1.8747733,0.0,-1.8747732639312744,1.8747732639312744,< $50,0,0.00016979678,0
2025-12-16 04:00:00,2025-12-16 03:00:00,2025-12-16,3,1,12,0.0,1.6971996,0.0,-1.6971995830535889,1.6971995830535889,< $50,0,0.00019860151,0
2025-12-16 05:00:00,2025-12-16 04:00:00,2025-12-16,4,1,12,0.0,1.1295899,0.0,-1.1295899152755737,1.1295899152755737,< $50,0,0.00025451844,0
2025-12-16 06:00:00,2025-12-16 05:00:00,2025-12-16,5,1,12,19.2,2.293641,0.0,16.906358909606933,16.906358909606933,< $50,0,0.00033960745,0
2025-12-16 07:00:00,2025-12-16 06:00:00,2025-12-16,6,1,12,48.79,31.772121,19.2,17.01787857055664,17.01787857055664,< $50,0,0.004651528,0
2025-12-16 08:00:00,2025-12-16 07:00:00,2025-12-16,7,1,12,48.55,48.646126,48.79,-0.09612579345703409,0.09612579345703409,< $50,0,0.0886662,0
2025-12-16 09:00:00,2025-12-16 08:00:00,2025-12-16,8,1,12,67.13,38.560898,48.55,28.569102172851558,28.569102172851558,$50–100,0,0.007201652,0
2025-12-16 10:00:00,2025-12-16 09:00:00,2025-12-16,9,1,12,39.69,92.917725,67.13,-53.227724609375,53.227724609375,< $50,0,0.008512149,0
2025-12-16 11:00:00,2025-12-16 10:00:00,2025-12-16,10,1,12,30.17,29.451536,39.69,0.7184638214111345,0.7184638214111345,< $50,0,0.0014589459,0
2025-12-16 12:00:00,2025-12-16 11:00:00,2025-12-16,11,1,12,25.61,29.622442,30.17,-4.012442245483399,4.012442245483399,< $50,0,0.00062832184,0
2025-12-16 13:00:00,2025-12-16 12:00:00,2025-12-16,12,1,12,19.06,25.363575,25.61,-6.303574981689454,6.303574981689454,< $50,0,0.00041042303,0
2025-12-16 14:00:00,2025-12-16 13:00:00,2025-12-16,13,1,12,18.58,16.059855,19.06,2.5201454925537092,2.5201454925537092,< $50,0,0.00031756086,0
2025-12-16 15:00:00,2025-12-16 14:00:00,2025-12-16,14,1,12,18.12,14.995203,18.58,3.1247969818115244,3.1247969818115244,< $50,0,0.0002306371,0
2025-12-16 16:00:00,2025-12-16 15:00:00,2025-12-16,15,1,12,14.87,13.769219,18.12,1.100780601501464,1.100780601501464,< $50,0,0.00045307796,0
2025-12-16 17:00:00,2025-12-16 16:00:00,2025-12-16,16,1,12,19.39,7.239233,14.87,12.150766983032227,12.150766983032227,< $50,0,0.00039593945,0
2025-12-16 18:00:00,2025-12-16 17:00:00,2025-12-16,17,1,12,20.85,32.899555,19.39,-12.049555206298827,12.049555206298827,< $50,0,0.007146824,0
2025-12-16 19:00:00,2025-12-16 18:00:00,2025-12-16,18,1,12,19.52,34.67828,20.85,-15.158279876708985,15.158279876708985,< $50,0,0.0025420454,0
2025-12-16 20:00:00,2025-12-16 19:00:00,2025-12-16,19,1,12,19.26,17.57106,19.52,1.688939819335939,1.688939819335939,< $50,0,0.0029927634,0
2025-12-16 21:00:00,2025-12-16 20:00:00,2025-12-16,20,1,12,18.52,18.927296,19.26,-0.40729568481445355,0.40729568481445355,< $50,0,0.0018430171,0
2025-12-16 22:00:00,2025-12-16 21:00:00,2025-12-16,21,1,12,18.49,18.465982,18.52,0.024017562866209374,0.024017562866209374,< $50,0,0.0014838241,0
2025-12-16 23:00:00,2025-12-16 22:00:00,2025-12-16,22,1,12,18.8,12.981297,18.49,5.81870346069336,5.81870346069336,< $50,0,0.000117255964,0
2025-12-17 00:00:00,2025-12-16 23:00:00,2025-12-16,23,1,12,18.28,17.629318,18.8,0.6506817626953136,0.6506817626953136,< $50,0,0.00037009484,0
2025-12-17 01:00:00,2025-12-17 00:00:00,2025-12-17,0,2,12,13.17,18.696606,18.28,-5.526605682373047,5.526605682373047,< $50,0,0.00010034005,0
2025-12-17 02:00:00,2025-12-17 01:00:00,2025-12-17,1,2,12,14.92,12.684265,13.17,2.23573486328125,2.23573486328125,< $50,0,5.5752327e-05,0
2025-12-17 03:00:00,2025-12-17 02:00:00,2025-12-17,2,2,12,12.6,16.563442,14.92,-3.9634422302246097,3.9634422302246097,< $50,0,0.0001853655,0
2025-12-17 04:00:00,2025-12-17 03:00:00,2025-12-17,3,2,12,3.29,12.064906,12.6,-8.774906120300294,8.774906120300294,< $50,0,4.1411153e-05,0
2025-12-17 05:00:00,2025-12-17 04:00:00,2025-12-17,4,2,12,0.77,4.125523,3.29,-3.355523090362549,3.355523090362549,< $50,0,5.132921e-05,0
2025-12-17 06:00:00,2025-12-17 05:00:00,2025-12-17,5,2,12,0.0,3.2941694,0.77,-3.2941694259643555,3.2941694259643555,< $50,0,5.46584e-05,0
2025-12-17 07:00:00,2025-12-17 06:00:00,2025-12-17,6,2,12,16.5,4.2100935,0.0,12.28990650177002,12.28990650177002,< $50,0,3.085e-05,0
2025-12-17 08:00:00,2025-12-17 07:00:00,2025-12-17,7,2,12,20.6,21.667637,16.5,-1.0676368713378892,1.0676368713378892,< $50,0,0.0005620707,0
2025-12-17 09:00:00,2025-12-17 08:00:00,2025-12-17,8,2,12,23.21,19.881536,20.6,3.3284635162353524,3.3284635162353524,< $50,0,0.00028495557,0
2025-12-17 10:00:00,2025-12-17 09:00:00,2025-12-17,9,2,12,26.28,24.741474,23.21,1.538525848388673,1.538525848388673,< $50,0,0.00019646363,0
2025-12-17 11:00:00,2025-12-17 10:00:00,2025-12-17,10,2,12,20.08,26.005653,26.28,-5.925653381347658,5.925653381347658,< $50,0,0.0010520727,0
2025-12-17 12:00:00,2025-12-17 11:00:00,2025-12-17,11,2,12,18.38,17.04967,20.08,1.3303307342529287,1.3303307342529287,< $50,0,0.00010409703,0
2025-12-17 13:00:00,2025-12-17 12:00:00,2025-12-17,12,2,12,19.46,14.598378,18.38,4.861621818542481,4.861621818542481,< $50,0,0.0001267814,0
2025-12-17 14:00:00,2025-12-17 13:00:00,2025-12-17,13,2,12,21.95,18.05874,19.46,3.8912593841552727,3.8912593841552727,< $50,0,0.00028701356,0
2025-12-17 15:00:00,2025-12-17 14:00:00,2025-12-17,14,2,12,28.54,21.0101,21.95,7.529900588989257,7.529900588989257,< $50,0,0.0003194438,0
2025-12-17 16:00:00,2025-12-17 15:00:00,2025-12-17,15,2,12,22.49,30.973185,28.54,-8.48318458557129,8.48318458557129,< $50,0,0.003496432,0
2025-12-17 17:00:00,2025-12-17 16:00:00,2025-12-17,16,2,12,20.17,33.44273,22.49,-13.27272994995117,13.27272994995117,< $50,0,0.0011450802,0
2025-12-17 18:00:00,2025-12-17 17:00:00,2025-12-17,17,2,12,22.08,37.347572,20.17,-15.267572326660158,15.267572326660158,< $50,0,0.0013603527,0
2025-12-17 19:00:00,2025-12-17 18:00:00,2025-12-17,18,2,12,22.09,36.32709,22.08,-14.237091217041016,14.237091217041016,< $50,0,0.0010539738,0
2025-12-17 20:00:00,2025-12-17 19:00:00,2025-12-17,19,2,12,25.89,23.236174,22.09,2.6538263702392584,2.6538263702392584,< $50,0,0.001684962,0
2025-12-17 21:00:00,2025-12-17 20:00:00,2025-12-17,20,2,12,34.45,30.933067,25.89,3.516932678222659,3.516932678222659,< $50,0,0.0036987613,0
2025-12-17 22:00:00,2025-12-17 21:00:00,2025-12-17,21,2,12,40.3,39.483448,34.45,0.816551971435544,0.816551971435544,< $50,0,0.0029798225,0
2025-12-17 23:00:00,2025-12-17 22:00:00,2025-12-17,22,2,12,62.0,34.372948,40.3,27.627052307128906,27.627052307128906,$50–100,0,0.0004943895,0
2025-12-18 00:00:00,2025-12-17 23:00:00,2025-12-17,23,2,12,103.52,77.669106,62.0,25.85089447021484,25.85089447021484,$100–250,1,0.003894956,0
2025-12-18 01:00:00,2025-12-18 00:00:00,2025-12-18,0,3,12,81.22,101.737724,103.52,-20.51772430419922,20.51772430419922,$50–100,0,0.011726754,0
2025-12-18 02:00:00,2025-12-18 01:00:00,2025-12-18,1,3,12,83.45,98.6748,81.22,-15.224797058105466,15.224797058105466,$50–100,0,0.018933633,0
2025-12-18 03:00:00,2025-12-18 02:00:00,2025-12-18,2,3,12,37.37,122.752235,83.45,-85.38223541259765,85.38223541259765,< $50,0,0.038978204,0
2025-12-18 04:00:00,2025-12-18 03:00:00,2025-12-18,3,3,12,26.39,64.94673,37.37,-38.55673156738281,38.55673156738281,< $50,0,0.006835832,0
2025-12-18 05:00:00,2025-12-18 04:00:00,2025-12-18,4,3,12,19.84,29.82265,26.39,-9.982650909423828,9.982650909423828,< $50,0,0.0011936158,0
2025-12-18 06:00:00,2025-12-18 05:00:00,2025-12-18,5,3,12,18.39,31.631708,19.84,-13.241708145141601,13.241708145141601,< $50,0,0.0006218458,0
2025-12-18 07:00:00,2025-12-18 06:00:00,2025-12-18,6,3,12,20.2,28.123472,18.39,-7.923472213745118,7.923472213745118,< $50,0,0.0009833548,0
2025-12-18 08:00:00,2025-12-18 07:00:00,2025-12-18,7,3,12,25.25,26.989801,20.2,-1.7398014068603516,1.7398014068603516,< $50,0,0.0009755052,0
2025-12-18 09:00:00,2025-12-18 08:00:00,2025-12-18,8,3,12,26.3,26.091394,25.25,0.20860557556152415,0.20860557556152415,< $50,0,0.0013366363,0
2025-12-18 10:00:00,2025-12-18 09:00:00,2025-12-18,9,3,12,21.66,27.758741,26.3,-6.0987413787841795,6.0987413787841795,< $50,0,0.0011401805,0
2025-12-18 11:00:00,2025-12-18 10:00:00,2025-12-18,10,3,12,18.15,28.428738,21.66,-10.27873764038086,10.27873764038086,< $50,0,0.00014690525,0
2025-12-18 12:00:00,2025-12-18 11:00:00,2025-12-18,11,3,12,19.11,26.078045,18.15,-6.968044891357422,6.968044891357422,< $50,0,0.00013520094,0
2025-12-18 13:00:00,2025-12-18 12:00:00,2025-12-18,12,3,12,18.99,26.059227,19.11,-7.069226989746095,7.069226989746095,< $50,0,0.00020496469,0
2025-12-18 14:00:00,2025-12-18 13:00:00,2025-12-18,13,3,12,18.99,23.216663,18.99,-4.226663360595705,4.226663360595705,< $50,0,0.00015342365,0
2025-12-18 15:00:00,2025-12-18 14:00:00,2025-12-18,14,3,12,19.21,34.724884,18.99,-15.514884033203124,15.514884033203124,< $50,0,0.0002446038,0
2025-12-18 16:00:00,2025-12-18 15:00:00,2025-12-18,15,3,12,20.11,22.464739,19.21,-2.354738845825196,2.354738845825196,< $50,0,0.00044284618,0
2025-12-18 17:00:00,2025-12-18 16:00:00,2025-12-18,16,3,12,21.34,40.75232,20.11,-19.4123193359375,19.4123193359375,< $50,0,0.0006466241,0
2025-12-18 18:00:00,2025-12-18 17:00:00,2025-12-18,17,3,12,21.54,33.35373,21.34,-11.813729248046876,11.813729248046876,< $50,0,0.0009363925,0
2025-12-18 19:00:00,2025-12-18 18:00:00,2025-12-18,18,3,12,19.32,33.370956,21.54,-14.050956420898437,14.050956420898437,< $50,0,0.00042649012,0
2025-12-18 20:00:00,2025-12-18 19:00:00,2025-12-18,19,3,12,19.96,27.44802,19.32,-7.488020935058593,7.488020935058593,< $50,0,0.0005022704,0
2025-12-18 21:00:00,2025-12-18 20:00:00,2025-12-18,20,3,12,18.41,29.77815,19.96,-11.36815055847168,11.36815055847168,< $50,0,0.00052811456,0
2025-12-18 22:00:00,2025-12-18 21:00:00,2025-12-18,21,3,12,18.25,15.049937,18.41,3.2000627517700195,3.2000627517700195,< $50,0,0.00019314447,0
2025-12-18 23:00:00,2025-12-18 22:00:00,2025-12-18,22,3,12,14.96,14.002321,18.25,0.957678756713868,0.957678756713868,< $50,0,6.088784e-05,0
2025-12-19 00:00:00,2025-12-18 23:00:00,2025-12-18,23,3,12,0.0,10.737167,14.96,-10.737167358398438,10.737167358398438,< $50,0,4.8957918e-05,0
2025-12-19 01:00:00,2025-12-19 00:00:00,2025-12-19,0,4,12,0.0,0.0,0.0,0.0,0.0,< $50,0,1.9496376e-05,0
2025-12-19 02:00:00,2025-12-19 01:00:00,2025-12-19,1,4,12,0.0,2.3884945,0.0,-2.3884944915771484,2.3884944915771484,< $50,0,2.188975e-05,0
2025-12-19 03:00:00,2025-12-19 02:00:00,2025-12-19,2,4,12,0.0,2.5249343,0.0,-2.5249342918395996,2.5249342918395996,< $50,0,1.9407204e-05,0
2025-12-19 04:00:00,2025-12-19 03:00:00,2025-12-19,3,4,12,0.0,2.3135185,0.0,-2.313518524169922,2.313518524169922,< $50,0,3.2793614e-05,0
2025-12-19 05:00:00,2025-12-19 04:00:00,2025-12-19,4,4,12,0.0,2.4769847,0.0,-2.476984739303589,2.476984739303589,< $50,0,4.4146862e-05,0
2025-12-19 06:00:00,2025-12-19 05:00:00,2025-12-19,5,4,12,0.0,11.884666,0.0,-11.884666442871094,11.884666442871094,< $50,0,2.4908395e-05,0
2025-12-19 07:00:00,2025-12-19 06:00:00,2025-12-19,6,4,12,0.0,11.604826,0.0,-11.604825973510742,11.604825973510742,< $50,0,1.8565233e-05,0
2025-12-19 08:00:00,2025-12-19 07:00:00,2025-12-19,7,4,12,8.74,17.283266,0.0,-8.543266067504883,8.543266067504883,< $50,0,1.9151496e-05,0
2025-12-19 09:00:00,2025-12-19 08:00:00,2025-12-19,8,4,12,27.33,20.96858,8.74,6.361419754028319,6.361419754028319,< $50,0,3.8968737e-05,0
2025-12-19 10:00:00,2025-12-19 09:00:00,2025-12-19,9,4,12,27.46,51.30358,27.33,-23.843581237792968,23.843581237792968,< $50,0,0.002376225,0
2025-12-19 11:00:00,2025-12-19 10:00:00,2025-12-19,10,4,12,23.42,42.524185,27.46,-19.10418518066406,19.10418518066406,< $50,0,0.00026329103,0
2025-12-19 12:00:00,2025-12-19 11:00:00,2025-12-19,11,4,12,23.84,36.660755,23.42,-12.820755157470703,12.820755157470703,< $50,0,9.783652e-05,0
2025-12-19 13:00:00,2025-12-19 12:00:00,2025-12-19,12,4,12,27.79,37.12097,23.84,-9.3309716796875,9.3309716796875,< $50,0,0.00017858723,0
2025-12-19 14:00:00,2025-12-19 13:00:00,2025-12-19,13,4,12,33.83,40.79108,27.79,-6.961080474853517,6.961080474853517,< $50,0,0.00042530746,0
2025-12-19 15:00:00,2025-12-19 14:00:00,2025-12-19,14,4,12,26.89,55.044445,33.83,-28.154445037841796,28.154445037841796,< $50,0,0.00089365593,0
2025-12-19 16:00:00,2025-12-19 15:00:00,2025-12-19,15,4,12,32.21,45.6967,26.89,-13.486701049804687,13.486701049804687,< $50,0,0.00078582583,0
2025-12-19 17:00:00,2025-12-19 16:00:00,2025-12-19,16,4,12,38.62,77.23801,32.21,-38.61800659179688,38.61800659179688,< $50,0,0.0089718215,0
2025-12-19 18:00:00,2025-12-19 17:00:00,2025-12-19,17,4,12,39.83,53.859024,38.62,-14.029024047851564,14.029024047851564,< $50,0,0.004575597,0
2025-12-19 19:00:00,2025-12-19 18:00:00,2025-12-19,18,4,12,32.29,55.927845,39.83,-23.637845001220704,23.637845001220704,< $50,0,0.001529457,0
2025-12-19 20:00:00,2025-12-19 19:00:00,2025-12-19,19,4,12,32.8,53.481907,32.29,-20.681906890869143,20.681906890869143,< $50,0,0.00151448,0
2025-12-19 21:00:00,2025-12-19 20:00:00,2025-12-19,20,4,12,33.12,53.826534,32.8,-20.706534271240237,20.706534271240237,< $50,0,0.0016826182,0
2025-12-19 22:00:00,2025-12-19 21:00:00,2025-12-19,21,4,12,32.85,31.706913,33.12,1.1430870056152358,1.1430870056152358,< $50,0,0.0017526386,0
2025-12-19 23:00:00,2025-12-19 22:00:00,2025-12-19,22,4,12,32.0,32.776417,32.85,-0.7764167785644531,0.7764167785644531,< $50,0,0.0006480952,0
2025-12-20 00:00:00,2025-12-19 23:00:00,2025-12-19,23,4,12,31.93,28.866398,32.0,3.063602142333984,3.063602142333984,< $50,0,0.0005434459,0
2025-12-20 01:00:00,2025-12-20 00:00:00,2025-12-20,0,5,12,32.0,31.58964,31.93,0.41036033630371094,0.41036033630371094,< $50,0,0.0004899676,0
2025-12-20 02:00:00,2025-12-20 01:00:00,2025-12-20,1,5,12,33.22,33.628727,32.0,-0.40872695922851676,0.40872695922851676,< $50,0,0.0007371914,0
2025-12-20 03:00:00,2025-12-20 02:00:00,2025-12-20,2,5,12,37.47,34.976227,33.22,2.493773193359374,2.493773193359374,< $50,0,0.0003315159,0
2025-12-20 04:00:00,2025-12-20 03:00:00,2025-12-20,3,5,12,42.33,39.988247,37.47,2.341753082275389,2.341753082275389,< $50,0,0.000881397,0
2025-12-20 05:00:00,2025-12-20 04:00:00,2025-12-20,4,5,12,43.92,43.088245,42.33,0.8317546081542986,0.8317546081542986,< $50,0,0.004640282,0
2025-12-20 06:00:00,2025-12-20 05:00:00,2025-12-20,5,5,12,50.64,62.818813,43.92,-12.178813323974609,12.178813323974609,$50–100,0,0.018046618,0
2025-12-20 07:00:00,2025-12-20 06:00:00,2025-12-20,6,5,12,91.87,68.45097,50.64,23.419026489257817,23.419026489257817,$50–100,0,0.04960812,0
2025-12-20 08:00:00,2025-12-20 07:00:00,2025-12-20,7,5,12,82.19,201.2656,91.87,-119.07559448242188,119.07559448242188,$50–100,0,0.1536464,0
2025-12-20 09:00:00,2025-12-20 08:00:00,2025-12-20,8,5,12,75.0,143.53549,82.19,-68.53549194335938,68.53549194335938,$50–100,0,0.06603147,0
2025-12-20 10:00:00,2025-12-20 09:00:00,2025-12-20,9,5,12,66.91,135.65144,75.0,-68.74144348144532,68.74144348144532,$50–100,0,0.036122456,0
2025-12-20 11:00:00,2025-12-20 10:00:00,2025-12-20,10,5,12,47.38,133.7827,66.91,-86.40269958496094,86.40269958496094,< $50,0,0.024690632,0
2025-12-20 12:00:00,2025-12-20 11:00:00,2025-12-20,11,5,12,41.01,88.43647,47.38,-47.42647003173828,47.42647003173828,< $50,0,0.01701161,0
2025-12-20 13:00:00,2025-12-20 12:00:00,2025-12-20,12,5,12,35.31,86.81336,41.01,-51.50336212158203,51.50336212158203,< $50,0,0.0063063246,0
2025-12-20 14:00:00,2025-12-20 13:00:00,2025-12-20,13,5,12,32.72,49.566742,35.31,-16.846741943359376,16.846741943359376,< $50,0,0.0037278098,0
2025-12-20 15:00:00,2025-12-20 14:00:00,2025-12-20,14,5,12,33.19,45.09995,32.72,-11.909948883056643,11.909948883056643,< $50,0,0.0005141868,0
2025-12-20 16:00:00,2025-12-20 15:00:00,2025-12-20,15,5,12,39.14,57.36496,33.19,-18.224959716796874,18.224959716796874,< $50,0,0.0034439673,0
2025-12-20 17:00:00,2025-12-20 16:00:00,2025-12-20,16,5,12,39.93,91.07803,39.14,-51.148033447265625,51.148033447265625,< $50,0,0.019567812,0
2025-12-20 18:00:00,2025-12-20 17:00:00,2025-12-20,17,5,12,31.15,51.735302,39.93,-20.58530197143555,20.58530197143555,< $50,0,0.0067523373,0
2025-12-20 19:00:00,2025-12-20 18:00:00,2025-12-20,18,5,12,19.92,49.199745,31.15,-29.279745178222655,29.279745178222655,< $50,0,0.0031710307,0
2025-12-20 20:00:00,2025-12-20 19:00:00,2025-12-20,19,5,12,8.19,36.19978,19.92,-28.00977951049805,28.00977951049805,< $50,0,0.00054307224,0
2025-12-20 21:00:00,2025-12-20 20:00:00,2025-12-20,20,5,12,1.21,27.369457,8.19,-26.159457244873046,26.159457244873046,< $50,0,0.00014727608,0
2025-12-20 22:00:00,2025-12-20 21:00:00,2025-12-20,21,5,12,19.46,9.349993,1.21,10.110007247924806,10.110007247924806,< $50,0,3.3074677e-05,0
2025-12-20 23:00:00,2025-12-20 22:00:00,2025-12-20,22,5,12,18.87,20.229837,19.46,-1.359837417602538,1.359837417602538,< $50,0,0.0003813661,0
2025-12-21 00:00:00,2025-12-20 23:00:00,2025-12-20,23,5,12,7.36,14.821865,18.87,-7.461865081787109,7.461865081787109,< $50,0,0.00018647042,0
2025-12-21 01:00:00,2025-12-21 00:00:00,2025-12-21,0,6,12,1.67,6.362128,7.36,-4.692127780914307,4.692127780914307,< $50,0,3.791166e-05,0
2025-12-21 02:00:00,2025-12-21 01:00:00,2025-12-21,1,6,12,0.0,3.56449,1.67,-3.5644900798797607,3.5644900798797607,< $50,0,4.6337784e-05,0
2025-12-21 03:00:00,2025-12-21 02:00:00,2025-12-21,2,6,12,0.0,2.3050377,0.0,-2.3050377368927,2.3050377368927,< $50,0,4.1514708e-05,0
2025-12-21 04:00:00,2025-12-21 03:00:00,2025-12-21,3,6,12,12.95,2.5660532,0.0,10.383946847915649,10.383946847915649,< $50,0,6.8277775e-05,0
2025-12-21 05:00:00,2025-12-21 04:00:00,2025-12-21,4,6,12,17.81,15.612512,12.95,2.1974883651733386,2.1974883651733386,< $50,0,0.00018440158,0
2025-12-21 06:00:00,2025-12-21 05:00:00,2025-12-21,5,6,12,18.22,30.47397,17.81,-12.253970413208009,12.253970413208009,< $50,0,0.0003800307,0
2025-12-21 07:00:00,2025-12-21 06:00:00,2025-12-21,6,6,12,19.37,20.950676,18.22,-1.5806759643554678,1.5806759643554678,< $50,0,0.0004968901,0
2025-12-21 08:00:00,2025-12-21 07:00:00,2025-12-21,7,6,12,18.6,22.178253,19.37,-3.5782531738281236,3.5782531738281236,< $50,0,0.00027883583,0
2025-12-21 09:00:00,2025-12-21 08:00:00,2025-12-21,8,6,12,21.71,21.14578,18.6,0.5642194366455087,0.5642194366455087,< $50,0,0.00013791306,0
2025-12-21 10:00:00,2025-12-21 09:00:00,2025-12-21,9,6,12,34.51,23.632067,21.71,10.877933273315428,10.877933273315428,< $50,0,0.00021247934,0
2025-12-21 11:00:00,2025-12-21 10:00:00,2025-12-21,10,6,12,41.0,34.641098,34.51,6.3589019775390625,6.3589019775390625,< $50,0,0.0018143627,0
2025-12-21 12:00:00,2025-12-21 11:00:00,2025-12-21,11,6,12,41.09,39.904392,41.0,1.1856077575683628,1.1856077575683628,< $50,0,0.00093343476,0
2025-12-21 13:00:00,2025-12-21 12:00:00,2025-12-21,12,6,12,42.05,40.582836,41.09,1.4671638488769503,1.4671638488769503,< $50,0,0.0022391193,0
2025-12-21 14:00:00,2025-12-21 13:00:00,2025-12-21,13,6,12,48.43,46.330833,42.05,2.099166564941406,2.099166564941406,< $50,0,0.004718152,0
2025-12-21 15:00:00,2025-12-21 14:00:00,2025-12-21,14,6,12,71.65,54.282394,48.43,17.367605590820318,17.367605590820318,$50–100,0,0.0077534276,0
2025-12-21 16:00:00,2025-12-21 15:00:00,2025-12-21,15,6,12,82.88,71.47307,71.65,11.406931762695308,11.406931762695308,$50–100,0,0.025309704,0
2025-12-21 17:00:00,2025-12-21 16:00:00,2025-12-21,16,6,12,580.41,148.54266,82.88,431.8673364257812,431.8673364257812,>= $250,1,0.09812605,0
2025-12-21 18:00:00,2025-12-21 17:00:00,2025-12-21,17,6,12,751.2,298.3336,580.41,452.86641235351567,452.86641235351567,>= $250,1,0.86832964,1
2025-12-21 19:00:00,2025-12-21 18:00:00,2025-12-21,18,6,12,216.18,442.04636,751.2,-225.86635620117187,225.86635620117187,$100–250,1,0.73541087,1
2025-12-21 20:00:00,2025-12-21 19:00:00,2025-12-21,19,6,12,234.44,296.23126,216.18,-61.79126220703125,61.79126220703125,$100–250,1,0.052324235,0
2025-12-21 21:00:00,2025-12-21 20:00:00,2025-12-21,20,6,12,121.67,229.42656,234.44,-107.75655944824219,107.75655944824219,$100–250,1,0.47757187,0
2025-12-21 22:00:00,2025-12-21 21:00:00,2025-12-21,21,6,12,72.99,65.00397,121.67,7.986032714843745,7.986032714843745,$50–100,0,0.027074363,0
2025-12-21 23:00:00,2025-12-21 22:00:00,2025-12-21,22,6,12,56.96,53.406242,72.99,3.553757629394532,3.553757629394532,$50–100,0,0.009953029,0
2025-12-22 00:00:00,2025-12-21 23:00:00,2025-12-21,23,6,12,68.98,32.671867,56.96,36.308132629394535,36.308132629394535,$50–100,0,0.029547745,0
2025-12-22 01:00:00,2025-12-22 00:00:00,2025-12-22,0,0,12,92.68,70.81708,68.98,21.862922363281257,21.862922363281257,$50–100,0,0.018201435,0
2025-12-22 02:00:00,2025-12-22 01:00:00,2025-12-22,1,0,12,58.46,108.809586,92.68,-50.34958557128906,50.34958557128906,$50–100,0,0.027674306,0
2025-12-22 03:00:00,2025-12-22 02:00:00,2025-12-22,2,0,12,52.82,56.02974,58.46,-3.209739379882812,3.209739379882812,$50–100,0,0.014740368,0
2025-12-22 04:00:00,2025-12-22 03:00:00,2025-12-22,3,0,12,54.81,58.57313,52.82,-3.7631315612792946,3.7631315612792946,$50–100,0,0.010921065,0
2025-12-22 05:00:00,2025-12-22 04:00:00,2025-12-22,4,0,12,46.16,51.77487,54.81,-5.614871826171878,5.614871826171878,< $50,0,0.012897882,0
2025-12-22 06:00:00,2025-12-22 05:00:00,2025-12-22,5,0,12,45.98,57.500114,46.16,-11.520114440917972,11.520114440917972,< $50,0,0.010573277,0
2025-12-22 07:00:00,2025-12-22 06:00:00,2025-12-22,6,0,12,56.69,59.958473,45.98,-3.2684732055664085,3.2684732055664085,$50–100,0,0.016089892,0
2025-12-22 08:00:00,2025-12-22 07:00:00,2025-12-22,7,0,12,56.09,67.06076,56.69,-10.970760498046872,10.970760498046872,$50–100,0,0.06858425,0
2025-12-22 09:00:00,2025-12-22 08:00:00,2025-12-22,8,0,12,56.5,56.98742,56.09,-0.48741912841796875,0.48741912841796875,$50–100,0,0.052040257,0
2025-12-22 10:00:00,2025-12-22 09:00:00,2025-12-22,9,0,12,55.2,49.30012,56.5,5.899878692626956,5.899878692626956,$50–100,0,0.050037127,0
2025-12-22 11:00:00,2025-12-22 10:00:00,2025-12-22,10,0,12,55.2,43.371857,55.2,11.828143310546878,11.828143310546878,$50–100,0,0.025030293,0
2025-12-22 12:00:00,2025-12-22 11:00:00,2025-12-22,11,0,12,46.39,53.78688,55.2,-7.396880493164062,7.396880493164062,< $50,0,0.016862154,0
2025-12-22 13:00:00,2025-12-22 12:00:00,2025-12-22,12,0,12,44.32,39.196377,46.39,5.123623199462891,5.123623199462891,< $50,0,0.012302884,0
2025-12-22 14:00:00,2025-12-22 13:00:00,2025-12-22,13,0,12,44.31,32.5421,44.32,11.767901000976565,11.767901000976565,< $50,0,0.013209725,0
2025-12-22 15:00:00,2025-12-22 14:00:00,2025-12-22,14,0,12,43.91,32.285717,44.31,11.62428298950195,11.62428298950195,< $50,0,0.022351528,0
2025-12-22 16:00:00,2025-12-22 15:00:00,2025-12-22,15,0,12,133.54,46.223385,43.91,87.31661514282226,87.31661514282226,$100–250,1,0.06309276,0
2025-12-22 17:00:00,2025-12-22 16:00:00,2025-12-22,16,0,12,819.54,229.61826,133.54,589.9217443847656,589.9217443847656,>= $250,1,0.44575432,0
2025-12-22 18:00:00,2025-12-22 17:00:00,2025-12-22,17,0,12,973.67,665.66724,819.54,308.00276367187496,308.00276367187496,>= $250,1,0.9814264,1
2025-12-22 19:00:00,2025-12-22 18:00:00,2025-12-22,18,0,12,624.17,880.576,973.67,-256.4059887695313,256.4059887695313,>= $250,1,0.96708685,1
2025-12-22 20:00:00,2025-12-22 19:00:00,2025-12-22,19,0,12,112.72,368.68842,624.17,-255.96841552734375,255.96841552734375,$100–250,1,0.16999944,0
2025-12-22 21:00:00,2025-12-22 20:00:00,2025-12-22,20,0,12,61.49,234.34982,112.72,-172.85982299804687,172.85982299804687,$50–100,0,0.040011965,0
2025-12-22 22:00:00,2025-12-22 21:00:00,2025-12-22,21,0,12,42.2,91.11432,61.49,-48.91431884765625,48.91431884765625,< $50,0,0.05920682,0
2025-12-22 23:00:00,2025-12-22 22:00:00,2025-12-22,22,0,12,42.86,47.815556,42.2,-4.955555572509766,4.955555572509766,< $50,0,0.0060109193,0
2025-12-23 00:00:00,2025-12-22 23:00:00,2025-12-22,23,0,12,35.58,37.71654,42.86,-2.136541290283205,2.136541290283205,< $50,0,0.009990109,0
2025-12-23 01:00:00,2025-12-23 00:00:00,2025-12-23,0,1,12,25.53,27.676369,35.58,-2.146368713378905,2.146368713378905,< $50,0,0.001269948,0
2025-12-23 02:00:00,2025-12-23 01:00:00,2025-12-23,1,1,12,21.01,30.200342,25.53,-9.190342178344725,9.190342178344725,< $50,0,0.00041585334,0
2025-12-23 03:00:00,2025-12-23 02:00:00,2025-12-23,2,1,12,20.91,26.655884,21.01,-5.7458837890625,5.7458837890625,< $50,0,0.0001788176,0
2025-12-23 04:00:00,2025-12-23 03:00:00,2025-12-23,3,1,12,19.27,26.43606,20.91,-7.166059951782227,7.166059951782227,< $50,0,0.00017494656,0
2025-12-23 05:00:00,2025-12-23 04:00:00,2025-12-23,4,1,12,5.07,25.581884,19.27,-20.511884384155273,20.511884384155273,< $50,0,0.0002458186,0
2025-12-23 06:00:00,2025-12-23 05:00:00,2025-12-23,5,1,12,0.0,20.60163,5.07,-20.60162925720215,20.60162925720215,< $50,0,0.000107737,0
2025-12-23 07:00:00,2025-12-23 06:00:00,2025-12-23,6,1,12,0.0,22.539003,0.0,-22.539003372192383,22.539003372192383,< $50,0,8.234814e-05,0
2025-12-23 08:00:00,2025-12-23 07:00:00,2025-12-23,7,1,12,8.5,30.16549,0.0,-21.665489196777344,21.665489196777344,< $50,0,0.00020111306,0
2025-12-23 09:00:00,2025-12-23 08:00:00,2025-12-23,8,1,12,20.77,48.16192,8.5,-27.39191864013672,27.39191864013672,< $50,0,0.00012494123,0
2025-12-23 10:00:00,2025-12-23 09:00:00,2025-12-23,9,1,12,20.54,55.302094,20.77,-34.762093505859376,34.762093505859376,< $50,0,0.00096686435,0
2025-12-23 11:00:00,2025-12-23 10:00:00,2025-12-23,10,1,12,1.78,44.401386,20.54,-42.62138626098633,42.62138626098633,< $50,0,0.00021550697,0
2025-12-23 12:00:00,2025-12-23 11:00:00,2025-12-23,11,1,12,0.0,24.673668,1.78,-24.673667907714844,24.673667907714844,< $50,0,9.795778e-05,0
2025-12-23 13:00:00,2025-12-23 12:00:00,2025-12-23,12,1,12,8.15,15.094864,0.0,-6.944863891601562,6.944863891601562,< $50,0,8.0877355e-05,0
2025-12-23 14:00:00,2025-12-23 13:00:00,2025-12-23,13,1,12,20.47,27.329865,8.15,-6.859864501953126,6.859864501953126,< $50,0,0.0002941021,0
2025-12-23 15:00:00,2025-12-23 14:00:00,2025-12-23,14,1,12,37.11,35.066723,20.47,2.0432771301269526,2.0432771301269526,< $50,0,0.002449656,0
2025-12-23 16:00:00,2025-12-23 15:00:00,2025-12-23,15,1,12,40.54,69.13833,37.11,-28.598328552246095,28.598328552246095,< $50,0,0.029921241,0
2025-12-23 17:00:00,2025-12-23 16:00:00,2025-12-23,16,1,12,75.24,86.77123,40.54,-11.531232604980474,11.531232604980474,$50–100,0,0.022744043,0
2025-12-23 18:00:00,2025-12-23 17:00:00,2025-12-23,17,1,12,84.99,166.18253,75.24,-81.19252563476563,81.19252563476563,$50–100,0,0.19283698,0
2025-12-23 19:00:00,2025-12-23 18:00:00,2025-12-23,18,1,12,120.44,157.25844,84.99,-36.818438110351565,36.818438110351565,$100–250,1,0.1653607,0
2025-12-23 20:00:00,2025-12-23 19:00:00,2025-12-23,19,1,12,75.0,225.12614,120.44,-150.1261444091797,150.1261444091797,$50–100,0,0.13173468,0
2025-12-23 21:00:00,2025-12-23 20:00:00,2025-12-23,20,1,12,63.41,111.07996,75.0,-47.669963684082035,47.669963684082035,$50–100,0,0.043679804,0
2025-12-23 22:00:00,2025-12-23 21:00:00,2025-12-23,21,1,12,64.17,89.613205,63.41,-25.443204956054686,25.443204956054686,$50–100,0,0.03486987,0
2025-12-23 23:00:00,2025-12-23 22:00:00,2025-12-23,22,1,12,54.77,61.24018,64.17,-6.470180969238278,6.470180969238278,$50–100,0,0.010900914,0
2025-12-24 00:00:00,2025-12-23 23:00:00,2025-12-23,23,1,12,45.43,56.077248,54.77,-10.647247619628907,10.647247619628907,< $50,0,0.011589723,0
2025-12-24 01:00:00,2025-12-24 00:00:00,2025-12-24,0,2,12,48.27,45.31616,45.43,2.9538417053222688,2.9538417053222688,< $50,0,0.0029256663,0
2025-12-24 02:00:00,2025-12-24 01:00:00,2025-12-24,1,2,12,44.77,49.169945,48.27,-4.399944763183591,4.399944763183591,< $50,0,0.006187502,0
2025-12-24 03:00:00,2025-12-24 02:00:00,2025-12-24,2,2,12,40.96,46.20032,44.77,-5.240321197509765,5.240321197509765,< $50,0,0.0037198528,0
2025-12-24 04:00:00,2025-12-24 03:00:00,2025-12-24,3,2,12,40.06,44.265408,40.96,-4.205407562255857,4.205407562255857,< $50,0,0.0022216972,0
2025-12-24 05:00:00,2025-12-24 04:00:00,2025-12-24,4,2,12,39.19,41.355293,40.06,-2.1652932739257835,2.1652932739257835,< $50,0,0.0032926945,0
2025-12-24 06:00:00,2025-12-24 05:00:00,2025-12-24,5,2,12,39.85,52.625523,39.19,-12.77552261352539,12.77552261352539,< $50,0,0.0031909493,0
2025-12-24 07:00:00,2025-12-24 06:00:00,2025-12-24,6,2,12,41.27,57.838142,39.85,-16.568142395019528,16.568142395019528,< $50,0,0.0031414318,0
2025-12-24 08:00:00,2025-12-24 07:00:00,2025-12-24,7,2,12,49.95,54.47485,41.27,-4.5248497009277315,4.5248497009277315,< $50,0,0.013648983,0
2025-12-24 09:00:00,2025-12-24 08:00:00,2025-12-24,8,2,12,51.4,57.96191,49.95,-6.561910247802736,6.561910247802736,$50–100,0,0.04154006,0
2025-12-24 10:00:00,2025-12-24 09:00:00,2025-12-24,9,2,12,63.55,67.22929,51.4,-3.679286193847659,3.679286193847659,$50–100,0,0.037173595,0
2025-12-24 11:00:00,2025-12-24 10:00:00,2025-12-24,10,2,12,51.41,67.879234,63.55,-16.469234313964847,16.469234313964847,$50–100,0,0.032619756,0
2025-12-24 12:00:00,2025-12-24 11:00:00,2025-12-24,11,2,12,51.76,79.933624,51.41,-28.173624267578127,28.173624267578127,$50–100,0,0.040235706,0
2025-12-24 13:00:00,2025-12-24 12:00:00,2025-12-24,12,2,12,57.55,81.932785,51.76,-24.38278503417969,24.38278503417969,$50–100,0,0.015522464,0
2025-12-24 14:00:00,2025-12-24 13:00:00,2025-12-24,13,2,12,50.41,79.1124,57.55,-28.70239624023438,28.70239624023438,$50–100,0,0.010868448,0
2025-12-24 15:00:00,2025-12-24 14:00:00,2025-12-24,14,2,12,48.93,58.46784,50.41,-9.537838287353516,9.537838287353516,< $50,0,0.013817375,0
2025-12-24 16:00:00,2025-12-24 15:00:00,2025-12-24,15,2,12,45.16,47.84585,48.93,-2.685851898193363,2.685851898193363,< $50,0,0.014856159,0
2025-12-24 17:00:00,2025-12-24 16:00:00,2025-12-24,16,2,12,48.44,90.0793,45.16,-41.639299926757815,41.639299926757815,< $50,0,0.053500038,0
2025-12-24 18:00:00,2025-12-24 17:00:00,2025-12-24,17,2,12,42.71,54.778557,48.44,-12.068556823730468,12.068556823730468,< $50,0,0.043227617,0
2025-12-24 19:00:00,2025-12-24 18:00:00,2025-12-24,18,2,12,38.19,48.692356,42.71,-10.502356109619143,10.502356109619143,< $50,0,0.015060294,0
2025-12-24 20:00:00,2025-12-24 19:00:00,2025-12-24,19,2,12,39.23,59.49362,38.19,-20.263621826171878,20.263621826171878,< $50,0,0.009700787,0
2025-12-24 21:00:00,2025-12-24 20:00:00,2025-12-24,20,2,12,40.27,60.19768,39.23,-19.92768142700195,19.92768142700195,< $50,0,0.0053623985,0
2025-12-24 22:00:00,2025-12-24 21:00:00,2025-12-24,21,2,12,40.76,40.157917,40.27,0.6020829772949199,0.6020829772949199,< $50,0,0.0029416531,0
2025-12-24 23:00:00,2025-12-24 22:00:00,2025-12-24,22,2,12,41.69,42.775246,40.76,-1.0852456665039085,1.0852456665039085,< $50,0,0.002978422,0
2025-12-25 00:00:00,2025-12-24 23:00:00,2025-12-24,23,2,12,43.38,41.596367,41.69,1.7836331176757838,1.7836331176757838,< $50,0,0.0033700156,0
2025-12-25 01:00:00,2025-12-25 00:00:00,2025-12-25,0,3,12,52.52,43.38518,43.38,9.13481857299805,9.13481857299805,$50–100,0,0.0017489492,0
2025-12-25 02:00:00,2025-12-25 01:00:00,2025-12-25,1,3,12,67.1,60.581654,52.52,6.518346405029291,6.518346405029291,$50–100,0,0.008891961,0
2025-12-25 03:00:00,2025-12-25 02:00:00,2025-12-25,2,3,12,62.59,72.191765,67.1,-9.601764831542965,9.601764831542965,$50–100,0,0.004042318,0
2025-12-25 04:00:00,2025-12-25 03:00:00,2025-12-25,3,3,12,50.94,69.21284,62.59,-18.272837219238284,18.272837219238284,$50–100,0,0.0056544496,0
2025-12-25 05:00:00,2025-12-25 04:00:00,2025-12-25,4,3,12,45.11,51.252884,50.94,-6.142883911132813,6.142883911132813,< $50,0,0.0064115115,0
2025-12-25 06:00:00,2025-12-25 05:00:00,2025-12-25,5,3,12,43.08,63.91507,45.11,-20.835069580078127,20.835069580078127,< $50,0,0.005102473,0
2025-12-25 07:00:00,2025-12-25 06:00:00,2025-12-25,6,3,12,39.06,60.467716,43.08,-21.407716217041013,21.407716217041013,< $50,0,0.0065216743,0
2025-12-25 08:00:00,2025-12-25 07:00:00,2025-12-25,7,3,12,28.22,44.835503,39.06,-16.61550262451172,16.61550262451172,< $50,0,0.0040837135,0
2025-12-25 09:00:00,2025-12-25 08:00:00,2025-12-25,8,3,12,36.21,30.635874,28.22,5.574126205444337,5.574126205444337,< $50,0,0.0012301386,0
2025-12-25 10:00:00,2025-12-25 09:00:00,2025-12-25,9,3,12,39.51,53.592327,36.21,-14.082327117919924,14.082327117919924,< $50,0,0.0039792187,0
2025-12-25 11:00:00,2025-12-25 10:00:00,2025-12-25,10,3,12,42.47,56.771915,39.51,-14.301915435791017,14.301915435791017,< $50,0,0.0017834608,0
2025-12-25 12:00:00,2025-12-25 11:00:00,2025-12-25,11,3,12,41.74,59.418915,42.47,-17.678914794921873,17.678914794921873,< $50,0,0.0033706129,0
2025-12-25 13:00:00,2025-12-25 12:00:00,2025-12-25,12,3,12,46.63,54.30939,41.74,-7.679391021728513,7.679391021728513,< $50,0,0.0015441403,0
2025-12-25 14:00:00,2025-12-25 13:00:00,2025-12-25,13,3,12,41.11,59.873215,46.63,-18.763214721679688,18.763214721679688,< $50,0,0.0039300504,0
2025-12-25 15:00:00,2025-12-25 14:00:00,2025-12-25,14,3,12,47.78,52.846916,41.11,-5.066916198730468,5.066916198730468,< $50,0,0.0027949214,0
2025-12-25 16:00:00,2025-12-25 15:00:00,2025-12-25,15,3,12,69.78,67.03536,47.78,2.7446377563476574,2.7446377563476574,$50–100,0,0.025804106,0
2025-12-25 17:00:00,2025-12-25 16:00:00,2025-12-25,16,3,12,80.32,124.85939,69.78,-44.53939025878907,44.53939025878907,$50–100,0,0.05446169,0
2025-12-25 18:00:00,2025-12-25 17:00:00,2025-12-25,17,3,12,50.54,135.90437,80.32,-85.36437316894532,85.36437316894532,$50–100,0,0.2028224,0
2025-12-25 19:00:00,2025-12-25 18:00:00,2025-12-25,18,3,12,35.72,51.544502,50.54,-15.824502258300782,15.824502258300782,< $50,0,0.04570729,0
2025-12-25 20:00:00,2025-12-25 19:00:00,2025-12-25,19,3,12,40.1,28.055666,35.72,12.044334030151369,12.044334030151369,< $50,0,0.0054722503,0
2025-12-25 21:00:00,2025-12-25 20:00:00,2025-12-25,20,3,12,41.67,43.676548,40.1,-2.006548004150389,2.006548004150389,< $50,0,0.00944614,0
2025-12-25 22:00:00,2025-12-25 21:00:00,2025-12-25,21,3,12,52.99,39.94528,41.67,13.044721832275393,13.044721832275393,$50–100,0,0.012339145,0
2025-12-25 23:00:00,2025-12-25 22:00:00,2025-12-25,22,3,12,45.75,54.050873,52.99,-8.300872802734375,8.300872802734375,< $50,0,0.016741399,0
2025-12-26 00:00:00,2025-12-25 23:00:00,2025-12-25,23,3,12,54.15,41.833187,45.75,12.316812896728514,12.316812896728514,$50–100,0,0.0073959013,0
2025-12-26 01:00:00,2025-12-26 00:00:00,2025-12-26,0,4,12,89.39,58.702206,54.15,30.687794342041016,30.687794342041016,$50–100,0,0.011990974,0
2025-12-26 02:00:00,2025-12-26 01:00:00,2025-12-26,1,4,12,53.21,135.34303,89.39,-82.13303283691405,82.13303283691405,$50–100,0,0.08250754,0
2025-12-26 03:00:00,2025-12-26 02:00:00,2025-12-26,2,4,12,49.6,53.974728,53.21,-4.374727630615233,4.374727630615233,< $50,0,0.008168331,0
2025-12-26 04:00:00,2025-12-26 03:00:00,2025-12-26,3,4,12,41.37,49.78804,49.6,-8.418040161132815,8.418040161132815,< $50,0,0.007843675,0
2025-12-26 05:00:00,2025-12-26 04:00:00,2025-12-26,4,4,12,37.37,41.851143,41.37,-4.481142883300784,4.481142883300784,< $50,0,0.0041484255,0
2025-12-26 06:00:00,2025-12-26 05:00:00,2025-12-26,5,4,12,36.86,40.35755,37.37,-3.497551574707032,3.497551574707032,< $50,0,0.0045274883,0
2025-12-26 07:00:00,2025-12-26 06:00:00,2025-12-26,6,4,12,40.35,36.502583,36.86,3.8474174499511733,3.8474174499511733,< $50,0,0.0025279557,0
2025-12-26 08:00:00,2025-12-26 07:00:00,2025-12-26,7,4,12,46.07,43.94753,40.35,2.122471160888672,2.122471160888672,< $50,0,0.016068317,0
2025-12-26 09:00:00,2025-12-26 08:00:00,2025-12-26,8,4,12,49.9,43.875813,46.07,6.0241874694824205,6.0241874694824205,< $50,0,0.049897533,0
2025-12-26 10:00:00,2025-12-26 09:00:00,2025-12-26,9,4,12,52.13,46.003235,49.9,6.126765136718753,6.126765136718753,$50–100,0,0.09678421,0
2025-12-26 11:00:00,2025-12-26 10:00:00,2025-12-26,10,4,12,56.89,51.241196,52.13,5.648804321289063,5.648804321289063,$50–100,0,0.035090398,0
2025-12-26 12:00:00,2025-12-26 11:00:00,2025-12-26,11,4,12,53.94,50.159584,56.89,3.7804159545898415,3.7804159545898415,$50–100,0,0.029930253,0
2025-12-26 13:00:00,2025-12-26 12:00:00,2025-12-26,12,4,12,61.79,47.945065,53.94,13.844935455322265,13.844935455322265,$50–100,0,0.026599081,0
2025-12-26 14:00:00,2025-12-26 13:00:00,2025-12-26,13,4,12,92.25,53.845585,61.79,38.404415130615234,38.404415130615234,$50–100,0,0.025634464,0
2025-12-26 15:00:00,2025-12-26 14:00:00,2025-12-26,14,4,12,87.81,111.62462,92.25,-23.814618530273435,23.814618530273435,$50–100,0,0.13057762,0
2025-12-26 16:00:00,2025-12-26 15:00:00,2025-12-26,15,4,12,51.16,97.56437,87.81,-46.40436920166016,46.40436920166016,$50–100,0,0.15897296,0
2025-12-26 17:00:00,2025-12-26 16:00:00,2025-12-26,16,4,12,61.75,108.47981,51.16,-46.72981262207031,46.72981262207031,$50–100,0,0.12793392,0
2025-12-26 18:00:00,2025-12-26 17:00:00,2025-12-26,17,4,12,55.93,142.38922,61.75,-86.45922119140624,86.45922119140624,$50–100,0,0.105379716,0
2025-12-26 19:00:00,2025-12-26 18:00:00,2025-12-26,18,4,12,50.16,43.65078,55.93,6.509220275878903,6.509220275878903,$50–100,0,0.042072516,0
2025-12-26 20:00:00,2025-12-26 19:00:00,2025-12-26,19,4,12,48.39,37.67877,50.16,10.711231842041016,10.711231842041016,< $50,0,0.117619015,0
2025-12-26 21:00:00,2025-12-26 20:00:00,2025-12-26,20,4,12,50.97,37.35581,48.39,13.614191741943358,13.614191741943358,$50–100,0,0.023130061,0
2025-12-26 22:00:00,2025-12-26 21:00:00,2025-12-26,21,4,12,47.61,42.87711,50.97,4.732890472412109,4.732890472412109,< $50,0,0.023242833,0
2025-12-26 23:00:00,2025-12-26 22:00:00,2025-12-26,22,4,12,43.2,39.050697,47.61,4.149302673339847,4.149302673339847,< $50,0,0.005251077,0
2025-12-27 00:00:00,2025-12-26 23:00:00,2025-12-26,23,4,12,36.94,39.5794,43.2,-2.639399108886721,2.639399108886721,< $50,0,0.010974235,0
2025-12-27 01:00:00,2025-12-27 00:00:00,2025-12-27,0,5,12,35.52,36.65702,36.94,-1.1370205688476531,1.1370205688476531,< $50,0,0.004490441,0
2025-12-27 02:00:00,2025-12-27 01:00:00,2025-12-27,1,5,12,35.01,38.048813,35.52,-3.0388128662109395,3.0388128662109395,< $50,0,0.0015402099,0
2025-12-27 03:00:00,2025-12-27 02:00:00,2025-12-27,2,5,12,29.48,36.468346,35.01,-6.988345642089843,6.988345642089843,< $50,0,0.001443725,0
2025-12-27 04:00:00,2025-12-27 03:00:00,2025-12-27,3,5,12,26.32,31.343616,29.48,-5.023616485595703,5.023616485595703,< $50,0,0.0012810463,0
2025-12-27 05:00:00,2025-12-27 04:00:00,2025-12-27,4,5,12,24.4,29.22869,26.32,-4.828689193725587,4.828689193725587,< $50,0,0.001791581,0
2025-12-27 06:00:00,2025-12-27 05:00:00,2025-12-27,5,5,12,22.79,36.062725,24.4,-13.272725067138673,13.272725067138673,< $50,0,0.00199559,0
2025-12-27 07:00:00,2025-12-27 06:00:00,2025-12-27,6,5,12,20.31,36.394405,22.79,-16.084405364990236,16.084405364990236,< $50,0,0.00071425736,0
2025-12-27 08:00:00,2025-12-27 07:00:00,2025-12-27,7,5,12,20.29,20.555378,20.31,-0.265377960205079,0.265377960205079,< $50,0,0.0010024322,0
2025-12-27 09:00:00,2025-12-27 08:00:00,2025-12-27,8,5,12,20.46,24.403152,20.29,-3.9431524658203116,3.9431524658203116,< $50,0,0.000880579,0
2025-12-27 10:00:00,2025-12-27 09:00:00,2025-12-27,9,5,12,20.22,20.877968,20.46,-0.6579678344726574,0.6579678344726574,< $50,0,0.0007228804,0
2025-12-27 11:00:00,2025-12-27 10:00:00,2025-12-27,10,5,12,18.75,18.813446,20.22,-0.063446044921875,0.063446044921875,< $50,0,0.0001818079,0
2025-12-27 12:00:00,2025-12-27 11:00:00,2025-12-27,11,5,12,18.56,17.479109,18.75,1.080891189575194,1.080891189575194,< $50,0,0.00013874417,0
2025-12-27 13:00:00,2025-12-27 12:00:00,2025-12-27,12,5,12,18.0,16.514097,18.56,1.4859027862548828,1.4859027862548828,< $50,0,8.093938e-05,0
2025-12-27 14:00:00,2025-12-27 13:00:00,2025-12-27,13,5,12,16.31,16.801144,18.0,-0.49114364624023565,0.49114364624023565,< $50,0,9.063249e-05,0
2025-12-27 15:00:00,2025-12-27 14:00:00,2025-12-27,14,5,12,10.55,13.518364,16.31,-2.968363952636718,2.968363952636718,< $50,0,7.7722885e-05,0
2025-12-27 16:00:00,2025-12-27 15:00:00,2025-12-27,15,5,12,17.26,6.867363,10.55,10.392637023925783,10.392637023925783,< $50,0,0.000113793554,0
2025-12-27 17:00:00,2025-12-27 16:00:00,2025-12-27,16,5,12,20.97,19.24564,17.26,1.7243601989746082,1.7243601989746082,< $50,0,0.0012585872,0
2025-12-27 18:00:00,2025-12-27 17:00:00,2025-12-27,17,5,12,26.84,35.79567,20.97,-8.955669555664063,8.955669555664063,< $50,0,0.0020232054,0
2025-12-27 19:00:00,2025-12-27 18:00:00,2025-12-27,18,5,12,25.85,42.090504,26.84,-16.24050369262695,16.24050369262695,< $50,0,0.002548121,0
2025-12-27 20:00:00,2025-12-27 19:00:00,2025-12-27,19,5,12,26.21,21.1715,25.85,5.038500747680665,5.038500747680665,< $50,0,0.0023384676,0
2025-12-27 21:00:00,2025-12-27 20:00:00,2025-12-27,20,5,12,26.3,24.110903,26.21,2.189097213745118,2.189097213745118,< $50,0,0.0029366154,0
2025-12-27 22:00:00,2025-12-27 21:00:00,2025-12-27,21,5,12,27.15,22.861746,26.3,4.288254165649413,4.288254165649413,< $50,0,0.0020194205,0
2025-12-27 23:00:00,2025-12-27 22:00:00,2025-12-27,22,5,12,24.26,24.348415,27.15,-0.08841537475585781,0.08841537475585781,< $50,0,0.00032115597,0
2025-12-28 00:00:00,2025-12-27 23:00:00,2025-12-27,23,5,12,26.22,19.448318,24.26,6.771681518554686,6.771681518554686,< $50,0,0.00016785604,0
2025-12-28 01:00:00,2025-12-28 00:00:00,2025-12-28,0,6,12,38.31,27.721544,26.22,10.588455734252932,10.588455734252932,< $50,0,0.00015400833,0
2025-12-28 02:00:00,2025-12-28 01:00:00,2025-12-28,1,6,12,46.05,39.642803,38.31,6.407196807861325,6.407196807861325,< $50,0,0.0023793208,0
2025-12-28 03:00:00,2025-12-28 02:00:00,2025-12-28,2,6,12,50.19,46.24434,46.05,3.9456610107421852,3.9456610107421852,$50–100,0,0.0015062927,0
2025-12-28 04:00:00,2025-12-28 03:00:00,2025-12-28,3,6,12,51.11,44.69793,50.19,6.412070617675781,6.412070617675781,$50–100,0,0.005093812,0
2025-12-28 05:00:00,2025-12-28 04:00:00,2025-12-28,4,6,12,45.79,43.640682,51.11,2.1493177795410148,2.1493177795410148,< $50,0,0.005541273,0
2025-12-28 06:00:00,2025-12-28 05:00:00,2025-12-28,5,6,12,40.12,59.334087,45.79,-19.214087371826174,19.214087371826174,< $50,0,0.0052272,0
2025-12-28 07:00:00,2025-12-28 06:00:00,2025-12-28,6,6,12,37.22,55.80366,40.12,-18.583661346435548,18.583661346435548,< $50,0,0.0042093634,0
2025-12-28 08:00:00,2025-12-28 07:00:00,2025-12-28,7,6,12,33.39,59.092693,37.22,-25.70269332885742,25.70269332885742,< $50,0,0.008368087,0
2025-12-28 09:00:00,2025-12-28 08:00:00,2025-12-28,8,6,12,34.45,34.862293,33.39,-0.4122932434082003,0.4122932434082003,< $50,0,0.0035842324,0
2025-12-28 10:00:00,2025-12-28 09:00:00,2025-12-28,9,6,12,25.14,32.6256,34.45,-7.485598907470703,7.485598907470703,< $50,0,0.005295305,0
2025-12-28 11:00:00,2025-12-28 10:00:00,2025-12-28,10,6,12,20.89,22.463282,25.14,-1.573281631469726,1.573281631469726,< $50,0,0.001618549,0
2025-12-28 12:00:00,2025-12-28 11:00:00,2025-12-28,11,6,12,20.42,17.248884,20.89,3.171115798950197,3.171115798950197,< $50,0,0.0006101944,0
2025-12-28 13:00:00,2025-12-28 12:00:00,2025-12-28,12,6,12,23.19,16.018358,20.42,7.171641769409181,7.171641769409181,< $50,0,0.0005837607,0
2025-12-28 14:00:00,2025-12-28 13:00:00,2025-12-28,13,6,12,21.63,21.802317,23.19,-0.17231666564941506,0.17231666564941506,< $50,0,0.0006581606,0
2025-12-28 15:00:00,2025-12-28 14:00:00,2025-12-28,14,6,12,22.68,17.758259,21.63,4.921741180419922,4.921741180419922,< $50,0,0.00042895856,0
2025-12-28 16:00:00,2025-12-28 15:00:00,2025-12-28,15,6,12,24.23,20.43313,22.68,3.796869735717774,3.796869735717774,< $50,0,0.0012462331,0
2025-12-28 17:00:00,2025-12-28 16:00:00,2025-12-28,16,6,12,23.74,68.442116,24.23,-44.70211578369141,44.70211578369141,< $50,0,0.007048263,0
2025-12-28 18:00:00,2025-12-28 17:00:00,2025-12-28,17,6,12,24.41,47.004223,23.74,-22.594222869873047,22.594222869873047,< $50,0,0.0018301777,0
2025-12-28 19:00:00,2025-12-28 18:00:00,2025-12-28,18,6,12,23.37,50.586258,24.41,-27.21625793457031,27.21625793457031,< $50,0,0.001805597,0
2025-12-28 20:00:00,2025-12-28 19:00:00,2025-12-28,19,6,12,21.73,43.29101,23.37,-21.561011810302734,21.561011810302734,< $50,0,0.0012100696,0
2025-12-28 21:00:00,2025-12-28 20:00:00,2025-12-28,20,6,12,21.99,34.39515,21.73,-12.405149230957033,12.405149230957033,< $50,0,0.00043631796,0
2025-12-28 22:00:00,2025-12-28 21:00:00,2025-12-28,21,6,12,23.24,29.493649,21.99,-6.253648529052736,6.253648529052736,< $50,0,0.0004508948,0
2025-12-28 23:00:00,2025-12-28 22:00:00,2025-12-28,22,6,12,20.84,34.687077,23.24,-13.847076568603516,13.847076568603516,< $50,0,0.0002006042,0
2025-12-29 00:00:00,2025-12-28 23:00:00,2025-12-28,23,6,12,20.99,32.185448,20.84,-11.195447692871095,11.195447692871095,< $50,0,0.0003092504,0
2025-12-29 01:00:00,2025-12-29 00:00:00,2025-12-29,0,0,12,18.55,31.387125,20.99,-12.837125015258788,12.837125015258788,< $50,0,0.00067971426,0
2025-12-29 02:00:00,2025-12-29 01:00:00,2025-12-29,1,0,12,18.01,31.350388,18.55,-13.340387573242186,13.340387573242186,< $50,0,0.00012835984,0
2025-12-29 03:00:00,2025-12-29 02:00:00,2025-12-29,2,0,12,18.01,28.963335,18.01,-10.953335037231444,10.953335037231444,< $50,0,0.00014652654,0
2025-12-29 04:00:00,2025-12-29 03:00:00,2025-12-29,3,0,12,18.01,28.623018,18.01,-10.613018264770506,10.613018264770506,< $50,0,0.0004373959,0
2025-12-29 05:00:00,2025-12-29 04:00:00,2025-12-29,4,0,12,18.59,29.60723,18.01,-11.017229232788086,11.017229232788086,< $50,0,0.00051742187,0
2025-12-29 06:00:00,2025-12-29 05:00:00,2025-12-29,5,0,12,20.42,31.977804,18.59,-11.55780418395996,11.55780418395996,< $50,0,0.00034509262,0
2025-12-29 07:00:00,2025-12-29 06:00:00,2025-12-29,6,0,12,22.6,34.859226,20.42,-12.25922622680664,12.25922622680664,< $50,0,0.0005323754,0
2025-12-29 08:00:00,2025-12-29 07:00:00,2025-12-29,7,0,12,23.42,35.630024,22.6,-12.210023956298826,12.210023956298826,< $50,0,0.0010613151,0
2025-12-29 09:00:00,2025-12-29 08:00:00,2025-12-29,8,0,12,26.33,33.74799,23.42,-7.417989654541017,7.417989654541017,< $50,0,0.0010601595,0
2025-12-29 10:00:00,2025-12-29 09:00:00,2025-12-29,9,0,12,31.85,39.50628,26.33,-7.656278991699217,7.656278991699217,< $50,0,0.0050511095,0
2025-12-29 11:00:00,2025-12-29 10:00:00,2025-12-29,10,0,12,26.75,42.493683,31.85,-15.743682861328125,15.743682861328125,< $50,0,0.0019085212,0
2025-12-29 12:00:00,2025-12-29 11:00:00,2025-12-29,11,0,12,20.09,33.343513,26.75,-13.253513488769531,13.253513488769531,< $50,0,0.0021598316,0
2025-12-29 13:00:00,2025-12-29 12:00:00,2025-12-29,12,0,12,19.07,29.602325,20.09,-10.532325439453125,10.532325439453125,< $50,0,0.0005097118,0
2025-12-29 14:00:00,2025-12-29 13:00:00,2025-12-29,13,0,12,19.85,28.590101,19.07,-8.740101242065428,8.740101242065428,< $50,0,0.00029272214,0
2025-12-29 15:00:00,2025-12-29 14:00:00,2025-12-29,14,0,12,19.87,31.278086,19.85,-11.408085708618163,11.408085708618163,< $50,0,0.0004710244,0
2025-12-29 16:00:00,2025-12-29 15:00:00,2025-12-29,15,0,12,20.31,36.365562,19.87,-16.055562438964845,16.055562438964845,< $50,0,0.0022044291,0
2025-12-29 17:00:00,2025-12-29 16:00:00,2025-12-29,16,0,12,19.62,42.964104,20.31,-23.344103698730468,23.344103698730468,< $50,0,0.003985528,0
2025-12-29 18:00:00,2025-12-29 17:00:00,2025-12-29,17,0,12,23.41,48.345165,19.62,-24.935165252685547,24.935165252685547,< $50,0,0.00159578,0
2025-12-29 19:00:00,2025-12-29 18:00:00,2025-12-29,18,0,12,21.39,24.925097,23.41,-3.5350965118408197,3.5350965118408197,< $50,0,0.0013767377,0
2025-12-29 20:00:00,2025-12-29 19:00:00,2025-12-29,19,0,12,21.15,25.545202,21.39,-4.395202255249025,4.395202255249025,< $50,0,0.000981558,0
2025-12-29 21:00:00,2025-12-29 20:00:00,2025-12-29,20,0,12,20.16,21.112177,21.15,-0.9521768951416014,0.9521768951416014,< $50,0,0.0004681948,0
2025-12-29 22:00:00,2025-12-29 21:00:00,2025-12-29,21,0,12,22.22,14.57755,20.16,7.642450065612792,7.642450065612792,< $50,0,0.00031716118,0
2025-12-29 23:00:00,2025-12-29 22:00:00,2025-12-29,22,0,12,20.19,21.862837,22.22,-1.6728368377685534,1.6728368377685534,< $50,0,0.00022448144,0
2025-12-30 00:00:00,2025-12-29 23:00:00,2025-12-29,23,0,12,17.86,16.279053,20.19,1.5809472656249994,1.5809472656249994,< $50,0,0.00020155132,0
2025-12-30 01:00:00,2025-12-30 00:00:00,2025-12-30,0,1,12,15.63,16.546112,17.86,-0.9161120605468742,0.9161120605468742,< $50,0,0.00020709769,0
2025-12-30 02:00:00,2025-12-30 01:00:00,2025-12-30,1,1,12,15.81,13.615453,15.63,2.1945472335815435,2.1945472335815435,< $50,0,0.0001089345,0
2025-12-30 03:00:00,2025-12-30 02:00:00,2025-12-30,2,1,12,15.64,14.558822,15.81,1.0811783218383795,1.0811783218383795,< $50,0,0.00021442762,0
2025-12-30 04:00:00,2025-12-30 03:00:00,2025-12-30,3,1,12,16.53,13.632604,15.64,2.897396354675294,2.897396354675294,< $50,0,0.00010727814,0
2025-12-30 05:00:00,2025-12-30 04:00:00,2025-12-30,4,1,12,16.91,18.220514,16.53,-1.3105142974853514,1.3105142974853514,< $50,0,0.00039616163,0
2025-12-30 06:00:00,2025-12-30 05:00:00,2025-12-30,5,1,12,16.72,18.89752,16.91,-2.1775200653076183,2.1775200653076183,< $50,0,0.00042141054,0
2025-12-30 07:00:00,2025-12-30 06:00:00,2025-12-30,6,1,12,17.78,17.625349,16.72,0.15465095520019645,0.15465095520019645,< $50,0,0.00018321958,0
2025-12-30 08:00:00,2025-12-30 07:00:00,2025-12-30,7,1,12,21.45,18.281773,17.78,3.1682273864746087,3.1682273864746087,< $50,0,0.00034711772,0
2025-12-30 09:00:00,2025-12-30 08:00:00,2025-12-30,8,1,12,29.23,22.507795,21.45,6.722204666137696,6.722204666137696,< $50,0,0.00033691427,0
2025-12-30 10:00:00,2025-12-30 09:00:00,2025-12-30,9,1,12,25.71,33.92953,29.23,-8.219531097412109,8.219531097412109,< $50,0,0.003280746,0
2025-12-30 11:00:00,2025-12-30 10:00:00,2025-12-30,10,1,12,17.52,20.820929,25.71,-3.300928573608399,3.300928573608399,< $50,0,0.0004566601,0
2025-12-30 12:00:00,2025-12-30 11:00:00,2025-12-30,11,1,12,16.03,15.174954,17.52,0.8550455856323254,0.8550455856323254,< $50,0,0.00016766346,0
2025-12-30 13:00:00,2025-12-30 12:00:00,2025-12-30,12,1,12,15.34,12.546673,16.03,2.793327178955078,2.793327178955078,< $50,0,6.163596e-05,0
2025-12-30 14:00:00,2025-12-30 13:00:00,2025-12-30,13,1,12,8.54,11.958743,15.34,-3.41874309539795,3.41874309539795,< $50,0,0.00010120924,0
2025-12-30 15:00:00,2025-12-30 14:00:00,2025-12-30,14,1,12,8.72,6.062201,8.54,2.657798976898194,2.657798976898194,< $50,0,6.132763e-05,0
2025-12-30 16:00:00,2025-12-30 15:00:00,2025-12-30,15,1,12,16.67,8.328691,8.72,8.341309471130373,8.341309471130373,< $50,0,0.00014525451,0
2025-12-30 17:00:00,2025-12-30 16:00:00,2025-12-30,16,1,12,18.32,20.398222,16.67,-2.078221969604492,2.078221969604492,< $50,0,0.0019612936,0
2025-12-30 18:00:00,2025-12-30 17:00:00,2025-12-30,17,1,12,21.36,21.036652,18.32,0.32334838867187443,0.32334838867187443,< $50,0,0.0020214028,0
2025-12-30 19:00:00,2025-12-30 18:00:00,2025-12-30,18,1,12,24.37,15.753186,21.36,8.616813774108888,8.616813774108888,< $50,0,0.0005162223,0
2025-12-30 20:00:00,2025-12-30 19:00:00,2025-12-30,19,1,12,19.36,27.137833,24.37,-7.777832641601563,7.777832641601563,< $50,0,0.00357575,0
2025-12-30 21:00:00,2025-12-30 20:00:00,2025-12-30,20,1,12,17.95,17.046732,19.36,0.9032680511474602,0.9032680511474602,< $50,0,0.00047479814,0
2025-12-30 22:00:00,2025-12-30 21:00:00,2025-12-30,21,1,12,16.86,14.9117365,17.95,1.9482635116577143,1.9482635116577143,< $50,0,0.0005053043,0
2025-12-30 23:00:00,2025-12-30 22:00:00,2025-12-30,22,1,12,16.68,14.018653,16.86,2.66134708404541,2.66134708404541,< $50,0,0.0002220286,0
2025-12-31 00:00:00,2025-12-30 23:00:00,2025-12-30,23,1,12,17.74,14.330912,16.68,3.4090883636474594,3.4090883636474594,< $50,0,0.00034742246,0
2025-12-31 01:00:00,2025-12-31 00:00:00,2025-12-31,0,2,12,19.93,17.553633,17.74,2.376367263793945,2.376367263793945,< $50,0,0.0002599385,0
2025-12-31 02:00:00,2025-12-31 01:00:00,2025-12-31,1,2,12,20.76,21.536697,19.93,-0.7766973876953109,0.7766973876953109,< $50,0,0.00023740361,0
2025-12-31 03:00:00,2025-12-31 02:00:00,2025-12-31,2,2,12,20.07,21.285172,20.76,-1.2151715087890622,1.2151715087890622,< $50,0,0.00021098663,0
2025-12-31 04:00:00,2025-12-31 03:00:00,2025-12-31,3,2,12,22.26,18.193426,20.07,4.066573867797853,4.066573867797853,< $50,0,0.00011445162,0
2025-12-31 05:00:00,2025-12-31 04:00:00,2025-12-31,4,2,12,22.88,24.358253,22.26,-1.4782534790039072,1.4782534790039072,< $50,0,0.00044576515,0
2025-12-31 06:00:00,2025-12-31 05:00:00,2025-12-31,5,2,12,22.88,23.95451,22.88,-1.0745097351074229,1.0745097351074229,< $50,0,0.00043985716,0
2025-12-31 07:00:00,2025-12-31 06:00:00,2025-12-31,6,2,12,20.29,24.48223,22.88,-4.192229232788087,4.192229232788087,< $50,0,0.00033981132,0
2025-12-31 08:00:00,2025-12-31 07:00:00,2025-12-31,7,2,12,20.01,18.761675,20.29,1.2483251190185563,1.2483251190185563,< $50,0,0.00020048545,0
2025-12-31 09:00:00,2025-12-31 08:00:00,2025-12-31,8,2,12,26.25,18.198202,20.01,8.051797866821289,8.051797866821289,< $50,0,0.00013433314,0
2025-12-31 10:00:00,2025-12-31 09:00:00,2025-12-31,9,2,12,18.85,28.144793,26.25,-9.294792556762694,9.294792556762694,< $50,0,0.0020870941,0
2025-12-31 11:00:00,2025-12-31 10:00:00,2025-12-31,10,2,12,17.31,16.060606,18.85,1.2493939971923815,1.2493939971923815,< $50,0,9.1720685e-05,0
2025-12-31 12:00:00,2025-12-31 11:00:00,2025-12-31,11,2,12,16.17,14.137336,17.31,2.032664222717287,2.032664222717287,< $50,0,0.000121045014,0
2025-12-31 13:00:00,2025-12-31 12:00:00,2025-12-31,12,2,12,16.61,12.977092,16.17,3.632908210754394,3.632908210754394,< $50,0,8.621817e-05,0
2025-12-31 14:00:00,2025-12-31 13:00:00,2025-12-31,13,2,12,18.23,16.169718,16.61,2.0602822113037114,2.0602822113037114,< $50,0,0.00025844589,0
2025-12-31 15:00:00,2025-12-31 14:00:00,2025-12-31,14,2,12,19.63,18.25184,18.23,1.378159408569335,1.378159408569335,< $50,0,0.00019646906,0
2025-12-31 16:00:00,2025-12-31 15:00:00,2025-12-31,15,2,12,18.95,20.192448,19.63,-1.2424476623535163,1.2424476623535163,< $50,0,0.00041483165,0
2025-12-31 17:00:00,2025-12-31 16:00:00,2025-12-31,16,2,12,21.4,20.003082,18.95,1.3969177246093736,1.3969177246093736,< $50,0,0.00047364275,0
2025-12-31 18:00:00,2025-12-31 17:00:00,2025-12-31,17,2,12,25.47,21.542353,21.4,3.9276473236083973,3.9276473236083973,< $50,0,0.0008668404,0
2025-12-31 19:00:00,2025-12-31 18:00:00,2025-12-31,18,2,12,22.06,20.718243,25.47,1.3417573547363268,1.3417573547363268,< $50,0,0.0006384955,0
2025-12-31 20:00:00,2025-12-31 19:00:00,2025-12-31,19,2,12,18.68,18.769945,22.06,-0.0899451446533206,0.0899451446533206,< $50,0,0.00048805063,0
2025-12-31 21:00:00,2025-12-31 20:00:00,2025-12-31,20,2,12,18.97,15.90674,18.68,3.063259811401366,3.063259811401366,< $50,0,0.00035194607,0
2025-12-31 22:00:00,2025-12-31 21:00:00,2025-12-31,21,2,12,17.92,17.522871,18.97,0.397128982543947,0.397128982543947,< $50,0,0.0005125637,0
2025-12-31 23:00:00,2025-12-31 22:00:00,2025-12-31,22,2,12,23.4,15.685287,17.92,7.714712524414061,7.714712524414061,< $50,0,0.00011778648,0
2026-01-01 00:00:00,2025-12-31 23:00:00,2025-12-31,23,2,12,32.36,25.584898,23.4,6.775102005004882,6.775102005004882,< $50,0,0.0013147879,0
2026-01-01 01:00:00,2026-01-01 00:00:00,2026-01-01,0,3,1,32.4,39.611904,32.36,-7.211904144287111,7.211904144287111,< $50,0,0.011201128,0
2026-01-01 02:00:00,2026-01-01 01:00:00,2026-01-01,1,3,1,36.13,31.173449,32.4,4.956551437377932,4.956551437377932,< $50,0,0.005282481,0
2026-01-01 03:00:00,2026-01-01 02:00:00,2026-01-01,2,3,1,44.84,36.190456,36.13,8.649543609619144,8.649543609619144,< $50,0,0.014611784,0
2026-01-01 04:00:00,2026-01-01 03:00:00,2026-01-01,3,3,1,39.03,48.242367,44.84,-9.212366790771483,9.212366790771483,< $50,0,0.0578573,0
2026-01-01 05:00:00,2026-01-01 04:00:00,2026-01-01,4,3,1,35.7,36.10253,39.03,-0.4025314331054659,0.4025314331054659,< $50,0,0.027066885,0
2026-01-01 06:00:00,2026-01-01 05:00:00,2026-01-01,5,3,1,35.17,34.789116,35.7,0.38088409423828296,0.38088409423828296,< $50,0,0.015551019,0
2026-01-01 07:00:00,2026-01-01 06:00:00,2026-01-01,6,3,1,35.03,36.520515,35.17,-1.4905154418945301,1.4905154418945301,< $50,0,0.014114244,0
2026-01-01 08:00:00,2026-01-01 07:00:00,2026-01-01,7,3,1,35.56,34.091717,35.03,1.4682832336425804,1.4682832336425804,< $50,0,0.01902797,0
2026-01-01 09:00:00,2026-01-01 08:00:00,2026-01-01,8,3,1,42.8,33.819435,35.56,8.980564880371091,8.980564880371091,< $50,0,0.018591158,0
2026-01-01 10:00:00,2026-01-01 09:00:00,2026-01-01,9,3,1,62.66,45.08441,42.8,17.575588378906247,17.575588378906247,$50–100,0,0.03768163,0
2026-01-01 11:00:00,2026-01-01 10:00:00,2026-01-01,10,3,1,68.91,68.28336,62.66,0.6266366577148403,0.6266366577148403,$50–100,0,0.1826133,0
2026-01-01 12:00:00,2026-01-01 11:00:00,2026-01-01,11,3,1,62.06,71.01394,68.91,-8.953938903808591,8.953938903808591,$50–100,0,0.3918426,0
2026-01-01 13:00:00,2026-01-01 12:00:00,2026-01-01,12,3,1,47.6,69.669266,62.06,-22.06926574707031,22.06926574707031,< $50,0,0.23933788,0
2026-01-01 14:00:00,2026-01-01 13:00:00,2026-01-01,13,3,1,46.31,46.138126,47.6,0.17187362670898665,0.17187362670898665,< $50,0,0.16550751,0
2026-01-01 15:00:00,2026-01-01 14:00:00,2026-01-01,14,3,1,46.34,43.851086,46.31,2.4889143371582065,2.4889143371582065,< $50,0,0.071918555,0
2026-01-01 16:00:00,2026-01-01 15:00:00,2026-01-01,15,3,1,45.36,45.417843,46.34,-0.05784286499023494,0.05784286499023494,< $50,0,0.1829253,0
2026-01-01 17:00:00,2026-01-01 16:00:00,2026-01-01,16,3,1,158.34,52.78499,45.36,105.55501159667969,105.55501159667969,$100–250,1,0.17703603,0
2026-01-01 18:00:00,2026-01-01 17:00:00,2026-01-01,17,3,1,214.62,145.45549,158.34,69.16450988769532,69.16450988769532,$100–250,1,0.87241226,1
2026-01-01 19:00:00,2026-01-01 18:00:00,2026-01-01,18,3,1,202.39,150.55215,214.62,51.83784545898436,51.83784545898436,$100–250,1,0.8185835,1
2026-01-01 20:00:00,2026-01-01 19:00:00,2026-01-01,19,3,1,175.88,131.2099,202.39,44.670100097656245,44.670100097656245,$100–250,1,0.7579233,1
2026-01-01 21:00:00,2026-01-01 20:00:00,2026-01-01,20,3,1,144.81,130.87814,175.88,13.931856689453127,13.931856689453127,$100–250,1,0.68691707,1
2026-01-01 22:00:00,2026-01-01 21:00:00,2026-01-01,21,3,1,130.2,82.03387,144.81,48.16613311767577,48.16613311767577,$100–250,1,0.41258967,0
2026-01-01 23:00:00,2026-01-01 22:00:00,2026-01-01,22,3,1,56.36,58.02752,130.2,-1.6675192260742193,1.6675192260742193,$50–100,0,0.27119452,0
2026-01-02 00:00:00,2026-01-01 23:00:00,2026-01-01,23,3,1,59.09,52.27966,56.36,6.810340728759769,6.810340728759769,$50–100,0,0.13840939,0
2026-01-02 01:00:00,2026-01-02 00:00:00,2026-01-02,0,4,1,45.94,54.449097,59.09,-8.509096679687502,8.509096679687502,< $50,0,0.23060969,0
2026-01-02 02:00:00,2026-01-02 01:00:00,2026-01-02,1,4,1,43.48,49.02505,45.94,-5.5450511169433625,5.5450511169433625,< $50,0,0.08097245,0
2026-01-02 03:00:00,2026-01-02 02:00:00,2026-01-02,2,4,1,42.48,41.055492,43.48,1.42450759887695,1.42450759887695,< $50,0,0.026801612,0
2026-01-02 04:00:00,2026-01-02 03:00:00,2026-01-02,3,4,1,43.59,40.3971,42.48,3.192901458740238,3.192901458740238,< $50,0,0.027341202,0
2026-01-02 05:00:00,2026-01-02 04:00:00,2026-01-02,4,4,1,44.05,40.44575,43.59,3.6042488098144503,3.6042488098144503,< $50,0,0.05024685,0
2026-01-02 06:00:00,2026-01-02 05:00:00,2026-01-02,5,4,1,42.66,45.922035,44.05,-3.2620352172851597,3.2620352172851597,< $50,0,0.0837201,0
2026-01-02 07:00:00,2026-01-02 06:00:00,2026-01-02,6,4,1,46.87,48.317783,42.66,-1.4477833557128932,1.4477833557128932,< $50,0,0.016751142,0
2026-01-02 08:00:00,2026-01-02 07:00:00,2026-01-02,7,4,1,60.01,49.63875,46.87,10.371251831054686,10.371251831054686,$50–100,0,0.0678316,0
2026-01-02 09:00:00,2026-01-02 08:00:00,2026-01-02,8,4,1,72.95,57.02539,60.01,15.924609375000003,15.924609375000003,$50–100,0,0.21938191,0
2026-01-02 10:00:00,2026-01-02 09:00:00,2026-01-02,9,4,1,73.42,57.01042,72.95,16.409578247070314,16.409578247070314,$50–100,0,0.30355406,0
2026-01-02 11:00:00,2026-01-02 10:00:00,2026-01-02,10,4,1,58.85,76.406975,73.42,-17.556974792480467,17.556974792480467,$50–100,0,0.38940096,0
2026-01-02 12:00:00,2026-01-02 11:00:00,2026-01-02,11,4,1,50.81,58.0832,58.85,-7.273198547363279,7.273198547363279,$50–100,0,0.28321952,0
2026-01-02 13:00:00,2026-01-02 12:00:00,2026-01-02,12,4,1,49.32,48.586727,50.81,0.7332728576660159,0.7332728576660159,< $50,0,0.36943284,0
2026-01-02 14:00:00,2026-01-02 13:00:00,2026-01-02,13,4,1,47.8,42.885635,49.32,4.914364624023435,4.914364624023435,< $50,0,0.29285017,0
2026-01-02 15:00:00,2026-01-02 14:00:00,2026-01-02,14,4,1,47.61,42.97223,47.8,4.637770996093749,4.637770996093749,< $50,0,0.17944378,0
2026-01-02 16:00:00,2026-01-02 15:00:00,2026-01-02,15,4,1,88.63,41.536957,47.61,47.09304321289062,47.09304321289062,$50–100,0,0.17215423,0
2026-01-02 17:00:00,2026-01-02 16:00:00,2026-01-02,16,4,1,283.98,141.67004,88.63,142.30995605468752,142.30995605468752,>= $250,1,0.8734564,1
2026-01-02 18:00:00,2026-01-02 17:00:00,2026-01-02,17,4,1,286.3,353.01178,283.98,-66.71177978515624,66.71177978515624,>= $250,1,0.98733705,1
2026-01-02 19:00:00,2026-01-02 18:00:00,2026-01-02,18,4,1,145.74,206.31749,286.3,-60.57748962402343,60.57748962402343,$100–250,1,0.81212586,1
2026-01-02 20:00:00,2026-01-02 19:00:00,2026-01-02,19,4,1,75.0,132.19473,145.74,-57.194732666015625,57.194732666015625,$50–100,0,0.7015023,1
2026-01-02 21:00:00,2026-01-02 20:00:00,2026-01-02,20,4,1,99.27,69.96085,75.0,29.30914642333984,29.30914642333984,$50–100,0,0.46047875,0
2026-01-02 22:00:00,2026-01-02 21:00:00,2026-01-02,21,4,1,84.53,101.97236,99.27,-17.44235870361328,17.44235870361328,$50–100,0,0.701499,1
2026-01-02 23:00:00,2026-01-02 22:00:00,2026-01-02,22,4,1,53.58,77.51893,84.53,-23.938928527832033,23.938928527832033,$50–100,0,0.4155872,0
2026-01-03 00:00:00,2026-01-02 23:00:00,2026-01-02,23,4,1,48.33,59.555904,53.58,-11.225904388427736,11.225904388427736,< $50,0,0.29459152,0
2026-01-03 01:00:00,2026-01-03 00:00:00,2026-01-03,0,5,1,69.39,48.58938,48.33,20.800621643066407,20.800621643066407,$50–100,0,0.090353414,0
2026-01-03 02:00:00,2026-01-03 01:00:00,2026-01-03,1,5,1,60.28,77.529594,69.39,-17.249594421386718,17.249594421386718,$50–100,0,0.25728455,0
2026-01-03 03:00:00,2026-01-03 02:00:00,2026-01-03,2,5,1,47.34,58.433796,60.28,-11.093795928955075,11.093795928955075,< $50,0,0.23629008,0
2026-01-03 04:00:00,2026-01-03 03:00:00,2026-01-03,3,5,1,47.05,47.373943,47.34,-0.3239433288574247,0.3239433288574247,< $50,0,0.08879473,0
2026-01-03 05:00:00,2026-01-03 04:00:00,2026-01-03,4,5,1,46.72,43.367165,47.05,3.3528353881835926,3.3528353881835926,< $50,0,0.07987375,0
2026-01-03 06:00:00,2026-01-03 05:00:00,2026-01-03,5,5,1,46.15,45.573196,46.72,0.5768035888671861,0.5768035888671861,< $50,0,0.07639786,0
2026-01-03 07:00:00,2026-01-03 06:00:00,2026-01-03,6,5,1,47.46,48.208603,46.15,-0.7486029052734366,0.7486029052734366,< $50,0,0.05700933,0
2026-01-03 08:00:00,2026-01-03 07:00:00,2026-01-03,7,5,1,54.41,52.265656,47.46,2.1443444824218716,2.1443444824218716,$50–100,0,0.18087697,0
2026-01-03 09:00:00,2026-01-03 08:00:00,2026-01-03,8,5,1,66.96,57.90076,54.41,9.059239349365228,9.059239349365228,$50–100,0,0.3537127,0
2026-01-03 10:00:00,2026-01-03 09:00:00,2026-01-03,9,5,1,55.0,63.195045,66.96,-8.195045471191406,8.195045471191406,$50–100,0,0.44027773,0
2026-01-03 11:00:00,2026-01-03 10:00:00,2026-01-03,10,5,1,49.31,69.82865,55.0,-20.518651428222654,20.518651428222654,< $50,0,0.39145464,0
2026-01-03 12:00:00,2026-01-03 11:00:00,2026-01-03,11,5,1,51.3,49.24869,49.31,2.0513084411621065,2.0513084411621065,$50–100,0,0.22813751,0
2026-01-03 13:00:00,2026-01-03 12:00:00,2026-01-03,12,5,1,61.78,51.265114,51.3,10.514886169433595,10.514886169433595,$50–100,0,0.11782886,0
2026-01-03 14:00:00,2026-01-03 13:00:00,2026-01-03,13,5,1,46.4,55.35646,61.78,-8.956460571289064,8.956460571289064,< $50,0,0.15195478,0
2026-01-03 15:00:00,2026-01-03 14:00:00,2026-01-03,14,5,1,41.38,38.49561,46.4,2.884390716552737,2.884390716552737,< $50,0,0.06415142,0
2026-01-03 16:00:00,2026-01-03 15:00:00,2026-01-03,15,5,1,36.72,36.80645,41.38,-0.08644989013671989,0.08644989013671989,< $50,0,0.08559536,0
2026-01-03 17:00:00,2026-01-03 16:00:00,2026-01-03,16,5,1,35.01,49.905743,36.72,-14.895742645263674,14.895742645263674,< $50,0,0.22221443,0
2026-01-03 18:00:00,2026-01-03 17:00:00,2026-01-03,17,5,1,36.34,33.6265,35.01,2.713500823974613,2.713500823974613,< $50,0,0.12659852,0
2026-01-03 19:00:00,2026-01-03 18:00:00,2026-01-03,18,5,1,29.94,29.851616,36.34,0.08838409423828253,0.08838409423828253,< $50,0,0.032685608,0
2026-01-03 20:00:00,2026-01-03 19:00:00,2026-01-03,19,5,1,26.04,33.482437,29.94,-7.442437133789063,7.442437133789063,< $50,0,0.038898353,0
2026-01-03 21:00:00,2026-01-03 20:00:00,2026-01-03,20,5,1,25.77,22.164202,26.04,3.6057982635498043,3.6057982635498043,< $50,0,0.03332925,0
2026-01-03 22:00:00,2026-01-03 21:00:00,2026-01-03,21,5,1,26.1,19.828892,25.77,6.271108245849611,6.271108245849611,< $50,0,0.035110008,0
2026-01-03 23:00:00,2026-01-03 22:00:00,2026-01-03,22,5,1,25.14,23.902369,26.1,1.237631454467774,1.237631454467774,< $50,0,0.012740383,0
2026-01-04 00:00:00,2026-01-03 23:00:00,2026-01-03,23,5,1,25.3,21.302353,25.14,3.997647094726563,3.997647094726563,< $50,0,0.027255248,0
2026-01-04 01:00:00,2026-01-04 00:00:00,2026-01-04,0,6,1,30.75,25.537315,25.3,5.212684631347656,5.212684631347656,< $50,0,0.007707596,0
2026-01-04 02:00:00,2026-01-04 01:00:00,2026-01-04,1,6,1,34.13,34.773422,30.75,-0.6434222412109349,0.6434222412109349,< $50,0,0.03497453,0
2026-01-04 03:00:00,2026-01-04 02:00:00,2026-01-04,2,6,1,32.31,37.03765,34.13,-4.7276510620117165,4.7276510620117165,< $50,0,0.024861235,0
2026-01-04 04:00:00,2026-01-04 03:00:00,2026-01-04,3,6,1,34.32,31.826391,32.31,2.493608779907227,2.493608779907227,< $50,0,0.009803159,0
2026-01-04 05:00:00,2026-01-04 04:00:00,2026-01-04,4,6,1,45.14,34.71915,34.32,10.42084945678711,10.42084945678711,< $50,0,0.03163221,0
2026-01-04 06:00:00,2026-01-04 05:00:00,2026-01-04,5,6,1,49.96,50.755035,45.14,-0.7950354003906241,0.7950354003906241,< $50,0,0.08482154,0
2026-01-04 07:00:00,2026-01-04 06:00:00,2026-01-04,6,6,1,103.79,52.787426,49.96,51.00257400512696,51.00257400512696,$100–250,1,0.16947056,0
2026-01-04 08:00:00,2026-01-04 07:00:00,2026-01-04,7,6,1,74.75,146.36803,103.79,-71.61802673339844,71.61802673339844,$50–100,0,0.7319229,1
2026-01-04 09:00:00,2026-01-04 08:00:00,2026-01-04,8,6,1,148.86,70.95539,74.75,77.90460906982423,77.90460906982423,$100–250,1,0.41326156,0
2026-01-04 10:00:00,2026-01-04 09:00:00,2026-01-04,9,6,1,66.9,168.4492,148.86,-101.54920349121093,101.54920349121093,$50–100,0,0.91198987,1
2026-01-04 11:00:00,2026-01-04 10:00:00,2026-01-04,10,6,1,69.87,80.823204,66.9,-10.95320404052734,10.95320404052734,$50–100,0,0.31213588,0
2026-01-04 12:00:00,2026-01-04 11:00:00,2026-01-04,11,6,1,52.84,79.48854,69.87,-26.64854064941406,26.64854064941406,$50–100,0,0.62903917,1
2026-01-04 13:00:00,2026-01-04 12:00:00,2026-01-04,12,6,1,46.52,68.9855,52.84,-22.46549652099609,22.46549652099609,< $50,0,0.47394487,0
2026-01-04 14:00:00,2026-01-04 13:00:00,2026-01-04,13,6,1,46.2,42.76943,46.52,3.4305717468261747,3.4305717468261747,< $50,0,0.23977827,0
2026-01-04 15:00:00,2026-01-04 14:00:00,2026-01-04,14,6,1,46.53,41.512062,46.2,5.017937927246095,5.017937927246095,< $50,0,0.2014697,0
2026-01-04 16:00:00,2026-01-04 15:00:00,2026-01-04,15,6,1,47.17,41.58665,46.53,5.58334915161133,5.58334915161133,< $50,0,0.35352415,0
2026-01-04 17:00:00,2026-01-04 16:00:00,2026-01-04,16,6,1,52.12,54.784454,47.17,-2.6644543457031276,2.6644543457031276,$50–100,0,0.41279733,0
2026-01-04 18:00:00,2026-01-04 17:00:00,2026-01-04,17,6,1,76.78,61.034554,52.12,15.74544647216797,15.74544647216797,$50–100,0,0.69934785,1
2026-01-04 19:00:00,2026-01-04 18:00:00,2026-01-04,18,6,1,43.97,85.8683,76.78,-41.898301391601564,41.898301391601564,< $50,0,0.49210945,0
2026-01-04 20:00:00,2026-01-04 19:00:00,2026-01-04,19,6,1,37.4,46.58603,43.97,-9.186029052734376,9.186029052734376,< $50,0,0.53105146,1
2026-01-04 21:00:00,2026-01-04 20:00:00,2026-01-04,20,6,1,33.72,35.246998,37.4,-1.5269978332519543,1.5269978332519543,< $50,0,0.11115246,0
2026-01-04 22:00:00,2026-01-04 21:00:00,2026-01-04,21,6,1,32.96,26.73962,33.72,6.2203797912597665,6.2203797912597665,< $50,0,0.026031516,0
2026-01-04 23:00:00,2026-01-04 22:00:00,2026-01-04,22,6,1,30.79,26.66989,32.96,4.120110549926757,4.120110549926757,< $50,0,0.0042033554,0
2026-01-05 00:00:00,2026-01-04 23:00:00,2026-01-04,23,6,1,29.63,28.405132,30.79,1.2248677062988271,1.2248677062988271,< $50,0,0.008665625,0
2026-01-05 01:00:00,2026-01-05 00:00:00,2026-01-05,0,0,1,30.2,29.097128,29.63,1.1028720855712884,1.1028720855712884,< $50,0,0.01140867,0
2026-01-05 02:00:00,2026-01-05 01:00:00,2026-01-05,1,0,1,27.94,31.006878,30.2,-3.0668778991699206,3.0668778991699206,< $50,0,0.024314133,0
2026-01-05 03:00:00,2026-01-05 02:00:00,2026-01-05,2,0,1,26.37,26.86188,27.94,-0.4918793487548818,0.4918793487548818,< $50,0,0.015342692,0
2026-01-05 04:00:00,2026-01-05 03:00:00,2026-01-05,3,0,1,26.8,26.863115,26.37,-0.0631153106689446,0.0631153106689446,< $50,0,0.014271526,0
2026-01-05 05:00:00,2026-01-05 04:00:00,2026-01-05,4,0,1,29.52,27.982653,26.8,1.5373473358154293,1.5373473358154293,< $50,0,0.022015713,0
2026-01-05 06:00:00,2026-01-05 05:00:00,2026-01-05,5,0,1,43.87,36.030037,29.52,7.839963073730466,7.839963073730466,< $50,0,0.052978892,0
2026-01-05 07:00:00,2026-01-05 06:00:00,2026-01-05,6,0,1,193.36,65.94041,43.87,127.41959320068361,127.41959320068361,$100–250,1,0.35118854,0
2026-01-05 08:00:00,2026-01-05 07:00:00,2026-01-05,7,0,1,648.65,208.52995,193.36,440.1200469970703,440.1200469970703,>= $250,1,0.9684766,1
2026-01-05 09:00:00,2026-01-05 08:00:00,2026-01-05,8,0,1,453.81,556.49475,648.65,-102.6847509765625,102.6847509765625,>= $250,1,0.98289746,1
2026-01-05 10:00:00,2026-01-05 09:00:00,2026-01-05,9,0,1,647.43,371.55203,453.81,275.8779675292968,275.8779675292968,>= $250,1,0.95842403,1
2026-01-05 11:00:00,2026-01-05 10:00:00,2026-01-05,10,0,1,765.62,543.07007,647.43,222.549931640625,222.549931640625,>= $250,1,0.9853387,1
2026-01-05 12:00:00,2026-01-05 11:00:00,2026-01-05,11,0,1,858.44,744.58594,765.62,113.85406250000005,113.85406250000005,>= $250,1,0.99675745,1
2026-01-05 13:00:00,2026-01-05 12:00:00,2026-01-05,12,0,1,845.76,750.6388,858.44,95.12120605468749,95.12120605468749,>= $250,1,0.9976496,1
2026-01-05 14:00:00,2026-01-05 13:00:00,2026-01-05,13,0,1,712.95,714.54785,845.76,-1.5978515624999545,1.5978515624999545,>= $250,1,0.99463636,1
2026-01-05 15:00:00,2026-01-05 14:00:00,2026-01-05,14,0,1,545.81,501.93533,712.95,43.87466674804682,43.87466674804682,>= $250,1,0.9835398,1
2026-01-05 16:00:00,2026-01-05 15:00:00,2026-01-05,15,0,1,613.25,327.73392,545.81,285.5160827636719,285.5160827636719,>= $250,1,0.95497096,1
2026-01-05 17:00:00,2026-01-05 16:00:00,2026-01-05,16,0,1,618.34,633.8653,613.25,-15.525295410156218,15.525295410156218,>= $250,1,0.9893805,1
2026-01-05 18:00:00,2026-01-05 17:00:00,2026-01-05,17,0,1,695.34,642.12506,618.34,53.21493896484378,53.21493896484378,>= $250,1,0.985981,1
2026-01-05 19:00:00,2026-01-05 18:00:00,2026-01-05,18,0,1,657.7,672.4194,695.34,-14.719372558593705,14.719372558593705,>= $250,1,0.9933088,1
2026-01-05 20:00:00,2026-01-05 19:00:00,2026-01-05,19,0,1,125.82,623.3911,657.7,-497.57111328125,497.57111328125,$100–250,1,0.9798978,1
2026-01-05 21:00:00,2026-01-05 20:00:00,2026-01-05,20,0,1,46.55,160.85507,125.82,-114.30507202148438,114.30507202148438,< $50,0,0.2484461,0
2026-01-05 22:00:00,2026-01-05 21:00:00,2026-01-05,21,0,1,41.3,51.012707,46.55,-9.7127067565918,9.7127067565918,< $50,0,0.09374837,0
2026-01-05 23:00:00,2026-01-05 22:00:00,2026-01-05,22,0,1,33.0,33.271816,41.3,-0.2718162536621094,0.2718162536621094,< $50,0,0.009819469,0
2026-01-06 00:00:00,2026-01-05 23:00:00,2026-01-05,23,0,1,30.38,32.455647,33.0,-2.075646514892579,2.075646514892579,< $50,0,0.0075529045,0
2026-01-06 01:00:00,2026-01-06 00:00:00,2026-01-06,0,1,1,27.09,41.532806,30.38,-14.442806396484375,14.442806396484375,< $50,0,0.0061124857,0
2026-01-06 02:00:00,2026-01-06 01:00:00,2026-01-06,1,1,1,24.36,39.161346,27.09,-14.801346435546876,14.801346435546876,< $50,0,0.0038414397,0
2026-01-06 03:00:00,2026-01-06 02:00:00,2026-01-06,2,1,1,23.79,36.079666,24.36,-12.289666137695313,12.289666137695313,< $50,0,0.0023666238,0
2026-01-06 04:00:00,2026-01-06 03:00:00,2026-01-06,3,1,1,16.68,34.951675,23.79,-18.271675415039063,18.271675415039063,< $50,0,0.0012956638,0
2026-01-06 05:00:00,2026-01-06 04:00:00,2026-01-06,4,1,1,14.66,28.116674,16.68,-13.456674423217773,13.456674423217773,< $50,0,0.0013220173,0
2026-01-06 06:00:00,2026-01-06 05:00:00,2026-01-06,5,1,1,15.48,25.05756,14.66,-9.577559967041015,9.577559967041015,< $50,0,0.00081062986,0
2026-01-06 07:00:00,2026-01-06 06:00:00,2026-01-06,6,1,1,22.71,34.172554,15.48,-11.46255401611328,11.46255401611328,< $50,0,0.0014303045,0
2026-01-06 08:00:00,2026-01-06 07:00:00,2026-01-06,7,1,1,18.02,46.185875,22.71,-28.165874938964844,28.165874938964844,< $50,0,0.009359431,0
2026-01-06 09:00:00,2026-01-06 08:00:00,2026-01-06,8,1,1,15.66,30.952894,18.02,-15.29289421081543,15.29289421081543,< $50,0,0.00071623235,0
2026-01-06 10:00:00,2026-01-06 09:00:00,2026-01-06,9,1,1,21.0,31.218456,15.66,-10.218456268310547,10.218456268310547,< $50,0,0.00027337586,0
2026-01-06 11:00:00,2026-01-06 10:00:00,2026-01-06,10,1,1,16.18,39.059654,21.0,-22.879654235839844,22.879654235839844,< $50,0,0.00076826994,0
2026-01-06 12:00:00,2026-01-06 11:00:00,2026-01-06,11,1,1,0.0,23.40317,16.18,-23.403169631958008,23.403169631958008,< $50,0,0.00018104051,0
2026-01-06 13:00:00,2026-01-06 12:00:00,2026-01-06,12,1,1,0.0,2.4805832,0.0,-2.4805831909179688,2.4805831909179688,< $50,0,0.00029773187,0
2026-01-06 14:00:00,2026-01-06 13:00:00,2026-01-06,13,1,1,0.0,3.9689147,0.0,-3.968914747238159,3.968914747238159,< $50,0,0.0005962885,0
2026-01-06 15:00:00,2026-01-06 14:00:00,2026-01-06,14,1,1,0.0,3.3853607,0.0,-3.3853607177734375,3.3853607177734375,< $50,0,0.00067380315,0
2026-01-06 16:00:00,2026-01-06 15:00:00,2026-01-06,15,1,1,0.0,0.57448584,0.0,-0.5744858384132385,0.5744858384132385,< $50,0,0.0015611441,0
2026-01-06 17:00:00,2026-01-06 16:00:00,2026-01-06,16,1,1,5.53,3.4935627,0.0,2.0364373016357424,2.0364373016357424,< $50,0,0.0018522305,0
2026-01-06 18:00:00,2026-01-06 17:00:00,2026-01-06,17,1,1,13.48,27.950083,5.53,-14.470082778930664,14.470082778930664,< $50,0,0.001985872,0
2026-01-06 19:00:00,2026-01-06 18:00:00,2026-01-06,18,1,1,12.49,36.876587,13.48,-24.386586914062498,24.386586914062498,< $50,0,0.0027417056,0
2026-01-06 20:00:00,2026-01-06 19:00:00,2026-01-06,19,1,1,14.23,9.198415,12.49,5.031585197448731,5.031585197448731,< $50,0,0.0006603858,0
2026-01-06 21:00:00,2026-01-06 20:00:00,2026-01-06,20,1,1,14.63,14.485721,14.23,0.14427936553955156,0.14427936553955156,< $50,0,0.0020681333,0
2026-01-06 22:00:00,2026-01-06 21:00:00,2026-01-06,21,1,1,17.61,13.248266,14.63,4.361733779907226,4.361733779907226,< $50,0,0.00083409535,0
2026-01-06 23:00:00,2026-01-06 22:00:00,2026-01-06,22,1,1,15.32,20.5134,17.61,-5.1933991241455075,5.1933991241455075,< $50,0,0.0012768838,0
2026-01-07 00:00:00,2026-01-06 23:00:00,2026-01-06,23,1,1,9.14,15.503724,15.32,-6.363724098205566,6.363724098205566,< $50,0,0.0002479777,0
2026-01-07 01:00:00,2026-01-07 00:00:00,2026-01-07,0,2,1,9.68,9.39202,9.14,0.28797977447509737,0.28797977447509737,< $50,0,0.00011082253,0
2026-01-07 02:00:00,2026-01-07 01:00:00,2026-01-07,1,2,1,13.19,12.633439,9.68,0.5565609359741206,0.5565609359741206,< $50,0,0.00024123464,0
2026-01-07 03:00:00,2026-01-07 02:00:00,2026-01-07,2,2,1,9.81,18.009943,13.19,-8.199943008422851,8.199943008422851,< $50,0,0.00025993277,0
2026-01-07 04:00:00,2026-01-07 03:00:00,2026-01-07,3,2,1,2.03,9.841102,9.81,-7.8111016464233405,7.8111016464233405,< $50,0,0.000105173414,0
2026-01-07 05:00:00,2026-01-07 04:00:00,2026-01-07,4,2,1,8.9,5.7470193,2.03,3.152980709075928,3.152980709075928,< $50,0,0.0001551249,0
2026-01-07 06:00:00,2026-01-07 05:00:00,2026-01-07,5,2,1,13.11,14.231918,8.9,-1.121918334960938,1.121918334960938,< $50,0,0.00048069662,0
2026-01-07 07:00:00,2026-01-07 06:00:00,2026-01-07,6,2,1,7.86,21.728565,13.11,-13.868565216064454,13.868565216064454,< $50,0,0.00017694327,0
2026-01-07 08:00:00,2026-01-07 07:00:00,2026-01-07,7,2,1,14.23,12.979805,7.86,1.2501950073242192,1.2501950073242192,< $50,0,0.00024802878,0
2026-01-07 09:00:00,2026-01-07 08:00:00,2026-01-07,8,2,1,14.35,16.67604,14.23,-2.326040649414063,2.326040649414063,< $50,0,0.000496553,0
2026-01-07 10:00:00,2026-01-07 09:00:00,2026-01-07,9,2,1,9.9,14.742717,14.35,-4.842716789245605,4.842716789245605,< $50,0,0.00023693462,0
2026-01-07 11:00:00,2026-01-07 10:00:00,2026-01-07,10,2,1,13.61,10.294821,9.9,3.3151792144775385,3.3151792144775385,< $50,0,7.739834e-05,0
2026-01-07 12:00:00,2026-01-07 11:00:00,2026-01-07,11,2,1,12.76,39.882446,13.61,-27.122446289062502,27.122446289062502,< $50,0,0.00021906325,0
2026-01-07 13:00:00,2026-01-07 12:00:00,2026-01-07,12,2,1,10.19,51.66245,12.76,-41.47244888305664,41.47244888305664,< $50,0,0.00013735883,0
2026-01-07 14:00:00,2026-01-07 13:00:00,2026-01-07,13,2,1,12.34,10.176598,10.19,2.163402404785156,2.163402404785156,< $50,0,0.00013105854,0
2026-01-07 15:00:00,2026-01-07 14:00:00,2026-01-07,14,2,1,13.17,17.2182,12.34,-4.04820068359375,4.04820068359375,< $50,0,0.00018225987,0
2026-01-07 16:00:00,2026-01-07 15:00:00,2026-01-07,15,2,1,22.92,17.691624,13.17,5.228376312255861,5.228376312255861,< $50,0,0.0004176873,0
2026-01-07 17:00:00,2026-01-07 16:00:00,2026-01-07,16,2,1,27.77,33.905533,22.92,-6.135532836914063,6.135532836914063,< $50,0,0.0045959684,0
2026-01-07 18:00:00,2026-01-07 17:00:00,2026-01-07,17,2,1,27.91,38.902184,27.77,-10.992183532714844,10.992183532714844,< $50,0,0.0111845685,0
2026-01-07 19:00:00,2026-01-07 18:00:00,2026-01-07,18,2,1,23.54,26.584105,27.91,-3.044104537963868,3.044104537963868,< $50,0,0.007850186,0
2026-01-07 20:00:00,2026-01-07 19:00:00,2026-01-07,19,2,1,17.49,24.794119,23.54,-7.3041188812255875,7.3041188812255875,< $50,0,0.004595362,0
2026-01-07 21:00:00,2026-01-07 20:00:00,2026-01-07,20,2,1,13.64,16.743872,17.49,-3.103871688842773,3.103871688842773,< $50,0,0.0018128606,0
2026-01-07 22:00:00,2026-01-07 21:00:00,2026-01-07,21,2,1,12.78,11.977679,13.64,0.8023207473754876,0.8023207473754876,< $50,0,0.00043416134,0
2026-01-07 23:00:00,2026-01-07 22:00:00,2026-01-07,22,2,1,0.38,10.813277,12.78,-10.43327724456787,10.43327724456787,< $50,0,0.00013525407,0
2026-01-08 00:00:00,2026-01-07 23:00:00,2026-01-07,23,2,1,0.0,1.4643375,0.38,-1.4643374681472778,1.4643374681472778,< $50,0,0.00041455668,0
2026-01-08 01:00:00,2026-01-08 00:00:00,2026-01-08,0,3,1,0.0,2.7518537,0.0,-2.7518537044525146,2.7518537044525146,< $50,0,0.00013737952,0
2026-01-08 02:00:00,2026-01-08 01:00:00,2026-01-08,1,3,1,2.43,0.49751326,0.0,1.9324867355823518,1.9324867355823518,< $50,0,0.00017416544,0
2026-01-08 03:00:00,2026-01-08 02:00:00,2026-01-08,2,3,1,15.47,6.896604,2.43,8.573395938873292,8.573395938873292,< $50,0,0.0002723332,0
2026-01-08 04:00:00,2026-01-08 03:00:00,2026-01-08,3,3,1,17.94,13.879636,15.47,4.0603641891479505,4.0603641891479505,< $50,0,0.0012616455,0
2026-01-08 05:00:00,2026-01-08 04:00:00,2026-01-08,4,3,1,19.11,19.243065,17.94,-0.13306488037109432,0.13306488037109432,< $50,0,0.0016578046,0
2026-01-08 06:00:00,2026-01-08 05:00:00,2026-01-08,5,3,1,25.68,21.16986,19.11,4.51013916015625,4.51013916015625,< $50,0,0.0019171679,0
2026-01-08 07:00:00,2026-01-08 06:00:00,2026-01-08,6,3,1,28.69,30.316378,25.68,-1.6263776397705065,1.6263776397705065,< $50,0,0.021867555,0
2026-01-08 08:00:00,2026-01-08 07:00:00,2026-01-08,7,3,1,28.62,36.997894,28.69,-8.377894287109374,8.377894287109374,< $50,0,0.02465346,0
2026-01-08 09:00:00,2026-01-08 08:00:00,2026-01-08,8,3,1,30.32,25.456604,28.62,4.86339599609375,4.86339599609375,< $50,0,0.0050956635,0
2026-01-08 10:00:00,2026-01-08 09:00:00,2026-01-08,9,3,1,20.3,28.332535,30.32,-8.032534790039062,8.032534790039062,< $50,0,0.0063036387,0
2026-01-08 11:00:00,2026-01-08 10:00:00,2026-01-08,10,3,1,14.24,16.305887,20.3,-2.065887222290039,2.065887222290039,< $50,0,0.00043189203,0
2026-01-08 12:00:00,2026-01-08 11:00:00,2026-01-08,11,3,1,4.38,11.187951,14.24,-6.80795108795166,6.80795108795166,< $50,0,0.0003734893,0
2026-01-08 13:00:00,2026-01-08 12:00:00,2026-01-08,12,3,1,6.49,1.6370356,4.38,4.852964391708374,4.852964391708374,< $50,0,0.00025750385,0
2026-01-08 14:00:00,2026-01-08 13:00:00,2026-01-08,13,3,1,0.01,6.4800067,6.49,-6.470006694793701,6.470006694793701,< $50,0,0.0003614072,0
2026-01-08 15:00:00,2026-01-08 14:00:00,2026-01-08,14,3,1,0.0,0.0,0.01,0.0,0.0,< $50,0,0.00021025282,0
2026-01-08 16:00:00,2026-01-08 15:00:00,2026-01-08,15,3,1,0.01,5.106415,0.0,-5.096414794921875,5.096414794921875,< $50,0,0.00048344154,0
2026-01-08 17:00:00,2026-01-08 16:00:00,2026-01-08,16,3,1,2.37,0.8558036,0.01,1.514196391105652,1.514196391105652,< $50,0,0.0009281403,0
2026-01-08 18:00:00,2026-01-08 17:00:00,2026-01-08,17,3,1,12.23,3.0284984,2.37,9.201501588821412,9.201501588821412,< $50,0,0.00074236526,0
2026-01-08 19:00:00,2026-01-08 18:00:00,2026-01-08,18,3,1,17.46,3.004921,12.23,14.455079040527345,14.455079040527345,< $50,0,0.00048767857,0
2026-01-08 20:00:00,2026-01-08 19:00:00,2026-01-08,19,3,1,30.21,18.866262,17.46,11.343737564086915,11.343737564086915,< $50,0,0.0027737222,0
2026-01-08 21:00:00,2026-01-08 20:00:00,2026-01-08,20,3,1,55.27,30.815533,30.21,24.45446731567383,24.45446731567383,$50–100,0,0.023993304,0
2026-01-08 22:00:00,2026-01-08 21:00:00,2026-01-08,21,3,1,35.23,42.39749,55.27,-7.167491455078128,7.167491455078128,< $50,0,0.010899398,0
2026-01-08 23:00:00,2026-01-08 22:00:00,2026-01-08,22,3,1,22.09,27.919342,35.23,-5.829342041015625,5.829342041015625,< $50,0,0.0038563323,0
2026-01-09 00:00:00,2026-01-08 23:00:00,2026-01-08,23,3,1,14.61,17.364784,22.09,-2.754784240722657,2.754784240722657,< $50,0,0.00053398975,0
2026-01-09 01:00:00,2026-01-09 00:00:00,2026-01-09,0,4,1,13.53,12.370153,14.61,1.159846572875976,1.159846572875976,< $50,0,0.000189289,0
2026-01-09 02:00:00,2026-01-09 01:00:00,2026-01-09,1,4,1,14.17,10.930551,13.53,3.2394494247436523,3.2394494247436523,< $50,0,0.00016173939,0
2026-01-09 03:00:00,2026-01-09 02:00:00,2026-01-09,2,4,1,15.65,13.669228,14.17,1.980772399902344,1.980772399902344,< $50,0,0.00022856072,0
2026-01-09 04:00:00,2026-01-09 03:00:00,2026-01-09,3,4,1,22.82,15.794884,15.65,7.0251162719726565,7.0251162719726565,< $50,0,0.00050725276,0
2026-01-09 05:00:00,2026-01-09 04:00:00,2026-01-09,4,4,1,17.09,25.968975,22.82,-8.878975067138672,8.878975067138672,< $50,0,0.0020181178,0
2026-01-09 06:00:00,2026-01-09 05:00:00,2026-01-09,5,4,1,25.44,17.516682,17.09,7.923318328857423,7.923318328857423,< $50,0,0.0005906083,0
2026-01-09 07:00:00,2026-01-09 06:00:00,2026-01-09,6,4,1,28.22,32.404984,25.44,-4.184983520507814,4.184983520507814,< $50,0,0.0034091787,0
2026-01-09 08:00:00,2026-01-09 07:00:00,2026-01-09,7,4,1,35.7,32.86194,28.22,2.838061523437503,2.838061523437503,< $50,0,0.0056547313,0
2026-01-09 09:00:00,2026-01-09 08:00:00,2026-01-09,8,4,1,44.17,36.978657,35.7,7.191343231201174,7.191343231201174,< $50,0,0.008741173,0
2026-01-09 10:00:00,2026-01-09 09:00:00,2026-01-09,9,4,1,27.1,42.26844,44.17,-15.16844024658203,15.16844024658203,< $50,0,0.012954701,0
2026-01-09 11:00:00,2026-01-09 10:00:00,2026-01-09,10,4,1,15.23,21.842802,27.1,-6.612802047729492,6.612802047729492,< $50,0,0.0012581503,0
2026-01-09 12:00:00,2026-01-09 11:00:00,2026-01-09,11,4,1,12.59,8.929801,15.23,3.6601990127563475,3.6601990127563475,< $50,0,0.00016460932,0
2026-01-09 13:00:00,2026-01-09 12:00:00,2026-01-09,12,4,1,11.78,7.1295867,12.59,4.6504133033752435,4.6504133033752435,< $50,0,0.00018288029,0
2026-01-09 14:00:00,2026-01-09 13:00:00,2026-01-09,13,4,1,12.21,5.9230094,11.78,6.286990604400636,6.286990604400636,< $50,0,9.1880705e-05,0
2026-01-09 15:00:00,2026-01-09 14:00:00,2026-01-09,14,4,1,11.51,9.606285,12.21,1.903714904785156,1.903714904785156,< $50,0,0.00013494721,0
2026-01-09 16:00:00,2026-01-09 15:00:00,2026-01-09,15,4,1,10.81,9.459273,11.51,1.3507266616821294,1.3507266616821294,< $50,0,0.00019579378,0
2026-01-09 17:00:00,2026-01-09 16:00:00,2026-01-09,16,4,1,11.81,9.193738,10.81,2.616262016296387,2.616262016296387,< $50,0,0.0003325193,0
2026-01-09 18:00:00,2026-01-09 17:00:00,2026-01-09,17,4,1,12.08,33.727024,11.81,-21.647024078369142,21.647024078369142,< $50,0,0.0004171501,0
2026-01-09 19:00:00,2026-01-09 18:00:00,2026-01-09,18,4,1,12.74,24.569551,12.08,-11.829551467895508,11.829551467895508,< $50,0,0.00030185445,0
2026-01-09 20:00:00,2026-01-09 19:00:00,2026-01-09,19,4,1,12.5,10.840343,12.74,1.6596565246582031,1.6596565246582031,< $50,0,0.0004278869,0
2026-01-09 21:00:00,2026-01-09 20:00:00,2026-01-09,20,4,1,12.45,6.3979,12.5,6.052099895477294,6.052099895477294,< $50,0,0.00023102864,0
2026-01-09 22:00:00,2026-01-09 21:00:00,2026-01-09,21,4,1,12.45,6.881532,12.45,5.568467807769775,5.568467807769775,< $50,0,0.00016872432,0
2026-01-09 23:00:00,2026-01-09 22:00:00,2026-01-09,22,4,1,12.57,9.098414,12.45,3.4715855789184573,3.4715855789184573,< $50,0,0.00012272022,0
2026-01-10 00:00:00,2026-01-09 23:00:00,2026-01-09,23,4,1,12.17,11.826215,12.57,0.34378520965576165,0.34378520965576165,< $50,0,0.00024666215,0
2026-01-10 01:00:00,2026-01-10 00:00:00,2026-01-10,0,5,1,11.65,10.32545,12.17,1.3245500564575199,1.3245500564575199,< $50,0,9.676552e-05,0
2026-01-10 02:00:00,2026-01-10 01:00:00,2026-01-10,1,5,1,0.53,9.291545,11.65,-8.761544914245606,8.761544914245606,< $50,0,0.000109620785,0
2026-01-10 03:00:00,2026-01-10 02:00:00,2026-01-10,2,5,1,0.0,2.4896247,0.53,-2.4896247386932373,2.4896247386932373,< $50,0,9.2011695e-05,0
2026-01-10 04:00:00,2026-01-10 03:00:00,2026-01-10,3,5,1,3.18,0.66064113,0.0,2.5193588662147524,2.5193588662147524,< $50,0,0.00010817162,0
2026-01-10 05:00:00,2026-01-10 04:00:00,2026-01-10,4,5,1,0.0,7.0184546,3.18,-7.018454551696777,7.018454551696777,< $50,0,0.00026248096,0
2026-01-10 06:00:00,2026-01-10 05:00:00,2026-01-10,5,5,1,0.0,2.0504224,0.0,-2.050422430038452,2.050422430038452,< $50,0,0.00022752034,0
2026-01-10 07:00:00,2026-01-10 06:00:00,2026-01-10,6,5,1,0.0,3.0088353,0.0,-3.0088353157043457,3.0088353157043457,< $50,0,0.00016652189,0
2026-01-10 08:00:00,2026-01-10 07:00:00,2026-01-10,7,5,1,0.0,1.3568294,0.0,-1.3568294048309326,1.3568294048309326,< $50,0,0.00012579346,0
2026-01-10 09:00:00,2026-01-10 08:00:00,2026-01-10,8,5,1,0.02,0.45357057,0.0,-0.4335705745220184,0.4335705745220184,< $50,0,0.00010953574,0
2026-01-10 10:00:00,2026-01-10 09:00:00,2026-01-10,9,5,1,2.01,0.8086683,0.02,1.2013316845893858,1.2013316845893858,< $50,0,7.486829e-05,0
2026-01-10 11:00:00,2026-01-10 10:00:00,2026-01-10,10,5,1,11.18,6.547165,2.01,4.632835083007812,4.632835083007812,< $50,0,5.829983e-05,0
2026-01-10 12:00:00,2026-01-10 11:00:00,2026-01-10,11,5,1,9.69,20.155266,11.18,-10.46526580810547,10.46526580810547,< $50,0,0.0003232885,0
2026-01-10 13:00:00,2026-01-10 12:00:00,2026-01-10,12,5,1,2.97,5.7675447,9.69,-2.7975447463989256,2.7975447463989256,< $50,0,0.00013679573,0
2026-01-10 14:00:00,2026-01-10 13:00:00,2026-01-10,13,5,1,0.0,1.8077571,2.97,-1.8077571392059326,1.8077571392059326,< $50,0,0.0001609916,0
2026-01-10 15:00:00,2026-01-10 14:00:00,2026-01-10,14,5,1,0.0,0.035234366,0.0,-0.03523436561226845,0.03523436561226845,< $50,0,0.00018267483,0
2026-01-10 16:00:00,2026-01-10 15:00:00,2026-01-10,15,5,1,0.0,0.30271572,0.0,-0.3027157187461853,0.3027157187461853,< $50,0,0.00046407257,0
2026-01-10 17:00:00,2026-01-10 16:00:00,2026-01-10,16,5,1,10.81,0.3330356,0.0,10.476964411735535,10.476964411735535,< $50,0,0.00046778913,0
2026-01-10 18:00:00,2026-01-10 17:00:00,2026-01-10,17,5,1,13.0,43.050304,10.81,-30.050304412841797,30.050304412841797,< $50,0,0.0007210569,0
2026-01-10 19:00:00,2026-01-10 18:00:00,2026-01-10,18,5,1,12.79,8.241717,13.0,4.548282661437987,4.548282661437987,< $50,0,0.00023114363,0
2026-01-10 20:00:00,2026-01-10 19:00:00,2026-01-10,19,5,1,7.36,8.510376,12.79,-1.1503759765624997,1.1503759765624997,< $50,0,0.00038266036,0
2026-01-10 21:00:00,2026-01-10 20:00:00,2026-01-10,20,5,1,0.51,5.114606,7.36,-4.6046059036254885,4.6046059036254885,< $50,0,0.00027597102,0
2026-01-10 22:00:00,2026-01-10 21:00:00,2026-01-10,21,5,1,0.0,1.0873655,0.51,-1.0873655080795288,1.0873655080795288,< $50,0,0.00029662575,0
2026-01-10 23:00:00,2026-01-10 22:00:00,2026-01-10,22,5,1,0.01,0.0,0.0,0.01,0.01,< $50,0,0.00012002964,0
2026-01-11 00:00:00,2026-01-10 23:00:00,2026-01-10,23,5,1,0.0,0.41080603,0.01,-0.4108060300350189,0.4108060300350189,< $50,0,0.0006810608,0
2026-01-11 01:00:00,2026-01-11 00:00:00,2026-01-11,0,6,1,0.0,0.0,0.0,0.0,0.0,< $50,0,0.00038143588,0
2026-01-11 02:00:00,2026-01-11 01:00:00,2026-01-11,1,6,1,0.0,0.0,0.0,0.0,0.0,< $50,0,0.000446179,0
2026-01-11 03:00:00,2026-01-11 02:00:00,2026-01-11,2,6,1,0.0,0.14032051,0.0,-0.14032050967216492,0.14032050967216492,< $50,0,0.00030326904,0
2026-01-11 04:00:00,2026-01-11 03:00:00,2026-01-11,3,6,1,0.0,0.2290287,0.0,-0.22902870178222656,0.22902870178222656,< $50,0,0.00023431671,0
2026-01-11 05:00:00,2026-01-11 04:00:00,2026-01-11,4,6,1,0.0,0.34634146,0.0,-0.34634146094322205,0.34634146094322205,< $50,0,0.00023630315,0
2026-01-11 06:00:00,2026-01-11 05:00:00,2026-01-11,5,6,1,0.0,1.3327112,0.0,-1.3327112197875977,1.3327112197875977,< $50,0,0.00025371189,0
2026-01-11 07:00:00,2026-01-11 06:00:00,2026-01-11,6,6,1,0.0,2.2867656,0.0,-2.2867655754089355,2.2867655754089355,< $50,0,0.00026432276,0
2026-01-11 08:00:00,2026-01-11 07:00:00,2026-01-11,7,6,1,0.0,1.6712177,0.0,-1.671217679977417,1.671217679977417,< $50,0,0.00031618722,0
2026-01-11 09:00:00,2026-01-11 08:00:00,2026-01-11,8,6,1,7.93,0.6534555,0.0,7.276544504165649,7.276544504165649,< $50,0,0.00037915318,0
2026-01-11 10:00:00,2026-01-11 09:00:00,2026-01-11,9,6,1,11.26,11.210179,7.93,0.049820671081542756,0.049820671081542756,< $50,0,0.0006051995,0
2026-01-11 11:00:00,2026-01-11 10:00:00,2026-01-11,10,6,1,12.5,12.85211,11.26,-0.3521099090576172,0.3521099090576172,< $50,0,0.00025178166,0
2026-01-11 12:00:00,2026-01-11 11:00:00,2026-01-11,11,6,1,12.87,13.560265,12.5,-0.6902645874023445,0.6902645874023445,< $50,0,0.0001708534,0
2026-01-11 13:00:00,2026-01-11 12:00:00,2026-01-11,12,6,1,10.84,12.37745,12.87,-1.5374499893188478,1.5374499893188478,< $50,0,0.00024123256,0
2026-01-11 14:00:00,2026-01-11 13:00:00,2026-01-11,13,6,1,11.63,8.121383,10.84,3.5086172866821297,3.5086172866821297,< $50,0,0.00014764561,0
2026-01-11 15:00:00,2026-01-11 14:00:00,2026-01-11,14,6,1,11.18,10.7344885,11.63,0.44551151275634737,0.44551151275634737,< $50,0,0.00017703102,0
2026-01-11 16:00:00,2026-01-11 15:00:00,2026-01-11,15,6,1,12.82,7.9551525,11.18,4.864847488403321,4.864847488403321,< $50,0,0.00022059899,0
2026-01-11 17:00:00,2026-01-11 16:00:00,2026-01-11,16,6,1,15.82,14.812278,12.82,1.007722206115723,1.007722206115723,< $50,0,0.0005458632,0
2026-01-11 18:00:00,2026-01-11 17:00:00,2026-01-11,17,6,1,17.08,15.633826,15.82,1.4461737442016585,1.4461737442016585,< $50,0,0.001376132,0
2026-01-11 19:00:00,2026-01-11 18:00:00,2026-01-11,18,6,1,13.71,12.0162325,17.08,1.69376750946045,1.69376750946045,< $50,0,0.0021106638,0
2026-01-11 20:00:00,2026-01-11 19:00:00,2026-01-11,19,6,1,15.47,8.298578,13.71,7.171421737670899,7.171421737670899,< $50,0,0.00067180133,0
2026-01-11 21:00:00,2026-01-11 20:00:00,2026-01-11,20,6,1,11.43,12.765266,15.47,-1.3352664184570315,1.3352664184570315,< $50,0,0.001615646,0
2026-01-11 22:00:00,2026-01-11 21:00:00,2026-01-11,21,6,1,10.8,7.94821,11.43,2.8517902374267585,2.8517902374267585,< $50,0,0.0006106415,0
2026-01-11 23:00:00,2026-01-11 22:00:00,2026-01-11,22,6,1,1.91,7.1867046,10.8,-5.276704635620117,5.276704635620117,< $50,0,0.000381569,0
2026-01-12 00:00:00,2026-01-11 23:00:00,2026-01-11,23,6,1,0.0,1.7161138,1.91,-1.716113805770874,1.716113805770874,< $50,0,0.00047368658,0
2026-01-12 01:00:00,2026-01-12 00:00:00,2026-01-12,0,0,1,0.0,0.0,0.0,0.0,0.0,< $50,0,0.0002994273,0
2026-01-12 02:00:00,2026-01-12 01:00:00,2026-01-12,1,0,1,0.0,0.06829185,0.0,-0.06829185038805008,0.06829185038805008,< $50,0,0.0006270539,0
2026-01-12 03:00:00,2026-01-12 02:00:00,2026-01-12,2,0,1,0.0,0.24618639,0.0,-0.24618639051914215,0.24618639051914215,< $50,0,0.0004871478,0
2026-01-12 04:00:00,2026-01-12 03:00:00,2026-01-12,3,0,1,0.0,0.2770163,0.0,-0.2770163118839264,0.2770163118839264,< $50,0,0.00035535288,0
2026-01-12 05:00:00,2026-01-12 04:00:00,2026-01-12,4,0,1,0.0,0.32254013,0.0,-0.32254013419151306,0.32254013419151306,< $50,0,0.0005280481,0
2026-01-12 06:00:00,2026-01-12 05:00:00,2026-01-12,5,0,1,0.0,1.7495965,0.0,-1.7495964765548706,1.7495964765548706,< $50,0,0.00063773745,0
2026-01-12 07:00:00,2026-01-12 06:00:00,2026-01-12,6,0,1,15.11,4.133285,0.0,10.97671495437622,10.97671495437622,< $50,0,0.00045740596,0
2026-01-12 08:00:00,2026-01-12 07:00:00,2026-01-12,7,0,1,13.93,23.832056,15.11,-9.902056045532227,9.902056045532227,< $50,0,0.0075398874,0
2026-01-12 09:00:00,2026-01-12 08:00:00,2026-01-12,8,0,1,13.01,12.436633,13.93,0.5733668899536131,0.5733668899536131,< $50,0,0.0007110948,0
2026-01-12 10:00:00,2026-01-12 09:00:00,2026-01-12,9,0,1,11.34,11.398859,13.01,-0.058859024047851705,0.058859024047851705,< $50,0,0.00026337666,0
2026-01-12 11:00:00,2026-01-12 10:00:00,2026-01-12,10,0,1,4.38,9.574515,11.34,-5.1945153427124025,5.1945153427124025,< $50,0,0.00012547754,0
2026-01-12 12:00:00,2026-01-12 11:00:00,2026-01-12,11,0,1,0.01,1.4681516,4.38,-1.458151569366455,1.458151569366455,< $50,0,0.00010786056,0
2026-01-12 13:00:00,2026-01-12 12:00:00,2026-01-12,12,0,1,0.01,0.69712675,0.01,-0.6871267461776733,0.6871267461776733,< $50,0,0.00031966282,0
2026-01-12 14:00:00,2026-01-12 13:00:00,2026-01-12,13,0,1,0.02,1.7380272,0.01,-1.7180272150039673,1.7180272150039673,< $50,0,0.0017978494,0
2026-01-12 15:00:00,2026-01-12 14:00:00,2026-01-12,14,0,1,8.44,1.5198764,0.02,6.92012363910675,6.92012363910675,< $50,0,0.001279098,0
2026-01-12 16:00:00,2026-01-12 15:00:00,2026-01-12,15,0,1,12.28,12.440762,8.44,-0.16076156616211001,0.16076156616211001,< $50,0,0.0022814188,0
2026-01-12 17:00:00,2026-01-12 16:00:00,2026-01-12,16,0,1,14.04,13.9081,12.28,0.13189987182617102,0.13189987182617102,< $50,0,0.0010735461,0
2026-01-12 18:00:00,2026-01-12 17:00:00,2026-01-12,17,0,1,16.84,17.91563,14.04,-1.075630340576172,1.075630340576172,< $50,0,0.0032396936,0
2026-01-12 19:00:00,2026-01-12 18:00:00,2026-01-12,18,0,1,13.16,18.852781,16.84,-5.692781295776367,5.692781295776367,< $50,0,0.003307994,0
2026-01-12 20:00:00,2026-01-12 19:00:00,2026-01-12,19,0,1,9.41,11.393006,13.16,-1.9830063247680663,1.9830063247680663,< $50,0,0.0006069671,0
2026-01-12 21:00:00,2026-01-12 20:00:00,2026-01-12,20,0,1,5.03,7.797421,9.41,-2.7674209785461423,2.7674209785461423,< $50,0,0.00067587825,0
2026-01-12 22:00:00,2026-01-12 21:00:00,2026-01-12,21,0,1,0.02,5.311335,5.03,-5.29133508682251,5.29133508682251,< $50,0,0.00058971584,0
2026-01-12 23:00:00,2026-01-12 22:00:00,2026-01-12,22,0,1,1.73,2.009513,0.02,-0.27951290130615236,0.27951290130615236,< $50,0,0.00030007,0
2026-01-13 00:00:00,2026-01-12 23:00:00,2026-01-12,23,0,1,0.0,7.1998973,1.73,-7.199897289276123,7.199897289276123,< $50,0,0.00058879645,0
2026-01-13 01:00:00,2026-01-13 00:00:00,2026-01-13,0,1,1,0.0,0.70332783,0.0,-0.7033278346061707,0.7033278346061707,< $50,0,0.00039331717,0
2026-01-13 02:00:00,2026-01-13 01:00:00,2026-01-13,1,1,1,0.0,1.2057254,0.0,-1.2057254314422607,1.2057254314422607,< $50,0,0.00046173547,0
2026-01-13 03:00:00,2026-01-13 02:00:00,2026-01-13,2,1,1,0.0,1.4581413,0.0,-1.4581413269042969,1.4581413269042969,< $50,0,0.00033943105,0
2026-01-13 04:00:00,2026-01-13 03:00:00,2026-01-13,3,1,1,0.0,1.449736,0.0,-1.4497359991073608,1.4497359991073608,< $50,0,0.00041866634,0
2026-01-13 05:00:00,2026-01-13 04:00:00,2026-01-13,4,1,1,0.0,1.4995646,0.0,-1.4995646476745605,1.4995646476745605,< $50,0,0.0004103671,0
2026-01-13 06:00:00,2026-01-13 05:00:00,2026-01-13,5,1,1,0.0,3.00046,0.0,-3.000459909439087,3.000459909439087,< $50,0,0.0004291021,0
2026-01-13 07:00:00,2026-01-13 06:00:00,2026-01-13,6,1,1,5.63,4.6914334,0.0,0.9385665702819823,0.9385665702819823,< $50,0,0.00022705484,0
2026-01-13 08:00:00,2026-01-13 07:00:00,2026-01-13,7,1,1,11.04,9.01707,5.63,2.0229301834106437,2.0229301834106437,< $50,0,0.00047818944,0
2026-01-13 09:00:00,2026-01-13 08:00:00,2026-01-13,8,1,1,12.26,14.400878,11.04,-2.140877952575684,2.140877952575684,< $50,0,0.00027215955,0
2026-01-13 10:00:00,2026-01-13 09:00:00,2026-01-13,9,1,1,11.94,14.247611,12.26,-2.307611045837403,2.307611045837403,< $50,0,0.00014166495,0
2026-01-13 11:00:00,2026-01-13 10:00:00,2026-01-13,10,1,1,10.6,9.935193,11.94,0.6648069381713864,0.6648069381713864,< $50,0,8.726942e-05,0
2026-01-13 12:00:00,2026-01-13 11:00:00,2026-01-13,11,1,1,11.76,8.426491,10.6,3.3335092163085935,3.3335092163085935,< $50,0,0.0001321062,0
2026-01-13 13:00:00,2026-01-13 12:00:00,2026-01-13,12,1,1,11.94,12.451166,11.76,-0.5111661529541021,0.5111661529541021,< $50,0,0.00036610846,0
2026-01-13 14:00:00,2026-01-13 13:00:00,2026-01-13,13,1,1,11.6,14.080752,11.94,-2.4807523727416996,2.4807523727416996,< $50,0,0.00024183662,0
2026-01-13 15:00:00,2026-01-13 14:00:00,2026-01-13,14,1,1,11.69,12.081502,11.6,-0.39150196075439503,0.39150196075439503,< $50,0,0.00018553418,0
2026-01-13 16:00:00,2026-01-13 15:00:00,2026-01-13,15,1,1,16.43,13.126971,11.69,3.303028755187988,3.303028755187988,< $50,0,0.0008526593,0
2026-01-13 17:00:00,2026-01-13 16:00:00,2026-01-13,16,1,1,34.66,24.410563,16.43,10.249437484741208,10.249437484741208,< $50,0,0.008532265,0
2026-01-13 18:00:00,2026-01-13 17:00:00,2026-01-13,17,1,1,81.35,53.93757,34.66,27.412431335449213,27.412431335449213,$50–100,0,0.021423932,0
2026-01-13 19:00:00,2026-01-13 18:00:00,2026-01-13,18,1,1,74.61,97.87652,81.35,-23.26651824951172,23.26651824951172,$50–100,0,0.10044098,0
2026-01-13 20:00:00,2026-01-13 19:00:00,2026-01-13,19,1,1,62.1,115.521675,74.61,-53.42167510986328,53.42167510986328,$50–100,0,0.14467956,0
2026-01-13 21:00:00,2026-01-13 20:00:00,2026-01-13,20,1,1,31.12,92.06495,62.1,-60.94494903564453,60.94494903564453,< $50,0,0.2585427,0
2026-01-13 22:00:00,2026-01-13 21:00:00,2026-01-13,21,1,1,22.55,45.410103,31.12,-22.86010284423828,22.86010284423828,< $50,0,0.03888356,0
2026-01-13 23:00:00,2026-01-13 22:00:00,2026-01-13,22,1,1,13.2,30.525475,22.55,-17.325474548339844,17.325474548339844,< $50,0,0.005453926,0
2026-01-14 00:00:00,2026-01-13 23:00:00,2026-01-13,23,1,1,10.25,17.703056,13.2,-7.453056335449219,7.453056335449219,< $50,0,0.0019427033,0
2026-01-14 01:00:00,2026-01-14 00:00:00,2026-01-14,0,2,1,10.09,7.53139,10.25,2.558609809875488,2.558609809875488,< $50,0,0.0010353664,0
2026-01-14 02:00:00,2026-01-14 01:00:00,2026-01-14,1,2,1,4.0,7.697843,10.09,-3.697843074798584,3.697843074798584,< $50,0,0.0009160195,0
2026-01-14 03:00:00,2026-01-14 02:00:00,2026-01-14,2,2,1,3.48,4.0830545,4.0,-0.6030545425415039,0.6030545425415039,< $50,0,0.00056084385,0
2026-01-14 04:00:00,2026-01-14 03:00:00,2026-01-14,3,2,1,1.96,2.694949,3.48,-0.7349489116668702,0.7349489116668702,< $50,0,0.00062670646,0
2026-01-14 05:00:00,2026-01-14 04:00:00,2026-01-14,4,2,1,0.01,2.1998348,1.96,-2.1898348236083987,2.1898348236083987,< $50,0,0.00050363527,0
2026-01-14 06:00:00,2026-01-14 05:00:00,2026-01-14,5,2,1,0.01,2.0859437,0.01,-2.075943698883057,2.075943698883057,< $50,0,0.00043105544,0
2026-01-14 07:00:00,2026-01-14 06:00:00,2026-01-14,6,2,1,10.44,3.8113215,0.01,6.6286785030364985,6.6286785030364985,< $50,0,0.00048739856,0
2026-01-14 08:00:00,2026-01-14 07:00:00,2026-01-14,7,2,1,10.7,15.088924,10.44,-4.388924407958985,4.388924407958985,< $50,0,0.0010209768,0
2026-01-14 09:00:00,2026-01-14 08:00:00,2026-01-14,8,2,1,11.78,11.554064,10.7,0.22593620300292905,0.22593620300292905,< $50,0,0.0003074302,0
2026-01-14 10:00:00,2026-01-14 09:00:00,2026-01-14,9,2,1,9.81,11.12507,11.78,-1.3150696182250972,1.3150696182250972,< $50,0,0.00019440899,0
2026-01-14 11:00:00,2026-01-14 10:00:00,2026-01-14,10,2,1,3.49,7.2971473,9.81,-3.8071472740173338,3.8071472740173338,< $50,0,0.00020277224,0
2026-01-14 12:00:00,2026-01-14 11:00:00,2026-01-14,11,2,1,0.01,2.6787188,3.49,-2.6687188053131106,2.6687188053131106,< $50,0,0.00030089307,0
2026-01-14 13:00:00,2026-01-14 12:00:00,2026-01-14,12,2,1,0.0,1.2400373,0.01,-1.2400373220443726,1.2400373220443726,< $50,0,0.0004622311,0
2026-01-14 14:00:00,2026-01-14 13:00:00,2026-01-14,13,2,1,0.0,2.058511,0.0,-2.0585110187530518,2.0585110187530518,< $50,0,0.0008040622,0
2026-01-14 15:00:00,2026-01-14 14:00:00,2026-01-14,14,2,1,0.0,1.8784004,0.0,-1.878400444984436,1.878400444984436,< $50,0,0.000647855,0
2026-01-14 16:00:00,2026-01-14 15:00:00,2026-01-14,15,2,1,0.0,2.9762363,0.0,-2.976236343383789,2.976236343383789,< $50,0,0.0011219463,0
2026-01-14 17:00:00,2026-01-14 16:00:00,2026-01-14,16,2,1,1.39,3.6071973,0.0,-2.2171972846984866,2.2171972846984866,< $50,0,0.0015192978,0
2026-01-14 18:00:00,2026-01-14 17:00:00,2026-01-14,17,2,1,10.79,6.985537,1.39,3.804462947845458,3.804462947845458,< $50,0,0.00055819046,0
2026-01-14 19:00:00,2026-01-14 18:00:00,2026-01-14,18,2,1,8.29,8.567792,10.79,-0.27779193878173913,0.27779193878173913,< $50,0,0.0004567204,0
2026-01-14 20:00:00,2026-01-14 19:00:00,2026-01-14,19,2,1,8.08,6.669727,8.29,1.4102731513977051,1.4102731513977051,< $50,0,0.000431212,0
2026-01-14 21:00:00,2026-01-14 20:00:00,2026-01-14,20,2,1,11.95,6.1001277,8.08,5.8498723030090325,5.8498723030090325,< $50,0,0.0005431442,0
2026-01-14 22:00:00,2026-01-14 21:00:00,2026-01-14,21,2,1,16.42,13.921837,11.95,2.498163146972658,2.498163146972658,< $50,0,0.0011504118,0
2026-01-14 23:00:00,2026-01-14 22:00:00,2026-01-14,22,2,1,13.2,22.261892,16.42,-9.061892318725587,9.061892318725587,< $50,0,0.006683487,0
2026-01-15 00:00:00,2026-01-14 23:00:00,2026-01-14,23,2,1,11.04,11.743814,13.2,-0.7038144683837899,0.7038144683837899,< $50,0,0.0006663221,0
2026-01-15 01:00:00,2026-01-15 00:00:00,2026-01-15,0,3,1,7.55,9.25628,11.04,-1.7062799453735353,1.7062799453735353,< $50,0,0.0005968533,0
2026-01-15 02:00:00,2026-01-15 01:00:00,2026-01-15,1,3,1,9.21,6.8060517,7.55,2.4039482688903817,2.4039482688903817,< $50,0,0.0003970736,0
2026-01-15 03:00:00,2026-01-15 02:00:00,2026-01-15,2,3,1,4.24,12.078404,9.21,-7.838404426574707,7.838404426574707,< $50,0,0.0005967188,0
2026-01-15 04:00:00,2026-01-15 03:00:00,2026-01-15,3,3,1,4.75,4.4385433,4.24,0.31145668029785156,0.31145668029785156,< $50,0,0.000305697,0
2026-01-15 05:00:00,2026-01-15 04:00:00,2026-01-15,4,3,1,0.0,6.4922423,4.75,-6.492242336273193,6.492242336273193,< $50,0,0.00045145006,0
2026-01-15 06:00:00,2026-01-15 05:00:00,2026-01-15,5,3,1,0.0,2.8601336,0.0,-2.860133647918701,2.860133647918701,< $50,0,0.0003472405,0
2026-01-15 07:00:00,2026-01-15 06:00:00,2026-01-15,6,3,1,0.01,4.188411,0.0,-4.178411235809326,4.178411235809326,< $50,0,0.00033710478,0
2026-01-15 08:00:00,2026-01-15 07:00:00,2026-01-15,7,3,1,0.0,2.587281,0.01,-2.5872809886932373,2.5872809886932373,< $50,0,0.00024757607,0
2026-01-15 09:00:00,2026-01-15 08:00:00,2026-01-15,8,3,1,0.01,0.66446745,0.0,-0.654467453956604,0.654467453956604,< $50,0,7.574193e-05,0
2026-01-15 10:00:00,2026-01-15 09:00:00,2026-01-15,9,3,1,0.01,0.21614091,0.01,-0.20614091098308562,0.20614091098308562,< $50,0,0.00014887397,0
2026-01-15 11:00:00,2026-01-15 10:00:00,2026-01-15,10,3,1,0.01,0.0,0.01,0.01,0.01,< $50,0,0.0001315166,0
2026-01-15 12:00:00,2026-01-15 11:00:00,2026-01-15,11,3,1,0.0,0.0,0.01,0.0,0.0,< $50,0,0.00010717119,0
2026-01-15 13:00:00,2026-01-15 12:00:00,2026-01-15,12,3,1,0.0,0.0,0.0,0.0,0.0,< $50,0,9.646508e-05,0
2026-01-15 14:00:00,2026-01-15 13:00:00,2026-01-15,13,3,1,0.0,1.0976682,0.0,-1.097668170928955,1.097668170928955,< $50,0,0.00018459033,0
2026-01-15 15:00:00,2026-01-15 14:00:00,2026-01-15,14,3,1,0.0,0.041321866,0.0,-0.04132186621427536,0.04132186621427536,< $50,0,0.00021556267,0
2026-01-15 16:00:00,2026-01-15 15:00:00,2026-01-15,15,3,1,0.0,0.68530995,0.0,-0.6853099465370178,0.6853099465370178,< $50,0,0.00043778238,0
2026-01-15 17:00:00,2026-01-15 16:00:00,2026-01-15,16,3,1,6.88,3.8627264,0.0,3.0172735500335692,3.0172735500335692,< $50,0,0.00041579787,0
2026-01-15 18:00:00,2026-01-15 17:00:00,2026-01-15,17,3,1,11.86,32.127453,6.88,-20.267452850341797,20.267452850341797,< $50,0,0.0015155396,0
2026-01-15 19:00:00,2026-01-15 18:00:00,2026-01-15,18,3,1,12.53,29.488861,11.86,-16.958861083984374,16.958861083984374,< $50,0,0.00042283928,0
2026-01-15 20:00:00,2026-01-15 19:00:00,2026-01-15,19,3,1,12.0,20.699095,12.53,-8.699094772338867,8.699094772338867,< $50,0,0.0008385537,0
2026-01-15 21:00:00,2026-01-15 20:00:00,2026-01-15,20,3,1,11.89,12.138845,12.0,-0.24884544372558537,0.24884544372558537,< $50,0,0.00045363046,0
2026-01-15 22:00:00,2026-01-15 21:00:00,2026-01-15,21,3,1,10.25,10.405581,11.89,-0.15558147430419922,0.15558147430419922,< $50,0,0.00020505792,0
2026-01-15 23:00:00,2026-01-15 22:00:00,2026-01-15,22,3,1,1.31,8.821114,10.25,-7.511113586425781,7.511113586425781,< $50,0,0.00018834508,0
2026-01-16 00:00:00,2026-01-15 23:00:00,2026-01-15,23,3,1,0.0,4.0630565,1.31,-4.063056468963623,4.063056468963623,< $50,0,0.00046914865,0
2026-01-16 01:00:00,2026-01-16 00:00:00,2026-01-16,0,4,1,0.0,2.31058,0.0,-2.310580015182495,2.310580015182495,< $50,0,0.000368104,0
2026-01-16 02:00:00,2026-01-16 01:00:00,2026-01-16,1,4,1,0.0,3.197835,0.0,-3.1978349685668945,3.1978349685668945,< $50,0,0.00066283386,0
2026-01-16 03:00:00,2026-01-16 02:00:00,2026-01-16,2,4,1,0.0,1.1742481,0.0,-1.1742480993270874,1.1742480993270874,< $50,0,0.0004370479,0
2026-01-16 04:00:00,2026-01-16 03:00:00,2026-01-16,3,4,1,0.0,1.4195668,0.0,-1.4195667505264282,1.4195667505264282,< $50,0,0.00042555018,0
2026-01-16 05:00:00,2026-01-16 04:00:00,2026-01-16,4,4,1,0.0,1.2651696,0.0,-1.265169620513916,1.265169620513916,< $50,0,0.00048701846,0
2026-01-16 06:00:00,2026-01-16 05:00:00,2026-01-16,5,4,1,0.0,2.2575595,0.0,-2.2575595378875732,2.2575595378875732,< $50,0,0.00032525655,0
2026-01-16 07:00:00,2026-01-16 06:00:00,2026-01-16,6,4,1,5.34,4.1984406,0.0,1.1415594482421874,1.1415594482421874,< $50,0,0.00019814188,0
2026-01-16 08:00:00,2026-01-16 07:00:00,2026-01-16,7,4,1,12.38,8.968121,5.34,3.411879425048829,3.411879425048829,< $50,0,0.00026002573,0
2026-01-16 09:00:00,2026-01-16 08:00:00,2026-01-16,8,4,1,22.62,13.629844,12.38,8.990156288146974,8.990156288146974,< $50,0,0.00024185782,0
2026-01-16 10:00:00,2026-01-16 09:00:00,2026-01-16,9,4,1,27.4,23.036068,22.62,4.363932037353514,4.363932037353514,< $50,0,0.0009623918,0
2026-01-16 11:00:00,2026-01-16 10:00:00,2026-01-16,10,4,1,21.12,29.319462,27.4,-8.199461822509765,8.199461822509765,< $50,0,0.0044962773,0
2026-01-16 12:00:00,2026-01-16 11:00:00,2026-01-16,11,4,1,14.48,19.380775,21.12,-4.900775451660156,4.900775451660156,< $50,0,0.00062243274,0
2026-01-16 13:00:00,2026-01-16 12:00:00,2026-01-16,12,4,1,12.56,12.9116125,14.48,-0.35161251068115185,0.35161251068115185,< $50,0,0.00037527343,0
2026-01-16 14:00:00,2026-01-16 13:00:00,2026-01-16,13,4,1,2.71,10.717751,12.56,-8.007750549316405,8.007750549316405,< $50,0,0.00020048469,0
2026-01-16 15:00:00,2026-01-16 14:00:00,2026-01-16,14,4,1,0.0,3.1429005,2.71,-3.1429004669189453,3.1429004669189453,< $50,0,0.00019340448,0
2026-01-16 16:00:00,2026-01-16 15:00:00,2026-01-16,15,4,1,0.0,1.8508074,0.0,-1.8508074283599854,1.8508074283599854,< $50,0,0.00029037974,0
2026-01-16 17:00:00,2026-01-16 16:00:00,2026-01-16,16,4,1,8.26,4.36311,0.0,3.8968899345397947,3.8968899345397947,< $50,0,0.00043634564,0
2026-01-16 18:00:00,2026-01-16 17:00:00,2026-01-16,17,4,1,14.3,11.780101,8.26,2.5198991775512702,2.5198991775512702,< $50,0,0.0007228533,0
2026-01-16 19:00:00,2026-01-16 18:00:00,2026-01-16,18,4,1,16.45,13.38418,14.3,3.0658199310302727,3.0658199310302727,< $50,0,0.0006340487,0
2026-01-16 20:00:00,2026-01-16 19:00:00,2026-01-16,19,4,1,23.45,23.566807,16.45,-0.11680679321289134,0.11680679321289134,< $50,0,0.0050452803,0
2026-01-16 21:00:00,2026-01-16 20:00:00,2026-01-16,20,4,1,30.16,27.461046,23.45,2.69895378112793,2.69895378112793,< $50,0,0.005140684,0
2026-01-16 22:00:00,2026-01-16 21:00:00,2026-01-16,21,4,1,33.86,33.651726,30.16,0.20827423095703068,0.20827423095703068,< $50,0,0.009239253,0
2026-01-16 23:00:00,2026-01-16 22:00:00,2026-01-16,22,4,1,32.86,35.480145,33.86,-2.6201445007324224,2.6201445007324224,< $50,0,0.0027904306,0
2026-01-17 00:00:00,2026-01-16 23:00:00,2026-01-16,23,4,1,26.87,29.471012,32.86,-2.6010121154785146,2.6010121154785146,< $50,0,0.0037066755,0
2026-01-17 01:00:00,2026-01-17 00:00:00,2026-01-17,0,5,1,19.79,28.384912,26.87,-8.594912490844727,8.594912490844727,< $50,0,0.012731821,0
2026-01-17 02:00:00,2026-01-17 01:00:00,2026-01-17,1,5,1,13.86,21.238306,19.79,-7.378306045532227,7.378306045532227,< $50,0,0.0031701701,0
2026-01-17 03:00:00,2026-01-17 02:00:00,2026-01-17,2,5,1,12.92,13.15797,13.86,-0.23797042846679695,0.23797042846679695,< $50,0,0.00076395704,0
2026-01-17 04:00:00,2026-01-17 03:00:00,2026-01-17,3,5,1,9.69,11.5046835,12.92,-1.8146834945678716,1.8146834945678716,< $50,0,0.00023328705,0
2026-01-17 05:00:00,2026-01-17 04:00:00,2026-01-17,4,5,1,10.9,8.481299,9.69,2.4187005996704105,2.4187005996704105,< $50,0,0.00037114052,0
2026-01-17 06:00:00,2026-01-17 05:00:00,2026-01-17,5,5,1,0.46,14.141371,10.9,-13.681370773315429,13.681370773315429,< $50,0,0.00063444284,0
2026-01-17 07:00:00,2026-01-17 06:00:00,2026-01-17,6,5,1,0.0,5.0664444,0.46,-5.066444396972656,5.066444396972656,< $50,0,0.00044237636,0
2026-01-17 08:00:00,2026-01-17 07:00:00,2026-01-17,7,5,1,0.0,2.5553956,0.0,-2.5553956031799316,2.5553956031799316,< $50,0,0.0002671953,0
2026-01-17 09:00:00,2026-01-17 08:00:00,2026-01-17,8,5,1,0.0,1.3118604,0.0,-1.31186044216156,1.31186044216156,< $50,0,0.00032188275,0
2026-01-17 10:00:00,2026-01-17 09:00:00,2026-01-17,9,5,1,0.0,1.8041426,0.0,-1.8041425943374634,1.8041425943374634,< $50,0,0.00034566075,0
2026-01-17 11:00:00,2026-01-17 10:00:00,2026-01-17,10,5,1,0.0,1.4981867,0.0,-1.498186707496643,1.498186707496643,< $50,0,0.00020614061,0
2026-01-17 12:00:00,2026-01-17 11:00:00,2026-01-17,11,5,1,0.0,0.945497,0.0,-0.9454969763755798,0.9454969763755798,< $50,0,0.0001556779,0
2026-01-17 13:00:00,2026-01-17 12:00:00,2026-01-17,12,5,1,0.0,0.49498773,0.0,-0.49498772621154785,0.49498772621154785,< $50,0,0.00016963997,0
2026-01-17 14:00:00,2026-01-17 13:00:00,2026-01-17,13,5,1,0.0,0.7855155,0.0,-0.7855154871940613,0.7855154871940613,< $50,0,0.00014044074,0
2026-01-17 15:00:00,2026-01-17 14:00:00,2026-01-17,14,5,1,0.0,0.93015575,0.0,-0.9301557540893555,0.9301557540893555,< $50,0,0.00020035302,0
2026-01-17 16:00:00,2026-01-17 15:00:00,2026-01-17,15,5,1,0.0,1.461521,0.0,-1.461521029472351,1.461521029472351,< $50,0,0.00041468217,0
2026-01-17 17:00:00,2026-01-17 16:00:00,2026-01-17,16,5,1,5.28,2.7391584,0.0,2.5408416080474856,2.5408416080474856,< $50,0,0.00036310757,0
2026-01-17 18:00:00,2026-01-17 17:00:00,2026-01-17,17,5,1,9.51,7.895493,5.28,1.614506969451904,1.614506969451904,< $50,0,0.0010300188,0
2026-01-17 19:00:00,2026-01-17 18:00:00,2026-01-17,18,5,1,9.35,9.13828,9.51,0.2117200851440426,0.2117200851440426,< $50,0,0.0003722867,0
2026-01-17 20:00:00,2026-01-17 19:00:00,2026-01-17,19,5,1,9.8,8.5857315,9.35,1.2142684936523445,1.2142684936523445,< $50,0,0.0001705905,0
2026-01-17 21:00:00,2026-01-17 20:00:00,2026-01-17,20,5,1,10.19,11.58555,9.8,-1.3955503082275396,1.3955503082275396,< $50,0,0.00023990957,0
2026-01-17 22:00:00,2026-01-17 21:00:00,2026-01-17,21,5,1,0.01,12.107536,10.19,-12.097536315917969,12.097536315917969,< $50,0,0.00026334124,0
2026-01-17 23:00:00,2026-01-17 22:00:00,2026-01-17,22,5,1,0.0,2.165916,0.01,-2.1659159660339355,2.1659159660339355,< $50,0,0.00011808101,0
2026-01-18 00:00:00,2026-01-17 23:00:00,2026-01-17,23,5,1,0.0,1.334946,0.0,-1.3349460363388062,1.3349460363388062,< $50,0,0.00063348876,0
2026-01-18 01:00:00,2026-01-18 00:00:00,2026-01-18,0,6,1,0.0,0.438773,0.0,-0.4387730062007904,0.4387730062007904,< $50,0,0.00039175936,0
2026-01-18 02:00:00,2026-01-18 01:00:00,2026-01-18,1,6,1,0.0,0.5957597,0.0,-0.5957596898078918,0.5957596898078918,< $50,0,0.00042240962,0
2026-01-18 03:00:00,2026-01-18 02:00:00,2026-01-18,2,6,1,0.0,0.4788624,0.0,-0.4788624048233032,0.4788624048233032,< $50,0,0.0003397807,0
2026-01-18 04:00:00,2026-01-18 03:00:00,2026-01-18,3,6,1,0.0,0.9940132,0.0,-0.9940131902694702,0.9940131902694702,< $50,0,0.00030570867,0
2026-01-18 05:00:00,2026-01-18 04:00:00,2026-01-18,4,6,1,0.0,1.0496526,0.0,-1.0496525764465332,1.0496525764465332,< $50,0,0.0004837513,0
2026-01-18 06:00:00,2026-01-18 05:00:00,2026-01-18,5,6,1,1.64,2.0725343,0.0,-0.43253432273864756,0.43253432273864756,< $50,0,0.0011095585,0
2026-01-18 07:00:00,2026-01-18 06:00:00,2026-01-18,6,6,1,7.59,8.707004,1.64,-1.1170035934448244,1.1170035934448244,< $50,0,0.00054597144,0
2026-01-18 08:00:00,2026-01-18 07:00:00,2026-01-18,7,6,1,7.5,10.9060135,7.59,-3.4060134887695312,3.4060134887695312,< $50,0,0.0013803948,0
2026-01-18 09:00:00,2026-01-18 08:00:00,2026-01-18,8,6,1,18.28,6.5430784,7.5,11.736921577453614,11.736921577453614,< $50,0,0.00020335737,0
2026-01-18 10:00:00,2026-01-18 09:00:00,2026-01-18,9,6,1,22.1,22.1647,18.28,-0.06469955444335795,0.06469955444335795,< $50,0,0.0044112294,0
2026-01-18 11:00:00,2026-01-18 10:00:00,2026-01-18,10,6,1,24.29,23.074991,22.1,1.21500877380371,1.21500877380371,< $50,0,0.0013759158,0
2026-01-18 12:00:00,2026-01-18 11:00:00,2026-01-18,11,6,1,30.21,25.517353,24.29,4.692646942138673,4.692646942138673,< $50,0,0.004588224,0
2026-01-18 13:00:00,2026-01-18 12:00:00,2026-01-18,12,6,1,33.89,32.699795,30.21,1.1902052307128912,1.1902052307128912,< $50,0,0.011104023,0
2026-01-18 14:00:00,2026-01-18 13:00:00,2026-01-18,13,6,1,34.03,36.02927,33.89,-1.9992701721191395,1.9992701721191395,< $50,0,0.008550004,0
2026-01-18 15:00:00,2026-01-18 14:00:00,2026-01-18,14,6,1,26.4,31.999693,34.03,-5.599692916870119,5.599692916870119,< $50,0,0.0070654075,0
2026-01-18 16:00:00,2026-01-18 15:00:00,2026-01-18,15,6,1,30.74,25.532326,26.4,5.207674255371092,5.207674255371092,< $50,0,0.008524855,0
2026-01-18 17:00:00,2026-01-18 16:00:00,2026-01-18,16,6,1,164.07,37.468964,30.74,126.60103637695312,126.60103637695312,$100–250,1,0.08284943,0
2026-01-18 18:00:00,2026-01-18 17:00:00,2026-01-18,17,6,1,238.06,141.77516,164.07,96.28483825683594,96.28483825683594,$100–250,1,0.883424,1
2026-01-18 19:00:00,2026-01-18 18:00:00,2026-01-18,18,6,1,145.07,142.02306,238.06,3.0469439697265557,3.0469439697265557,$100–250,1,0.77356166,1
2026-01-18 20:00:00,2026-01-18 19:00:00,2026-01-18,19,6,1,81.42,128.26434,145.07,-46.84434326171875,46.84434326171875,$50–100,0,0.45467833,0
2026-01-18 21:00:00,2026-01-18 20:00:00,2026-01-18,20,6,1,40.3,91.81086,81.42,-51.510859680175784,51.510859680175784,< $50,0,0.38755065,0
2026-01-18 22:00:00,2026-01-18 21:00:00,2026-01-18,21,6,1,27.09,57.24103,40.3,-30.151031646728516,30.151031646728516,< $50,0,0.10144733,0
2026-01-18 23:00:00,2026-01-18 22:00:00,2026-01-18,22,6,1,24.5,36.229683,27.09,-11.729682922363281,11.729682922363281,< $50,0,0.012936885,0
2026-01-19 00:00:00,2026-01-18 23:00:00,2026-01-18,23,6,1,19.45,34.961063,24.5,-15.511063385009766,15.511063385009766,< $50,0,0.005009842,0
2026-01-19 01:00:00,2026-01-19 00:00:00,2026-01-19,0,0,1,9.55,24.228476,19.45,-14.67847557067871,14.67847557067871,< $50,0,0.0038821434,0
2026-01-19 02:00:00,2026-01-19 01:00:00,2026-01-19,1,0,1,8.73,8.537466,9.55,0.1925339508056645,0.1925339508056645,< $50,0,0.0010071784,0
2026-01-19 03:00:00,2026-01-19 02:00:00,2026-01-19,2,0,1,8.86,7.061304,8.73,1.7986959075927729,1.7986959075927729,< $50,0,0.00052524806,0
2026-01-19 04:00:00,2026-01-19 03:00:00,2026-01-19,3,0,1,5.1,9.385247,8.86,-4.2852472305297855,4.2852472305297855,< $50,0,0.0006676618,0
2026-01-19 05:00:00,2026-01-19 04:00:00,2026-01-19,4,0,1,0.01,4.4388385,5.1,-4.428838481903076,4.428838481903076,< $50,0,0.00048843224,0
2026-01-19 06:00:00,2026-01-19 05:00:00,2026-01-19,5,0,1,2.9,2.5803988,0.01,0.3196012020111083,0.3196012020111083,< $50,0,0.0004297823,0
2026-01-19 07:00:00,2026-01-19 06:00:00,2026-01-19,6,0,1,10.75,9.938698,2.9,0.8113021850585938,0.8113021850585938,< $50,0,0.000706481,0
2026-01-19 08:00:00,2026-01-19 07:00:00,2026-01-19,7,0,1,20.28,15.022713,10.75,5.25728729248047,5.25728729248047,< $50,0,0.0016889635,0
2026-01-19 09:00:00,2026-01-19 08:00:00,2026-01-19,8,0,1,23.69,22.955618,20.28,0.7343820953369153,0.7343820953369153,< $50,0,0.0020225574,0
2026-01-19 10:00:00,2026-01-19 09:00:00,2026-01-19,9,0,1,22.3,23.309933,23.69,-1.0099327087402337,1.0099327087402337,< $50,0,0.00323489,0
2026-01-19 11:00:00,2026-01-19 10:00:00,2026-01-19,10,0,1,22.46,19.002737,22.3,3.457262954711915,3.457262954711915,< $50,0,0.002044703,0
2026-01-19 12:00:00,2026-01-19 11:00:00,2026-01-19,11,0,1,23.98,21.725525,22.46,2.2544750976562504,2.2544750976562504,< $50,0,0.003033829,0
2026-01-19 13:00:00,2026-01-19 12:00:00,2026-01-19,12,0,1,24.47,23.98325,23.98,0.48675033569335824,0.48675033569335824,< $50,0,0.0069155,0
2026-01-19 14:00:00,2026-01-19 13:00:00,2026-01-19,13,0,1,24.53,24.038261,24.47,0.4917385864257824,0.4917385864257824,< $50,0,0.003606191,0
2026-01-19 15:00:00,2026-01-19 14:00:00,2026-01-19,14,0,1,25.53,24.140938,24.53,1.3890621948242199,1.3890621948242199,< $50,0,0.0049623908,0
2026-01-19 16:00:00,2026-01-19 15:00:00,2026-01-19,15,0,1,30.5,25.123402,25.53,5.376598358154297,5.376598358154297,< $50,0,0.018192703,0
2026-01-19 17:00:00,2026-01-19 16:00:00,2026-01-19,16,0,1,69.33,39.357567,30.5,29.972433166503905,29.972433166503905,$50–100,0,0.054739658,0
2026-01-19 18:00:00,2026-01-19 17:00:00,2026-01-19,17,0,1,95.19,69.896996,69.33,25.293004455566404,25.293004455566404,$50–100,0,0.5158983,1
2026-01-19 19:00:00,2026-01-19 18:00:00,2026-01-19,18,0,1,95.0,83.20473,95.19,11.795272827148438,11.795272827148438,$50–100,0,0.47674432,0
2026-01-19 20:00:00,2026-01-19 19:00:00,2026-01-19,19,0,1,36.01,130.59184,95.0,-94.5818426513672,94.5818426513672,< $50,0,0.5586114,1
2026-01-19 21:00:00,2026-01-19 20:00:00,2026-01-19,20,0,1,30.09,47.31742,36.01,-17.227420959472656,17.227420959472656,< $50,0,0.048281558,0
2026-01-19 22:00:00,2026-01-19 21:00:00,2026-01-19,21,0,1,26.93,35.394066,30.09,-8.464065856933594,8.464065856933594,< $50,0,0.018938176,0
2026-01-19 23:00:00,2026-01-19 22:00:00,2026-01-19,22,0,1,21.93,32.600338,26.93,-10.670337982177735,10.670337982177735,< $50,0,0.006135815,0
2026-01-20 00:00:00,2026-01-19 23:00:00,2026-01-19,23,0,1,10.67,20.783096,21.93,-10.113096313476563,10.113096313476563,< $50,0,0.00872044,0
2026-01-20 01:00:00,2026-01-20 00:00:00,2026-01-20,0,1,1,11.46,13.81168,10.67,-2.3516798400878898,2.3516798400878898,< $50,0,0.0010713541,0
2026-01-20 02:00:00,2026-01-20 01:00:00,2026-01-20,1,1,1,13.01,11.30349,11.46,1.706510314941406,1.706510314941406,< $50,0,0.0013787125,0
2026-01-20 03:00:00,2026-01-20 02:00:00,2026-01-20,2,1,1,12.21,14.808954,13.01,-2.5989542388916007,2.5989542388916007,< $50,0,0.0012974951,0
2026-01-20 04:00:00,2026-01-20 03:00:00,2026-01-20,3,1,1,8.64,10.716666,12.21,-2.0766662216186518,2.0766662216186518,< $50,0,0.0004774311,0
2026-01-20 05:00:00,2026-01-20 04:00:00,2026-01-20,4,1,1,0.0,7.684882,8.64,-7.684882164001465,7.684882164001465,< $50,0,0.0006468509,0
2026-01-20 06:00:00,2026-01-20 05:00:00,2026-01-20,5,1,1,0.0,3.954527,0.0,-3.954526901245117,3.954526901245117,< $50,0,0.00040179153,0
2026-01-20 07:00:00,2026-01-20 06:00:00,2026-01-20,6,1,1,6.01,4.0498943,0.0,1.9601056671142576,1.9601056671142576,< $50,0,0.0006532363,0
2026-01-20 08:00:00,2026-01-20 07:00:00,2026-01-20,7,1,1,12.44,10.228134,6.01,2.211865844726562,2.211865844726562,< $50,0,0.0006294313,0
2026-01-20 09:00:00,2026-01-20 08:00:00,2026-01-20,8,1,1,12.76,13.274821,12.44,-0.5148212814331057,0.5148212814331057,< $50,0,0.00043287073,0
2026-01-20 10:00:00,2026-01-20 09:00:00,2026-01-20,9,1,1,22.91,11.853269,12.76,11.05673137664795,11.05673137664795,< $50,0,0.00016084,0
2026-01-20 11:00:00,2026-01-20 10:00:00,2026-01-20,10,1,1,27.33,27.748236,22.91,-0.41823570251465014,0.41823570251465014,< $50,0,0.0016068362,0
2026-01-20 12:00:00,2026-01-20 11:00:00,2026-01-20,11,1,1,28.4,30.572699,27.33,-2.17269859313965,2.17269859313965,< $50,0,0.022317251,0
2026-01-20 13:00:00,2026-01-20 12:00:00,2026-01-20,12,1,1,25.48,30.196043,28.4,-4.716043014526367,4.716043014526367,< $50,0,0.006840191,0
2026-01-20 14:00:00,2026-01-20 13:00:00,2026-01-20,13,1,1,24.29,24.310513,25.48,-0.020512542724610228,0.020512542724610228,< $50,0,0.007464702,0
2026-01-20 15:00:00,2026-01-20 14:00:00,2026-01-20,14,1,1,26.78,24.530247,24.29,2.2497532653808605,2.2497532653808605,< $50,0,0.002304371,0
2026-01-20 16:00:00,2026-01-20 15:00:00,2026-01-20,15,1,1,23.94,32.09828,26.78,-8.158281860351561,8.158281860351561,< $50,0,0.03741084,0
2026-01-20 17:00:00,2026-01-20 16:00:00,2026-01-20,16,1,1,20.17,26.717283,23.94,-6.5472832489013655,6.5472832489013655,< $50,0,0.0135407,0
2026-01-20 18:00:00,2026-01-20 17:00:00,2026-01-20,17,1,1,17.91,23.733213,20.17,-5.823213424682617,5.823213424682617,< $50,0,0.021874573,0
2026-01-20 19:00:00,2026-01-20 18:00:00,2026-01-20,18,1,1,14.01,15.117721,17.91,-1.1077206039428713,1.1077206039428713,< $50,0,0.004757683,0
2026-01-20 20:00:00,2026-01-20 19:00:00,2026-01-20,19,1,1,13.3,15.358871,14.01,-2.058871459960937,2.058871459960937,< $50,0,0.0021998913,0
2026-01-20 21:00:00,2026-01-20 20:00:00,2026-01-20,20,1,1,13.23,11.10473,13.3,2.1252703475952153,2.1252703475952153,< $50,0,0.0007343251,0
2026-01-20 22:00:00,2026-01-20 21:00:00,2026-01-20,21,1,1,6.39,10.349913,13.23,-3.9599126434326175,3.9599126434326175,< $50,0,0.0005426469,0
2026-01-20 23:00:00,2026-01-20 22:00:00,2026-01-20,22,1,1,9.63,4.4488645,6.39,5.181135540008546,5.181135540008546,< $50,0,0.00021915726,0
2026-01-21 00:00:00,2026-01-20 23:00:00,2026-01-20,23,1,1,9.08,12.82849,9.63,-3.7484902572631835,3.7484902572631835,< $50,0,0.0021625503,0
2026-01-21 01:00:00,2026-01-21 00:00:00,2026-01-21,0,2,1,0.02,8.281984,9.08,-8.261984329223633,8.261984329223633,< $50,0,0.00018937945,0
2026-01-21 02:00:00,2026-01-21 01:00:00,2026-01-21,1,2,1,0.01,2.9647465,0.02,-2.9547464752197268,2.9547464752197268,< $50,0,0.0007386221,0
2026-01-21 03:00:00,2026-01-21 02:00:00,2026-01-21,2,2,1,0.01,1.3113947,0.01,-1.3013946914672851,1.3013946914672851,< $50,0,0.00056581094,0
2026-01-21 04:00:00,2026-01-21 03:00:00,2026-01-21,3,2,1,10.36,0.8477732,0.01,9.51222680568695,9.51222680568695,< $50,0,0.00051973143,0
2026-01-21 05:00:00,2026-01-21 04:00:00,2026-01-21,4,2,1,12.61,14.585087,10.36,-1.9750868225097662,1.9750868225097662,< $50,0,0.0018600915,0
2026-01-21 06:00:00,2026-01-21 05:00:00,2026-01-21,5,2,1,14.33,15.534024,12.61,-1.2040242385864257,1.2040242385864257,< $50,0,0.0008061712,0
2026-01-21 07:00:00,2026-01-21 06:00:00,2026-01-21,6,2,1,22.53,17.953632,14.33,4.576367645263673,4.576367645263673,< $50,0,0.0018887348,0
2026-01-21 08:00:00,2026-01-21 07:00:00,2026-01-21,7,2,1,32.16,28.83403,22.53,3.325969848632809,3.325969848632809,< $50,0,0.0059634396,0
2026-01-21 09:00:00,2026-01-21 08:00:00,2026-01-21,8,2,1,31.44,39.367256,32.16,-7.92725616455078,7.92725616455078,< $50,0,0.017292177,0
2026-01-21 10:00:00,2026-01-21 09:00:00,2026-01-21,9,2,1,21.47,26.93889,31.44,-5.4688904571533214,5.4688904571533214,< $50,0,0.0025445893,0
2026-01-21 11:00:00,2026-01-21 10:00:00,2026-01-21,10,2,1,26.07,18.909458,21.47,7.16054183959961,7.16054183959961,< $50,0,0.00059657067,0
2026-01-21 12:00:00,2026-01-21 11:00:00,2026-01-21,11,2,1,24.15,28.971268,26.07,-4.821267700195314,4.821267700195314,< $50,0,0.018115884,0
2026-01-21 13:00:00,2026-01-21 12:00:00,2026-01-21,12,2,1,17.8,22.701216,24.15,-4.901215744018554,4.901215744018554,< $50,0,0.0013049677,0
2026-01-21 14:00:00,2026-01-21 13:00:00,2026-01-21,13,2,1,11.88,17.825468,17.8,-5.945468063354491,5.945468063354491,< $50,0,0.00087456725,0
2026-01-21 15:00:00,2026-01-21 14:00:00,2026-01-21,14,2,1,11.14,11.525043,11.88,-0.38504253387451115,0.38504253387451115,< $50,0,0.00026629883,0
2026-01-21 16:00:00,2026-01-21 15:00:00,2026-01-21,15,2,1,16.77,11.157611,11.14,5.612389106750488,5.612389106750488,< $50,0,0.0004943426,0
2026-01-21 17:00:00,2026-01-21 16:00:00,2026-01-21,16,2,1,24.9,23.565508,16.77,1.3344921112060533,1.3344921112060533,< $50,0,0.016702244,0
2026-01-21 18:00:00,2026-01-21 17:00:00,2026-01-21,17,2,1,30.89,30.213804,24.9,0.6761957550048834,0.6761957550048834,< $50,0,0.039043874,0
2026-01-21 19:00:00,2026-01-21 18:00:00,2026-01-21,18,2,1,34.32,30.697224,30.89,3.622776336669922,3.622776336669922,< $50,0,0.017420214,0
2026-01-21 20:00:00,2026-01-21 19:00:00,2026-01-21,19,2,1,28.13,39.658527,34.32,-11.52852737426758,11.52852737426758,< $50,0,0.05143064,0
2026-01-21 21:00:00,2026-01-21 20:00:00,2026-01-21,20,2,1,26.17,27.627424,28.13,-1.457424240112303,1.457424240112303,< $50,0,0.01712911,0
2026-01-21 22:00:00,2026-01-21 21:00:00,2026-01-21,21,2,1,25.0,21.123415,26.17,3.876585006713867,3.876585006713867,< $50,0,0.012062903,0
2026-01-21 23:00:00,2026-01-21 22:00:00,2026-01-21,22,2,1,22.42,20.691996,25.0,1.7280043792724626,1.7280043792724626,< $50,0,0.002649616,0
2026-01-22 00:00:00,2026-01-21 23:00:00,2026-01-21,23,2,1,19.74,21.144838,22.42,-1.4048383331298844,1.4048383331298844,< $50,0,0.0018913876,0
2026-01-22 01:00:00,2026-01-22 00:00:00,2026-01-22,0,3,1,20.3,18.545925,19.74,1.7540748596191413,1.7540748596191413,< $50,0,0.0044481284,0
2026-01-22 02:00:00,2026-01-22 01:00:00,2026-01-22,1,3,1,21.11,20.813074,20.3,0.29692588806152287,0.29692588806152287,< $50,0,0.005640349,0
2026-01-22 03:00:00,2026-01-22 02:00:00,2026-01-22,2,3,1,27.67,21.644629,21.11,6.025371475219728,6.025371475219728,< $50,0,0.004083442,0
2026-01-22 04:00:00,2026-01-22 03:00:00,2026-01-22,3,3,1,31.85,30.767864,27.67,1.0821357727050795,1.0821357727050795,< $50,0,0.049388733,0
2026-01-22 05:00:00,2026-01-22 04:00:00,2026-01-22,4,3,1,32.54,34.29453,31.85,-1.7545289611816415,1.7545289611816415,< $50,0,0.03774778,0
2026-01-22 06:00:00,2026-01-22 05:00:00,2026-01-22,5,3,1,40.32,32.795074,32.54,7.524925537109375,7.524925537109375,< $50,0,0.017831977,0
2026-01-22 07:00:00,2026-01-22 06:00:00,2026-01-22,6,3,1,62.77,55.57643,40.32,7.193568725585941,7.193568725585941,$50–100,0,0.08194847,0
2026-01-22 08:00:00,2026-01-22 07:00:00,2026-01-22,7,3,1,145.03,66.11979,62.77,78.91021087646484,78.91021087646484,$100–250,1,0.2972505,0
2026-01-22 09:00:00,2026-01-22 08:00:00,2026-01-22,8,3,1,97.74,127.749565,145.03,-30.009565124511724,30.009565124511724,$50–100,0,0.7414029,1
2026-01-22 10:00:00,2026-01-22 09:00:00,2026-01-22,9,3,1,85.39,68.739075,97.74,16.65092529296875,16.65092529296875,$50–100,0,0.27034673,0
2026-01-22 11:00:00,2026-01-22 10:00:00,2026-01-22,10,3,1,74.35,90.920715,85.39,-16.570715332031256,16.570715332031256,$50–100,0,0.33796856,0
2026-01-22 12:00:00,2026-01-22 11:00:00,2026-01-22,11,3,1,64.57,80.54985,74.35,-15.979850463867194,15.979850463867194,$50–100,0,0.20448568,0
2026-01-22 13:00:00,2026-01-22 12:00:00,2026-01-22,12,3,1,48.17,73.66296,64.57,-25.492956237792967,25.492956237792967,< $50,0,0.1869968,0
2026-01-22 14:00:00,2026-01-22 13:00:00,2026-01-22,13,3,1,38.51,48.7924,48.17,-10.282400360107424,10.282400360107424,< $50,0,0.07884295,0
2026-01-22 15:00:00,2026-01-22 14:00:00,2026-01-22,14,3,1,38.16,35.817192,38.51,2.342807922363278,2.342807922363278,< $50,0,0.035820156,0
2026-01-22 16:00:00,2026-01-22 15:00:00,2026-01-22,15,3,1,40.08,55.197495,38.16,-15.11749450683594,15.11749450683594,< $50,0,0.029137736,0
2026-01-22 17:00:00,2026-01-22 16:00:00,2026-01-22,16,3,1,65.37,66.052055,40.08,-0.6820553588867142,0.6820553588867142,$50–100,0,0.14128432,0
2026-01-22 18:00:00,2026-01-22 17:00:00,2026-01-22,17,3,1,55.8,139.19695,65.37,-83.39694519042969,83.39694519042969,$50–100,0,0.47401857,0
2026-01-22 19:00:00,2026-01-22 18:00:00,2026-01-22,18,3,1,53.52,66.57762,55.8,-13.057621459960934,13.057621459960934,$50–100,0,0.16938347,0
2026-01-22 20:00:00,2026-01-22 19:00:00,2026-01-22,19,3,1,60.19,69.651566,53.52,-9.461565551757815,9.461565551757815,$50–100,0,0.25215912,0
2026-01-22 21:00:00,2026-01-22 20:00:00,2026-01-22,20,3,1,64.02,64.22613,60.19,-0.20612762451172273,0.20612762451172273,$50–100,0,0.22291169,0
2026-01-22 22:00:00,2026-01-22 21:00:00,2026-01-22,21,3,1,64.91,52.76727,64.02,12.142730865478512,12.142730865478512,$50–100,0,0.07888565,0
2026-01-22 23:00:00,2026-01-22 22:00:00,2026-01-22,22,3,1,60.9,55.65435,64.91,5.24564971923828,5.24564971923828,$50–100,0,0.020544117,0
2026-01-23 00:00:00,2026-01-22 23:00:00,2026-01-22,23,3,1,52.29,59.911095,60.9,-7.621094665527345,7.621094665527345,$50–100,0,0.033293623,0
2026-01-23 01:00:00,2026-01-23 00:00:00,2026-01-23,0,4,1,43.9,50.60973,52.29,-6.7097297668457045,6.7097297668457045,< $50,0,0.025017302,0
2026-01-23 02:00:00,2026-01-23 01:00:00,2026-01-23,1,4,1,39.87,42.668987,43.9,-2.7989872741699244,2.7989872741699244,< $50,0,0.019263843,0
2026-01-23 03:00:00,2026-01-23 02:00:00,2026-01-23,2,4,1,39.79,38.59329,39.87,1.1967115783691398,1.1967115783691398,< $50,0,0.0071329386,0
2026-01-23 04:00:00,2026-01-23 03:00:00,2026-01-23,3,4,1,39.17,38.60477,39.79,0.5652293395996111,0.5652293395996111,< $50,0,0.0059875282,0
2026-01-23 05:00:00,2026-01-23 04:00:00,2026-01-23,4,4,1,39.16,38.34178,39.17,0.8182183837890591,0.8182183837890591,< $50,0,0.0067349854,0
2026-01-23 06:00:00,2026-01-23 05:00:00,2026-01-23,5,4,1,39.66,50.74415,39.16,-11.084148254394535,11.084148254394535,< $50,0,0.006705607,0
2026-01-23 07:00:00,2026-01-23 06:00:00,2026-01-23,6,4,1,42.83,54.08462,39.66,-11.254621429443361,11.254621429443361,< $50,0,0.0028707692,0
2026-01-23 08:00:00,2026-01-23 07:00:00,2026-01-23,7,4,1,61.2,56.53886,42.83,4.661139678955081,4.661139678955081,$50–100,0,0.01329848,0
2026-01-23 09:00:00,2026-01-23 08:00:00,2026-01-23,8,4,1,99.54,64.893845,61.2,34.64615539550782,34.64615539550782,$50–100,0,0.19752334,0
2026-01-23 10:00:00,2026-01-23 09:00:00,2026-01-23,9,4,1,67.32,77.78872,99.54,-10.4687191772461,10.4687191772461,$50–100,0,0.34589514,0
2026-01-23 11:00:00,2026-01-23 10:00:00,2026-01-23,10,4,1,52.38,65.94869,67.32,-13.568692321777341,13.568692321777341,$50–100,0,0.049009055,0
2026-01-23 12:00:00,2026-01-23 11:00:00,2026-01-23,11,4,1,48.91,62.915226,52.38,-14.005225982666019,14.005225982666019,< $50,0,0.033328064,0
2026-01-23 13:00:00,2026-01-23 12:00:00,2026-01-23,12,4,1,44.39,50.594955,48.91,-6.204955444335937,6.204955444335937,< $50,0,0.01791492,0
2026-01-23 14:00:00,2026-01-23 13:00:00,2026-01-23,13,4,1,44.14,52.974915,44.39,-8.83491455078125,8.83491455078125,< $50,0,0.014582968,0
2026-01-23 15:00:00,2026-01-23 14:00:00,2026-01-23,14,4,1,44.43,47.637154,44.14,-3.2071536254882815,3.2071536254882815,< $50,0,0.015223874,0
2026-01-23 16:00:00,2026-01-23 15:00:00,2026-01-23,15,4,1,46.1,50.61687,44.43,-4.516870880126952,4.516870880126952,< $50,0,0.030101554,0
2026-01-23 17:00:00,2026-01-23 16:00:00,2026-01-23,16,4,1,63.4,82.33943,46.1,-18.939431762695314,18.939431762695314,$50–100,0,0.09591846,0
2026-01-23 18:00:00,2026-01-23 17:00:00,2026-01-23,17,4,1,57.61,129.38602,63.4,-71.77601684570313,71.77601684570313,$50–100,0,0.27827907,0
2026-01-23 19:00:00,2026-01-23 18:00:00,2026-01-23,18,4,1,37.47,106.67349,57.61,-69.20349243164063,69.20349243164063,< $50,0,0.17440887,0
2026-01-23 20:00:00,2026-01-23 19:00:00,2026-01-23,19,4,1,34.94,58.146965,37.47,-23.20696502685547,23.20696502685547,< $50,0,0.04185349,0
2026-01-23 21:00:00,2026-01-23 20:00:00,2026-01-23,20,4,1,37.41,62.567116,34.94,-25.15711578369141,25.15711578369141,< $50,0,0.00758508,0
2026-01-23 22:00:00,2026-01-23 21:00:00,2026-01-23,21,4,1,35.71,39.321495,37.41,-3.611495056152343,3.611495056152343,< $50,0,0.007011055,0
2026-01-23 23:00:00,2026-01-23 22:00:00,2026-01-23,22,4,1,33.19,30.56264,35.71,2.6273607635498024,2.6273607635498024,< $50,0,0.0013625097,0
2026-01-24 00:00:00,2026-01-23 23:00:00,2026-01-23,23,4,1,29.3,28.024618,33.19,1.2753818511962898,1.2753818511962898,< $50,0,0.0017419178,0
2026-01-24 01:00:00,2026-01-24 00:00:00,2026-01-24,0,5,1,31.07,28.804873,29.3,2.2651274871826175,2.2651274871826175,< $50,0,0.0015273024,0
2026-01-24 02:00:00,2026-01-24 01:00:00,2026-01-24,1,5,1,31.17,32.17158,31.07,-1.0015812683105452,1.0015812683105452,< $50,0,0.0026476649,0
2026-01-24 03:00:00,2026-01-24 02:00:00,2026-01-24,2,5,1,33.27,32.872017,31.17,0.3979830932617219,0.3979830932617219,< $50,0,0.0016850926,0
2026-01-24 04:00:00,2026-01-24 03:00:00,2026-01-24,3,5,1,33.28,33.563145,33.27,-0.2831446838378895,0.2831446838378895,< $50,0,0.0014858008,0
2026-01-24 05:00:00,2026-01-24 04:00:00,2026-01-24,4,5,1,33.45,30.887775,33.28,2.5622245788574247,2.5622245788574247,< $50,0,0.0010339357,0
2026-01-24 06:00:00,2026-01-24 05:00:00,2026-01-24,5,5,1,35.37,35.48387,33.45,-0.11387145996094006,0.11387145996094006,< $50,0,0.0019333381,0
2026-01-24 07:00:00,2026-01-24 06:00:00,2026-01-24,6,5,1,36.9,39.15256,35.37,-2.252561187744142,2.252561187744142,< $50,0,0.0019412375,0
2026-01-24 08:00:00,2026-01-24 07:00:00,2026-01-24,7,5,1,39.97,38.68882,36.9,1.2811801147460926,1.2811801147460926,< $50,0,0.00293982,0
2026-01-24 09:00:00,2026-01-24 08:00:00,2026-01-24,8,5,1,44.25,50.903187,39.97,-6.653186798095703,6.653186798095703,< $50,0,0.011650612,0
2026-01-24 10:00:00,2026-01-24 09:00:00,2026-01-24,9,5,1,40.81,50.494656,44.25,-9.684655609130857,9.684655609130857,< $50,0,0.05132845,0
2026-01-24 11:00:00,2026-01-24 10:00:00,2026-01-24,10,5,1,45.47,48.614643,40.81,-3.1446430969238293,3.1446430969238293,< $50,0,0.02891443,0
2026-01-24 12:00:00,2026-01-24 11:00:00,2026-01-24,11,5,1,44.22,53.742218,45.47,-9.522218017578126,9.522218017578126,< $50,0,0.118859135,0
2026-01-24 13:00:00,2026-01-24 12:00:00,2026-01-24,12,5,1,44.4,49.015408,44.22,-4.615407562255861,4.615407562255861,< $50,0,0.017969795,0
2026-01-24 14:00:00,2026-01-24 13:00:00,2026-01-24,13,5,1,44.4,44.018635,44.4,0.38136520385742045,0.38136520385742045,< $50,0,0.034775175,0
2026-01-24 15:00:00,2026-01-24 14:00:00,2026-01-24,14,5,1,44.45,44.29546,44.4,0.15454025268554972,0.15454025268554972,< $50,0,0.028484566,0
2026-01-24 16:00:00,2026-01-24 15:00:00,2026-01-24,15,5,1,50.45,45.23505,44.45,5.214949798583987,5.214949798583987,$50–100,0,0.07776191,0
2026-01-24 17:00:00,2026-01-24 16:00:00,2026-01-24,16,5,1,118.01,88.874084,50.45,29.135915527343755,29.135915527343755,$100–250,1,0.6227092,1
2026-01-24 18:00:00,2026-01-24 17:00:00,2026-01-24,17,5,1,181.68,244.70964,118.01,-63.02964050292968,63.02964050292968,$100–250,1,0.9212457,1
2026-01-24 19:00:00,2026-01-24 18:00:00,2026-01-24,18,5,1,200.0,267.3151,181.68,-67.31509399414062,67.31509399414062,$100–250,1,0.8969061,1
2026-01-24 20:00:00,2026-01-24 19:00:00,2026-01-24,19,5,1,181.41,242.62329,200.0,-61.213291015625,61.213291015625,$100–250,1,0.91613835,1
2026-01-24 21:00:00,2026-01-24 20:00:00,2026-01-24,20,5,1,70.55,197.31662,181.41,-126.76661987304688,126.76661987304688,$50–100,0,0.9093332,1
2026-01-24 22:00:00,2026-01-24 21:00:00,2026-01-24,21,5,1,69.1,55.938942,70.55,13.161058044433588,13.161058044433588,$50–100,0,0.11235445,0
2026-01-24 23:00:00,2026-01-24 22:00:00,2026-01-24,22,5,1,67.99,69.923225,69.1,-1.9332254028320364,1.9332254028320364,$50–100,0,0.11105429,0
2026-01-25 00:00:00,2026-01-24 23:00:00,2026-01-24,23,5,1,68.78,68.27019,67.99,0.5098126220703136,0.5098126220703136,$50–100,0,0.19746561,0
2026-01-25 01:00:00,2026-01-25 00:00:00,2026-01-25,0,6,1,69.83,68.538475,68.78,1.2915249633789045,1.2915249633789045,$50–100,0,0.1199489,0
2026-01-25 02:00:00,2026-01-25 01:00:00,2026-01-25,1,6,1,78.43,65.92604,69.83,12.503959350585944,12.503959350585944,$50–100,0,0.15793763,0
2026-01-25 03:00:00,2026-01-25 02:00:00,2026-01-25,2,6,1,68.48,83.83031,78.43,-15.350307006835934,15.350307006835934,$50–100,0,0.11730306,0
2026-01-25 04:00:00,2026-01-25 03:00:00,2026-01-25,3,6,1,65.02,66.04961,68.48,-1.0296063232421915,1.0296063232421915,$50–100,0,0.11439461,0
2026-01-25 05:00:00,2026-01-25 04:00:00,2026-01-25,4,6,1,57.8,67.72908,65.02,-9.929080200195315,9.929080200195315,$50–100,0,0.11313467,0
2026-01-25 06:00:00,2026-01-25 05:00:00,2026-01-25,5,6,1,41.92,85.62672,57.8,-43.70671661376953,43.70671661376953,< $50,0,0.059531126,0
2026-01-25 07:00:00,2026-01-25 06:00:00,2026-01-25,6,6,1,35.23,53.826443,41.92,-18.596442718505863,18.596442718505863,< $50,0,0.025474677,0
2026-01-25 08:00:00,2026-01-25 07:00:00,2026-01-25,7,6,1,32.5,41.129253,35.23,-8.629253387451172,8.629253387451172,< $50,0,0.010844877,0
2026-01-25 09:00:00,2026-01-25 08:00:00,2026-01-25,8,6,1,28.21,29.096033,32.5,-0.8860330963134757,0.8860330963134757,< $50,0,0.007216262,0
2026-01-25 10:00:00,2026-01-25 09:00:00,2026-01-25,9,6,1,19.51,30.398804,28.21,-10.888803710937498,10.888803710937498,< $50,0,0.00513033,0
2026-01-25 11:00:00,2026-01-25 10:00:00,2026-01-25,10,6,1,17.08,20.73653,19.51,-3.65653030395508,3.65653030395508,< $50,0,0.0018648099,0
2026-01-25 12:00:00,2026-01-25 11:00:00,2026-01-25,11,6,1,18.15,19.472864,17.08,-1.322864151000978,1.322864151000978,< $50,0,0.000951522,0
2026-01-25 13:00:00,2026-01-25 12:00:00,2026-01-25,12,6,1,19.0,21.138582,18.15,-2.138582229614258,2.138582229614258,< $50,0,0.0008259947,0
2026-01-25 14:00:00,2026-01-25 13:00:00,2026-01-25,13,6,1,17.67,18.422455,19.0,-0.7524548339843733,0.7524548339843733,< $50,0,0.0009240563,0
2026-01-25 15:00:00,2026-01-25 14:00:00,2026-01-25,14,6,1,13.82,16.970387,17.67,-3.150386505126953,3.150386505126953,< $50,0,0.00064610445,0
2026-01-25 16:00:00,2026-01-25 15:00:00,2026-01-25,15,6,1,1.25,20.05731,13.82,-18.807310104370117,18.807310104370117,< $50,0,0.00091383717,0
2026-01-25 17:00:00,2026-01-25 16:00:00,2026-01-25,16,6,1,17.37,18.360554,1.25,-0.9905537414550771,0.9905537414550771,< $50,0,0.0021084915,0
2026-01-25 18:00:00,2026-01-25 17:00:00,2026-01-25,17,6,1,19.05,29.673248,17.37,-10.623248291015624,10.623248291015624,< $50,0,0.0455419,0
2026-01-25 19:00:00,2026-01-25 18:00:00,2026-01-25,18,6,1,17.64,20.806526,19.05,-3.1665261840820307,3.1665261840820307,< $50,0,0.0024851866,0
2026-01-25 20:00:00,2026-01-25 19:00:00,2026-01-25,19,6,1,17.76,12.233645,17.64,5.526354560852052,5.526354560852052,< $50,0,0.0021667061,0
2026-01-25 21:00:00,2026-01-25 20:00:00,2026-01-25,20,6,1,18.06,15.79309,17.76,2.266910133361815,2.266910133361815,< $50,0,0.0027144433,0
2026-01-25 22:00:00,2026-01-25 21:00:00,2026-01-25,21,6,1,18.09,16.053919,18.06,2.0360811614990233,2.0360811614990233,< $50,0,0.0011583169,0
2026-01-25 23:00:00,2026-01-25 22:00:00,2026-01-25,22,6,1,18.81,16.251612,18.09,2.558388290405272,2.558388290405272,< $50,0,0.00031658023,0
2026-01-26 00:00:00,2026-01-25 23:00:00,2026-01-25,23,6,1,19.14,18.796701,18.81,0.3432985687255865,0.3432985687255865,< $50,0,0.000352181,0
2026-01-26 01:00:00,2026-01-26 00:00:00,2026-01-26,0,0,1,19.29,19.476341,19.14,-0.1863412475585946,0.1863412475585946,< $50,0,0.00077368534,0
2026-01-26 02:00:00,2026-01-26 01:00:00,2026-01-26,1,0,1,19.72,20.070326,19.29,-0.3503258514404308,0.3503258514404308,< $50,0,0.0011304908,0
2026-01-26 03:00:00,2026-01-26 02:00:00,2026-01-26,2,0,1,18.09,20.863834,19.72,-2.7738343811035158,2.7738343811035158,< $50,0,0.00059028156,0
2026-01-26 04:00:00,2026-01-26 03:00:00,2026-01-26,3,0,1,17.83,17.419056,18.09,0.41094406127929517,0.41094406127929517,< $50,0,0.00037530047,0
2026-01-26 05:00:00,2026-01-26 04:00:00,2026-01-26,4,0,1,20.14,17.465235,17.83,2.674765243530274,2.674765243530274,< $50,0,0.0005626552,0
2026-01-26 06:00:00,2026-01-26 05:00:00,2026-01-26,5,0,1,27.6,23.526775,20.14,4.0732246398925795,4.0732246398925795,< $50,0,0.0017440442,0
2026-01-26 07:00:00,2026-01-26 06:00:00,2026-01-26,6,0,1,41.62,39.490707,27.6,2.12929260253906,2.12929260253906,< $50,0,0.013097533,0
2026-01-26 08:00:00,2026-01-26 07:00:00,2026-01-26,7,0,1,63.92,47.417336,41.62,16.502664489746095,16.502664489746095,$50–100,0,0.0422522,0
2026-01-26 09:00:00,2026-01-26 08:00:00,2026-01-26,8,0,1,75.22,52.749153,63.92,22.470846862792968,22.470846862792968,$50–100,0,0.11744006,0
2026-01-26 10:00:00,2026-01-26 09:00:00,2026-01-26,9,0,1,42.77,58.99116,75.22,-16.221161346435544,16.221161346435544,< $50,0,0.079817586,0
2026-01-26 11:00:00,2026-01-26 10:00:00,2026-01-26,10,0,1,34.44,39.930595,42.77,-5.490595397949221,5.490595397949221,< $50,0,0.042862337,0
2026-01-26 12:00:00,2026-01-26 11:00:00,2026-01-26,11,0,1,50.19,30.631872,34.44,19.558127822875974,19.558127822875974,$50–100,0,0.0056514,0
2026-01-26 13:00:00,2026-01-26 12:00:00,2026-01-26,12,0,1,47.15,41.154446,50.19,5.995554351806639,5.995554351806639,< $50,0,0.020974608,0
2026-01-26 14:00:00,2026-01-26 13:00:00,2026-01-26,13,0,1,39.57,38.08988,47.15,1.480118103027344,1.480118103027344,< $50,0,0.02686243,0
2026-01-26 15:00:00,2026-01-26 14:00:00,2026-01-26,14,0,1,40.49,61.043358,39.57,-20.55335784912109,20.55335784912109,< $50,0,0.034321208,0
2026-01-26 16:00:00,2026-01-26 15:00:00,2026-01-26,15,0,1,56.33,64.703964,40.49,-8.37396423339844,8.37396423339844,$50–100,0,0.11194081,0
2026-01-26 17:00:00,2026-01-26 16:00:00,2026-01-26,16,0,1,110.71,119.54385,56.33,-8.833853759765631,8.833853759765631,$100–250,1,0.55062234,1
2026-01-26 18:00:00,2026-01-26 17:00:00,2026-01-26,17,0,1,87.2,263.05505,110.71,-175.8550537109375,175.8550537109375,$50–100,0,0.8356503,1
2026-01-26 19:00:00,2026-01-26 18:00:00,2026-01-26,18,0,1,44.73,183.50685,87.2,-138.77685119628907,138.77685119628907,< $50,0,0.39706448,0
2026-01-26 20:00:00,2026-01-26 19:00:00,2026-01-26,19,0,1,47.8,83.184654,44.73,-35.38465423583985,35.38465423583985,< $50,0,0.23776339,0
2026-01-26 21:00:00,2026-01-26 20:00:00,2026-01-26,20,0,1,33.8,48.888718,47.8,-15.08871765136719,15.08871765136719,< $50,0,0.1222749,0
2026-01-26 22:00:00,2026-01-26 21:00:00,2026-01-26,21,0,1,32.01,33.997726,33.8,-1.9877264404296895,1.9877264404296895,< $50,0,0.012986255,0
2026-01-26 23:00:00,2026-01-26 22:00:00,2026-01-26,22,0,1,30.47,25.151922,32.01,5.31807777404785,5.31807777404785,< $50,0,0.0011093144,0
2026-01-27 00:00:00,2026-01-26 23:00:00,2026-01-26,23,0,1,28.71,28.0578,30.47,0.6521997070312509,0.6521997070312509,< $50,0,0.0014940738,0
2026-01-27 01:00:00,2026-01-27 00:00:00,2026-01-27,0,1,1,28.55,29.313044,28.71,-0.7630435943603509,0.7630435943603509,< $50,0,0.0015115121,0
2026-01-27 02:00:00,2026-01-27 01:00:00,2026-01-27,1,1,1,27.81,29.977848,28.55,-2.167848052978517,2.167848052978517,< $50,0,0.0021195184,0
2026-01-27 03:00:00,2026-01-27 02:00:00,2026-01-27,2,1,1,25.04,27.406515,27.81,-2.366515121459962,2.366515121459962,< $50,0,0.0006158389,0
2026-01-27 04:00:00,2026-01-27 03:00:00,2026-01-27,3,1,1,21.37,24.574656,25.04,-3.204655532836913,3.204655532836913,< $50,0,0.0005297079,0
2026-01-27 05:00:00,2026-01-27 04:00:00,2026-01-27,4,1,1,18.85,19.91924,21.37,-1.0692409515380845,1.0692409515380845,< $50,0,0.00036283262,0
2026-01-27 06:00:00,2026-01-27 05:00:00,2026-01-27,5,1,1,18.2,19.854557,18.85,-1.6545570373535163,1.6545570373535163,< $50,0,0.0006589797,0
2026-01-27 07:00:00,2026-01-27 06:00:00,2026-01-27,6,1,1,21.81,21.190859,18.2,0.6191411590576159,0.6191411590576159,< $50,0,0.0003403122,0
2026-01-27 08:00:00,2026-01-27 07:00:00,2026-01-27,7,1,1,29.95,23.629763,21.81,6.3202373504638665,6.3202373504638665,< $50,0,0.0007680382,0
2026-01-27 09:00:00,2026-01-27 08:00:00,2026-01-27,8,1,1,30.89,36.72134,29.95,-5.831340179443359,5.831340179443359,< $50,0,0.0041639856,0
2026-01-27 10:00:00,2026-01-27 09:00:00,2026-01-27,9,1,1,23.99,27.656536,30.89,-3.6665361022949234,3.6665361022949234,< $50,0,0.0007515083,0
2026-01-27 11:00:00,2026-01-27 10:00:00,2026-01-27,10,1,1,18.03,19.3313,23.99,-1.3013007354736317,1.3013007354736317,< $50,0,0.00043278866,0
2026-01-27 12:00:00,2026-01-27 11:00:00,2026-01-27,11,1,1,18.42,16.79389,18.03,1.6261100006103533,1.6261100006103533,< $50,0,0.000541828,0
2026-01-27 13:00:00,2026-01-27 12:00:00,2026-01-27,12,1,1,19.23,16.679506,18.42,2.5504936981201176,2.5504936981201176,< $50,0,0.00060340937,0
2026-01-27 14:00:00,2026-01-27 13:00:00,2026-01-27,13,1,1,19.89,20.071068,19.23,-0.18106781005859318,0.18106781005859318,< $50,0,0.0008932733,0
2026-01-27 15:00:00,2026-01-27 14:00:00,2026-01-27,14,1,1,18.96,20.155079,19.89,-1.1950788879394523,1.1950788879394523,< $50,0,0.0009975571,0
2026-01-27 16:00:00,2026-01-27 15:00:00,2026-01-27,15,1,1,28.63,17.908276,18.96,10.721724395751952,10.721724395751952,< $50,0,0.0015051794,0
2026-01-27 17:00:00,2026-01-27 16:00:00,2026-01-27,16,1,1,61.35,55.485725,28.63,5.86427459716797,5.86427459716797,$50–100,0,0.02900278,0
2026-01-27 18:00:00,2026-01-27 17:00:00,2026-01-27,17,1,1,84.53,109.60927,61.35,-25.07926818847656,25.07926818847656,$50–100,0,0.1659139,0
2026-01-27 19:00:00,2026-01-27 18:00:00,2026-01-27,18,1,1,78.45,133.21082,84.53,-54.7608154296875,54.7608154296875,$50–100,0,0.12192591,0
2026-01-27 20:00:00,2026-01-27 19:00:00,2026-01-27,19,1,1,42.78,95.26191,78.45,-52.48190948486328,52.48190948486328,< $50,0,0.17229277,0
2026-01-27 21:00:00,2026-01-27 20:00:00,2026-01-27,20,1,1,44.56,37.84749,42.78,6.71251159667969,6.71251159667969,< $50,0,0.03760736,0
2026-01-27 22:00:00,2026-01-27 21:00:00,2026-01-27,21,1,1,33.66,46.29415,44.56,-12.634151306152347,12.634151306152347,< $50,0,0.026239155,0
2026-01-27 23:00:00,2026-01-27 22:00:00,2026-01-27,22,1,1,25.82,29.497042,33.66,-3.6770417022705075,3.6770417022705075,< $50,0,0.0024485423,0
2026-01-28 00:00:00,2026-01-27 23:00:00,2026-01-27,23,1,1,22.84,22.416538,25.82,0.42346176147460923,0.42346176147460923,< $50,0,0.001084028,0
2026-01-28 01:00:00,2026-01-28 00:00:00,2026-01-28,0,2,1,29.71,22.687443,22.84,7.022557220458985,7.022557220458985,< $50,0,0.0015875751,0
2026-01-28 02:00:00,2026-01-28 01:00:00,2026-01-28,1,2,1,32.72,32.333107,29.71,0.3868930053710926,0.3868930053710926,< $50,0,0.010911921,0
2026-01-28 03:00:00,2026-01-28 02:00:00,2026-01-28,2,2,1,31.76,33.117764,32.72,-1.3577635192871078,1.3577635192871078,< $50,0,0.0028174275,0
2026-01-28 04:00:00,2026-01-28 03:00:00,2026-01-28,3,2,1,28.08,29.405338,31.76,-1.3253382873535173,1.3253382873535173,< $50,0,0.0007939198,0
2026-01-28 05:00:00,2026-01-28 04:00:00,2026-01-28,4,2,1,29.3,28.043589,28.08,1.2564113616943366,1.2564113616943366,< $50,0,0.0021551752,0
2026-01-28 06:00:00,2026-01-28 05:00:00,2026-01-28,5,2,1,29.17,31.739185,29.3,-2.5691853332519514,2.5691853332519514,< $50,0,0.0070464015,0
2026-01-28 07:00:00,2026-01-28 06:00:00,2026-01-28,6,2,1,29.7,33.152866,29.17,-3.4528663635253913,3.4528663635253913,< $50,0,0.0017928974,0
2026-01-28 08:00:00,2026-01-28 07:00:00,2026-01-28,7,2,1,30.09,32.73463,29.7,-2.644630584716797,2.644630584716797,< $50,0,0.0049003595,0
2026-01-28 09:00:00,2026-01-28 08:00:00,2026-01-28,8,2,1,31.92,28.868187,30.09,3.051813049316408,3.051813049316408,< $50,0,0.0074976366,0
2026-01-28 10:00:00,2026-01-28 09:00:00,2026-01-28,9,2,1,29.82,29.221014,31.92,0.5989859771728518,0.5989859771728518,< $50,0,0.0035578469,0
2026-01-28 11:00:00,2026-01-28 10:00:00,2026-01-28,10,2,1,26.67,25.683832,29.82,0.9861678314209001,0.9861678314209001,< $50,0,0.0017959892,0
2026-01-28 12:00:00,2026-01-28 11:00:00,2026-01-28,11,2,1,18.08,23.907005,26.67,-5.8270053100585955,5.8270053100585955,< $50,0,0.0026503117,0
2026-01-28 13:00:00,2026-01-28 12:00:00,2026-01-28,12,2,1,16.53,16.304749,18.08,0.22525146484375114,0.22525146484375114,< $50,0,0.0009737043,0
2026-01-28 14:00:00,2026-01-28 13:00:00,2026-01-28,13,2,1,18.54,15.615425,16.53,2.924574890136718,2.924574890136718,< $50,0,0.0009010732,0
2026-01-28 15:00:00,2026-01-28 14:00:00,2026-01-28,14,2,1,26.92,20.623959,18.54,6.296041412353517,6.296041412353517,< $50,0,0.0020441874,0
2026-01-28 16:00:00,2026-01-28 15:00:00,2026-01-28,15,2,1,30.9,37.69435,26.92,-6.794351196289064,6.794351196289064,< $50,0,0.027258802,0
2026-01-28 17:00:00,2026-01-28 16:00:00,2026-01-28,16,2,1,49.5,41.5904,30.9,7.909599304199219,7.909599304199219,< $50,0,0.04122047,0
2026-01-28 18:00:00,2026-01-28 17:00:00,2026-01-28,17,2,1,106.62,74.52467,49.5,32.09532653808594,32.09532653808594,$100–250,1,0.24806269,0
2026-01-28 19:00:00,2026-01-28 18:00:00,2026-01-28,18,2,1,79.29,180.4726,106.62,-101.18259521484374,101.18259521484374,$50–100,0,0.26442626,0
2026-01-28 20:00:00,2026-01-28 19:00:00,2026-01-28,19,2,1,97.58,76.67804,79.29,20.90196044921875,20.90196044921875,$50–100,0,0.21989894,0
2026-01-28 21:00:00,2026-01-28 20:00:00,2026-01-28,20,2,1,56.03,113.433716,97.58,-57.4037158203125,57.4037158203125,$50–100,0,0.4185582,0
2026-01-28 22:00:00,2026-01-28 21:00:00,2026-01-28,21,2,1,57.01,46.286446,56.03,10.723554382324217,10.723554382324217,$50–100,0,0.06954952,0
2026-01-28 23:00:00,2026-01-28 22:00:00,2026-01-28,22,2,1,35.7,53.7421,57.01,-18.042099761962888,18.042099761962888,< $50,0,0.022850988,0
2026-01-29 00:00:00,2026-01-28 23:00:00,2026-01-28,23,2,1,33.28,30.87964,35.7,2.4003594207763683,2.4003594207763683,< $50,0,0.010507741,0
2026-01-29 01:00:00,2026-01-29 00:00:00,2026-01-29,0,3,1,30.4,30.048653,33.28,0.35134735107421733,0.35134735107421733,< $50,0,0.0027623693,0
2026-01-29 02:00:00,2026-01-29 01:00:00,2026-01-29,1,3,1,24.16,28.429243,30.4,-4.2692430877685545,4.2692430877685545,< $50,0,0.0020685804,0
2026-01-29 03:00:00,2026-01-29 02:00:00,2026-01-29,2,3,1,15.95,22.35136,24.16,-6.401360321044923,6.401360321044923,< $50,0,0.0011133855,0
2026-01-29 04:00:00,2026-01-29 03:00:00,2026-01-29,3,3,1,15.22,15.161181,15.95,0.05881855010986392,0.05881855010986392,< $50,0,0.0002857012,0
2026-01-29 05:00:00,2026-01-29 04:00:00,2026-01-29,4,3,1,15.51,12.534533,15.22,2.9754674530029295,2.9754674530029295,< $50,0,0.000324357,0
2026-01-29 06:00:00,2026-01-29 05:00:00,2026-01-29,5,3,1,19.23,15.406498,15.51,3.823502044677735,3.823502044677735,< $50,0,0.00071399397,0
2026-01-29 07:00:00,2026-01-29 06:00:00,2026-01-29,6,3,1,28.56,23.281286,19.23,5.278713760375975,5.278713760375975,< $50,0,0.0012148451,0
2026-01-29 08:00:00,2026-01-29 07:00:00,2026-01-29,7,3,1,47.88,40.318314,28.56,7.56168640136719,7.56168640136719,< $50,0,0.04068012,0
2026-01-29 09:00:00,2026-01-29 08:00:00,2026-01-29,8,3,1,59.0,48.99871,47.88,10.001289367675781,10.001289367675781,$50–100,0,0.13427655,0
2026-01-29 10:00:00,2026-01-29 09:00:00,2026-01-29,9,3,1,33.22,45.882202,59.0,-12.662202148437501,12.662202148437501,< $50,0,0.042354938,0
2026-01-29 11:00:00,2026-01-29 10:00:00,2026-01-29,10,3,1,44.01,27.444702,33.22,16.565297851562498,16.565297851562498,< $50,0,0.0061371787,0
2026-01-29 12:00:00,2026-01-29 11:00:00,2026-01-29,11,3,1,44.25,44.52692,44.01,-0.2769203186035156,0.2769203186035156,< $50,0,0.034568008,0
2026-01-29 13:00:00,2026-01-29 12:00:00,2026-01-29,12,3,1,29.11,42.3859,44.25,-13.275898590087891,13.275898590087891,< $50,0,0.028260715,0
2026-01-29 14:00:00,2026-01-29 13:00:00,2026-01-29,13,3,1,27.93,25.301908,29.11,2.6280915069580075,2.6280915069580075,< $50,0,0.0035404135,0
2026-01-29 15:00:00,2026-01-29 14:00:00,2026-01-29,14,3,1,27.51,25.947802,27.93,1.5621984100341813,1.5621984100341813,< $50,0,0.0023878636,0
2026-01-29 16:00:00,2026-01-29 15:00:00,2026-01-29,15,3,1,39.46,26.866629,27.51,12.593371353149415,12.593371353149415,< $50,0,0.006727812,0
2026-01-29 17:00:00,2026-01-29 16:00:00,2026-01-29,16,3,1,122.59,54.76553,39.46,67.82447036743164,67.82447036743164,$100–250,1,0.14760768,0
2026-01-29 18:00:00,2026-01-29 17:00:00,2026-01-29,17,3,1,98.07,198.98131,122.59,-100.91130798339844,100.91130798339844,$50–100,0,0.6748396,1
2026-01-29 19:00:00,2026-01-29 18:00:00,2026-01-29,18,3,1,34.97,66.35029,98.07,-31.380288391113282,31.380288391113282,< $50,0,0.11883761,0
2026-01-29 20:00:00,2026-01-29 19:00:00,2026-01-29,19,3,1,26.52,43.369247,34.97,-16.849247436523438,16.849247436523438,< $50,0,0.03655053,0
2026-01-29 21:00:00,2026-01-29 20:00:00,2026-01-29,20,3,1,16.23,25.22639,26.52,-8.996390838623046,8.996390838623046,< $50,0,0.004516642,0
2026-01-29 22:00:00,2026-01-29 21:00:00,2026-01-29,21,3,1,15.15,13.52011,16.23,1.6298898696899418,1.6298898696899418,< $50,0,0.00067549094,0
2026-01-29 23:00:00,2026-01-29 22:00:00,2026-01-29,22,3,1,14.16,13.044359,15.15,1.1156407928466798,1.1156407928466798,< $50,0,0.00030919028,0
2026-01-30 00:00:00,2026-01-29 23:00:00,2026-01-29,23,3,1,14.09,9.37017,14.16,4.7198303604125975,4.7198303604125975,< $50,0,0.00047722002,0
2026-01-30 01:00:00,2026-01-30 00:00:00,2026-01-30,0,4,1,13.83,11.083118,14.09,2.746881561279297,2.746881561279297,< $50,0,0.00016218385,0
2026-01-30 02:00:00,2026-01-30 01:00:00,2026-01-30,1,4,1,15.06,10.784355,13.83,4.275644836425782,4.275644836425782,< $50,0,0.00014999522,0
2026-01-30 03:00:00,2026-01-30 02:00:00,2026-01-30,2,4,1,15.46,14.916039,15.06,0.5439605331420907,0.5439605331420907,< $50,0,0.00022807179,0
2026-01-30 04:00:00,2026-01-30 03:00:00,2026-01-30,3,4,1,18.25,14.318903,15.46,3.9310970306396484,3.9310970306396484,< $50,0,0.00021574854,0
2026-01-30 05:00:00,2026-01-30 04:00:00,2026-01-30,4,4,1,17.85,19.30976,18.25,-1.459759140014647,1.459759140014647,< $50,0,0.0007644861,0
2026-01-30 06:00:00,2026-01-30 05:00:00,2026-01-30,5,4,1,21.99,17.485569,17.85,4.504430999755858,4.504430999755858,< $50,0,0.00037658907,0
2026-01-30 07:00:00,2026-01-30 06:00:00,2026-01-30,6,4,1,27.52,24.287483,21.99,3.2325167846679683,3.2325167846679683,< $50,0,0.00085444894,0
2026-01-30 08:00:00,2026-01-30 07:00:00,2026-01-30,7,4,1,31.2,31.372234,27.52,-0.17223434448242259,0.17223434448242259,< $50,0,0.014638308,0
2026-01-30 09:00:00,2026-01-30 08:00:00,2026-01-30,8,4,1,29.43,34.610794,31.2,-5.180794067382813,5.180794067382813,< $50,0,0.01767541,0
2026-01-30 10:00:00,2026-01-30 09:00:00,2026-01-30,9,4,1,19.08,25.915655,29.43,-6.8356551361084,6.8356551361084,< $50,0,0.006202503,0
2026-01-30 11:00:00,2026-01-30 10:00:00,2026-01-30,10,4,1,13.98,15.690493,19.08,-1.7104926300048824,1.7104926300048824,< $50,0,0.0007980612,0
2026-01-30 12:00:00,2026-01-30 11:00:00,2026-01-30,11,4,1,1.86,10.595291,13.98,-8.735291137695313,8.735291137695313,< $50,0,0.00035145268,0
2026-01-30 13:00:00,2026-01-30 12:00:00,2026-01-30,12,4,1,0.0,0.0,1.86,0.0,0.0,< $50,0,0.00021318269,0
2026-01-30 14:00:00,2026-01-30 13:00:00,2026-01-30,13,4,1,0.0,0.0,0.0,0.0,0.0,< $50,0,0.00021431032,0
2026-01-30 15:00:00,2026-01-30 14:00:00,2026-01-30,14,4,1,0.0,0.0,0.0,0.0,0.0,< $50,0,0.0003125869,0
2026-01-30 16:00:00,2026-01-30 15:00:00,2026-01-30,15,4,1,13.28,1.1081305,0.0,12.17186954498291,12.17186954498291,< $50,0,0.0007462448,0
2026-01-30 17:00:00,2026-01-30 16:00:00,2026-01-30,16,4,1,14.07,21.57412,13.28,-7.5041195678710935,7.5041195678710935,< $50,0,0.0041756993,0
2026-01-30 18:00:00,2026-01-30 17:00:00,2026-01-30,17,4,1,15.14,16.346949,14.07,-1.206948623657226,1.206948623657226,< $50,0,0.003770243,0
2026-01-30 19:00:00,2026-01-30 18:00:00,2026-01-30,18,4,1,14.06,8.072019,15.14,5.98798137664795,5.98798137664795,< $50,0,0.00034722826,0
2026-01-30 20:00:00,2026-01-30 19:00:00,2026-01-30,19,4,1,13.67,11.933552,14.06,1.7364482116699218,1.7364482116699218,< $50,0,0.0010987164,0
2026-01-30 21:00:00,2026-01-30 20:00:00,2026-01-30,20,4,1,8.69,10.451258,13.67,-1.761257705688477,1.761257705688477,< $50,0,0.0004943723,0
2026-01-30 22:00:00,2026-01-30 21:00:00,2026-01-30,21,4,1,0.73,5.442826,8.69,-4.71282579421997,4.71282579421997,< $50,0,0.0003340597,0
2026-01-30 23:00:00,2026-01-30 22:00:00,2026-01-30,22,4,1,0.0,0.3508023,0.73,-0.35080230236053467,0.35080230236053467,< $50,0,0.00023992007,0
2026-01-31 00:00:00,2026-01-30 23:00:00,2026-01-30,23,4,1,0.0,0.13314573,0.0,-0.13314573466777802,0.13314573466777802,< $50,0,0.00027790933,0
2026-01-31 01:00:00,2026-01-31 00:00:00,2026-01-31,0,5,1,7.3,0.47777915,0.0,6.8222208499908445,6.8222208499908445,< $50,0,0.00029252685,0
2026-01-31 02:00:00,2026-01-31 01:00:00,2026-01-31,1,5,1,4.26,11.993468,7.3,-7.733468284606934,7.733468284606934,< $50,0,0.00028614115,0
2026-01-31 03:00:00,2026-01-31 02:00:00,2026-01-31,2,5,1,0.0,3.7112756,4.26,-3.711275577545166,3.711275577545166,< $50,0,0.00014011102,0
2026-01-31 04:00:00,2026-01-31 03:00:00,2026-01-31,3,5,1,0.0,1.0509825,0.0,-1.0509824752807617,1.0509824752807617,< $50,0,0.00011259213,0
2026-01-31 05:00:00,2026-01-31 04:00:00,2026-01-31,4,5,1,0.0,0.6544641,0.0,-0.6544641256332397,0.6544641256332397,< $50,0,0.00013753957,0
2026-01-31 06:00:00,2026-01-31 05:00:00,2026-01-31,5,5,1,3.66,1.6024748,0.0,2.057525191307068,2.057525191307068,< $50,0,0.00024730572,0
2026-01-31 07:00:00,2026-01-31 06:00:00,2026-01-31,6,5,1,16.79,9.301389,3.66,7.488611259460448,7.488611259460448,< $50,0,0.00024261445,0
2026-01-31 08:00:00,2026-01-31 07:00:00,2026-01-31,7,5,1,15.82,24.707302,16.79,-8.887302093505859,8.887302093505859,< $50,0,0.0050077797,0
2026-01-31 09:00:00,2026-01-31 08:00:00,2026-01-31,8,5,1,9.29,12.851003,15.82,-3.5610026931762704,3.5610026931762704,< $50,0,0.00043013802,0
2026-01-31 10:00:00,2026-01-31 09:00:00,2026-01-31,9,5,1,0.0,7.6960225,9.29,-7.6960225105285645,7.6960225105285645,< $50,0,0.00018365949,0
2026-01-31 11:00:00,2026-01-31 10:00:00,2026-01-31,10,5,1,0.0,2.0899725,0.0,-2.089972496032715,2.089972496032715,< $50,0,0.00014422795,0
2026-01-31 12:00:00,2026-01-31 11:00:00,2026-01-31,11,5,1,1.33,0.8226006,0.0,0.5073993968963624,0.5073993968963624,< $50,0,0.00019325133,0
2026-01-31 13:00:00,2026-01-31 12:00:00,2026-01-31,12,5,1,1.07,5.6846075,1.33,-4.61460750579834,4.61460750579834,< $50,0,0.00016295891,0
2026-01-31 14:00:00,2026-01-31 13:00:00,2026-01-31,13,5,1,0.0,1.311825,1.07,-1.3118250370025635,1.3118250370025635,< $50,0,0.00014761633,0
2026-01-31 15:00:00,2026-01-31 14:00:00,2026-01-31,14,5,1,1.11,0.6800754,0.0,0.42992459297180186,0.42992459297180186,< $50,0,0.00019329776,0
2026-01-31 16:00:00,2026-01-31 15:00:00,2026-01-31,15,5,1,10.97,5.8794203,1.11,5.090579719543458,5.090579719543458,< $50,0,0.00048073096,0
2026-01-31 17:00:00,2026-01-31 16:00:00,2026-01-31,16,5,1,21.62,14.750407,10.97,6.8695927810668955,6.8695927810668955,< $50,0,0.0014052866,0
2026-01-31 18:00:00,2026-01-31 17:00:00,2026-01-31,17,5,1,32.53,28.21553,21.62,4.314469604492189,4.314469604492189,< $50,0,0.008340033,0
2026-01-31 19:00:00,2026-01-31 18:00:00,2026-01-31,18,5,1,33.9,34.7043,32.53,-0.8042999267578139,0.8042999267578139,< $50,0,0.0055663786,0
2026-01-31 20:00:00,2026-01-31 19:00:00,2026-01-31,19,5,1,38.47,35.61165,33.9,2.8583514404296864,2.8583514404296864,< $50,0,0.007291721,0
2026-01-31 21:00:00,2026-01-31 20:00:00,2026-01-31,20,5,1,44.51,39.96145,38.47,4.548551330566404,4.548551330566404,< $50,0,0.008861717,0
2026-01-31 22:00:00,2026-01-31 21:00:00,2026-01-31,21,5,1,60.0,48.18838,44.51,11.81161880493164,11.81161880493164,$50–100,0,0.021595586,0
2026-01-31 23:00:00,2026-01-31 22:00:00,2026-01-31,22,5,1,60.0,63.197124,60.0,-3.197124481201172,3.197124481201172,$50–100,0,0.009723244,0
2026-02-01 00:00:00,2026-01-31 23:00:00,2026-01-31,23,5,1,62.32,54.536587,60.0,7.783413238525391,7.783413238525391,$50–100,0,0.029190991,0
2026-02-01 01:00:00,2026-02-01 00:00:00,2026-02-01,0,6,2,56.68,55.786674,62.32,0.893325500488281,0.893325500488281,$50–100,0,0.09941517,0
2026-02-01 02:00:00,2026-02-01 01:00:00,2026-02-01,1,6,2,44.78,52.855312,56.68,-8.075312347412108,8.075312347412108,< $50,0,0.11779334,0
2026-02-01 03:00:00,2026-02-01 02:00:00,2026-02-01,2,6,2,43.15,43.992203,44.78,-0.8422027587890639,0.8422027587890639,< $50,0,0.08264046,0
2026-02-01 04:00:00,2026-02-01 03:00:00,2026-02-01,3,6,2,41.73,40.532776,43.15,1.1972241210937469,1.1972241210937469,< $50,0,0.03188395,0
2026-02-01 05:00:00,2026-02-01 04:00:00,2026-02-01,4,6,2,40.0,40.078773,41.73,-0.07877349853515625,0.07877349853515625,< $50,0,0.01904665,0
2026-02-01 06:00:00,2026-02-01 05:00:00,2026-02-01,5,6,2,33.02,40.5875,40.0,-7.567501525878903,7.567501525878903,< $50,0,0.026472926,0
2026-02-01 07:00:00,2026-02-01 06:00:00,2026-02-01,6,6,2,31.4,33.51262,33.02,-2.112619018554689,2.112619018554689,< $50,0,0.01816001,0
2026-02-01 08:00:00,2026-02-01 07:00:00,2026-02-01,7,6,2,28.6,30.938845,31.4,-2.3388446807861314,2.3388446807861314,< $50,0,0.01059337,0
2026-02-01 09:00:00,2026-02-01 08:00:00,2026-02-01,8,6,2,27.39,27.484442,28.6,-0.09444175720214787,0.09444175720214787,< $50,0,0.0059227897,0
2026-02-01 10:00:00,2026-02-01 09:00:00,2026-02-01,9,6,2,27.52,25.96189,27.39,1.5581107330322261,1.5581107330322261,< $50,0,0.004175448,0
2026-02-01 11:00:00,2026-02-01 10:00:00,2026-02-01,10,6,2,33.79,27.419664,27.52,6.370335617065429,6.370335617065429,< $50,0,0.0034669784,0
2026-02-01 12:00:00,2026-02-01 11:00:00,2026-02-01,11,6,2,41.37,36.363052,33.79,5.006947631835935,5.006947631835935,< $50,0,0.01643062,0
2026-02-01 13:00:00,2026-02-01 12:00:00,2026-02-01,12,6,2,33.12,44.73276,41.37,-11.612761383056643,11.612761383056643,< $50,0,0.027282456,0
2026-02-01 14:00:00,2026-02-01 13:00:00,2026-02-01,13,6,2,28.9,29.807407,33.12,-0.907407379150392,0.907407379150392,< $50,0,0.015101139,0
2026-02-01 15:00:00,2026-02-01 14:00:00,2026-02-01,14,6,2,27.23,27.547707,28.9,-0.3177066040039058,0.3177066040039058,< $50,0,0.010134419,0
2026-02-01 16:00:00,2026-02-01 15:00:00,2026-02-01,15,6,2,20.21,26.233372,27.23,-6.02337173461914,6.02337173461914,< $50,0,0.02456503,0
2026-02-01 17:00:00,2026-02-01 16:00:00,2026-02-01,16,6,2,19.73,21.668327,20.21,-1.9383273315429683,1.9383273315429683,< $50,0,0.01320261,0
2026-02-01 18:00:00,2026-02-01 17:00:00,2026-02-01,17,6,2,20.02,18.462824,19.73,1.557176132202148,1.557176132202148,< $50,0,0.005381667,0
2026-02-01 19:00:00,2026-02-01 18:00:00,2026-02-01,18,6,2,18.92,16.14577,20.02,2.7742308807373064,2.7742308807373064,< $50,0,0.0020237581,0
2026-02-01 20:00:00,2026-02-01 19:00:00,2026-02-01,19,6,2,17.35,19.466465,18.92,-2.116464996337889,2.116464996337889,< $50,0,0.004826679,0
2026-02-01 21:00:00,2026-02-01 20:00:00,2026-02-01,20,6,2,18.42,16.862812,17.35,1.5571879577636736,1.5571879577636736,< $50,0,0.00606377,0
2026-02-01 22:00:00,2026-02-01 21:00:00,2026-02-01,21,6,2,20.13,18.50696,18.42,1.6230400848388662,1.6230400848388662,< $50,0,0.0071630157,0
2026-02-01 23:00:00,2026-02-01 22:00:00,2026-02-01,22,6,2,20.17,20.794376,20.13,-0.6243763732910139,0.6243763732910139,< $50,0,0.002056245,0
2026-02-02 00:00:00,2026-02-01 23:00:00,2026-02-01,23,6,2,17.76,19.173897,20.17,-1.4138967895507797,1.4138967895507797,< $50,0,0.0052861134,0
2026-02-02 01:00:00,2026-02-02 00:00:00,2026-02-02,0,0,2,17.24,16.935621,17.76,0.30437873840331875,0.30437873840331875,< $50,0,0.0013759212,0
2026-02-02 02:00:00,2026-02-02 01:00:00,2026-02-02,1,0,2,19.75,16.740494,17.24,3.0095062255859375,3.0095062255859375,< $50,0,0.0015626678,0
2026-02-02 03:00:00,2026-02-02 02:00:00,2026-02-02,2,0,2,21.49,21.476646,19.75,0.013353576660154687,0.013353576660154687,< $50,0,0.0026141503,0
2026-02-02 04:00:00,2026-02-02 03:00:00,2026-02-02,3,0,2,29.36,22.760874,21.49,6.599126205444335,6.599126205444335,< $50,0,0.0036468166,0
2026-02-02 05:00:00,2026-02-02 04:00:00,2026-02-02,4,0,2,28.11,36.96897,29.36,-8.858971252441407,8.858971252441407,< $50,0,0.03578986,0
2026-02-02 06:00:00,2026-02-02 05:00:00,2026-02-02,5,0,2,30.24,30.087315,28.11,0.1526853942871078,0.1526853942871078,< $50,0,0.008439691,0
2026-02-02 07:00:00,2026-02-02 06:00:00,2026-02-02,6,0,2,29.62,35.88137,30.24,-6.261370544433593,6.261370544433593,< $50,0,0.017200174,0
2026-02-02 08:00:00,2026-02-02 07:00:00,2026-02-02,7,0,2,30.71,29.299934,29.62,1.4100656127929696,1.4100656127929696,< $50,0,0.008518545,0
2026-02-02 09:00:00,2026-02-02 08:00:00,2026-02-02,8,0,2,30.72,27.976484,30.71,2.743515701293944,2.743515701293944,< $50,0,0.01876661,0
2026-02-02 10:00:00,2026-02-02 09:00:00,2026-02-02,9,0,2,20.82,25.711233,30.72,-4.891233139038086,4.891233139038086,< $50,0,0.017050408,0
2026-02-02 11:00:00,2026-02-02 10:00:00,2026-02-02,10,0,2,1.68,14.471734,20.82,-12.791734046936035,12.791734046936035,< $50,0,0.0024277524,0
2026-02-02 12:00:00,2026-02-02 11:00:00,2026-02-02,11,0,2,1.74,0.027636861,1.68,1.7123631385713816,1.7123631385713816,< $50,0,0.00078831584,0
2026-02-02 13:00:00,2026-02-02 12:00:00,2026-02-02,12,0,2,0.01,1.730337,1.74,-1.7203370237350464,1.7203370237350464,< $50,0,0.0014999761,0
2026-02-02 14:00:00,2026-02-02 13:00:00,2026-02-02,13,0,2,0.0,0.0,0.01,0.0,0.0,< $50,0,0.0006744251,0
2026-02-02 15:00:00,2026-02-02 14:00:00,2026-02-02,14,0,2,0.58,0.0,0.0,0.58,0.58,< $50,0,0.0011246959,0
2026-02-02 16:00:00,2026-02-02 15:00:00,2026-02-02,15,0,2,9.72,3.1630738,0.58,6.556926221847535,6.556926221847535,< $50,0,0.0013948181,0
2026-02-02 17:00:00,2026-02-02 16:00:00,2026-02-02,16,0,2,19.37,19.824541,9.72,-0.4545410919189443,0.4545410919189443,< $50,0,0.002403322,0
2026-02-02 18:00:00,2026-02-02 17:00:00,2026-02-02,17,0,2,18.05,23.487888,19.37,-5.43788833618164,5.43788833618164,< $50,0,0.012221336,0
2026-02-02 19:00:00,2026-02-02 18:00:00,2026-02-02,18,0,2,17.02,11.885134,18.05,5.134866256713867,5.134866256713867,< $50,0,0.0011823756,0
2026-02-02 20:00:00,2026-02-02 19:00:00,2026-02-02,19,0,2,17.81,17.094847,17.02,0.7151532745361315,0.7151532745361315,< $50,0,0.0041479035,0
2026-02-02 21:00:00,2026-02-02 20:00:00,2026-02-02,20,0,2,19.74,17.017784,17.81,2.7222158813476547,2.7222158813476547,< $50,0,0.005721291,0
2026-02-02 22:00:00,2026-02-02 21:00:00,2026-02-02,21,0,2,19.82,21.621332,19.74,-1.8013321685791013,1.8013321685791013,< $50,0,0.013682797,0
2026-02-02 23:00:00,2026-02-02 22:00:00,2026-02-02,22,0,2,18.11,22.112953,19.82,-4.002953186035157,4.002953186035157,< $50,0,0.0028921294,0
2026-02-03 00:00:00,2026-02-02 23:00:00,2026-02-02,23,0,2,15.89,17.2204,18.11,-1.3303998565673822,1.3303998565673822,< $50,0,0.005417637,0
2026-02-03 01:00:00,2026-02-03 00:00:00,2026-02-03,0,1,2,9.7,13.69644,15.89,-3.996439743041993,3.996439743041993,< $50,0,0.0007163378,0
2026-02-03 02:00:00,2026-02-03 01:00:00,2026-02-03,1,1,2,9.41,8.854353,9.7,0.5556470489501955,0.5556470489501955,< $50,0,0.0003183496,0
2026-02-03 03:00:00,2026-02-03 02:00:00,2026-02-03,2,1,2,9.74,8.916076,9.41,0.8239242935180666,0.8239242935180666,< $50,0,0.00017197774,0
2026-02-03 04:00:00,2026-02-03 03:00:00,2026-02-03,3,1,2,10.13,11.118826,9.74,-0.9888259124755852,0.9888259124755852,< $50,0,0.00030089967,0
2026-02-03 05:00:00,2026-02-03 04:00:00,2026-02-03,4,1,2,13.64,11.113313,10.13,2.526687278747559,2.526687278747559,< $50,0,0.00064770714,0
2026-02-03 06:00:00,2026-02-03 05:00:00,2026-02-03,5,1,2,18.49,17.479048,13.64,1.0109522247314437,1.0109522247314437,< $50,0,0.0012729301,0
2026-02-03 07:00:00,2026-02-03 06:00:00,2026-02-03,6,1,2,25.05,23.919703,18.49,1.1302974700927741,1.1302974700927741,< $50,0,0.0027905472,0
2026-02-03 08:00:00,2026-02-03 07:00:00,2026-02-03,7,1,2,27.12,27.404907,25.05,-0.284907226562499,0.284907226562499,< $50,0,0.011537211,0
2026-02-03 09:00:00,2026-02-03 08:00:00,2026-02-03,8,1,2,27.51,28.435087,27.12,-0.9250872039794906,0.9250872039794906,< $50,0,0.0070481435,0
2026-02-03 10:00:00,2026-02-03 09:00:00,2026-02-03,9,1,2,25.07,28.115995,27.51,-3.045995407104492,3.045995407104492,< $50,0,0.008474351,0
2026-02-03 11:00:00,2026-02-03 10:00:00,2026-02-03,10,1,2,24.05,21.930073,25.07,2.1199272155761726,2.1199272155761726,< $50,0,0.0020402137,0
2026-02-03 12:00:00,2026-02-03 11:00:00,2026-02-03,11,1,2,28.29,21.643328,24.05,6.646672286987304,6.646672286987304,< $50,0,0.002184779,0
2026-02-03 13:00:00,2026-02-03 12:00:00,2026-02-03,12,1,2,28.36,32.329876,28.29,-3.9698759460449224,3.9698759460449224,< $50,0,0.012894168,0
2026-02-03 14:00:00,2026-02-03 13:00:00,2026-02-03,13,1,2,29.39,29.98691,28.36,-0.5969098663330072,0.5969098663330072,< $50,0,0.009436802,0
2026-02-03 15:00:00,2026-02-03 14:00:00,2026-02-03,14,1,2,29.47,29.58455,29.39,-0.11455085754394645,0.11455085754394645,< $50,0,0.012251715,0
2026-02-03 16:00:00,2026-02-03 15:00:00,2026-02-03,15,1,2,27.39,31.446516,29.47,-4.056516036987304,4.056516036987304,< $50,0,0.09221522,0
2026-02-03 17:00:00,2026-02-03 16:00:00,2026-02-03,16,1,2,42.3,31.013159,27.39,11.286841201782224,11.286841201782224,< $50,0,0.11634636,0
2026-02-03 18:00:00,2026-02-03 17:00:00,2026-02-03,17,1,2,36.94,59.030834,42.3,-22.09083419799805,22.09083419799805,< $50,0,0.39618877,0
2026-02-03 19:00:00,2026-02-03 18:00:00,2026-02-03,18,1,2,19.04,31.77024,36.94,-12.730240783691407,12.730240783691407,< $50,0,0.042559844,0
2026-02-03 20:00:00,2026-02-03 19:00:00,2026-02-03,19,1,2,13.26,20.976377,19.04,-7.716377487182617,7.716377487182617,< $50,0,0.010718232,0
2026-02-03 21:00:00,2026-02-03 20:00:00,2026-02-03,20,1,2,11.59,14.38843,13.26,-2.798429641723633,2.798429641723633,< $50,0,0.0014433695,0
2026-02-03 22:00:00,2026-02-03 21:00:00,2026-02-03,21,1,2,10.45,9.349397,11.59,1.1006032943725579,1.1006032943725579,< $50,0,0.0006503484,0
2026-02-03 23:00:00,2026-02-03 22:00:00,2026-02-03,22,1,2,1.48,9.284038,10.45,-7.804037590026855,7.804037590026855,< $50,0,0.00052880944,0
2026-02-04 00:00:00,2026-02-03 23:00:00,2026-02-03,23,1,2,0.0,3.2951038,1.48,-3.2951037883758545,3.2951037883758545,< $50,0,0.00096999964,0
2026-02-04 01:00:00,2026-02-04 00:00:00,2026-02-04,0,2,2,0.0,2.215495,0.0,-2.2154951095581055,2.2154951095581055,< $50,0,0.0002689712,0
2026-02-04 02:00:00,2026-02-04 01:00:00,2026-02-04,1,2,2,0.0,1.1290741,0.0,-1.1290740966796875,1.1290740966796875,< $50,0,0.00030749262,0
2026-02-04 03:00:00,2026-02-04 02:00:00,2026-02-04,2,2,2,0.0,1.8099778,0.0,-1.8099777698516846,1.8099777698516846,< $50,0,0.00039820623,0
2026-02-04 04:00:00,2026-02-04 03:00:00,2026-02-04,3,2,2,0.0,0.8181047,0.0,-0.8181046843528748,0.8181046843528748,< $50,0,0.0002538769,0
2026-02-04 05:00:00,2026-02-04 04:00:00,2026-02-04,4,2,2,0.0,0.8646213,0.0,-0.8646212816238403,0.8646212816238403,< $50,0,0.00023043025,0
2026-02-04 06:00:00,2026-02-04 05:00:00,2026-02-04,5,2,2,0.0,2.2954652,0.0,-2.2954652309417725,2.2954652309417725,< $50,0,0.0004054503,0
2026-02-04 07:00:00,2026-02-04 06:00:00,2026-02-04,6,2,2,0.0,3.8732412,0.0,-3.8732411861419678,3.8732411861419678,< $50,0,0.00025160026,0
2026-02-04 08:00:00,2026-02-04 07:00:00,2026-02-04,7,2,2,0.0,1.7789985,0.0,-1.7789984941482544,1.7789984941482544,< $50,0,0.00023438799,0
2026-02-04 09:00:00,2026-02-04 08:00:00,2026-02-04,8,2,2,0.0,0.26440316,0.0,-0.26440316438674927,0.26440316438674927,< $50,0,0.00011878967,0
2026-02-04 10:00:00,2026-02-04 09:00:00,2026-02-04,9,2,2,0.0,0.1634502,0.0,-0.1634501963853836,0.1634501963853836,< $50,0,0.00016577444,0
2026-02-04 11:00:00,2026-02-04 10:00:00,2026-02-04,10,2,2,8.16,0.35089594,0.0,7.809104058742523,7.809104058742523,< $50,0,0.00018757516,0
2026-02-04 12:00:00,2026-02-04 11:00:00,2026-02-04,11,2,2,15.63,10.924667,8.16,4.705332641601563,4.705332641601563,< $50,0,0.0004400522,0
2026-02-04 13:00:00,2026-02-04 12:00:00,2026-02-04,12,2,2,19.64,18.456306,15.63,1.1836935424804693,1.1836935424804693,< $50,0,0.0018679056,0
2026-02-04 14:00:00,2026-02-04 13:00:00,2026-02-04,13,2,2,24.9,23.304571,19.64,1.5954288482666001,1.5954288482666001,< $50,0,0.004036383,0
2026-02-04 15:00:00,2026-02-04 14:00:00,2026-02-04,14,2,2,19.02,31.410282,24.9,-12.390282135009766,12.390282135009766,< $50,0,0.018569635,0
2026-02-04 16:00:00,2026-02-04 15:00:00,2026-02-04,15,2,2,9.25,20.685654,19.02,-11.435653686523438,11.435653686523438,< $50,0,0.0041861143,0
2026-02-04 17:00:00,2026-02-04 16:00:00,2026-02-04,16,2,2,0.0,14.009706,9.25,-14.009705543518066,14.009705543518066,< $50,0,0.0010575968,0
2026-02-04 18:00:00,2026-02-04 17:00:00,2026-02-04,17,2,2,0.0,5.5689564,0.0,-5.56895637512207,5.56895637512207,< $50,0,0.00043102895,0
2026-02-04 19:00:00,2026-02-04 18:00:00,2026-02-04,18,2,2,0.0,0.0,0.0,0.0,0.0,< $50,0,0.00016427628,0
2026-02-04 20:00:00,2026-02-04 19:00:00,2026-02-04,19,2,2,13.9,8.90826,0.0,4.991739654541016,4.991739654541016,< $50,0,0.00047900583,0
2026-02-04 21:00:00,2026-02-04 20:00:00,2026-02-04,20,2,2,15.48,21.882729,13.9,-6.402728576660156,6.402728576660156,< $50,0,0.0013006155,0
2026-02-04 22:00:00,2026-02-04 21:00:00,2026-02-04,21,2,2,15.64,16.954994,15.48,-1.3149942016601557,1.3149942016601557,< $50,0,0.00092787377,0
2026-02-04 23:00:00,2026-02-04 22:00:00,2026-02-04,22,2,2,15.75,15.112873,15.64,0.6371269226074219,0.6371269226074219,< $50,0,0.0006980194,0
2026-02-05 00:00:00,2026-02-04 23:00:00,2026-02-04,23,2,2,15.74,14.878161,15.75,0.8618385696411135,0.8618385696411135,< $50,0,0.0007842048,0
2026-02-05 01:00:00,2026-02-05 00:00:00,2026-02-05,0,3,2,15.15,13.083001,15.74,2.066998863220215,2.066998863220215,< $50,0,0.00083172944,0
2026-02-05 02:00:00,2026-02-05 01:00:00,2026-02-05,1,3,2,13.44,12.571932,15.15,0.8680681610107417,0.8680681610107417,< $50,0,0.0003801077,0
2026-02-05 03:00:00,2026-02-05 02:00:00,2026-02-05,2,3,2,12.57,12.229206,13.44,0.34079391479492216,0.34079391479492216,< $50,0,0.00017068404,0
2026-02-05 04:00:00,2026-02-05 03:00:00,2026-02-05,3,3,2,12.58,11.6537695,12.57,0.9262305068969727,0.9262305068969727,< $50,0,0.00017648091,0
2026-02-05 05:00:00,2026-02-05 04:00:00,2026-02-05,4,3,2,1.11,12.506837,12.58,-11.396836891174317,11.396836891174317,< $50,0,0.00033962476,0
2026-02-05 06:00:00,2026-02-05 05:00:00,2026-02-05,5,3,2,5.41,3.5627732,1.11,1.8472267723083498,1.8472267723083498,< $50,0,0.00030215216,0
2026-02-05 07:00:00,2026-02-05 06:00:00,2026-02-05,6,3,2,12.57,16.643366,5.41,-4.073365859985351,4.073365859985351,< $50,0,0.00045019583,0
2026-02-05 08:00:00,2026-02-05 07:00:00,2026-02-05,7,3,2,11.38,18.091488,12.57,-6.711487884521484,6.711487884521484,< $50,0,0.00060443167,0
2026-02-05 09:00:00,2026-02-05 08:00:00,2026-02-05,8,3,2,4.6,12.259733,11.38,-7.6597332000732425,7.6597332000732425,< $50,0,7.83369e-05,0
2026-02-05 10:00:00,2026-02-05 09:00:00,2026-02-05,9,3,2,0.0,6.462526,4.6,-6.462525844573975,6.462525844573975,< $50,0,8.233039e-05,0
2026-02-05 11:00:00,2026-02-05 10:00:00,2026-02-05,10,3,2,0.0,3.6179953,0.0,-3.617995262145996,3.617995262145996,< $50,0,0.00013720829,0
2026-02-05 12:00:00,2026-02-05 11:00:00,2026-02-05,11,3,2,0.0,0.56491846,0.0,-0.5649184584617615,0.5649184584617615,< $50,0,0.00024664405,0
2026-02-05 13:00:00,2026-02-05 12:00:00,2026-02-05,12,3,2,0.0,1.1948625,0.0,-1.1948624849319458,1.1948624849319458,< $50,0,0.00028891477,0
2026-02-05 14:00:00,2026-02-05 13:00:00,2026-02-05,13,3,2,0.0,2.1706774,0.0,-2.170677423477173,2.170677423477173,< $50,0,0.0002507812,0
2026-02-05 15:00:00,2026-02-05 14:00:00,2026-02-05,14,3,2,0.0,2.0835426,0.0,-2.083542585372925,2.083542585372925,< $50,0,0.0002563442,0
2026-02-05 16:00:00,2026-02-05 15:00:00,2026-02-05,15,3,2,9.23,3.0575156,0.0,6.172484378814698,6.172484378814698,< $50,0,0.00086930447,0
2026-02-05 17:00:00,2026-02-05 16:00:00,2026-02-05,16,3,2,19.42,26.537575,9.23,-7.1175747680664045,7.1175747680664045,< $50,0,0.0017276149,0
2026-02-05 18:00:00,2026-02-05 17:00:00,2026-02-05,17,3,2,35.1,36.002518,19.42,-0.9025177001953111,0.9025177001953111,< $50,0,0.01118739,0
2026-02-05 19:00:00,2026-02-05 18:00:00,2026-02-05,18,3,2,58.7,44.79968,35.1,13.900321197509768,13.900321197509768,$50–100,0,0.009220934,0
2026-02-05 20:00:00,2026-02-05 19:00:00,2026-02-05,19,3,2,81.45,67.747025,58.7,13.70297546386719,13.70297546386719,$50–100,0,0.050443415,0
2026-02-05 21:00:00,2026-02-05 20:00:00,2026-02-05,20,3,2,49.88,95.81017,81.45,-45.930173034667966,45.930173034667966,< $50,0,0.3702731,0
2026-02-05 22:00:00,2026-02-05 21:00:00,2026-02-05,21,3,2,38.29,80.46001,49.88,-42.17000671386719,42.17000671386719,< $50,0,0.11293773,0
2026-02-05 23:00:00,2026-02-05 22:00:00,2026-02-05,22,3,2,35.87,33.60452,38.29,2.265481109619138,2.265481109619138,< $50,0,0.018060513,0
2026-02-06 00:00:00,2026-02-05 23:00:00,2026-02-05,23,3,2,32.11,32.86499,35.87,-0.7549902343750006,0.7549902343750006,< $50,0,0.04077415,0
2026-02-06 01:00:00,2026-02-06 00:00:00,2026-02-06,0,4,2,24.59,30.182188,32.11,-5.592188034057617,5.592188034057617,< $50,0,0.020327216,0
2026-02-06 02:00:00,2026-02-06 01:00:00,2026-02-06,1,4,2,22.07,23.193407,24.59,-1.12340705871582,1.12340705871582,< $50,0,0.008884307,0
2026-02-06 03:00:00,2026-02-06 02:00:00,2026-02-06,2,4,2,17.33,19.862295,22.07,-2.5322951507568376,2.5322951507568376,< $50,0,0.0052138944,0
2026-02-06 04:00:00,2026-02-06 03:00:00,2026-02-06,3,4,2,16.68,17.350014,17.33,-0.6700137329101565,0.6700137329101565,< $50,0,0.0034382376,0
2026-02-06 05:00:00,2026-02-06 04:00:00,2026-02-06,4,4,2,14.96,16.701757,16.68,-1.7417574310302726,1.7417574310302726,< $50,0,0.0045014066,0
2026-02-06 06:00:00,2026-02-06 05:00:00,2026-02-06,5,4,2,11.6,13.740496,14.96,-2.1404956817626957,2.1404956817626957,< $50,0,0.0016372014,0
2026-02-06 07:00:00,2026-02-06 06:00:00,2026-02-06,6,4,2,11.89,15.979796,11.6,-4.089796409606933,4.089796409606933,< $50,0,0.00045609914,0
2026-02-06 08:00:00,2026-02-06 07:00:00,2026-02-06,7,4,2,13.06,12.852886,11.89,0.20711380004882862,0.20711380004882862,< $50,0,0.00042126296,0
2026-02-06 09:00:00,2026-02-06 08:00:00,2026-02-06,8,4,2,13.35,16.596601,13.06,-3.246601486206055,3.246601486206055,< $50,0,0.00024800064,0
2026-02-06 10:00:00,2026-02-06 09:00:00,2026-02-06,9,4,2,11.24,14.046507,13.35,-2.806506881713867,2.806506881713867,< $50,0,0.00025624232,0
2026-02-06 11:00:00,2026-02-06 10:00:00,2026-02-06,10,4,2,9.18,9.358482,11.24,-0.17848236083984403,0.17848236083984403,< $50,0,0.00010482829,0
2026-02-06 12:00:00,2026-02-06 11:00:00,2026-02-06,11,4,2,11.42,11.220278,9.18,0.19972221374511712,0.19972221374511712,< $50,0,0.00013667239,0
2026-02-06 13:00:00,2026-02-06 12:00:00,2026-02-06,12,4,2,14.12,15.005209,11.42,-0.8852089691162117,0.8852089691162117,< $50,0,0.00046809218,0
2026-02-06 14:00:00,2026-02-06 13:00:00,2026-02-06,13,4,2,16.46,18.180502,14.12,-1.72050193786621,1.72050193786621,< $50,0,0.00094399153,0
2026-02-06 15:00:00,2026-02-06 14:00:00,2026-02-06,14,4,2,14.1,27.851748,16.46,-13.751747512817383,13.751747512817383,< $50,0,0.0028828527,0
2026-02-06 16:00:00,2026-02-06 15:00:00,2026-02-06,15,4,2,14.17,15.678042,14.1,-1.5080424118041993,1.5080424118041993,< $50,0,0.0021465488,0
2026-02-06 17:00:00,2026-02-06 16:00:00,2026-02-06,16,4,2,15.29,19.68371,14.17,-4.393710098266602,4.393710098266602,< $50,0,0.0054790615,0
2026-02-06 18:00:00,2026-02-06 17:00:00,2026-02-06,17,4,2,14.85,18.440075,15.29,-3.5900749206542972,3.5900749206542972,< $50,0,0.003355875,0
2026-02-06 19:00:00,2026-02-06 18:00:00,2026-02-06,18,4,2,14.24,12.279491,14.85,1.9605085754394533,1.9605085754394533,< $50,0,0.0011032036,0
2026-02-06 20:00:00,2026-02-06 19:00:00,2026-02-06,19,4,2,14.04,19.074718,14.24,-5.034718475341798,5.034718475341798,< $50,0,0.0017587526,0
2026-02-06 21:00:00,2026-02-06 20:00:00,2026-02-06,20,4,2,13.33,17.11377,14.04,-3.78376953125,3.78376953125,< $50,0,0.00130843,0
2026-02-06 22:00:00,2026-02-06 21:00:00,2026-02-06,21,4,2,12.25,13.617304,13.33,-1.3673038482666016,1.3673038482666016,< $50,0,0.0004882437,0
2026-02-06 23:00:00,2026-02-06 22:00:00,2026-02-06,22,4,2,7.39,11.811852,12.25,-4.4218524551391605,4.4218524551391605,< $50,0,0.00024379844,0
2026-02-07 00:00:00,2026-02-06 23:00:00,2026-02-06,23,4,2,10.22,6.2138357,7.39,4.006164283752442,4.006164283752442,< $50,0,0.00067192846,0
2026-02-07 01:00:00,2026-02-07 00:00:00,2026-02-07,0,5,2,10.03,12.691661,10.22,-2.661660881042481,2.661660881042481,< $50,0,0.0006030538,0
2026-02-07 02:00:00,2026-02-07 01:00:00,2026-02-07,1,5,2,2.94,8.213584,10.03,-5.273583946228028,5.273583946228028,< $50,0,0.0002437538,0
2026-02-07 03:00:00,2026-02-07 02:00:00,2026-02-07,2,5,2,5.1,3.7314565,2.94,1.3685434818267819,1.3685434818267819,< $50,0,0.00021658039,0
2026-02-07 04:00:00,2026-02-07 03:00:00,2026-02-07,3,5,2,10.15,8.500576,5.1,1.649423980712891,1.649423980712891,< $50,0,0.0005801807,0
2026-02-07 05:00:00,2026-02-07 04:00:00,2026-02-07,4,5,2,11.59,13.151799,10.15,-1.5617992019653322,1.5617992019653322,< $50,0,0.0006370534,0
2026-02-07 06:00:00,2026-02-07 05:00:00,2026-02-07,5,5,2,11.1,14.918833,11.59,-3.8188327789306644,3.8188327789306644,< $50,0,0.0004846102,0
2026-02-07 07:00:00,2026-02-07 06:00:00,2026-02-07,6,5,2,5.24,15.467937,11.1,-10.227937469482422,10.227937469482422,< $50,0,0.00018395322,0
2026-02-07 08:00:00,2026-02-07 07:00:00,2026-02-07,7,5,2,11.11,5.859762,5.24,5.2502378082275385,5.2502378082275385,< $50,0,0.00019148445,0
2026-02-07 09:00:00,2026-02-07 08:00:00,2026-02-07,8,5,2,14.16,14.549397,11.11,-0.3893974685668944,0.3893974685668944,< $50,0,0.0005579367,0
2026-02-07 10:00:00,2026-02-07 09:00:00,2026-02-07,9,5,2,14.69,17.193415,14.16,-2.503414688110352,2.503414688110352,< $50,0,0.0010617904,0
2026-02-07 11:00:00,2026-02-07 10:00:00,2026-02-07,10,5,2,10.54,14.569959,14.69,-4.029958686828614,4.029958686828614,< $50,0,0.00070971943,0
2026-02-07 12:00:00,2026-02-07 11:00:00,2026-02-07,11,5,2,10.46,9.617974,10.54,0.8420257186889657,0.8420257186889657,< $50,0,0.0001777814,0
2026-02-07 13:00:00,2026-02-07 12:00:00,2026-02-07,12,5,2,5.22,9.412806,10.46,-4.192805557250977,4.192805557250977,< $50,0,0.0003985851,0
2026-02-07 14:00:00,2026-02-07 13:00:00,2026-02-07,13,5,2,0.0,5.0277805,5.22,-5.027780532836914,5.027780532836914,< $50,0,0.00038974205,0
2026-02-07 15:00:00,2026-02-07 14:00:00,2026-02-07,14,5,2,0.0,1.9305774,0.0,-1.9305773973464966,1.9305773973464966,< $50,0,0.00051758735,0
2026-02-07 16:00:00,2026-02-07 15:00:00,2026-02-07,15,5,2,0.0,1.8670058,0.0,-1.8670058250427246,1.8670058250427246,< $50,0,0.0006589461,0
2026-02-07 17:00:00,2026-02-07 16:00:00,2026-02-07,16,5,2,9.29,3.1049807,0.0,6.18501929283142,6.18501929283142,< $50,0,0.00036328312,0
2026-02-07 18:00:00,2026-02-07 17:00:00,2026-02-07,17,5,2,10.09,17.253809,9.29,-7.163808975219727,7.163808975219727,< $50,0,0.0006477451,0
2026-02-07 19:00:00,2026-02-07 18:00:00,2026-02-07,18,5,2,2.31,9.459492,10.09,-7.149491729736328,7.149491729736328,< $50,0,0.000104153034,0
2026-02-07 20:00:00,2026-02-07 19:00:00,2026-02-07,19,5,2,0.0,10.806737,2.31,-10.806736946105957,10.806736946105957,< $50,0,0.0002905135,0
2026-02-07 21:00:00,2026-02-07 20:00:00,2026-02-07,20,5,2,0.0,3.7555873,0.0,-3.755587339401245,3.755587339401245,< $50,0,0.0002974039,0
2026-02-07 22:00:00,2026-02-07 21:00:00,2026-02-07,21,5,2,1.48,0.71023315,0.0,0.7697668480873108,0.7697668480873108,< $50,0,0.00047359307,0
2026-02-07 23:00:00,2026-02-07 22:00:00,2026-02-07,22,5,2,9.8,6.749419,1.48,3.050580787658692,3.050580787658692,< $50,0,0.0004589059,0
2026-02-08 00:00:00,2026-02-07 23:00:00,2026-02-07,23,5,2,0.01,15.734451,9.8,-15.724451293945313,15.724451293945313,< $50,0,0.001586515,0
2026-02-08 01:00:00,2026-02-08 00:00:00,2026-02-08,0,6,2,0.84,1.1320723,0.01,-0.29207232952117923,0.29207232952117923,< $50,0,0.00021073974,0
2026-02-08 02:00:00,2026-02-08 01:00:00,2026-02-08,1,6,2,0.01,5.07008,0.84,-5.060079803466797,5.060079803466797,< $50,0,0.00068577036,0
2026-02-08 03:00:00,2026-02-08 02:00:00,2026-02-08,2,6,2,0.0,1.2871622,0.01,-1.287162184715271,1.287162184715271,< $50,0,0.0002408451,0
2026-02-08 04:00:00,2026-02-08 03:00:00,2026-02-08,3,6,2,0.0,1.3495724,0.0,-1.3495724201202393,1.3495724201202393,< $50,0,0.00046531798,0
2026-02-08 05:00:00,2026-02-08 04:00:00,2026-02-08,4,6,2,0.0,1.3659093,0.0,-1.3659093379974365,1.3659093379974365,< $50,0,0.00033789873,0
2026-02-08 06:00:00,2026-02-08 05:00:00,2026-02-08,5,6,2,0.0,2.2850504,0.0,-2.285050392150879,2.285050392150879,< $50,0,0.00047740815,0
2026-02-08 07:00:00,2026-02-08 06:00:00,2026-02-08,6,6,2,0.0,7.1316824,0.0,-7.131682395935059,7.131682395935059,< $50,0,0.00015481016,0
2026-02-08 08:00:00,2026-02-08 07:00:00,2026-02-08,7,6,2,0.0,1.9495777,0.0,-1.9495776891708374,1.9495776891708374,< $50,0,0.00032055425,0
2026-02-08 09:00:00,2026-02-08 08:00:00,2026-02-08,8,6,2,0.0,0.756498,0.0,-0.7564979791641235,0.7564979791641235,< $50,0,0.0002153098,0
2026-02-08 10:00:00,2026-02-08 09:00:00,2026-02-08,9,6,2,0.0,0.6869623,0.0,-0.6869623064994812,0.6869623064994812,< $50,0,0.0003292591,0
2026-02-08 11:00:00,2026-02-08 10:00:00,2026-02-08,10,6,2,0.0,0.7974343,0.0,-0.7974342703819275,0.7974342703819275,< $50,0,0.00018659495,0
2026-02-08 12:00:00,2026-02-08 11:00:00,2026-02-08,11,6,2,0.01,0.9214169,0.0,-0.9114168787002563,0.9114168787002563,< $50,0,0.0003656212,0
2026-02-08 13:00:00,2026-02-08 12:00:00,2026-02-08,12,6,2,9.06,1.7291175,0.01,7.330882487297059,7.330882487297059,< $50,0,0.00043247646,0
2026-02-08 14:00:00,2026-02-08 13:00:00,2026-02-08,13,6,2,7.5,16.693777,9.06,-9.193777084350586,9.193777084350586,< $50,0,0.0010448835,0
2026-02-08 15:00:00,2026-02-08 14:00:00,2026-02-08,14,6,2,0.0,7.2672596,7.5,-7.26725959777832,7.26725959777832,< $50,0,0.000294696,0
2026-02-08 16:00:00,2026-02-08 15:00:00,2026-02-08,15,6,2,0.0,3.3664203,0.0,-3.366420269012451,3.366420269012451,< $50,0,0.000643712,0
2026-02-08 17:00:00,2026-02-08 16:00:00,2026-02-08,16,6,2,10.69,4.3833904,0.0,6.306609573364257,6.306609573364257,< $50,0,0.0007412904,0
2026-02-08 18:00:00,2026-02-08 17:00:00,2026-02-08,17,6,2,11.96,24.93416,10.69,-12.974160232543944,12.974160232543944,< $50,0,0.001188129,0
2026-02-08 19:00:00,2026-02-08 18:00:00,2026-02-08,18,6,2,12.33,12.606779,11.96,-0.2767790985107421,0.2767790985107421,< $50,0,0.00010196201,0
2026-02-08 20:00:00,2026-02-08 19:00:00,2026-02-08,19,6,2,15.76,17.243814,12.33,-1.4838144683837893,1.4838144683837893,< $50,0,0.00024318694,0
2026-02-08 21:00:00,2026-02-08 20:00:00,2026-02-08,20,6,2,16.04,17.574146,15.76,-1.534146270751954,1.534146270751954,< $50,0,0.0006354065,0
2026-02-08 22:00:00,2026-02-08 21:00:00,2026-02-08,21,6,2,16.04,14.797191,16.04,1.2428093338012687,1.2428093338012687,< $50,0,0.00042989288,0
2026-02-08 23:00:00,2026-02-08 22:00:00,2026-02-08,22,6,2,15.34,12.972642,16.04,2.367358055114746,2.367358055114746,< $50,0,0.00034118362,0
2026-02-09 00:00:00,2026-02-08 23:00:00,2026-02-08,23,6,2,15.3,12.027127,15.34,3.272872734069825,3.272872734069825,< $50,0,0.00057880435,0
2026-02-09 01:00:00,2026-02-09 00:00:00,2026-02-09,0,0,2,19.4,12.857474,15.3,6.542525672912596,6.542525672912596,< $50,0,0.00039773033,0
2026-02-09 02:00:00,2026-02-09 01:00:00,2026-02-09,1,0,2,20.58,22.36357,19.4,-1.7835692596435564,1.7835692596435564,< $50,0,0.0037303858,0
2026-02-09 03:00:00,2026-02-09 02:00:00,2026-02-09,2,0,2,21.36,21.478062,20.58,-0.1180616760253912,0.1180616760253912,< $50,0,0.0036807307,0
2026-02-09 04:00:00,2026-02-09 03:00:00,2026-02-09,3,0,2,21.55,21.455753,21.36,0.09424667358398509,0.09424667358398509,< $50,0,0.002150634,0
2026-02-09 05:00:00,2026-02-09 04:00:00,2026-02-09,4,0,2,27.91,21.114819,21.55,6.795181427001953,6.795181427001953,< $50,0,0.0018660724,0
2026-02-09 06:00:00,2026-02-09 05:00:00,2026-02-09,5,0,2,32.63,32.94251,27.91,-0.31250869750976307,0.31250869750976307,< $50,0,0.007210706,0
2026-02-09 07:00:00,2026-02-09 06:00:00,2026-02-09,6,0,2,57.53,44.94599,32.63,12.58400848388672,12.58400848388672,$50–100,0,0.0050233873,0
2026-02-09 08:00:00,2026-02-09 07:00:00,2026-02-09,7,0,2,71.35,67.5145,57.53,3.835496520996088,3.835496520996088,$50–100,0,0.043815352,0
2026-02-09 09:00:00,2026-02-09 08:00:00,2026-02-09,8,0,2,144.6,68.61312,71.35,75.98687896728515,75.98687896728515,$100–250,1,0.08150274,0
2026-02-09 10:00:00,2026-02-09 09:00:00,2026-02-09,9,0,2,61.25,154.34258,144.6,-93.09257507324219,93.09257507324219,$50–100,0,0.76287645,1
2026-02-09 11:00:00,2026-02-09 10:00:00,2026-02-09,10,0,2,33.29,94.82878,61.25,-61.53878112792969,61.53878112792969,< $50,0,0.0467869,0
2026-02-09 12:00:00,2026-02-09 11:00:00,2026-02-09,11,0,2,24.09,36.645428,33.29,-12.555427703857422,12.555427703857422,< $50,0,0.022751866,0
2026-02-09 13:00:00,2026-02-09 12:00:00,2026-02-09,12,0,2,23.39,32.424046,24.09,-9.03404556274414,9.03404556274414,< $50,0,0.009995048,0
2026-02-09 14:00:00,2026-02-09 13:00:00,2026-02-09,13,0,2,23.1,30.557955,23.39,-7.457954788208006,7.457954788208006,< $50,0,0.0108004045,0
2026-02-09 15:00:00,2026-02-09 14:00:00,2026-02-09,14,0,2,19.75,26.840134,23.1,-7.0901336669921875,7.0901336669921875,< $50,0,0.010900337,0
2026-02-09 16:00:00,2026-02-09 15:00:00,2026-02-09,15,0,2,19.04,20.561481,19.75,-1.521481475830079,1.521481475830079,< $50,0,0.013613349,0
2026-02-09 17:00:00,2026-02-09 16:00:00,2026-02-09,16,0,2,31.61,20.978764,19.04,10.631236419677734,10.631236419677734,< $50,0,0.008260828,0
2026-02-09 18:00:00,2026-02-09 17:00:00,2026-02-09,17,0,2,31.27,49.851406,31.61,-18.58140609741211,18.58140609741211,< $50,0,0.07184093,0
2026-02-09 19:00:00,2026-02-09 18:00:00,2026-02-09,18,0,2,27.37,31.948437,31.27,-4.578436737060546,4.578436737060546,< $50,0,0.007370478,0
2026-02-09 20:00:00,2026-02-09 19:00:00,2026-02-09,19,0,2,16.78,31.904335,27.37,-15.124335021972655,15.124335021972655,< $50,0,0.014773875,0
2026-02-09 21:00:00,2026-02-09 20:00:00,2026-02-09,20,0,2,12.87,17.525597,16.78,-4.6555966186523445,4.6555966186523445,< $50,0,0.0047140894,0
2026-02-09 22:00:00,2026-02-09 21:00:00,2026-02-09,21,0,2,13.05,13.13868,12.87,-0.08868045806884695,0.08868045806884695,< $50,0,0.0010417352,0
2026-02-09 23:00:00,2026-02-09 22:00:00,2026-02-09,22,0,2,12.65,14.940293,13.05,-2.2902933120727536,2.2902933120727536,< $50,0,0.00064917677,0
2026-02-10 00:00:00,2026-02-09 23:00:00,2026-02-09,23,0,2,14.09,12.50301,12.65,1.5869902038574217,1.5869902038574217,< $50,0,0.0013860646,0
2026-02-10 01:00:00,2026-02-10 00:00:00,2026-02-10,0,1,2,13.43,17.656088,14.09,-4.226087875366211,4.226087875366211,< $50,0,0.002114589,0
2026-02-10 02:00:00,2026-02-10 01:00:00,2026-02-10,1,1,2,11.05,11.514589,13.43,-0.4645893096923821,0.4645893096923821,< $50,0,0.00035932395,0
2026-02-10 03:00:00,2026-02-10 02:00:00,2026-02-10,2,1,2,11.81,10.687702,11.05,1.1222978210449224,1.1222978210449224,< $50,0,0.00071979535,0
2026-02-10 04:00:00,2026-02-10 03:00:00,2026-02-10,3,1,2,11.34,12.953014,11.81,-1.613014373779297,1.613014373779297,< $50,0,0.0010113978,0
2026-02-10 05:00:00,2026-02-10 04:00:00,2026-02-10,4,1,2,13.54,10.72872,11.34,2.811280288696288,2.811280288696288,< $50,0,0.0007711801,0
2026-02-10 06:00:00,2026-02-10 05:00:00,2026-02-10,5,1,2,16.95,18.129484,13.54,-1.179484176635743,1.179484176635743,< $50,0,0.0008713785,0
2026-02-10 07:00:00,2026-02-10 06:00:00,2026-02-10,6,1,2,17.93,27.924517,16.95,-9.994516677856446,9.994516677856446,< $50,0,0.0027132186,0
2026-02-10 08:00:00,2026-02-10 07:00:00,2026-02-10,7,1,2,19.87,21.821287,17.93,-1.9512871551513662,1.9512871551513662,< $50,0,0.002653717,0
2026-02-10 09:00:00,2026-02-10 08:00:00,2026-02-10,8,1,2,17.14,26.853207,19.87,-9.713206634521484,9.713206634521484,< $50,0,0.0026364694,0
2026-02-10 10:00:00,2026-02-10 09:00:00,2026-02-10,9,1,2,12.73,17.294401,17.14,-4.564401168823242,4.564401168823242,< $50,0,0.00095792074,0
2026-02-10 11:00:00,2026-02-10 10:00:00,2026-02-10,10,1,2,12.36,10.616749,12.73,1.7432511901855463,1.7432511901855463,< $50,0,0.00019480682,0
2026-02-10 12:00:00,2026-02-10 11:00:00,2026-02-10,11,1,2,11.85,11.383085,12.36,0.46691474914550746,0.46691474914550746,< $50,0,0.00021467658,0
2026-02-10 13:00:00,2026-02-10 12:00:00,2026-02-10,12,1,2,12.06,11.304628,11.85,0.7553716278076177,0.7553716278076177,< $50,0,0.00022280987,0
2026-02-10 14:00:00,2026-02-10 13:00:00,2026-02-10,13,1,2,14.74,14.841226,12.06,-0.10122562408447244,0.10122562408447244,< $50,0,0.00072868686,0
2026-02-10 15:00:00,2026-02-10 14:00:00,2026-02-10,14,1,2,15.14,18.806026,14.74,-3.666026458740234,3.666026458740234,< $50,0,0.0022653749,0
2026-02-10 16:00:00,2026-02-10 15:00:00,2026-02-10,15,1,2,14.39,17.149784,15.14,-2.759784088134765,2.759784088134765,< $50,0,0.0034714045,0
2026-02-10 17:00:00,2026-02-10 16:00:00,2026-02-10,16,1,2,22.03,16.481262,14.39,5.548737792968751,5.548737792968751,< $50,0,0.0008898676,0
2026-02-10 18:00:00,2026-02-10 17:00:00,2026-02-10,17,1,2,28.02,32.761074,22.03,-4.74107406616211,4.74107406616211,< $50,0,0.008200939,0
2026-02-10 19:00:00,2026-02-10 18:00:00,2026-02-10,18,1,2,21.82,44.51909,28.02,-22.699088745117187,22.699088745117187,< $50,0,0.004901962,0
2026-02-10 20:00:00,2026-02-10 19:00:00,2026-02-10,19,1,2,15.51,23.73008,21.82,-8.220079650878906,8.220079650878906,< $50,0,0.0023490363,0
2026-02-10 21:00:00,2026-02-10 20:00:00,2026-02-10,20,1,2,13.99,15.775955,15.51,-1.7859552001953123,1.7859552001953123,< $50,0,0.00046777615,0
2026-02-10 22:00:00,2026-02-10 21:00:00,2026-02-10,21,1,2,13.24,12.748571,13.99,0.4914286041259768,0.4914286041259768,< $50,0,0.0004265822,0
2026-02-10 23:00:00,2026-02-10 22:00:00,2026-02-10,22,1,2,13.09,11.732702,13.24,1.3572977447509764,1.3572977447509764,< $50,0,0.00021105987,0
2026-02-11 00:00:00,2026-02-10 23:00:00,2026-02-10,23,1,2,11.63,12.184106,13.09,-0.5541058731079094,0.5541058731079094,< $50,0,0.00061423803,0
2026-02-11 01:00:00,2026-02-11 00:00:00,2026-02-11,0,2,2,11.08,11.417855,11.63,-0.3378552627563476,0.3378552627563476,< $50,0,0.0002664413,0
2026-02-11 02:00:00,2026-02-11 01:00:00,2026-02-11,1,2,2,10.66,9.646721,11.08,1.0132791137695314,1.0132791137695314,< $50,0,0.00029590717,0
2026-02-11 03:00:00,2026-02-11 02:00:00,2026-02-11,2,2,2,9.86,9.750168,10.66,0.10983215332031193,0.10983215332031193,< $50,0,0.0005794852,0
2026-02-11 04:00:00,2026-02-11 03:00:00,2026-02-11,3,2,2,10.99,9.415833,9.86,1.5741665267944338,1.5741665267944338,< $50,0,0.000694321,0
2026-02-11 05:00:00,2026-02-11 04:00:00,2026-02-11,4,2,2,11.64,13.092009,10.99,-1.4520085906982416,1.4520085906982416,< $50,0,0.0008541946,0
2026-02-11 06:00:00,2026-02-11 05:00:00,2026-02-11,5,2,2,14.67,14.150534,11.64,0.519466323852539,0.519466323852539,< $50,0,0.0004964695,0
2026-02-11 07:00:00,2026-02-11 06:00:00,2026-02-11,6,2,2,16.9,25.225325,14.67,-8.325324630737306,8.325324630737306,< $50,0,0.0014878679,0
2026-02-11 08:00:00,2026-02-11 07:00:00,2026-02-11,7,2,2,25.09,23.476576,16.9,1.6134241485595702,1.6134241485595702,< $50,0,0.0017581233,0
2026-02-11 09:00:00,2026-02-11 08:00:00,2026-02-11,8,2,2,27.59,48.777584,25.09,-21.187584075927735,21.187584075927735,< $50,0,0.0026882745,0
2026-02-11 10:00:00,2026-02-11 09:00:00,2026-02-11,9,2,2,20.63,32.65212,27.59,-12.02211868286133,12.02211868286133,< $50,0,0.0062819165,0
2026-02-11 11:00:00,2026-02-11 10:00:00,2026-02-11,10,2,2,20.93,18.952526,20.63,1.9774739074707028,1.9774739074707028,< $50,0,0.0010731188,0
2026-02-11 12:00:00,2026-02-11 11:00:00,2026-02-11,11,2,2,20.89,20.707466,20.93,0.18253387451171932,0.18253387451171932,< $50,0,0.0035375431,0
2026-02-11 13:00:00,2026-02-11 12:00:00,2026-02-11,12,2,2,20.96,22.605995,20.89,-1.6459951782226554,1.6459951782226554,< $50,0,0.0018172927,0
2026-02-11 14:00:00,2026-02-11 13:00:00,2026-02-11,13,2,2,19.53,23.673267,20.96,-4.143267364501952,4.143267364501952,< $50,0,0.0027061712,0
2026-02-11 15:00:00,2026-02-11 14:00:00,2026-02-11,14,2,2,15.03,21.494432,19.53,-6.464432449340821,6.464432449340821,< $50,0,0.0014150167,0
2026-02-11 16:00:00,2026-02-11 15:00:00,2026-02-11,15,2,2,14.82,17.105495,15.03,-2.285495452880859,2.285495452880859,< $50,0,0.0016157675,0
2026-02-11 17:00:00,2026-02-11 16:00:00,2026-02-11,16,2,2,23.68,21.578136,14.82,2.101863555908203,2.101863555908203,< $50,0,0.0008120106,0
2026-02-11 18:00:00,2026-02-11 17:00:00,2026-02-11,17,2,2,30.98,46.97665,23.68,-15.996650238037109,15.996650238037109,< $50,0,0.007550142,0
2026-02-11 19:00:00,2026-02-11 18:00:00,2026-02-11,18,2,2,31.14,37.317825,30.98,-6.177825317382812,6.177825317382812,< $50,0,0.002913329,0
2026-02-11 20:00:00,2026-02-11 19:00:00,2026-02-11,19,2,2,25.65,35.812294,31.14,-10.162294006347658,10.162294006347658,< $50,0,0.007126795,0
2026-02-11 21:00:00,2026-02-11 20:00:00,2026-02-11,20,2,2,21.51,25.905453,25.65,-4.395452728271483,4.395452728271483,< $50,0,0.0051905867,0
2026-02-11 22:00:00,2026-02-11 21:00:00,2026-02-11,21,2,2,15.88,23.158062,21.51,-7.278061981201171,7.278061981201171,< $50,0,0.0040382463,0
2026-02-11 23:00:00,2026-02-11 22:00:00,2026-02-11,22,2,2,12.88,16.177324,15.88,-3.2973242950439445,3.2973242950439445,< $50,0,0.0010062093,0
2026-02-12 00:00:00,2026-02-11 23:00:00,2026-02-11,23,2,2,11.78,13.643495,12.88,-1.863494606018067,1.863494606018067,< $50,0,0.0011461786,0
2026-02-12 01:00:00,2026-02-12 00:00:00,2026-02-12,0,3,2,10.16,10.877636,11.78,-0.7176359558105467,0.7176359558105467,< $50,0,0.00030921708,0
2026-02-12 02:00:00,2026-02-12 01:00:00,2026-02-12,1,3,2,4.13,9.757428,10.16,-5.627428169250488,5.627428169250488,< $50,0,0.0004918824,0
2026-02-12 03:00:00,2026-02-12 02:00:00,2026-02-12,2,3,2,6.47,5.8616037,4.13,0.6083962631225583,0.6083962631225583,< $50,0,0.00045794778,0
2026-02-12 04:00:00,2026-02-12 03:00:00,2026-02-12,3,3,2,11.61,11.577954,6.47,0.03204570770263615,0.03204570770263615,< $50,0,0.0009919136,0
2026-02-12 05:00:00,2026-02-12 04:00:00,2026-02-12,4,3,2,12.38,16.221788,11.61,-3.8417884063720695,3.8417884063720695,< $50,0,0.001302872,0
2026-02-12 06:00:00,2026-02-12 05:00:00,2026-02-12,5,3,2,15.15,15.854767,12.38,-0.7047668457031246,0.7047668457031246,< $50,0,0.00036960864,0
2026-02-12 07:00:00,2026-02-12 06:00:00,2026-02-12,6,3,2,18.38,24.545115,15.15,-6.165114517211915,6.165114517211915,< $50,0,0.0009495459,0
2026-02-12 08:00:00,2026-02-12 07:00:00,2026-02-12,7,3,2,16.12,24.39453,18.38,-8.274529342651366,8.274529342651366,< $50,0,0.001113682,0
2026-02-12 09:00:00,2026-02-12 08:00:00,2026-02-12,8,3,2,15.77,16.28529,16.12,-0.5152897644042973,0.5152897644042973,< $50,0,0.00014872811,0
2026-02-12 10:00:00,2026-02-12 09:00:00,2026-02-12,9,3,2,16.65,13.22641,15.77,3.4235900878906236,3.4235900878906236,< $50,0,0.00026848822,0
2026-02-12 11:00:00,2026-02-12 10:00:00,2026-02-12,10,3,2,19.0,17.784462,16.65,1.2155380249023438,1.2155380249023438,< $50,0,0.0004649513,0
2026-02-12 12:00:00,2026-02-12 11:00:00,2026-02-12,11,3,2,21.6,21.053637,19.0,0.5463634490966811,0.5463634490966811,< $50,0,0.00082782545,0
2026-02-12 13:00:00,2026-02-12 12:00:00,2026-02-12,12,3,2,22.83,25.593609,21.6,-2.7636088562011736,2.7636088562011736,< $50,0,0.0017478955,0
2026-02-12 14:00:00,2026-02-12 13:00:00,2026-02-12,13,3,2,23.08,26.135225,22.83,-3.0552252960205095,3.0552252960205095,< $50,0,0.0012971418,0
2026-02-12 15:00:00,2026-02-12 14:00:00,2026-02-12,14,3,2,23.82,24.091925,23.08,-0.27192466735839815,0.27192466735839815,< $50,0,0.0016015368,0
2026-02-12 16:00:00,2026-02-12 15:00:00,2026-02-12,15,3,2,16.36,25.616402,23.82,-9.256401672363282,9.256401672363282,< $50,0,0.0060722623,0
2026-02-12 17:00:00,2026-02-12 16:00:00,2026-02-12,16,3,2,22.73,21.384516,16.36,1.3454842376708989,1.3454842376708989,< $50,0,0.0012638194,0
2026-02-12 18:00:00,2026-02-12 17:00:00,2026-02-12,17,3,2,30.09,34.174282,22.73,-4.0842820739746095,4.0842820739746095,< $50,0,0.010446733,0
2026-02-12 19:00:00,2026-02-12 18:00:00,2026-02-12,18,3,2,25.54,35.01326,30.09,-9.473259887695313,9.473259887695313,< $50,0,0.004586012,0
2026-02-12 20:00:00,2026-02-12 19:00:00,2026-02-12,19,3,2,18.71,28.621542,25.54,-9.91154197692871,9.91154197692871,< $50,0,0.0040476196,0
2026-02-12 21:00:00,2026-02-12 20:00:00,2026-02-12,20,3,2,15.84,19.369265,18.71,-3.529264602661133,3.529264602661133,< $50,0,0.0010310222,0
2026-02-12 22:00:00,2026-02-12 21:00:00,2026-02-12,21,3,2,11.5,14.553649,15.84,-3.0536489486694336,3.0536489486694336,< $50,0,0.0005284084,0
2026-02-12 23:00:00,2026-02-12 22:00:00,2026-02-12,22,3,2,4.88,10.5356865,11.5,-5.655686492919922,5.655686492919922,< $50,0,0.0001780941,0
2026-02-13 00:00:00,2026-02-12 23:00:00,2026-02-12,23,3,2,8.48,5.485411,4.88,2.994588832855225,2.994588832855225,< $50,0,0.0005331262,0
2026-02-13 01:00:00,2026-02-13 00:00:00,2026-02-13,0,4,2,10.76,13.095589,8.48,-2.3355886840820315,2.3355886840820315,< $50,0,0.0004771004,0
2026-02-13 02:00:00,2026-02-13 01:00:00,2026-02-13,1,4,2,3.38,13.066729,10.76,-9.686728591918946,9.686728591918946,< $50,0,0.0007095808,0
2026-02-13 03:00:00,2026-02-13 02:00:00,2026-02-13,2,4,2,0.0,3.9043815,3.38,-3.904381513595581,3.904381513595581,< $50,0,0.00037794118,0
2026-02-13 04:00:00,2026-02-13 03:00:00,2026-02-13,3,4,2,5.18,1.4818162,0.0,3.6981838274002072,3.6981838274002072,< $50,0,0.00035613173,0
2026-02-13 05:00:00,2026-02-13 04:00:00,2026-02-13,4,4,2,6.3,8.837323,5.18,-2.5373231887817385,2.5373231887817385,< $50,0,0.00040617,0
2026-02-13 06:00:00,2026-02-13 05:00:00,2026-02-13,5,4,2,10.37,8.659787,6.3,1.7102128219604484,1.7102128219604484,< $50,0,0.00040778998,0
2026-02-13 07:00:00,2026-02-13 06:00:00,2026-02-13,6,4,2,13.28,19.507912,10.37,-6.227911682128907,6.227911682128907,< $50,0,0.0005372749,0
2026-02-13 08:00:00,2026-02-13 07:00:00,2026-02-13,7,4,2,19.75,16.953863,13.28,2.7961368560791016,2.7961368560791016,< $50,0,0.00031856485,0
2026-02-13 09:00:00,2026-02-13 08:00:00,2026-02-13,8,4,2,28.76,23.143444,19.75,5.616555938720705,5.616555938720705,< $50,0,0.0013554294,0
2026-02-13 10:00:00,2026-02-13 09:00:00,2026-02-13,9,4,2,42.21,39.01065,28.76,3.199349365234376,3.199349365234376,< $50,0,0.007699865,0
2026-02-13 11:00:00,2026-02-13 10:00:00,2026-02-13,10,4,2,27.59,44.73878,42.21,-17.148780975341797,17.148780975341797,< $50,0,0.016619895,0
2026-02-13 12:00:00,2026-02-13 11:00:00,2026-02-13,11,4,2,24.18,25.525812,27.59,-1.3458121490478518,1.3458121490478518,< $50,0,0.009655627,0
2026-02-13 13:00:00,2026-02-13 12:00:00,2026-02-13,12,4,2,28.16,22.986456,24.18,5.173544082641602,5.173544082641602,< $50,0,0.0028127572,0
2026-02-13 14:00:00,2026-02-13 13:00:00,2026-02-13,13,4,2,29.9,36.199184,28.16,-6.299184417724611,6.299184417724611,< $50,0,0.0099225575,0
2026-02-13 15:00:00,2026-02-13 14:00:00,2026-02-13,14,4,2,50.02,33.709156,29.9,16.31084396362305,16.31084396362305,$50–100,0,0.0058902167,0
2026-02-13 16:00:00,2026-02-13 15:00:00,2026-02-13,15,4,2,27.83,57.164,50.02,-29.33400146484375,29.33400146484375,< $50,0,0.07704846,0
2026-02-13 17:00:00,2026-02-13 16:00:00,2026-02-13,16,4,2,21.41,26.077997,27.83,-4.667997207641601,4.667997207641601,< $50,0,0.023546638,0
2026-02-13 18:00:00,2026-02-13 17:00:00,2026-02-13,17,4,2,23.64,25.621918,21.41,-1.9819177246093744,1.9819177246093744,< $50,0,0.0064467737,0
2026-02-13 19:00:00,2026-02-13 18:00:00,2026-02-13,18,4,2,34.06,24.44651,23.64,9.613489685058596,9.613489685058596,< $50,0,0.0043244106,0
2026-02-13 20:00:00,2026-02-13 19:00:00,2026-02-13,19,4,2,27.9,49.4854,34.06,-21.585401153564455,21.585401153564455,< $50,0,0.02976372,0
2026-02-13 21:00:00,2026-02-13 20:00:00,2026-02-13,20,4,2,17.2,30.089563,27.9,-12.889563369750977,12.889563369750977,< $50,0,0.0104152765,0
2026-02-13 22:00:00,2026-02-13 21:00:00,2026-02-13,21,4,2,14.97,14.234933,17.2,0.735067100524903,0.735067100524903,< $50,0,0.003014184,0
2026-02-13 23:00:00,2026-02-13 22:00:00,2026-02-13,22,4,2,16.17,11.738951,14.97,4.4310492706298845,4.4310492706298845,< $50,0,0.0009463347,0
2026-02-14 00:00:00,2026-02-13 23:00:00,2026-02-13,23,4,2,20.69,16.676085,16.17,4.013915481567384,4.013915481567384,< $50,0,0.003229105,0
2026-02-14 01:00:00,2026-02-14 00:00:00,2026-02-14,0,5,2,18.2,22.043388,20.69,-3.8433883666992195,3.8433883666992195,< $50,0,0.0033900924,0
2026-02-14 02:00:00,2026-02-14 01:00:00,2026-02-14,1,5,2,14.53,17.411917,18.2,-2.8819167327880866,2.8819167327880866,< $50,0,0.0026264512,0
2026-02-14 03:00:00,2026-02-14 02:00:00,2026-02-14,2,5,2,13.25,13.146206,14.53,0.10379409790039062,0.10379409790039062,< $50,0,0.0004196195,0
2026-02-14 04:00:00,2026-02-14 03:00:00,2026-02-14,3,5,2,14.24,11.561286,13.25,2.6787140274047854,2.6787140274047854,< $50,0,0.00020802328,0
2026-02-14 05:00:00,2026-02-14 04:00:00,2026-02-14,4,5,2,16.75,14.383834,14.24,2.366166114807129,2.366166114807129,< $50,0,0.0006842796,0
2026-02-14 06:00:00,2026-02-14 05:00:00,2026-02-14,5,5,2,16.57,21.21122,16.75,-4.641219787597656,4.641219787597656,< $50,0,0.0016126605,0
2026-02-14 07:00:00,2026-02-14 06:00:00,2026-02-14,6,5,2,15.29,21.440405,16.57,-6.150404891967774,6.150404891967774,< $50,0,0.00035983472,0
2026-02-14 08:00:00,2026-02-14 07:00:00,2026-02-14,7,5,2,15.24,13.535041,15.29,1.7049591445922854,1.7049591445922854,< $50,0,0.0002850273,0
2026-02-14 09:00:00,2026-02-14 08:00:00,2026-02-14,8,5,2,15.95,12.628791,15.24,3.3212091445922844,3.3212091445922844,< $50,0,0.00020018443,0
2026-02-14 10:00:00,2026-02-14 09:00:00,2026-02-14,9,5,2,15.95,16.20784,15.95,-0.2578399658203132,0.2578399658203132,< $50,0,0.0004052884,0
2026-02-14 11:00:00,2026-02-14 10:00:00,2026-02-14,10,5,2,12.59,14.077886,15.95,-1.4878856277465822,1.4878856277465822,< $50,0,0.00026790012,0
2026-02-14 12:00:00,2026-02-14 11:00:00,2026-02-14,11,5,2,6.88,11.497976,12.59,-4.617976303100586,4.617976303100586,< $50,0,0.00010473436,0
2026-02-14 13:00:00,2026-02-14 12:00:00,2026-02-14,12,5,2,0.0,6.7485743,6.88,-6.748574256896973,6.748574256896973,< $50,0,0.0001139709,0
2026-02-14 14:00:00,2026-02-14 13:00:00,2026-02-14,13,5,2,0.0,1.9166443,0.0,-1.9166443347930908,1.9166443347930908,< $50,0,0.00011232318,0
2026-02-14 15:00:00,2026-02-14 14:00:00,2026-02-14,14,5,2,0.0,2.7259047,0.0,-2.725904703140259,2.725904703140259,< $50,0,0.00016957593,0
2026-02-14 16:00:00,2026-02-14 15:00:00,2026-02-14,15,5,2,4.39,1.1013118,0.0,3.288688197135925,3.288688197135925,< $50,0,0.00017492854,0
2026-02-14 17:00:00,2026-02-14 16:00:00,2026-02-14,16,5,2,7.24,10.227428,4.39,-2.9874284362792967,2.9874284362792967,< $50,0,0.00035481196,0
2026-02-14 18:00:00,2026-02-14 17:00:00,2026-02-14,17,5,2,14.53,12.904141,7.24,1.6258585739135736,1.6258585739135736,< $50,0,0.00046004314,0
2026-02-14 19:00:00,2026-02-14 18:00:00,2026-02-14,18,5,2,17.22,16.257946,14.53,0.962053985595702,0.962053985595702,< $50,0,0.00024299596,0
2026-02-14 20:00:00,2026-02-14 19:00:00,2026-02-14,19,5,2,16.05,23.443388,17.22,-7.3933879852294915,7.3933879852294915,< $50,0,0.0017667759,0
2026-02-14 21:00:00,2026-02-14 20:00:00,2026-02-14,20,5,2,15.42,14.282864,16.05,1.1371363830566406,1.1371363830566406,< $50,0,0.00026676056,0
2026-02-14 22:00:00,2026-02-14 21:00:00,2026-02-14,21,5,2,19.06,12.27986,15.42,6.780140457153319,6.780140457153319,< $50,0,0.00018456744,0
2026-02-14 23:00:00,2026-02-14 22:00:00,2026-02-14,22,5,2,23.45,21.224413,19.06,2.225587081909179,2.225587081909179,< $50,0,0.0005621966,0
2026-02-15 00:00:00,2026-02-14 23:00:00,2026-02-14,23,5,2,24.27,26.940054,23.45,-2.6700539398193364,2.6700539398193364,< $50,0,0.0022694774,0
2026-02-15 01:00:00,2026-02-15 00:00:00,2026-02-15,0,6,2,21.36,23.409048,24.27,-2.0490480804443365,2.0490480804443365,< $50,0,0.0011975956,0
2026-02-15 02:00:00,2026-02-15 01:00:00,2026-02-15,1,6,2,18.32,19.530842,21.36,-1.2108418273925778,1.2108418273925778,< $50,0,0.0005692377,0
2026-02-15 03:00:00,2026-02-15 02:00:00,2026-02-15,2,6,2,16.42,17.202244,18.32,-0.7822438049316389,0.7822438049316389,< $50,0,0.0007123061,0
2026-02-15 04:00:00,2026-02-15 03:00:00,2026-02-15,3,6,2,17.0,16.395418,16.42,0.6045818328857422,0.6045818328857422,< $50,0,0.0006430651,0
2026-02-15 05:00:00,2026-02-15 04:00:00,2026-02-15,4,6,2,16.06,17.96613,17.0,-1.906129302978517,1.906129302978517,< $50,0,0.0013436544,0
2026-02-15 06:00:00,2026-02-15 05:00:00,2026-02-15,5,6,2,14.24,15.128045,16.06,-0.8880450820922849,0.8880450820922849,< $50,0,0.00022914834,0
2026-02-15 07:00:00,2026-02-15 06:00:00,2026-02-15,6,6,2,12.17,18.032736,14.24,-5.862735824584961,5.862735824584961,< $50,0,8.021075e-05,0
2026-02-15 08:00:00,2026-02-15 07:00:00,2026-02-15,7,6,2,10.68,11.473434,12.17,-0.7934344482421878,0.7934344482421878,< $50,0,6.5238106e-05,0
2026-02-15 09:00:00,2026-02-15 08:00:00,2026-02-15,8,6,2,12.9,8.850715,10.68,4.0492853164672855,4.0492853164672855,< $50,0,5.206098e-05,0
2026-02-15 10:00:00,2026-02-15 09:00:00,2026-02-15,9,6,2,10.38,16.184855,12.9,-5.804854507446288,5.804854507446288,< $50,0,0.00017318806,0
2026-02-15 11:00:00,2026-02-15 10:00:00,2026-02-15,10,6,2,8.68,7.993296,10.38,0.6867038536071775,0.6867038536071775,< $50,0,4.3039898e-05,0
2026-02-15 12:00:00,2026-02-15 11:00:00,2026-02-15,11,6,2,11.83,7.315419,8.68,4.5145808029174805,4.5145808029174805,< $50,0,4.216185e-05,0
2026-02-15 13:00:00,2026-02-15 12:00:00,2026-02-15,12,6,2,14.97,14.137553,11.83,0.8324467849731452,0.8324467849731452,< $50,0,8.452619e-05,0
2026-02-15 14:00:00,2026-02-15 13:00:00,2026-02-15,13,6,2,15.61,16.921682,14.97,-1.3116823577880865,1.3116823577880865,< $50,0,0.00012944592,0
2026-02-15 15:00:00,2026-02-15 14:00:00,2026-02-15,14,6,2,14.44,15.3612585,15.61,-0.9212585067749028,0.9212585067749028,< $50,0,0.00017911129,0
2026-02-15 16:00:00,2026-02-15 15:00:00,2026-02-15,15,6,2,14.63,11.609391,14.44,3.020608787536622,3.020608787536622,< $50,0,0.00013860031,0
2026-02-15 17:00:00,2026-02-15 16:00:00,2026-02-15,16,6,2,20.69,14.974021,14.63,5.715979042053224,5.715979042053224,< $50,0,0.0002661704,0
2026-02-15 18:00:00,2026-02-15 17:00:00,2026-02-15,17,6,2,24.21,27.637787,20.69,-3.427786865234374,3.427786865234374,< $50,0,0.0011945679,0
2026-02-15 19:00:00,2026-02-15 18:00:00,2026-02-15,18,6,2,23.62,27.349218,24.21,-3.7292183685302724,3.7292183685302724,< $50,0,0.00084736303,0
2026-02-15 20:00:00,2026-02-15 19:00:00,2026-02-15,19,6,2,23.53,30.031551,23.62,-6.501551361083983,6.501551361083983,< $50,0,0.0005959379,0
2026-02-15 21:00:00,2026-02-15 20:00:00,2026-02-15,20,6,2,18.72,22.81732,23.53,-4.097319869995118,4.097319869995118,< $50,0,0.00045516578,0
2026-02-15 22:00:00,2026-02-15 21:00:00,2026-02-15,21,6,2,11.89,17.201334,18.72,-5.3113339996337885,5.3113339996337885,< $50,0,0.0004522751,0
2026-02-15 23:00:00,2026-02-15 22:00:00,2026-02-15,22,6,2,0.54,11.797613,11.89,-11.2576131439209,11.2576131439209,< $50,0,5.2119343e-05,0
2026-02-16 00:00:00,2026-02-15 23:00:00,2026-02-15,23,6,2,1.94,0.54049516,0.54,1.3995048427581787,1.3995048427581787,< $50,0,0.00014234592,0
2026-02-16 01:00:00,2026-02-16 00:00:00,2026-02-16,0,0,2,1.13,6.7167387,1.94,-5.586738700866699,5.586738700866699,< $50,0,0.00013168037,0
2026-02-16 02:00:00,2026-02-16 01:00:00,2026-02-16,1,0,2,0.0,1.8282856,1.13,-1.828285574913025,1.828285574913025,< $50,0,0.00015370977,0
2026-02-16 03:00:00,2026-02-16 02:00:00,2026-02-16,2,0,2,3.62,1.0720901,0.0,2.547909851074219,2.547909851074219,< $50,0,0.00011080827,0
2026-02-16 04:00:00,2026-02-16 03:00:00,2026-02-16,3,0,2,18.95,8.437655,3.62,10.512344551086425,10.512344551086425,< $50,0,0.00022946033,0
2026-02-16 05:00:00,2026-02-16 04:00:00,2026-02-16,4,0,2,22.88,34.633175,18.95,-11.753174896240235,11.753174896240235,< $50,0,0.0014775335,0
2026-02-16 06:00:00,2026-02-16 05:00:00,2026-02-16,5,0,2,24.45,26.970665,22.88,-2.5206649780273445,2.5206649780273445,< $50,0,0.0011287981,0
2026-02-16 07:00:00,2026-02-16 06:00:00,2026-02-16,6,0,2,24.38,32.438507,24.45,-8.058507080078126,8.058507080078126,< $50,0,0.0032356973,0
2026-02-16 08:00:00,2026-02-16 07:00:00,2026-02-16,7,0,2,27.88,25.5275,24.38,2.3524998474121084,2.3524998474121084,< $50,0,0.00094021973,0
2026-02-16 09:00:00,2026-02-16 08:00:00,2026-02-16,8,0,2,28.08,34.663498,27.88,-6.583497924804689,6.583497924804689,< $50,0,0.0031709701,0
2026-02-16 10:00:00,2026-02-16 09:00:00,2026-02-16,9,0,2,22.63,45.29537,28.08,-22.66536819458008,22.66536819458008,< $50,0,0.0008475137,0
2026-02-16 11:00:00,2026-02-16 10:00:00,2026-02-16,10,0,2,21.55,22.689178,22.63,-1.1391784667968743,1.1391784667968743,< $50,0,0.00028853354,0
2026-02-16 12:00:00,2026-02-16 11:00:00,2026-02-16,11,0,2,18.35,19.85013,21.55,-1.5001300811767564,1.5001300811767564,< $50,0,0.0009522013,0
2026-02-16 13:00:00,2026-02-16 12:00:00,2026-02-16,12,0,2,18.14,17.856667,18.35,0.2833334350585943,0.2833334350585943,< $50,0,0.0007923862,0
2026-02-16 14:00:00,2026-02-16 13:00:00,2026-02-16,13,0,2,17.34,16.8888,18.14,0.4512003326416014,0.4512003326416014,< $50,0,0.000631877,0
2026-02-16 15:00:00,2026-02-16 14:00:00,2026-02-16,14,0,2,14.7,16.505484,17.34,-1.8054836273193366,1.8054836273193366,< $50,0,0.0007710662,0
2026-02-16 16:00:00,2026-02-16 15:00:00,2026-02-16,15,0,2,11.98,14.579792,14.7,-2.5997920227050777,2.5997920227050777,< $50,0,0.000881704,0
2026-02-16 17:00:00,2026-02-16 16:00:00,2026-02-16,16,0,2,12.83,11.719867,11.98,1.1101332473754884,1.1101332473754884,< $50,0,0.000254297,0
2026-02-16 18:00:00,2026-02-16 17:00:00,2026-02-16,17,0,2,12.56,16.325687,12.83,-3.765687408447265,3.765687408447265,< $50,0,0.00027263662,0
2026-02-16 19:00:00,2026-02-16 18:00:00,2026-02-16,18,0,2,12.95,9.611877,12.56,3.3381225585937493,3.3381225585937493,< $50,0,7.584311e-05,0
2026-02-16 20:00:00,2026-02-16 19:00:00,2026-02-16,19,0,2,10.23,18.540205,12.95,-8.310205001831054,8.310205001831054,< $50,0,0.00026745832,0
2026-02-16 21:00:00,2026-02-16 20:00:00,2026-02-16,20,0,2,10.22,8.61353,10.23,1.6064698410034186,1.6064698410034186,< $50,0,0.00020571848,0
2026-02-16 22:00:00,2026-02-16 21:00:00,2026-02-16,21,0,2,11.44,8.307456,10.22,3.132543983459472,3.132543983459472,< $50,0,0.00035261523,0
2026-02-16 23:00:00,2026-02-16 22:00:00,2026-02-16,22,0,2,9.23,13.700954,11.44,-4.470954437255859,4.470954437255859,< $50,0,0.00020753256,0
2026-02-17 00:00:00,2026-02-16 23:00:00,2026-02-16,23,0,2,7.22,8.193087,9.23,-0.9730866241455081,0.9730866241455081,< $50,0,0.0004630847,0
2026-02-17 01:00:00,2026-02-17 00:00:00,2026-02-17,0,1,2,8.22,8.4984865,7.22,-0.27848651885986264,0.27848651885986264,< $50,0,0.00018764635,0
2026-02-17 02:00:00,2026-02-17 01:00:00,2026-02-17,1,1,2,8.94,11.602834,8.22,-2.66283374786377,2.66283374786377,< $50,0,0.00019525553,0
2026-02-17 03:00:00,2026-02-17 02:00:00,2026-02-17,2,1,2,10.01,12.278604,8.94,-2.268603553771973,2.268603553771973,< $50,0,0.0002072555,0
2026-02-17 04:00:00,2026-02-17 03:00:00,2026-02-17,3,1,2,13.86,11.150561,10.01,2.7094386672973627,2.7094386672973627,< $50,0,0.00015790896,0
2026-02-17 05:00:00,2026-02-17 04:00:00,2026-02-17,4,1,2,17.09,17.718521,13.86,-0.6285211181640626,0.6285211181640626,< $50,0,0.00041714293,0
2026-02-17 06:00:00,2026-02-17 05:00:00,2026-02-17,5,1,2,17.65,22.380932,17.09,-4.730931854248048,4.730931854248048,< $50,0,0.0011761239,0
2026-02-17 07:00:00,2026-02-17 06:00:00,2026-02-17,6,1,2,17.7,24.969732,17.65,-7.269732284545899,7.269732284545899,< $50,0,0.0005483548,0
2026-02-17 08:00:00,2026-02-17 07:00:00,2026-02-17,7,1,2,12.23,19.994604,17.7,-7.764604110717773,7.764604110717773,< $50,0,0.0008018295,0
2026-02-17 09:00:00,2026-02-17 08:00:00,2026-02-17,8,1,2,11.13,12.948458,12.23,-1.818457717895507,1.818457717895507,< $50,0,6.858998e-05,0
2026-02-17 10:00:00,2026-02-17 09:00:00,2026-02-17,9,1,2,12.6,11.134307,11.13,1.465693092346191,1.465693092346191,< $50,0,0.00013154332,0
2026-02-17 11:00:00,2026-02-17 10:00:00,2026-02-17,10,1,2,13.01,17.49416,12.6,-4.484159698486328,4.484159698486328,< $50,0,0.0003285642,0
2026-02-17 12:00:00,2026-02-17 11:00:00,2026-02-17,11,1,2,11.92,15.1224375,13.01,-3.2024374771118165,3.2024374771118165,< $50,0,0.00026732756,0
2026-02-17 13:00:00,2026-02-17 12:00:00,2026-02-17,12,1,2,12.8,7.9126267,11.92,4.88737325668335,4.88737325668335,< $50,0,0.00024773192,0
2026-02-17 14:00:00,2026-02-17 13:00:00,2026-02-17,13,1,2,11.31,11.422583,12.8,-0.11258262634277294,0.11258262634277294,< $50,0,0.00046369163,0
2026-02-17 15:00:00,2026-02-17 14:00:00,2026-02-17,14,1,2,11.16,7.8288865,11.31,3.3311134910583498,3.3311134910583498,< $50,0,0.0002446628,0
2026-02-17 16:00:00,2026-02-17 15:00:00,2026-02-17,15,1,2,10.91,8.894071,11.16,2.0159293746948244,2.0159293746948244,< $50,0,0.00056649814,0
2026-02-17 17:00:00,2026-02-17 16:00:00,2026-02-17,16,1,2,10.74,28.538677,10.91,-17.79867721557617,17.79867721557617,< $50,0,0.00075072557,0
2026-02-17 18:00:00,2026-02-17 17:00:00,2026-02-17,17,1,2,12.47,43.527912,10.74,-31.05791213989258,31.05791213989258,< $50,0,0.001029337,0
2026-02-17 19:00:00,2026-02-17 18:00:00,2026-02-17,18,1,2,14.06,22.24327,12.47,-8.183270874023437,8.183270874023437,< $50,0,0.0007049899,0
2026-02-17 20:00:00,2026-02-17 19:00:00,2026-02-17,19,1,2,15.05,27.753101,14.06,-12.703101348876952,12.703101348876952,< $50,0,0.0023536482,0
2026-02-17 21:00:00,2026-02-17 20:00:00,2026-02-17,20,1,2,16.44,29.913996,15.05,-13.47399574279785,13.47399574279785,< $50,0,0.0014286545,0
2026-02-17 22:00:00,2026-02-17 21:00:00,2026-02-17,21,1,2,17.88,23.118889,16.44,-5.23888885498047,5.23888885498047,< $50,0,0.0030012238,0
2026-02-17 23:00:00,2026-02-17 22:00:00,2026-02-17,22,1,2,11.78,19.937862,17.88,-8.157862396240235,8.157862396240235,< $50,0,0.001552995,0
2026-02-18 00:00:00,2026-02-17 23:00:00,2026-02-17,23,1,2,12.26,8.93888,11.78,3.32112003326416,3.32112003326416,< $50,0,0.00047575065,0
2026-02-18 01:00:00,2026-02-18 00:00:00,2026-02-18,0,2,2,17.19,13.457198,12.26,3.73280185699463,3.73280185699463,< $50,0,0.00053187,0
2026-02-18 02:00:00,2026-02-18 01:00:00,2026-02-18,1,2,2,19.15,22.35298,17.19,-3.202979660034181,3.202979660034181,< $50,0,0.0011472749,0
2026-02-18 03:00:00,2026-02-18 02:00:00,2026-02-18,2,2,2,20.1,23.00632,19.15,-2.906320953369139,2.906320953369139,< $50,0,0.0011114776,0
2026-02-18 04:00:00,2026-02-18 03:00:00,2026-02-18,3,2,2,18.31,22.668188,20.1,-4.358188095092775,4.358188095092775,< $50,0,0.0012680376,0
2026-02-18 05:00:00,2026-02-18 04:00:00,2026-02-18,4,2,2,17.18,19.276852,18.31,-2.0968516540527347,2.0968516540527347,< $50,0,0.00044029427,0
2026-02-18 06:00:00,2026-02-18 05:00:00,2026-02-18,5,2,2,14.91,29.676495,17.18,-14.766494598388672,14.766494598388672,< $50,0,0.0005070497,0
2026-02-18 07:00:00,2026-02-18 06:00:00,2026-02-18,6,2,2,17.29,30.202826,14.91,-12.91282554626465,12.91282554626465,< $50,0,0.00022115561,0
2026-02-18 08:00:00,2026-02-18 07:00:00,2026-02-18,7,2,2,18.01,32.50831,17.29,-14.49830841064453,14.49830841064453,< $50,0,0.0002858151,0
2026-02-18 09:00:00,2026-02-18 08:00:00,2026-02-18,8,2,2,17.4,18.489626,18.01,-1.0896259307861342,1.0896259307861342,< $50,0,0.00014420485,0
2026-02-18 10:00:00,2026-02-18 09:00:00,2026-02-18,9,2,2,13.42,18.08631,17.4,-4.6663094329833985,4.6663094329833985,< $50,0,7.5249714e-05,0
2026-02-18 11:00:00,2026-02-18 10:00:00,2026-02-18,10,2,2,13.97,17.343235,13.42,-3.37323501586914,3.37323501586914,< $50,0,5.6856166e-05,0
2026-02-18 12:00:00,2026-02-18 11:00:00,2026-02-18,11,2,2,11.8,21.608557,13.97,-9.808556747436523,9.808556747436523,< $50,0,0.00016189445,0
2026-02-18 13:00:00,2026-02-18 12:00:00,2026-02-18,12,2,2,10.72,17.339962,11.8,-6.619962005615234,6.619962005615234,< $50,0,7.7280776e-05,0
2026-02-18 14:00:00,2026-02-18 13:00:00,2026-02-18,13,2,2,14.42,41.866398,10.72,-27.446397857666014,27.446397857666014,< $50,0,9.6565585e-05,0
2026-02-18 15:00:00,2026-02-18 14:00:00,2026-02-18,14,2,2,16.17,46.7801,14.42,-30.610101776123045,30.610101776123045,< $50,0,0.0003901932,0
2026-02-18 16:00:00,2026-02-18 15:00:00,2026-02-18,15,2,2,21.51,49.3607,16.17,-27.85069869995117,27.85069869995117,< $50,0,0.00095702265,0
2026-02-18 17:00:00,2026-02-18 16:00:00,2026-02-18,16,2,2,24.95,79.0676,21.51,-54.11759643554687,54.11759643554687,< $50,0,0.0015159422,0
2026-02-18 18:00:00,2026-02-18 17:00:00,2026-02-18,17,2,2,33.72,90.78042,24.95,-57.060418395996095,57.060418395996095,< $50,0,0.0019736532,0
2026-02-18 19:00:00,2026-02-18 18:00:00,2026-02-18,18,2,2,45.4,66.94093,33.72,-21.540933227539064,21.540933227539064,< $50,0,0.0023641111,0
2026-02-18 20:00:00,2026-02-18 19:00:00,2026-02-18,19,2,2,45.15,82.24772,45.4,-37.09771881103516,37.09771881103516,< $50,0,0.031739235,0
2026-02-18 21:00:00,2026-02-18 20:00:00,2026-02-18,20,2,2,45.82,69.52285,45.15,-23.702850036621093,23.702850036621093,< $50,0,0.028698537,0
2026-02-18 22:00:00,2026-02-18 21:00:00,2026-02-18,21,2,2,50.44,38.21309,45.82,12.226911010742185,12.226911010742185,$50–100,0,0.018365912,0
2026-02-18 23:00:00,2026-02-18 22:00:00,2026-02-18,22,2,2,43.14,42.74585,50.44,0.39415039062500057,0.39415039062500057,< $50,0,0.034806736,0
2026-02-19 00:00:00,2026-02-18 23:00:00,2026-02-18,23,2,2,41.58,42.57599,43.14,-0.9959887695312517,0.9959887695312517,< $50,0,0.017109774,0
2026-02-19 01:00:00,2026-02-19 00:00:00,2026-02-19,0,3,2,49.48,45.518204,41.58,3.9617962646484344,3.9617962646484344,< $50,0,0.013951098,0
2026-02-19 02:00:00,2026-02-19 01:00:00,2026-02-19,1,3,2,47.97,47.90867,49.48,0.06133148193359261,0.06133148193359261,< $50,0,0.05597521,0
2026-02-19 03:00:00,2026-02-19 02:00:00,2026-02-19,2,3,2,40.12,45.927193,47.97,-5.807192687988284,5.807192687988284,< $50,0,0.0298069,0
2026-02-19 04:00:00,2026-02-19 03:00:00,2026-02-19,3,3,2,40.62,40.74502,40.12,-0.12502182006836193,0.12502182006836193,< $50,0,0.01095004,0
2026-02-19 05:00:00,2026-02-19 04:00:00,2026-02-19,4,3,2,43.12,46.153984,40.62,-3.0339840698242213,3.0339840698242213,< $50,0,0.015275827,0
2026-02-19 06:00:00,2026-02-19 05:00:00,2026-02-19,5,3,2,72.4,63.011127,43.12,9.388872528076178,9.388872528076178,$50–100,0,0.022269301,0
2026-02-19 07:00:00,2026-02-19 06:00:00,2026-02-19,6,3,2,177.07,95.508316,72.4,81.56168395996093,81.56168395996093,$100–250,1,0.17768028,0
2026-02-19 08:00:00,2026-02-19 07:00:00,2026-02-19,7,3,2,399.21,178.04648,177.07,221.1635217285156,221.1635217285156,>= $250,1,0.8882222,1
2026-02-19 09:00:00,2026-02-19 08:00:00,2026-02-19,8,3,2,114.11,272.0723,399.21,-157.9622961425781,157.9622961425781,$100–250,1,0.8816554,1
2026-02-19 10:00:00,2026-02-19 09:00:00,2026-02-19,9,3,2,32.35,113.84122,114.11,-81.49121704101563,81.49121704101563,< $50,0,0.06302662,0
2026-02-19 11:00:00,2026-02-19 10:00:00,2026-02-19,10,3,2,27.81,80.42996,32.35,-52.61996215820312,52.61996215820312,< $50,0,0.0057988525,0
2026-02-19 12:00:00,2026-02-19 11:00:00,2026-02-19,11,3,2,28.11,62.07516,27.81,-33.96516098022461,33.96516098022461,< $50,0,0.0019708234,0
2026-02-19 13:00:00,2026-02-19 12:00:00,2026-02-19,12,3,2,29.06,51.363377,28.11,-22.303376617431642,22.303376617431642,< $50,0,0.0048652124,0
2026-02-19 14:00:00,2026-02-19 13:00:00,2026-02-19,13,3,2,27.99,53.252514,29.06,-25.26251388549805,25.26251388549805,< $50,0,0.0056480835,0
2026-02-19 15:00:00,2026-02-19 14:00:00,2026-02-19,14,3,2,25.92,38.966457,27.99,-13.046457366943358,13.046457366943358,< $50,0,0.0024167108,0
2026-02-19 16:00:00,2026-02-19 15:00:00,2026-02-19,15,3,2,27.72,39.13724,25.92,-11.417241363525392,11.417241363525392,< $50,0,0.0033507864,0
2026-02-19 17:00:00,2026-02-19 16:00:00,2026-02-19,16,3,2,33.01,49.661022,27.72,-16.6510221862793,16.6510221862793,< $50,0,0.0076647135,0
2026-02-19 18:00:00,2026-02-19 17:00:00,2026-02-19,17,3,2,74.12,89.098236,33.01,-14.97823608398437,14.97823608398437,$50–100,0,0.021584094,0
2026-02-19 19:00:00,2026-02-19 18:00:00,2026-02-19,18,3,2,100.0,136.02136,74.12,-36.0213623046875,36.0213623046875,$50–100,1,0.09246476,0
2026-02-19 20:00:00,2026-02-19 19:00:00,2026-02-19,19,3,2,51.64,216.75279,100.0,-165.11279235839845,165.11279235839845,$50–100,0,0.36741728,0
2026-02-19 21:00:00,2026-02-19 20:00:00,2026-02-19,20,3,2,45.24,95.29707,51.64,-50.05707336425781,50.05707336425781,< $50,0,0.06666663,0
2026-02-19 22:00:00,2026-02-19 21:00:00,2026-02-19,21,3,2,33.32,56.877167,45.24,-23.557166748046875,23.557166748046875,< $50,0,0.01407276,0
2026-02-19 23:00:00,2026-02-19 22:00:00,2026-02-19,22,3,2,30.42,33.42799,33.32,-3.007989959716795,3.007989959716795,< $50,0,0.0009135455,0
2026-02-20 00:00:00,2026-02-19 23:00:00,2026-02-19,23,3,2,30.79,30.803047,30.42,-0.013047180175782103,0.013047180175782103,< $50,0,0.0011335345,0
2026-02-20 01:00:00,2026-02-20 00:00:00,2026-02-20,0,4,2,32.46,34.920544,30.79,-2.460543670654296,2.460543670654296,< $50,0,0.00073484203,0
2026-02-20 02:00:00,2026-02-20 01:00:00,2026-02-20,1,4,2,32.54,35.73621,32.46,-3.1962098693847665,3.1962098693847665,< $50,0,0.0043902807,0
2026-02-20 03:00:00,2026-02-20 02:00:00,2026-02-20,2,4,2,32.81,33.011654,32.54,-0.2016539001464821,0.2016539001464821,< $50,0,0.0030196789,0
2026-02-20 04:00:00,2026-02-20 03:00:00,2026-02-20,3,4,2,34.73,33.835438,32.81,0.8945622253417937,0.8945622253417937,< $50,0,0.0013539109,0
2026-02-20 05:00:00,2026-02-20 04:00:00,2026-02-20,4,4,2,35.95,37.431553,34.73,-1.4815528869628878,1.4815528869628878,< $50,0,0.003857842,0
2026-02-20 06:00:00,2026-02-20 05:00:00,2026-02-20,5,4,2,50.17,39.035233,35.95,11.13476745605469,11.13476745605469,$50–100,0,0.0013654727,0
2026-02-20 07:00:00,2026-02-20 06:00:00,2026-02-20,6,4,2,65.54,64.13356,50.17,1.4064398193359438,1.4064398193359438,$50–100,0,0.047037814,0
2026-02-20 08:00:00,2026-02-20 07:00:00,2026-02-20,7,4,2,121.58,97.54057,65.54,24.03942687988281,24.03942687988281,$100–250,1,0.19646244,0
2026-02-20 09:00:00,2026-02-20 08:00:00,2026-02-20,8,4,2,111.63,148.3791,121.58,-36.74910461425782,36.74910461425782,$100–250,1,0.4917382,0
2026-02-20 10:00:00,2026-02-20 09:00:00,2026-02-20,9,4,2,37.52,88.2289,111.63,-50.70889709472656,50.70889709472656,< $50,0,0.20543268,0
2026-02-20 11:00:00,2026-02-20 10:00:00,2026-02-20,10,4,2,39.67,33.000053,37.52,6.669946594238283,6.669946594238283,< $50,0,0.014507778,0
2026-02-20 12:00:00,2026-02-20 11:00:00,2026-02-20,11,4,2,31.67,49.88427,39.67,-18.214269714355467,18.214269714355467,< $50,0,0.006402553,0
2026-02-20 13:00:00,2026-02-20 12:00:00,2026-02-20,12,4,2,29.55,26.016287,31.67,3.5337131500244148,3.5337131500244148,< $50,0,0.0044818823,0
2026-02-20 14:00:00,2026-02-20 13:00:00,2026-02-20,13,4,2,28.0,23.754723,29.55,4.245277404785156,4.245277404785156,< $50,0,0.002196143,0
2026-02-20 15:00:00,2026-02-20 14:00:00,2026-02-20,14,4,2,25.76,24.875286,28.0,0.8847138977050797,0.8847138977050797,< $50,0,0.002364427,0
2026-02-20 16:00:00,2026-02-20 15:00:00,2026-02-20,15,4,2,24.67,20.344633,25.76,4.3253668975830095,4.3253668975830095,< $50,0,0.0035514543,0
2026-02-20 17:00:00,2026-02-20 16:00:00,2026-02-20,16,4,2,31.85,22.558601,24.67,9.29139862060547,9.29139862060547,< $50,0,0.004038097,0
2026-02-20 18:00:00,2026-02-20 17:00:00,2026-02-20,17,4,2,75.16,45.290646,31.85,29.869354400634762,29.869354400634762,$50–100,0,0.031059863,0
2026-02-20 19:00:00,2026-02-20 18:00:00,2026-02-20,18,4,2,96.0,143.94481,75.16,-47.94480895996094,47.94480895996094,$50–100,0,0.16221629,0
2026-02-20 20:00:00,2026-02-20 19:00:00,2026-02-20,19,4,2,101.0,159.8928,96.0,-58.89280700683594,58.89280700683594,$100–250,1,0.7874915,1
2026-02-20 21:00:00,2026-02-20 20:00:00,2026-02-20,20,4,2,52.83,133.372,101.0,-80.54199401855469,80.54199401855469,$50–100,0,0.7136344,1
2026-02-20 22:00:00,2026-02-20 21:00:00,2026-02-20,21,4,2,52.53,52.673176,52.83,-0.143175811767577,0.143175811767577,$50–100,0,0.16718103,0
2026-02-20 23:00:00,2026-02-20 22:00:00,2026-02-20,22,4,2,50.24,44.7046,52.53,5.535398712158205,5.535398712158205,$50–100,0,0.04293227,0
2026-02-21 00:00:00,2026-02-20 23:00:00,2026-02-20,23,4,2,50.57,45.646915,50.24,4.923084564208985,4.923084564208985,$50–100,0,0.08790847,0
2026-02-21 01:00:00,2026-02-21 00:00:00,2026-02-21,0,5,2,44.67,44.779377,50.57,-0.10937698364257642,0.10937698364257642,< $50,0,0.04999939,0
2026-02-21 02:00:00,2026-02-21 01:00:00,2026-02-21,1,5,2,44.95,43.18123,44.67,1.7687713623046903,1.7687713623046903,< $50,0,0.014680109,0
2026-02-21 03:00:00,2026-02-21 02:00:00,2026-02-21,2,5,2,40.23,43.56706,44.95,-3.337058563232425,3.337058563232425,< $50,0,0.0076803574,0
2026-02-21 04:00:00,2026-02-21 03:00:00,2026-02-21,3,5,2,40.23,37.566235,40.23,2.66376541137695,2.66376541137695,< $50,0,0.005394741,0
2026-02-21 05:00:00,2026-02-21 04:00:00,2026-02-21,4,5,2,51.45,39.386105,40.23,12.063895416259768,12.063895416259768,$50–100,0,0.005627562,0
2026-02-21 06:00:00,2026-02-21 05:00:00,2026-02-21,5,5,2,48.44,84.85356,51.45,-36.41356140136719,36.41356140136719,< $50,0,0.033734515,0
2026-02-21 07:00:00,2026-02-21 06:00:00,2026-02-21,6,5,2,46.43,98.31079,48.44,-51.880791015625,51.880791015625,< $50,0,0.008972504,0
2026-02-21 08:00:00,2026-02-21 07:00:00,2026-02-21,7,5,2,47.93,99.435356,46.43,-51.50535614013672,51.50535614013672,< $50,0,0.03385325,0
2026-02-21 09:00:00,2026-02-21 08:00:00,2026-02-21,8,5,2,38.22,62.015644,47.93,-23.79564407348633,23.79564407348633,< $50,0,0.036420323,0
2026-02-21 10:00:00,2026-02-21 09:00:00,2026-02-21,9,5,2,33.22,35.526485,38.22,-2.3064854431152355,2.3064854431152355,< $50,0,0.011220448,0
2026-02-21 11:00:00,2026-02-21 10:00:00,2026-02-21,10,5,2,26.08,29.25011,33.22,-3.170110626220705,3.170110626220705,< $50,0,0.0025264157,0
2026-02-21 12:00:00,2026-02-21 11:00:00,2026-02-21,11,5,2,25.04,22.064777,26.08,2.975222625732421,2.975222625732421,< $50,0,0.0012546846,0
2026-02-21 13:00:00,2026-02-21 12:00:00,2026-02-21,12,5,2,25.1,22.266186,25.04,2.8338142395019545,2.8338142395019545,< $50,0,0.0009847906,0
2026-02-21 14:00:00,2026-02-21 13:00:00,2026-02-21,13,5,2,24.69,23.28969,25.1,1.400309982299806,1.400309982299806,< $50,0,0.0013098078,0
2026-02-21 15:00:00,2026-02-21 14:00:00,2026-02-21,14,5,2,24.28,22.482653,24.69,1.7973473358154308,1.7973473358154308,< $50,0,0.0005519965,0
2026-02-21 16:00:00,2026-02-21 15:00:00,2026-02-21,15,5,2,24.09,22.264883,24.28,1.825116958618164,1.825116958618164,< $50,0,0.0014481891,0
2026-02-21 17:00:00,2026-02-21 16:00:00,2026-02-21,16,5,2,31.01,24.198845,24.09,6.811155090332033,6.811155090332033,< $50,0,0.0012836569,0
2026-02-21 18:00:00,2026-02-21 17:00:00,2026-02-21,17,5,2,67.04,43.219852,31.01,23.82014755249024,23.82014755249024,$50–100,0,0.015347655,0
2026-02-21 19:00:00,2026-02-21 18:00:00,2026-02-21,18,5,2,63.64,83.608574,67.04,-19.968573913574218,19.968573913574218,$50–100,0,0.059626695,0
2026-02-21 20:00:00,2026-02-21 19:00:00,2026-02-21,19,5,2,56.5,91.64441,63.64,-35.1444091796875,35.1444091796875,$50–100,0,0.17973636,0
2026-02-21 21:00:00,2026-02-21 20:00:00,2026-02-21,20,5,2,40.58,77.080826,56.5,-36.500825805664064,36.500825805664064,< $50,0,0.10021093,0
2026-02-21 22:00:00,2026-02-21 21:00:00,2026-02-21,21,5,2,37.39,38.45514,40.58,-1.0651391601562494,1.0651391601562494,< $50,0,0.009244059,0
2026-02-21 23:00:00,2026-02-21 22:00:00,2026-02-21,22,5,2,26.39,37.902798,37.39,-11.512797698974609,11.512797698974609,< $50,0,0.0035361333,0
2026-02-22 00:00:00,2026-02-21 23:00:00,2026-02-21,23,5,2,23.02,23.451147,26.39,-0.43114707946777386,0.43114707946777386,< $50,0,0.002019829,0
2026-02-22 01:00:00,2026-02-22 00:00:00,2026-02-22,0,6,2,22.24,22.795082,23.02,-0.5550820922851578,0.5550820922851578,< $50,0,0.00042306323,0
2026-02-22 02:00:00,2026-02-22 01:00:00,2026-02-22,1,6,2,17.38,21.369822,22.24,-3.989821548461915,3.989821548461915,< $50,0,0.0007453279,0
2026-02-22 03:00:00,2026-02-22 02:00:00,2026-02-22,2,6,2,13.14,17.919748,17.38,-4.7797483062744135,4.7797483062744135,< $50,0,0.0005506851,0
2026-02-22 04:00:00,2026-02-22 03:00:00,2026-02-22,3,6,2,11.8,12.951071,13.14,-1.1510707855224602,1.1510707855224602,< $50,0,0.00017184415,0
2026-02-22 05:00:00,2026-02-22 04:00:00,2026-02-22,4,6,2,11.88,9.973132,11.8,1.906867866516114,1.906867866516114,< $50,0,0.0001391362,0
2026-02-22 06:00:00,2026-02-22 05:00:00,2026-02-22,5,6,2,14.62,13.162137,11.88,1.4578629684448234,1.4578629684448234,< $50,0,0.00019080099,0
2026-02-22 07:00:00,2026-02-22 06:00:00,2026-02-22,6,6,2,15.2,23.364586,14.62,-8.164585876464844,8.164585876464844,< $50,0,0.00021484408,0
2026-02-22 08:00:00,2026-02-22 07:00:00,2026-02-22,7,6,2,15.73,30.23754,15.2,-14.507539291381836,14.507539291381836,< $50,0,0.00016374675,0
2026-02-22 09:00:00,2026-02-22 08:00:00,2026-02-22,8,6,2,13.67,14.538725,15.73,-0.8687248992919923,0.8687248992919923,< $50,0,9.3199145e-05,0
2026-02-22 10:00:00,2026-02-22 09:00:00,2026-02-22,9,6,2,10.65,12.739716,13.67,-2.0897155761718746,2.0897155761718746,< $50,0,5.5623757e-05,0
2026-02-22 11:00:00,2026-02-22 10:00:00,2026-02-22,10,6,2,10.07,8.347922,10.65,1.722077674865723,1.722077674865723,< $50,0,3.4714638e-05,0
2026-02-22 12:00:00,2026-02-22 11:00:00,2026-02-22,11,6,2,4.55,7.069589,10.07,-2.519589138031006,2.519589138031006,< $50,0,3.6424204e-05,0
2026-02-22 13:00:00,2026-02-22 12:00:00,2026-02-22,12,6,2,0.55,4.0172305,4.55,-3.46723051071167,3.46723051071167,< $50,0,3.002557e-05,0
2026-02-22 14:00:00,2026-02-22 13:00:00,2026-02-22,13,6,2,0.01,1.7503573,0.55,-1.7403572702407837,1.7403572702407837,< $50,0,3.307556e-05,0
2026-02-22 15:00:00,2026-02-22 14:00:00,2026-02-22,14,6,2,0.01,0.7717933,0.01,-0.7617933058738708,0.7617933058738708,< $50,0,3.2273147e-05,0
2026-02-22 16:00:00,2026-02-22 15:00:00,2026-02-22,15,6,2,3.03,0.45118174,0.01,2.5788182604312895,2.5788182604312895,< $50,0,5.8575955e-05,0
2026-02-22 17:00:00,2026-02-22 16:00:00,2026-02-22,16,6,2,13.07,8.711977,3.03,4.3580229949951175,4.3580229949951175,< $50,0,0.00023555948,0
2026-02-22 18:00:00,2026-02-22 17:00:00,2026-02-22,17,6,2,18.82,24.563108,13.07,-5.743108444213867,5.743108444213867,< $50,0,0.0006156828,0
2026-02-22 19:00:00,2026-02-22 18:00:00,2026-02-22,18,6,2,21.25,19.009047,18.82,2.2409534454345703,2.2409534454345703,< $50,0,0.00029612816,0
2026-02-22 20:00:00,2026-02-22 19:00:00,2026-02-22,19,6,2,19.58,23.746857,21.25,-4.166856689453127,4.166856689453127,< $50,0,0.00093809725,0
2026-02-22 21:00:00,2026-02-22 20:00:00,2026-02-22,20,6,2,17.34,18.078075,19.58,-0.738075408935547,0.738075408935547,< $50,0,0.0002900621,0
2026-02-22 22:00:00,2026-02-22 21:00:00,2026-02-22,21,6,2,16.0,16.866856,17.34,-0.8668556213378906,0.8668556213378906,< $50,0,0.00023726694,0
2026-02-22 23:00:00,2026-02-22 22:00:00,2026-02-22,22,6,2,14.51,12.846598,16.0,1.6634023284912107,1.6634023284912107,< $50,0,9.3770126e-05,0
2026-02-23 00:00:00,2026-02-22 23:00:00,2026-02-22,23,6,2,14.58,11.380194,14.51,3.1998062896728516,3.1998062896728516,< $50,0,0.00016250738,0
2026-02-23 01:00:00,2026-02-23 00:00:00,2026-02-23,0,0,2,16.15,14.501142,14.58,1.6488584518432603,1.6488584518432603,< $50,0,0.00033983676,0
2026-02-23 02:00:00,2026-02-23 01:00:00,2026-02-23,1,0,2,15.2,17.960283,16.15,-2.760283279418946,2.760283279418946,< $50,0,0.0002922584,0
2026-02-23 03:00:00,2026-02-23 02:00:00,2026-02-23,2,0,2,14.09,13.157698,15.2,0.9323023223876952,0.9323023223876952,< $50,0,0.000119053555,0
2026-02-23 04:00:00,2026-02-23 03:00:00,2026-02-23,3,0,2,15.47,12.353919,14.09,3.116080970764161,3.116080970764161,< $50,0,0.00014421792,0
2026-02-23 05:00:00,2026-02-23 04:00:00,2026-02-23,4,0,2,15.37,17.19835,15.47,-1.828350906372071,1.828350906372071,< $50,0,0.00033502418,0
2026-02-23 06:00:00,2026-02-23 05:00:00,2026-02-23,5,0,2,15.48,14.625218,15.37,0.8547816085815434,0.8547816085815434,< $50,0,0.00015238934,0
2026-02-23 07:00:00,2026-02-23 06:00:00,2026-02-23,6,0,2,19.77,24.522015,15.48,-4.752014617919922,4.752014617919922,< $50,0,0.00021241856,0
2026-02-23 08:00:00,2026-02-23 07:00:00,2026-02-23,7,0,2,22.92,24.283789,19.77,-1.3637886810302717,1.3637886810302717,< $50,0,0.00095225486,0
2026-02-23 09:00:00,2026-02-23 08:00:00,2026-02-23,8,0,2,16.79,23.897469,22.92,-7.107468566894532,7.107468566894532,< $50,0,0.00094121863,0
2026-02-23 10:00:00,2026-02-23 09:00:00,2026-02-23,9,0,2,13.89,14.981811,16.79,-1.091810569763183,1.091810569763183,< $50,0,0.0004121399,0
2026-02-23 11:00:00,2026-02-23 10:00:00,2026-02-23,10,0,2,8.51,10.049952,13.89,-1.5399515533447268,1.5399515533447268,< $50,0,0.00015782993,0
2026-02-23 12:00:00,2026-02-23 11:00:00,2026-02-23,11,0,2,12.59,4.7827783,8.51,7.807221736907959,7.807221736907959,< $50,0,5.478432e-05,0
2026-02-23 13:00:00,2026-02-23 12:00:00,2026-02-23,12,0,2,13.65,13.727945,12.59,-0.07794532775878871,0.07794532775878871,< $50,0,0.00014058907,0
2026-02-23 14:00:00,2026-02-23 13:00:00,2026-02-23,13,0,2,13.45,11.457192,13.65,1.9928075790405266,1.9928075790405266,< $50,0,0.0001224962,0
2026-02-23 15:00:00,2026-02-23 14:00:00,2026-02-23,14,0,2,10.17,12.640242,13.45,-2.4702416229248048,2.4702416229248048,< $50,0,8.914092e-05,0
2026-02-23 16:00:00,2026-02-23 15:00:00,2026-02-23,15,0,2,8.2,8.215072,10.17,-0.015071678161621804,0.015071678161621804,< $50,0,0.0001920509,0
2026-02-23 17:00:00,2026-02-23 16:00:00,2026-02-23,16,0,2,12.26,9.928899,8.2,2.3311011886596678,2.3311011886596678,< $50,0,0.00036357343,0
2026-02-23 18:00:00,2026-02-23 17:00:00,2026-02-23,17,0,2,20.18,17.358377,12.26,2.8216225433349607,2.8216225433349607,< $50,0,0.0017026721,0
2026-02-23 19:00:00,2026-02-23 18:00:00,2026-02-23,18,0,2,82.35,16.43908,20.18,65.91092071533203,65.91092071533203,$50–100,0,0.0007596738,0
2026-02-23 20:00:00,2026-02-23 19:00:00,2026-02-23,19,0,2,96.82,179.24588,82.35,-82.42588012695313,82.42588012695313,$50–100,0,0.22276163,0
2026-02-23 21:00:00,2026-02-23 20:00:00,2026-02-23,20,0,2,82.77,152.23738,96.82,-69.46738098144532,69.46738098144532,$50–100,0,0.3196204,0
2026-02-23 22:00:00,2026-02-23 21:00:00,2026-02-23,21,0,2,43.08,93.70341,82.77,-50.62340728759766,50.62340728759766,< $50,0,0.095190756,0
2026-02-23 23:00:00,2026-02-23 22:00:00,2026-02-23,22,0,2,37.08,56.306843,43.08,-19.22684280395508,19.22684280395508,< $50,0,0.007076763,0
2026-02-24 00:00:00,2026-02-23 23:00:00,2026-02-23,23,0,2,23.96,37.769043,37.08,-13.80904296875,13.80904296875,< $50,0,0.0036521293,0
2026-02-24 01:00:00,2026-02-24 00:00:00,2026-02-24,0,1,2,22.9,23.523245,23.96,-0.6232448577880874,0.6232448577880874,< $50,0,0.00079625973,0
2026-02-24 02:00:00,2026-02-24 01:00:00,2026-02-24,1,1,2,21.76,22.726887,22.9,-0.9668867492675766,0.9668867492675766,< $50,0,0.00090349204,0
2026-02-24 03:00:00,2026-02-24 02:00:00,2026-02-24,2,1,2,21.54,19.89924,21.76,1.640759506225585,1.640759506225585,< $50,0,0.0005200508,0
2026-02-24 04:00:00,2026-02-24 03:00:00,2026-02-24,3,1,2,19.24,19.309017,21.54,-0.06901718139648594,0.06901718139648594,< $50,0,0.00047688893,0
2026-02-24 05:00:00,2026-02-24 04:00:00,2026-02-24,4,1,2,16.23,18.81318,19.24,-2.5831809234619136,2.5831809234619136,< $50,0,0.0006844466,0
2026-02-24 06:00:00,2026-02-24 05:00:00,2026-02-24,5,1,2,17.99,17.06349,16.23,0.9265100860595687,0.9265100860595687,< $50,0,0.00040076024,0
2026-02-24 07:00:00,2026-02-24 06:00:00,2026-02-24,6,1,2,24.98,27.441397,17.99,-2.4613967132568355,2.4613967132568355,< $50,0,0.0006464654,0
2026-02-24 08:00:00,2026-02-24 07:00:00,2026-02-24,7,1,2,48.02,33.535587,24.98,14.484412689208988,14.484412689208988,< $50,0,0.00484684,0
2026-02-24 09:00:00,2026-02-24 08:00:00,2026-02-24,8,1,2,34.75,47.654648,48.02,-12.904647827148438,12.904647827148438,< $50,0,0.025672037,0
2026-02-24 10:00:00,2026-02-24 09:00:00,2026-02-24,9,1,2,24.54,31.107899,34.75,-6.567898712158204,6.567898712158204,< $50,0,0.002302784,0
2026-02-24 11:00:00,2026-02-24 10:00:00,2026-02-24,10,1,2,22.43,25.06708,24.54,-2.637079544067383,2.637079544067383,< $50,0,0.0006017376,0
2026-02-24 12:00:00,2026-02-24 11:00:00,2026-02-24,11,1,2,20.18,24.074497,22.43,-3.894497222900391,3.894497222900391,< $50,0,0.0006021248,0
2026-02-24 13:00:00,2026-02-24 12:00:00,2026-02-24,12,1,2,14.95,21.837978,20.18,-6.88797836303711,6.88797836303711,< $50,0,0.0009058737,0
2026-02-24 14:00:00,2026-02-24 13:00:00,2026-02-24,13,1,2,12.5,15.476493,14.95,-2.9764928817749023,2.9764928817749023,< $50,0,0.0006363907,0
2026-02-24 15:00:00,2026-02-24 14:00:00,2026-02-24,14,1,2,12.98,13.835837,12.5,-0.8558373641967769,0.8558373641967769,< $50,0,0.0002487537,0
2026-02-24 16:00:00,2026-02-24 15:00:00,2026-02-24,15,1,2,14.28,16.293928,12.98,-2.0139281463623053,2.0139281463623053,< $50,0,0.00023526434,0
2026-02-24 17:00:00,2026-02-24 16:00:00,2026-02-24,16,1,2,21.39,19.471449,14.28,1.9185511016845709,1.9185511016845709,< $50,0,0.0008587614,0
2026-02-24 18:00:00,2026-02-24 17:00:00,2026-02-24,17,1,2,40.62,26.893528,21.39,13.726472015380857,13.726472015380857,< $50,0,0.0031559933,0
2026-02-24 19:00:00,2026-02-24 18:00:00,2026-02-24,18,1,2,27.09,47.06078,40.62,-19.970779571533203,19.970779571533203,< $50,0,0.0048047155,0
2026-02-24 20:00:00,2026-02-24 19:00:00,2026-02-24,19,1,2,20.92,30.937588,27.09,-10.017587738037108,10.017587738037108,< $50,0,0.011739034,0
2026-02-24 21:00:00,2026-02-24 20:00:00,2026-02-24,20,1,2,19.08,21.488132,20.92,-2.4081324768066423,2.4081324768066423,< $50,0,0.0007368241,0
2026-02-24 22:00:00,2026-02-24 21:00:00,2026-02-24,21,1,2,15.31,19.719034,19.08,-4.409034194946289,4.409034194946289,< $50,0,0.0005756705,0
2026-02-24 23:00:00,2026-02-24 22:00:00,2026-02-24,22,1,2,6.1,16.601255,15.31,-10.501255416870118,10.501255416870118,< $50,0,0.000178669,0
2026-02-25 00:00:00,2026-02-24 23:00:00,2026-02-24,23,1,2,3.12,3.537372,6.1,-0.4173721122741698,0.4173721122741698,< $50,0,0.00016093835,0
2026-02-25 01:00:00,2026-02-25 00:00:00,2026-02-25,0,2,2,9.79,3.364789,3.12,6.425210990905761,6.425210990905761,< $50,0,9.368978e-05,0
2026-02-25 02:00:00,2026-02-25 01:00:00,2026-02-25,1,2,2,3.13,12.492538,9.79,-9.362538452148438,9.362538452148438,< $50,0,0.0001299355,0
2026-02-25 03:00:00,2026-02-25 02:00:00,2026-02-25,2,2,2,0.01,3.5867658,3.13,-3.576765766143799,3.576765766143799,< $50,0,5.860842e-05,0
2026-02-25 04:00:00,2026-02-25 03:00:00,2026-02-25,3,2,2,0.0,1.6012247,0.01,-1.601224660873413,1.601224660873413,< $50,0,5.128572e-05,0
2026-02-25 05:00:00,2026-02-25 04:00:00,2026-02-25,4,2,2,0.0,1.5936733,0.0,-1.5936733484268188,1.5936733484268188,< $50,0,0.00014393257,0
2026-02-25 06:00:00,2026-02-25 05:00:00,2026-02-25,5,2,2,0.0,2.7007818,0.0,-2.70078182220459,2.70078182220459,< $50,0,0.00015981696,0
2026-02-25 07:00:00,2026-02-25 06:00:00,2026-02-25,6,2,2,9.79,10.175569,0.0,-0.38556858062744226,0.38556858062744226,< $50,0,0.00011431724,0
2026-02-25 08:00:00,2026-02-25 07:00:00,2026-02-25,7,2,2,7.77,17.720125,9.79,-9.950125198364258,9.950125198364258,< $50,0,0.00024198816,0
2026-02-25 09:00:00,2026-02-25 08:00:00,2026-02-25,8,2,2,0.0,9.442213,7.77,-9.44221305847168,9.44221305847168,< $50,0,3.9665665e-05,0
2026-02-25 10:00:00,2026-02-25 09:00:00,2026-02-25,9,2,2,0.0,3.0026534,0.0,-3.0026533603668213,3.0026533603668213,< $50,0,3.8487404e-05,0
2026-02-25 11:00:00,2026-02-25 10:00:00,2026-02-25,10,2,2,0.0,1.1195403,0.0,-1.1195403337478638,1.1195403337478638,< $50,0,3.97746e-05,0
2026-02-25 12:00:00,2026-02-25 11:00:00,2026-02-25,11,2,2,0.0,2.7001946,0.0,-2.7001945972442627,2.7001945972442627,< $50,0,4.2763822e-05,0
2026-02-25 13:00:00,2026-02-25 12:00:00,2026-02-25,12,2,2,3.85,2.9668517,0.0,0.8831482887268067,0.8831482887268067,< $50,0,7.150209e-05,0
2026-02-25 14:00:00,2026-02-25 13:00:00,2026-02-25,13,2,2,0.0,11.067432,3.85,-11.067432403564453,11.067432403564453,< $50,0,0.00010719571,0
2026-02-25 15:00:00,2026-02-25 14:00:00,2026-02-25,14,2,2,0.0,4.0062213,0.0,-4.006221294403076,4.006221294403076,< $50,0,7.890926e-05,0
2026-02-25 16:00:00,2026-02-25 15:00:00,2026-02-25,15,2,2,0.0,4.21632,0.0,-4.216320037841797,4.216320037841797,< $50,0,0.00024617533,0
2026-02-25 17:00:00,2026-02-25 16:00:00,2026-02-25,16,2,2,0.0,6.344751,0.0,-6.344750881195068,6.344750881195068,< $50,0,0.00026628614,0
2026-02-25 18:00:00,2026-02-25 17:00:00,2026-02-25,17,2,2,0.0,3.4095778,0.0,-3.4095778465270996,3.4095778465270996,< $50,0,0.00031352317,0
2026-02-25 19:00:00,2026-02-25 18:00:00,2026-02-25,18,2,2,0.0,0.0,0.0,0.0,0.0,< $50,0,5.6407276e-05,0
2026-02-25 20:00:00,2026-02-25 19:00:00,2026-02-25,19,2,2,1.49,0.24341683,0.0,1.2465831691026688,1.2465831691026688,< $50,0,0.00020822945,0
2026-02-25 21:00:00,2026-02-25 20:00:00,2026-02-25,20,2,2,14.92,9.354343,1.49,5.565656585693359,5.565656585693359,< $50,0,0.0001595572,0
2026-02-25 22:00:00,2026-02-25 21:00:00,2026-02-25,21,2,2,15.26,13.940518,14.92,1.319481620788574,1.319481620788574,< $50,0,0.0008464983,0
2026-02-25 23:00:00,2026-02-25 22:00:00,2026-02-25,22,2,2,12.92,14.977656,15.26,-2.057656364440918,2.057656364440918,< $50,0,0.0003294635,0
2026-02-26 00:00:00,2026-02-25 23:00:00,2026-02-25,23,2,2,0.0,10.580404,12.92,-10.580404281616211,10.580404281616211,< $50,0,0.00021484715,0
2026-02-26 01:00:00,2026-02-26 00:00:00,2026-02-26,0,3,2,0.0,0.7471266,0.0,-0.747126579284668,0.747126579284668,< $50,0,7.2926836e-05,0
2026-02-26 02:00:00,2026-02-26 01:00:00,2026-02-26,1,3,2,0.01,0.7622749,0.0,-0.7522749209403992,0.7522749209403992,< $50,0,0.00013147334,0
2026-02-26 03:00:00,2026-02-26 02:00:00,2026-02-26,2,3,2,0.01,1.9600672,0.01,-1.9500671529769897,1.9500671529769897,< $50,0,9.264659e-05,0
2026-02-26 04:00:00,2026-02-26 03:00:00,2026-02-26,3,3,2,0.0,1.3456941,0.01,-1.3456940650939941,1.3456940650939941,< $50,0,0.0001269786,0
2026-02-26 05:00:00,2026-02-26 04:00:00,2026-02-26,4,3,2,0.0,1.3977934,0.0,-1.3977934122085571,1.3977934122085571,< $50,0,0.00020057952,0
2026-02-26 06:00:00,2026-02-26 05:00:00,2026-02-26,5,3,2,6.54,3.7577782,0.0,2.7822218322753907,2.7822218322753907,< $50,0,0.00019887419,0
2026-02-26 07:00:00,2026-02-26 06:00:00,2026-02-26,6,3,2,13.56,21.689278,6.54,-8.12927764892578,8.12927764892578,< $50,0,0.00037976707,0
2026-02-26 08:00:00,2026-02-26 07:00:00,2026-02-26,7,3,2,7.26,23.90884,13.56,-16.64884017944336,16.64884017944336,< $50,0,0.00078598945,0
2026-02-26 09:00:00,2026-02-26 08:00:00,2026-02-26,8,3,2,0.0,10.890405,7.26,-10.89040470123291,10.89040470123291,< $50,0,6.556316e-05,0
2026-02-26 10:00:00,2026-02-26 09:00:00,2026-02-26,9,3,2,0.0,3.7611272,0.0,-3.761127233505249,3.761127233505249,< $50,0,5.936283e-05,0
2026-02-26 11:00:00,2026-02-26 10:00:00,2026-02-26,10,3,2,0.01,1.894271,0.0,-1.8842710161209106,1.8842710161209106,< $50,0,5.6022214e-05,0
2026-02-26 12:00:00,2026-02-26 11:00:00,2026-02-26,11,3,2,0.61,2.5476177,0.01,-1.9376176738739015,1.9376176738739015,< $50,0,4.2660446e-05,0
2026-02-26 13:00:00,2026-02-26 12:00:00,2026-02-26,12,3,2,0.9,6.2249355,0.61,-5.324935531616211,5.324935531616211,< $50,0,0.00012476575,0
2026-02-26 14:00:00,2026-02-26 13:00:00,2026-02-26,13,3,2,0.01,7.020562,0.9,-7.010562171936035,7.010562171936035,< $50,0,0.00014790952,0
2026-02-26 15:00:00,2026-02-26 14:00:00,2026-02-26,14,3,2,0.0,3.991077,0.01,-3.991076946258545,3.991076946258545,< $50,0,0.00010165223,0
2026-02-26 16:00:00,2026-02-26 15:00:00,2026-02-26,15,3,2,0.0,3.6022403,0.0,-3.6022403240203857,3.6022403240203857,< $50,0,0.00017708437,0
2026-02-26 17:00:00,2026-02-26 16:00:00,2026-02-26,16,3,2,0.0,3.5576613,0.0,-3.557661294937134,3.557661294937134,< $50,0,0.00017506571,0
2026-02-26 18:00:00,2026-02-26 17:00:00,2026-02-26,17,3,2,1.03,2.2967646,0.0,-1.266764612197876,1.266764612197876,< $50,0,0.00022784596,0
2026-02-26 19:00:00,2026-02-26 18:00:00,2026-02-26,18,3,2,6.49,3.9751947,1.03,2.514805307388306,2.514805307388306,< $50,0,5.501221e-05,0
2026-02-26 20:00:00,2026-02-26 19:00:00,2026-02-26,19,3,2,9.98,9.350804,6.49,0.6291956710815434,0.6291956710815434,< $50,0,0.0002153408,0
2026-02-26 21:00:00,2026-02-26 20:00:00,2026-02-26,20,3,2,9.35,14.216689,9.98,-4.8666891098022464,4.8666891098022464,< $50,0,0.00011795744,0
2026-02-26 22:00:00,2026-02-26 21:00:00,2026-02-26,21,3,2,1.84,10.989325,9.35,-9.149324569702149,9.149324569702149,< $50,0,8.3967934e-05,0
2026-02-26 23:00:00,2026-02-26 22:00:00,2026-02-26,22,3,2,1.78,1.7644304,1.84,0.015569596290588406,0.015569596290588406,< $50,0,5.5961133e-05,0
2026-02-27 00:00:00,2026-02-26 23:00:00,2026-02-26,23,3,2,10.96,1.587416,1.78,9.372583947181703,9.372583947181703,< $50,0,0.00023322635,0
2026-02-27 01:00:00,2026-02-27 00:00:00,2026-02-27,0,4,2,8.84,14.649479,10.96,-5.809478912353516,5.809478912353516,< $50,0,0.00042706498,0
2026-02-27 02:00:00,2026-02-27 01:00:00,2026-02-27,1,4,2,10.9,7.0642147,8.84,3.835785293579102,3.835785293579102,< $50,0,7.111828e-05,0
2026-02-27 03:00:00,2026-02-27 02:00:00,2026-02-27,2,4,2,15.36,13.392822,10.9,1.9671777343749994,1.9671777343749994,< $50,0,0.00013933615,0
2026-02-27 04:00:00,2026-02-27 03:00:00,2026-02-27,3,4,2,19.92,17.730606,15.36,2.189393920898439,2.189393920898439,< $50,0,0.00052365236,0
2026-02-27 05:00:00,2026-02-27 04:00:00,2026-02-27,4,4,2,22.94,22.122093,19.92,0.8179067993164075,0.8179067993164075,< $50,0,0.0010282947,0
2026-02-27 06:00:00,2026-02-27 05:00:00,2026-02-27,5,4,2,24.3,26.568401,22.94,-2.268401336669921,2.268401336669921,< $50,0,0.0020196636,0
2026-02-27 07:00:00,2026-02-27 06:00:00,2026-02-27,6,4,2,29.99,33.93319,24.3,-3.9431893920898453,3.9431893920898453,< $50,0,0.0022277727,0
2026-02-27 08:00:00,2026-02-27 07:00:00,2026-02-27,7,4,2,31.72,37.656452,29.99,-5.936452178955079,5.936452178955079,< $50,0,0.007897165,0
2026-02-27 09:00:00,2026-02-27 08:00:00,2026-02-27,8,4,2,32.34,35.523193,31.72,-3.1831933593749966,3.1831933593749966,< $50,0,0.0068838103,0
2026-02-27 10:00:00,2026-02-27 09:00:00,2026-02-27,9,4,2,34.96,30.77167,32.34,4.188330612182618,4.188330612182618,< $50,0,0.0032248043,0
2026-02-27 11:00:00,2026-02-27 10:00:00,2026-02-27,10,4,2,36.26,36.84468,34.96,-0.5846807861328145,0.5846807861328145,< $50,0,0.004726543,0
2026-02-27 12:00:00,2026-02-27 11:00:00,2026-02-27,11,4,2,31.75,35.78684,36.26,-4.036838531494141,4.036838531494141,< $50,0,0.0030180672,0
2026-02-27 13:00:00,2026-02-27 12:00:00,2026-02-27,12,4,2,26.07,31.281475,31.75,-5.211475067138672,5.211475067138672,< $50,0,0.0018102877,0
2026-02-27 14:00:00,2026-02-27 13:00:00,2026-02-27,13,4,2,25.24,25.410889,26.07,-0.17088867187500156,0.17088867187500156,< $50,0,0.0017006561,0
2026-02-27 15:00:00,2026-02-27 14:00:00,2026-02-27,14,4,2,22.34,25.512701,25.24,-3.1727010345458986,3.1727010345458986,< $50,0,0.00240262,0
2026-02-27 16:00:00,2026-02-27 15:00:00,2026-02-27,15,4,2,21.02,23.47369,22.34,-2.453690032958985,2.453690032958985,< $50,0,0.004107666,0
2026-02-27 17:00:00,2026-02-27 16:00:00,2026-02-27,16,4,2,29.68,22.13103,21.02,7.548970870971679,7.548970870971679,< $50,0,0.002837374,0
2026-02-27 18:00:00,2026-02-27 17:00:00,2026-02-27,17,4,2,32.33,46.644474,29.68,-14.314474029541017,14.314474029541017,< $50,0,0.027543468,0
2026-02-27 19:00:00,2026-02-27 18:00:00,2026-02-27,18,4,2,32.16,34.769047,32.33,-2.609046783447269,2.609046783447269,< $50,0,0.0044491296,0
2026-02-27 20:00:00,2026-02-27 19:00:00,2026-02-27,19,4,2,32.16,34.787086,32.16,-2.6270864868164097,2.6270864868164097,< $50,0,0.010483421,0
2026-02-27 21:00:00,2026-02-27 20:00:00,2026-02-27,20,4,2,31.13,32.462902,32.16,-1.3329020690917979,1.3329020690917979,< $50,0,0.009630436,0
2026-02-27 22:00:00,2026-02-27 21:00:00,2026-02-27,21,4,2,30.41,30.460588,31.13,-0.05058845520019517,0.05058845520019517,< $50,0,0.0043582274,0
2026-02-27 23:00:00,2026-02-27 22:00:00,2026-02-27,22,4,2,27.49,30.408388,30.41,-2.9183881378173844,2.9183881378173844,< $50,0,0.0009438544,0
2026-02-28 00:00:00,2026-02-27 23:00:00,2026-02-27,23,4,2,28.62,26.75599,27.49,1.8640109252929697,1.8640109252929697,< $50,0,0.0050660996,0
2026-02-28 01:00:00,2026-02-28 00:00:00,2026-02-28,0,5,2,35.97,29.724813,28.62,6.245186538696288,6.245186538696288,< $50,0,0.0063279597,0
2026-02-28 02:00:00,2026-02-28 01:00:00,2026-02-28,1,5,2,44.87,41.405975,35.97,3.4640246582031224,3.4640246582031224,< $50,0,0.018267946,0
2026-02-28 03:00:00,2026-02-28 02:00:00,2026-02-28,2,5,2,32.87,47.36913,44.87,-14.499129180908206,14.499129180908206,< $50,0,0.055584762,0
2026-02-28 04:00:00,2026-02-28 03:00:00,2026-02-28,3,5,2,31.24,28.936861,32.87,2.3031389617919906,2.3031389617919906,< $50,0,0.008615271,0
2026-02-28 05:00:00,2026-02-28 04:00:00,2026-02-28,4,5,2,27.71,29.846745,31.24,-2.1367445373535148,2.1367445373535148,< $50,0,0.003797393,0
2026-02-28 06:00:00,2026-02-28 05:00:00,2026-02-28,5,5,2,30.55,28.448305,27.71,2.101694869995118,2.101694869995118,< $50,0,0.004671945,0
2026-02-28 07:00:00,2026-02-28 06:00:00,2026-02-28,6,5,2,42.14,40.318012,30.55,1.8219877624511724,1.8219877624511724,< $50,0,0.0054777754,0
2026-02-28 08:00:00,2026-02-28 07:00:00,2026-02-28,7,5,2,170.38,50.02684,42.14,120.35315979003906,120.35315979003906,$100–250,1,0.036945984,0
2026-02-28 09:00:00,2026-02-28 08:00:00,2026-02-28,8,5,2,827.67,134.61491,170.38,693.0550860595703,693.0550860595703,>= $250,1,0.8947399,1
2026-02-28 10:00:00,2026-02-28 09:00:00,2026-02-28,9,5,2,49.18,303.09067,827.67,-253.91066772460937,253.91066772460937,< $50,0,0.9623445,1
2026-02-28 11:00:00,2026-02-28 10:00:00,2026-02-28,10,5,2,30.65,45.23267,49.18,-14.582669830322267,14.582669830322267,< $50,0,0.046504576,0
2026-02-28 12:00:00,2026-02-28 11:00:00,2026-02-28,11,5,2,27.63,66.2608,30.65,-38.630803222656255,38.630803222656255,< $50,0,0.020244388,0
2026-02-28 13:00:00,2026-02-28 12:00:00,2026-02-28,12,5,2,23.21,29.759954,27.63,-6.549954452514648,6.549954452514648,< $50,0,0.0067699365,0
2026-02-28 14:00:00,2026-02-28 13:00:00,2026-02-28,13,5,2,20.24,26.857813,23.21,-6.617812881469728,6.617812881469728,< $50,0,0.009245601,0
2026-02-28 15:00:00,2026-02-28 14:00:00,2026-02-28,14,5,2,19.1,16.902687,20.24,2.197312927246095,2.197312927246095,< $50,0,0.0077707507,0
2026-02-28 16:00:00,2026-02-28 15:00:00,2026-02-28,15,5,2,21.61,19.361795,19.1,2.2482045745849604,2.2482045745849604,< $50,0,0.0040744967,0
2026-02-28 17:00:00,2026-02-28 16:00:00,2026-02-28,16,5,2,28.99,27.524185,21.61,1.465814819335936,1.465814819335936,< $50,0,0.0061027864,0
2026-02-28 18:00:00,2026-02-28 17:00:00,2026-02-28,17,5,2,134.16,65.3748,28.99,68.78519836425781,68.78519836425781,$100–250,1,0.04717819,0
2026-02-28 19:00:00,2026-02-28 18:00:00,2026-02-28,18,5,2,83.19,158.4883,134.16,-75.29829650878906,75.29829650878906,$50–100,0,0.41263512,0
2026-02-28 20:00:00,2026-02-28 19:00:00,2026-02-28,19,5,2,32.85,108.55237,83.19,-75.7023681640625,75.7023681640625,< $50,0,0.4034721,0
2026-02-28 21:00:00,2026-02-28 20:00:00,2026-02-28,20,5,2,24.27,43.20793,32.85,-18.937931518554688,18.937931518554688,< $50,0,0.012922845,0
2026-02-28 22:00:00,2026-02-28 21:00:00,2026-02-28,21,5,2,23.25,21.990969,24.27,1.2590312957763672,1.2590312957763672,< $50,0,0.0026246656,0
2026-02-28 23:00:00,2026-02-28 22:00:00,2026-02-28,22,5,2,16.25,21.083668,23.25,-4.833667755126953,4.833667755126953,< $50,0,0.00072175084,0
2026-03-01 00:00:00,2026-02-28 23:00:00,2026-02-28,23,5,2,13.36,16.759237,16.25,-3.3992372894287115,3.3992372894287115,< $50,0,0.000590128,0
2026-03-01 01:00:00,2026-03-01 00:00:00,2026-03-01,0,6,3,21.6,14.546031,13.36,7.053969001770021,7.053969001770021,< $50,0,0.0004521615,0
2026-03-01 02:00:00,2026-03-01 01:00:00,2026-03-01,1,6,3,20.53,27.924507,21.6,-7.39450714111328,7.39450714111328,< $50,0,0.0024867686,0
2026-03-01 03:00:00,2026-03-01 02:00:00,2026-03-01,2,6,3,15.78,19.850342,20.53,-4.070341796875001,4.070341796875001,< $50,0,0.00042984087,0
2026-03-01 04:00:00,2026-03-01 03:00:00,2026-03-01,3,6,3,14.11,14.881091,15.78,-0.7710911178588873,0.7710911178588873,< $50,0,0.0003826157,0
2026-03-01 05:00:00,2026-03-01 04:00:00,2026-03-01,4,6,3,13.34,12.878282,14.11,0.46171840667724595,0.46171840667724595,< $50,0,0.00037298174,0
2026-03-01 06:00:00,2026-03-01 05:00:00,2026-03-01,5,6,3,11.57,13.120697,13.34,-1.5506970214843747,1.5506970214843747,< $50,0,0.000274805,0
2026-03-01 07:00:00,2026-03-01 06:00:00,2026-03-01,6,6,3,11.33,20.707275,11.57,-9.377275390625,9.377275390625,< $50,0,0.00021383044,0
2026-03-01 08:00:00,2026-03-01 07:00:00,2026-03-01,7,6,3,3.99,15.807517,11.33,-11.817517051696777,11.817517051696777,< $50,0,0.00031723344,0
2026-03-01 09:00:00,2026-03-01 08:00:00,2026-03-01,8,6,3,0.0,7.174871,3.99,-7.17487096786499,7.17487096786499,< $50,0,0.00014381665,0
2026-03-01 10:00:00,2026-03-01 09:00:00,2026-03-01,9,6,3,0.0,1.0788189,0.0,-1.078818917274475,1.078818917274475,< $50,0,0.00021280332,0
2026-03-01 11:00:00,2026-03-01 10:00:00,2026-03-01,10,6,3,3.59,0.46011844,0.0,3.129881557226181,3.129881557226181,< $50,0,0.00018039848,0
2026-03-01 12:00:00,2026-03-01 11:00:00,2026-03-01,11,6,3,6.46,6.795483,3.59,-0.3354831123352051,0.3354831123352051,< $50,0,0.00022233705,0
2026-03-01 13:00:00,2026-03-01 12:00:00,2026-03-01,12,6,3,8.39,6.9422774,6.46,1.4477225685119635,1.4477225685119635,< $50,0,0.00017926932,0
2026-03-01 14:00:00,2026-03-01 13:00:00,2026-03-01,13,6,3,13.19,9.801151,8.39,3.388848724365234,3.388848724365234,< $50,0,0.00021617766,0
2026-03-01 15:00:00,2026-03-01 14:00:00,2026-03-01,14,6,3,13.87,14.514061,13.19,-0.6440609741210945,0.6440609741210945,< $50,0,0.00031992412,0
2026-03-01 16:00:00,2026-03-01 15:00:00,2026-03-01,15,6,3,13.97,12.973784,13.87,0.996215553283692,0.996215553283692,< $50,0,0.0010066278,0
2026-03-01 17:00:00,2026-03-01 16:00:00,2026-03-01,16,6,3,27.46,14.101444,13.97,13.358555755615235,13.358555755615235,< $50,0,0.0012742807,0
2026-03-01 18:00:00,2026-03-01 17:00:00,2026-03-01,17,6,3,82.25,41.42568,27.46,40.82432174682617,40.82432174682617,$50–100,0,0.040421773,0
2026-03-01 19:00:00,2026-03-01 18:00:00,2026-03-01,18,6,3,44.49,114.983925,82.25,-70.49392486572265,70.49392486572265,< $50,0,0.34552923,0
2026-03-01 20:00:00,2026-03-01 19:00:00,2026-03-01,19,6,3,23.43,79.35724,44.49,-55.92723876953125,55.92723876953125,< $50,0,0.1469679,0
2026-03-01 21:00:00,2026-03-01 20:00:00,2026-03-01,20,6,3,14.58,19.36337,23.43,-4.783370895385742,4.783370895385742,< $50,0,0.008121781,0
2026-03-01 22:00:00,2026-03-01 21:00:00,2026-03-01,21,6,3,7.81,9.899708,14.58,-2.0897077941894535,2.0897077941894535,< $50,0,0.0013540856,0
2026-03-01 23:00:00,2026-03-01 22:00:00,2026-03-01,22,6,3,0.23,4.3891573,7.81,-4.15915729522705,4.15915729522705,< $50,0,0.00030480154,0
2026-03-02 00:00:00,2026-03-01 23:00:00,2026-03-01,23,6,3,0.0,0.021268485,0.23,-0.021268485113978386,0.021268485113978386,< $50,0,0.0008147427,0
2026-03-02 01:00:00,2026-03-02 00:00:00,2026-03-02,0,0,3,0.0,2.0162587,0.0,-2.016258716583252,2.016258716583252,< $50,0,0.0004489522,0
2026-03-02 02:00:00,2026-03-02 01:00:00,2026-03-02,1,0,3,2.74,0.8520264,0.0,1.8879735970497133,1.8879735970497133,< $50,0,0.00051284756,0
2026-03-02 03:00:00,2026-03-02 02:00:00,2026-03-02,2,0,3,13.71,7.8217344,2.74,5.888265571594239,5.888265571594239,< $50,0,0.0007315375,0
2026-03-02 04:00:00,2026-03-02 03:00:00,2026-03-02,3,0,3,16.79,17.121202,13.71,-0.33120246887207117,0.33120246887207117,< $50,0,0.0023994013,0
2026-03-02 05:00:00,2026-03-02 04:00:00,2026-03-02,4,0,3,20.66,20.125633,16.79,0.5343667602539064,0.5343667602539064,< $50,0,0.00621597,0
2026-03-02 06:00:00,2026-03-02 05:00:00,2026-03-02,5,0,3,22.16,24.055058,20.66,-1.8950575256347655,1.8950575256347655,< $50,0,0.01160039,0
2026-03-02 07:00:00,2026-03-02 06:00:00,2026-03-02,6,0,3,32.43,30.869303,22.16,1.5606972503662107,1.5606972503662107,< $50,0,0.013926285,0
2026-03-02 08:00:00,2026-03-02 07:00:00,2026-03-02,7,0,3,37.2,67.97315,32.43,-30.77315216064453,30.77315216064453,< $50,0,0.061924815,0
2026-03-02 09:00:00,2026-03-02 08:00:00,2026-03-02,8,0,3,25.6,94.3376,37.2,-68.73760070800782,68.73760070800782,< $50,0,0.017428769,0
2026-03-02 10:00:00,2026-03-02 09:00:00,2026-03-02,9,0,3,24.73,19.595785,25.6,5.1342148590087895,5.1342148590087895,< $50,0,0.0058840355,0
2026-03-02 11:00:00,2026-03-02 10:00:00,2026-03-02,10,0,3,22.31,23.125673,24.73,-0.8156732940673841,0.8156732940673841,< $50,0,0.0064878426,0
2026-03-02 12:00:00,2026-03-02 11:00:00,2026-03-02,11,0,3,16.34,19.995705,22.31,-3.6557046508789064,3.6557046508789064,< $50,0,0.0042835376,0
2026-03-02 13:00:00,2026-03-02 12:00:00,2026-03-02,12,0,3,16.75,14.559396,16.34,2.1906042098999023,2.1906042098999023,< $50,0,0.0019244216,0
2026-03-02 14:00:00,2026-03-02 13:00:00,2026-03-02,13,0,3,18.03,17.272429,16.75,0.757571487426759,0.757571487426759,< $50,0,0.0062969606,0
2026-03-02 15:00:00,2026-03-02 14:00:00,2026-03-02,14,0,3,20.19,20.67711,18.03,-0.48711067199706903,0.48711067199706903,< $50,0,0.0073751505,0
2026-03-02 16:00:00,2026-03-02 15:00:00,2026-03-02,15,0,3,26.26,20.711918,20.19,5.548082122802736,5.548082122802736,< $50,0,0.013942508,0
2026-03-02 17:00:00,2026-03-02 16:00:00,2026-03-02,16,0,3,43.85,31.26556,26.26,12.584439849853517,12.584439849853517,< $50,0,0.081934445,0
2026-03-02 18:00:00,2026-03-02 17:00:00,2026-03-02,17,0,3,54.01,92.91371,43.85,-38.903711547851564,38.903711547851564,$50–100,0,0.39330843,0
2026-03-02 19:00:00,2026-03-02 18:00:00,2026-03-02,18,0,3,77.92,51.059566,54.01,26.860433502197267,26.860433502197267,$50–100,0,0.27684388,0
2026-03-02 20:00:00,2026-03-02 19:00:00,2026-03-02,19,0,3,73.89,92.81958,77.92,-18.929580078125,18.929580078125,$50–100,0,0.72377855,1
2026-03-02 21:00:00,2026-03-02 20:00:00,2026-03-02,20,0,3,40.56,74.50994,73.89,-33.94994110107422,33.94994110107422,< $50,0,0.62958914,1
2026-03-02 22:00:00,2026-03-02 21:00:00,2026-03-02,21,0,3,27.92,37.770298,40.56,-9.850298004150389,9.850298004150389,< $50,0,0.06477993,0
2026-03-02 23:00:00,2026-03-02 22:00:00,2026-03-02,22,0,3,25.33,26.165167,27.92,-0.8351668548584001,0.8351668548584001,< $50,0,0.0073199784,0
2026-03-03 00:00:00,2026-03-02 23:00:00,2026-03-02,23,0,3,24.94,23.83509,25.33,1.10490936279297,1.10490936279297,< $50,0,0.009840127,0
2026-03-03 01:00:00,2026-03-03 00:00:00,2026-03-03,0,1,3,22.21,23.491106,24.94,-1.2811060333251945,1.2811060333251945,< $50,0,0.0072618225,0
2026-03-03 02:00:00,2026-03-03 01:00:00,2026-03-03,1,1,3,16.56,21.233688,22.21,-4.673688354492189,4.673688354492189,< $50,0,0.004817309,0
2026-03-03 03:00:00,2026-03-03 02:00:00,2026-03-03,2,1,3,14.62,16.607153,16.56,-1.9871529388427742,1.9871529388427742,< $50,0,0.0018737323,0
2026-03-03 04:00:00,2026-03-03 03:00:00,2026-03-03,3,1,3,14.55,12.7284775,14.62,1.821522521972657,1.821522521972657,< $50,0,0.00079886965,0
2026-03-03 05:00:00,2026-03-03 04:00:00,2026-03-03,4,1,3,14.42,12.08183,14.55,2.3381699752807616,2.3381699752807616,< $50,0,0.00062577386,0
2026-03-03 06:00:00,2026-03-03 05:00:00,2026-03-03,5,1,3,14.56,13.795303,14.42,0.764696655273438,0.764696655273438,< $50,0,0.0009785225,0
2026-03-03 07:00:00,2026-03-03 06:00:00,2026-03-03,6,1,3,15.34,20.342163,14.56,-5.0021630859375,5.0021630859375,< $50,0,0.0017490191,0
2026-03-03 08:00:00,2026-03-03 07:00:00,2026-03-03,7,1,3,18.02,17.262043,15.34,0.7579570007324214,0.7579570007324214,< $50,0,0.0016713493,0
2026-03-03 09:00:00,2026-03-03 08:00:00,2026-03-03,8,1,3,16.31,20.146013,18.02,-3.8360132598876966,3.8360132598876966,< $50,0,0.0024088533,0
2026-03-03 10:00:00,2026-03-03 09:00:00,2026-03-03,9,1,3,15.65,13.830981,16.31,1.8190187454223636,1.8190187454223636,< $50,0,0.00073219836,0
2026-03-03 11:00:00,2026-03-03 10:00:00,2026-03-03,10,1,3,13.51,11.554727,15.65,1.9552733993530271,1.9552733993530271,< $50,0,0.0004250126,0
2026-03-03 12:00:00,2026-03-03 11:00:00,2026-03-03,11,1,3,14.07,11.038948,13.51,3.031051940917969,3.031051940917969,< $50,0,0.0004216804,0
2026-03-03 13:00:00,2026-03-03 12:00:00,2026-03-03,12,1,3,1.47,13.68412,14.07,-12.214120178222656,12.214120178222656,< $50,0,0.0009208403,0
2026-03-03 14:00:00,2026-03-03 13:00:00,2026-03-03,13,1,3,0.0,2.1051557,1.47,-2.1051557064056396,2.1051557064056396,< $50,0,0.00035314474,0
2026-03-03 15:00:00,2026-03-03 14:00:00,2026-03-03,14,1,3,0.0,2.5190723,0.0,-2.5190722942352295,2.5190722942352295,< $50,0,0.0004290796,0
2026-03-03 16:00:00,2026-03-03 15:00:00,2026-03-03,15,1,3,0.0,2.358717,0.0,-2.3587169647216797,2.3587169647216797,< $50,0,0.0007735707,0
2026-03-03 17:00:00,2026-03-03 16:00:00,2026-03-03,16,1,3,0.0,4.49346,0.0,-4.493460178375244,4.493460178375244,< $50,0,0.0013952552,0
2026-03-03 18:00:00,2026-03-03 17:00:00,2026-03-03,17,1,3,0.0,1.8495145,0.0,-1.8495144844055176,1.8495144844055176,< $50,0,0.0022004428,0
2026-03-03 19:00:00,2026-03-03 18:00:00,2026-03-03,18,1,3,9.43,0.0,0.0,9.43,9.43,< $50,0,0.0008113892,0
2026-03-03 20:00:00,2026-03-03 19:00:00,2026-03-03,19,1,3,14.43,11.6389065,9.43,2.791093521118164,2.791093521118164,< $50,0,0.0027093429,0
2026-03-03 21:00:00,2026-03-03 20:00:00,2026-03-03,20,1,3,16.09,17.283892,14.43,-1.1938916778564455,1.1938916778564455,< $50,0,0.002168775,0
2026-03-03 22:00:00,2026-03-03 21:00:00,2026-03-03,21,1,3,23.56,15.853971,16.09,7.706029472351073,7.706029472351073,< $50,0,0.0017251018,0
2026-03-03 23:00:00,2026-03-03 22:00:00,2026-03-03,22,1,3,33.66,29.277966,23.56,4.3820344543457,4.3820344543457,< $50,0,0.0055423686,0
2026-03-04 00:00:00,2026-03-03 23:00:00,2026-03-03,23,1,3,52.31,44.407555,33.66,7.9024453735351585,7.9024453735351585,$50–100,0,0.060579736,0
2026-03-04 01:00:00,2026-03-04 00:00:00,2026-03-04,0,2,3,55.64,54.251423,52.31,1.3885771179199224,1.3885771179199224,$50–100,0,0.091480896,0
2026-03-04 02:00:00,2026-03-04 01:00:00,2026-03-04,1,2,3,55.39,56.776943,55.64,-1.3869432067871088,1.3869432067871088,$50–100,0,0.1279021,0
2026-03-04 03:00:00,2026-03-04 02:00:00,2026-03-04,2,2,3,58.58,54.191826,55.39,4.3881741333007795,4.3881741333007795,$50–100,0,0.09384297,0
2026-03-04 04:00:00,2026-03-04 03:00:00,2026-03-04,3,2,3,63.1,50.174385,58.58,12.92561492919922,12.92561492919922,$50–100,0,0.05129844,0
2026-03-04 05:00:00,2026-03-04 04:00:00,2026-03-04,4,2,3,56.3,53.124294,63.1,3.175705718994138,3.175705718994138,$50–100,0,0.16783263,0
2026-03-04 06:00:00,2026-03-04 05:00:00,2026-03-04,5,2,3,76.7,64.70421,56.3,11.995791625976565,11.995791625976565,$50–100,0,0.19550294,0
2026-03-04 07:00:00,2026-03-04 06:00:00,2026-03-04,6,2,3,150.74,105.52716,76.7,45.21283935546876,45.21283935546876,$100–250,1,0.6853137,1
2026-03-04 08:00:00,2026-03-04 07:00:00,2026-03-04,7,2,3,371.63,185.52782,150.74,186.10218322753906,186.10218322753906,>= $250,1,0.92592496,1
2026-03-04 09:00:00,2026-03-04 08:00:00,2026-03-04,8,2,3,223.84,217.38582,371.63,6.454181518554691,6.454181518554691,$100–250,1,0.94561344,1
2026-03-04 10:00:00,2026-03-04 09:00:00,2026-03-04,9,2,3,94.73,140.20134,223.84,-45.47133972167968,45.47133972167968,$50–100,0,0.6782846,1
2026-03-04 11:00:00,2026-03-04 10:00:00,2026-03-04,10,2,3,50.92,81.4462,94.73,-30.526197509765623,30.526197509765623,$50–100,0,0.47679368,0
2026-03-04 12:00:00,2026-03-04 11:00:00,2026-03-04,11,2,3,34.69,60.56762,50.92,-25.87761932373047,25.87761932373047,< $50,0,0.2673356,0
2026-03-04 13:00:00,2026-03-04 12:00:00,2026-03-04,12,2,3,27.78,31.658545,34.69,-3.8785445404052723,3.8785445404052723,< $50,0,0.019763703,0
2026-03-04 14:00:00,2026-03-04 13:00:00,2026-03-04,13,2,3,28.0,25.17845,27.78,2.8215503692626953,2.8215503692626953,< $50,0,0.006148197,0
2026-03-04 15:00:00,2026-03-04 14:00:00,2026-03-04,14,2,3,27.95,30.163954,28.0,-2.2139537811279304,2.2139537811279304,< $50,0,0.018290114,0
2026-03-04 16:00:00,2026-03-04 15:00:00,2026-03-04,15,2,3,29.78,29.8638,27.95,-0.08380004882812386,0.08380004882812386,< $50,0,0.033851326,0
2026-03-04 17:00:00,2026-03-04 16:00:00,2026-03-04,16,2,3,31.17,46.277306,29.78,-15.107305603027342,15.107305603027342,< $50,0,0.14921007,0
2026-03-04 18:00:00,2026-03-04 17:00:00,2026-03-04,17,2,3,34.57,44.764603,31.17,-10.194602661132812,10.194602661132812,< $50,0,0.12403007,0
2026-03-04 19:00:00,2026-03-04 18:00:00,2026-03-04,18,2,3,35.65,36.90787,34.57,-1.257871246337892,1.257871246337892,< $50,0,0.060442474,0
2026-03-04 20:00:00,2026-03-04 19:00:00,2026-03-04,19,2,3,35.09,38.066227,35.65,-2.976226959228512,2.976226959228512,< $50,0,0.11423896,0
2026-03-04 21:00:00,2026-03-04 20:00:00,2026-03-04,20,2,3,34.5,35.195656,35.09,-0.6956558227539062,0.6956558227539062,< $50,0,0.06633185,0
2026-03-04 22:00:00,2026-03-04 21:00:00,2026-03-04,21,2,3,34.28,32.432404,34.5,1.8475964355468761,1.8475964355468761,< $50,0,0.029504396,0
2026-03-04 23:00:00,2026-03-04 22:00:00,2026-03-04,22,2,3,33.33,31.416649,34.28,1.9133511352539045,1.9133511352539045,< $50,0,0.006076747,0
2026-03-05 00:00:00,2026-03-04 23:00:00,2026-03-04,23,2,3,31.49,34.385475,33.33,-2.895475158691408,2.895475158691408,< $50,0,0.008033678,0
2026-03-05 01:00:00,2026-03-05 00:00:00,2026-03-05,0,3,3,30.28,31.517258,31.49,-1.2372576904296864,1.2372576904296864,< $50,0,0.0060610315,0
2026-03-05 02:00:00,2026-03-05 01:00:00,2026-03-05,1,3,3,27.41,29.689444,30.28,-2.279443588256836,2.279443588256836,< $50,0,0.004432949,0
2026-03-05 03:00:00,2026-03-05 02:00:00,2026-03-05,2,3,3,27.67,28.829588,27.41,-1.1595879364013655,1.1595879364013655,< $50,0,0.0061575426,0
2026-03-05 04:00:00,2026-03-05 03:00:00,2026-03-05,3,3,3,27.77,28.533129,27.67,-0.7631287384033207,0.7631287384033207,< $50,0,0.007892888,0
2026-03-05 05:00:00,2026-03-05 04:00:00,2026-03-05,4,3,3,28.16,29.397781,27.77,-1.2377813720703124,1.2377813720703124,< $50,0,0.00878578,0
2026-03-05 06:00:00,2026-03-05 05:00:00,2026-03-05,5,3,3,34.14,32.351486,28.16,1.788513793945313,1.788513793945313,< $50,0,0.0138270855,0
2026-03-05 07:00:00,2026-03-05 06:00:00,2026-03-05,6,3,3,84.2,47.665054,34.14,36.53494567871094,36.53494567871094,$50–100,0,0.036481563,0
2026-03-05 08:00:00,2026-03-05 07:00:00,2026-03-05,7,3,3,99.0,127.43587,84.2,-28.435867309570312,28.435867309570312,$50–100,0,0.74649614,1
2026-03-05 09:00:00,2026-03-05 08:00:00,2026-03-05,8,3,3,47.71,109.54453,99.0,-61.834532775878905,61.834532775878905,< $50,0,0.81502855,1
2026-03-05 10:00:00,2026-03-05 09:00:00,2026-03-05,9,3,3,32.99,52.104115,47.71,-19.1141145324707,19.1141145324707,< $50,0,0.18457544,0
2026-03-05 11:00:00,2026-03-05 10:00:00,2026-03-05,10,3,3,26.47,29.422087,32.99,-2.9520867156982433,2.9520867156982433,< $50,0,0.014533092,0
2026-03-05 12:00:00,2026-03-05 11:00:00,2026-03-05,11,3,3,24.43,26.152576,26.47,-1.7225764465332034,1.7225764465332034,< $50,0,0.0066248,0
2026-03-05 13:00:00,2026-03-05 12:00:00,2026-03-05,12,3,3,25.53,22.710215,24.43,2.819785385131837,2.819785385131837,< $50,0,0.011088394,0
2026-03-05 14:00:00,2026-03-05 13:00:00,2026-03-05,13,3,3,23.91,24.23845,25.53,-0.32844909667968736,0.32844909667968736,< $50,0,0.019180495,0
2026-03-05 15:00:00,2026-03-05 14:00:00,2026-03-05,14,3,3,16.87,23.131123,23.91,-6.261122589111327,6.261122589111327,< $50,0,0.0067246356,0
2026-03-05 16:00:00,2026-03-05 15:00:00,2026-03-05,15,3,3,22.08,17.856031,16.87,4.223968582153319,4.223968582153319,< $50,0,0.007861838,0
2026-03-05 17:00:00,2026-03-05 16:00:00,2026-03-05,16,3,3,25.29,24.513708,22.08,0.7762918853759757,0.7762918853759757,< $50,0,0.017782172,0
2026-03-05 18:00:00,2026-03-05 17:00:00,2026-03-05,17,3,3,67.65,30.205502,25.29,37.44449844360352,37.44449844360352,$50–100,0,0.111655936,0
2026-03-05 19:00:00,2026-03-05 18:00:00,2026-03-05,18,3,3,99.96,77.764885,67.65,22.195115051269525,22.195115051269525,$50–100,0,0.27619523,0
2026-03-05 20:00:00,2026-03-05 19:00:00,2026-03-05,19,3,3,98.37,114.20791,99.96,-15.83790863037109,15.83790863037109,$50–100,0,0.754003,1
2026-03-05 21:00:00,2026-03-05 20:00:00,2026-03-05,20,3,3,84.11,75.72413,98.37,8.385871276855468,8.385871276855468,$50–100,0,0.5953084,1
2026-03-05 22:00:00,2026-03-05 21:00:00,2026-03-05,21,3,3,41.97,69.12599,84.11,-27.155991821289064,27.155991821289064,< $50,0,0.3032973,0
2026-03-05 23:00:00,2026-03-05 22:00:00,2026-03-05,22,3,3,29.63,49.365505,41.97,-19.73550521850586,19.73550521850586,< $50,0,0.021832105,0
2026-03-06 00:00:00,2026-03-05 23:00:00,2026-03-05,23,3,3,25.54,26.736275,29.63,-1.196274719238282,1.196274719238282,< $50,0,0.010210408,0
2026-03-06 01:00:00,2026-03-06 00:00:00,2026-03-06,0,4,3,22.44,23.43896,25.54,-0.9989591217041003,0.9989591217041003,< $50,0,0.0046437257,0
2026-03-06 02:00:00,2026-03-06 01:00:00,2026-03-06,1,4,3,16.39,21.519947,22.44,-5.129947052001953,5.129947052001953,< $50,0,0.005090276,0
2026-03-06 03:00:00,2026-03-06 02:00:00,2026-03-06,2,4,3,14.82,15.655126,16.39,-0.8351256179809567,0.8351256179809567,< $50,0,0.0020276061,0
2026-03-06 04:00:00,2026-03-06 03:00:00,2026-03-06,3,4,3,12.49,12.8955555,14.82,-0.4055554962158201,0.4055554962158201,< $50,0,0.00062827725,0
2026-03-06 05:00:00,2026-03-06 04:00:00,2026-03-06,4,4,3,14.37,11.306781,12.49,3.0632191848754875,3.0632191848754875,< $50,0,0.0007711871,0
2026-03-06 06:00:00,2026-03-06 05:00:00,2026-03-06,5,4,3,15.45,17.768421,14.37,-2.318421173095704,2.318421173095704,< $50,0,0.004566471,0
2026-03-06 07:00:00,2026-03-06 06:00:00,2026-03-06,6,4,3,15.38,34.924927,15.45,-19.544926757812497,19.544926757812497,< $50,0,0.0032215456,0
2026-03-06 08:00:00,2026-03-06 07:00:00,2026-03-06,7,4,3,13.76,26.060575,15.38,-12.300575485229492,12.300575485229492,< $50,0,0.00086838804,0
2026-03-06 09:00:00,2026-03-06 08:00:00,2026-03-06,8,4,3,3.94,26.374912,13.76,-22.43491226196289,22.43491226196289,< $50,0,0.0003722065,0
2026-03-06 10:00:00,2026-03-06 09:00:00,2026-03-06,9,4,3,0.0,2.5447602,3.94,-2.544760227203369,2.544760227203369,< $50,0,0.0003393555,0
2026-03-06 11:00:00,2026-03-06 10:00:00,2026-03-06,10,4,3,10.5,0.0,0.0,10.5,10.5,< $50,0,0.00025849073,0
2026-03-06 12:00:00,2026-03-06 11:00:00,2026-03-06,11,4,3,13.5,12.017923,10.5,1.482076644897461,1.482076644897461,< $50,0,0.00077858666,0
2026-03-06 13:00:00,2026-03-06 12:00:00,2026-03-06,12,4,3,13.22,14.613041,13.5,-1.393040924072265,1.393040924072265,< $50,0,0.0006909572,0
2026-03-06 14:00:00,2026-03-06 13:00:00,2026-03-06,13,4,3,4.27,10.592528,13.22,-6.322528343200684,6.322528343200684,< $50,0,0.0004941499,0
2026-03-06 15:00:00,2026-03-06 14:00:00,2026-03-06,14,4,3,1.18,3.6205013,4.27,-2.440501279830933,2.440501279830933,< $50,0,0.0006254099,0
2026-03-06 16:00:00,2026-03-06 15:00:00,2026-03-06,15,4,3,11.03,2.4248059,1.18,8.605194120407104,8.605194120407104,< $50,0,0.00059535884,0
2026-03-06 17:00:00,2026-03-06 16:00:00,2026-03-06,16,4,3,14.03,15.842506,11.03,-1.812506408691407,1.812506408691407,< $50,0,0.002569961,0
2026-03-06 18:00:00,2026-03-06 17:00:00,2026-03-06,17,4,3,21.52,23.603504,14.03,-2.0835041809082036,2.0835041809082036,< $50,0,0.0055267746,0
2026-03-06 19:00:00,2026-03-06 18:00:00,2026-03-06,18,4,3,25.1,34.19902,21.52,-9.099020385742186,9.099020385742186,< $50,0,0.009469746,0
2026-03-06 20:00:00,2026-03-06 19:00:00,2026-03-06,19,4,3,17.29,29.531656,25.1,-12.24165626525879,12.24165626525879,< $50,0,0.032935847,0
2026-03-06 21:00:00,2026-03-06 20:00:00,2026-03-06,20,4,3,14.51,17.028252,17.29,-2.518251647949219,2.518251647949219,< $50,0,0.003639528,0
2026-03-06 22:00:00,2026-03-06 21:00:00,2026-03-06,21,4,3,11.05,12.1402235,14.51,-1.0902235031127923,1.0902235031127923,< $50,0,0.002181534,0
2026-03-06 23:00:00,2026-03-06 22:00:00,2026-03-06,22,4,3,0.0,9.447251,11.05,-9.447251319885254,9.447251319885254,< $50,0,0.00043783014,0
2026-03-07 00:00:00,2026-03-06 23:00:00,2026-03-06,23,4,3,0.0,0.0,0.0,0.0,0.0,< $50,0,0.00091176067,0
2026-03-07 01:00:00,2026-03-07 00:00:00,2026-03-07,0,5,3,0.0,1.3789544,0.0,-1.3789544105529785,1.3789544105529785,< $50,0,0.0007660388,0
2026-03-07 02:00:00,2026-03-07 01:00:00,2026-03-07,1,5,3,0.0,0.25468698,0.0,-0.25468698143959045,0.25468698143959045,< $50,0,0.00036755417,0
2026-03-07 03:00:00,2026-03-07 02:00:00,2026-03-07,2,5,3,0.0,0.8642826,0.0,-0.8642826080322266,0.8642826080322266,< $50,0,0.0005257369,0
2026-03-07 04:00:00,2026-03-07 03:00:00,2026-03-07,3,5,3,0.0,0.8684826,0.0,-0.8684825897216797,0.8684825897216797,< $50,0,0.00043494324,0
2026-03-07 05:00:00,2026-03-07 04:00:00,2026-03-07,4,5,3,0.0,0.9864043,0.0,-0.986404299736023,0.986404299736023,< $50,0,0.00055626436,0
2026-03-07 06:00:00,2026-03-07 05:00:00,2026-03-07,5,5,3,0.0,2.3304799,0.0,-2.330479860305786,2.330479860305786,< $50,0,0.0008314533,0
2026-03-07 07:00:00,2026-03-07 06:00:00,2026-03-07,6,5,3,0.0,8.182286,0.0,-8.182286262512207,8.182286262512207,< $50,0,0.00051556516,0
2026-03-07 08:00:00,2026-03-07 07:00:00,2026-03-07,7,5,3,0.0,5.577813,0.0,-5.577813148498535,5.577813148498535,< $50,0,0.00055996305,0
2026-03-07 09:00:00,2026-03-07 08:00:00,2026-03-07,8,5,3,0.0,2.1096134,0.0,-2.1096134185791016,2.1096134185791016,< $50,0,0.00048437723,0
2026-03-07 10:00:00,2026-03-07 09:00:00,2026-03-07,9,5,3,0.0,0.9382928,0.0,-0.9382928013801575,0.9382928013801575,< $50,0,0.00026349194,0
2026-03-07 11:00:00,2026-03-07 10:00:00,2026-03-07,10,5,3,0.0,1.1222707,0.0,-1.1222707033157349,1.1222707033157349,< $50,0,0.00011128817,0
2026-03-07 12:00:00,2026-03-07 11:00:00,2026-03-07,11,5,3,0.0,0.46936855,0.0,-0.4693685472011566,0.4693685472011566,< $50,0,0.00014322913,0
2026-03-07 13:00:00,2026-03-07 12:00:00,2026-03-07,12,5,3,0.0,0.83479273,0.0,-0.8347927331924438,0.8347927331924438,< $50,0,0.00024436883,0
2026-03-07 14:00:00,2026-03-07 13:00:00,2026-03-07,13,5,3,0.0,0.76129484,0.0,-0.7612948417663574,0.7612948417663574,< $50,0,0.00030826402,0
2026-03-07 15:00:00,2026-03-07 14:00:00,2026-03-07,14,5,3,0.0,0.85323536,0.0,-0.8532353639602661,0.8532353639602661,< $50,0,0.0004610597,0
2026-03-07 16:00:00,2026-03-07 15:00:00,2026-03-07,15,5,3,0.0,1.0273991,0.0,-1.0273990631103516,1.0273990631103516,< $50,0,0.0007079317,0
2026-03-07 17:00:00,2026-03-07 16:00:00,2026-03-07,16,5,3,0.0,2.1542306,0.0,-2.1542305946350098,2.1542305946350098,< $50,0,0.00078321673,0
2026-03-07 18:00:00,2026-03-07 17:00:00,2026-03-07,17,5,3,0.0,7.0546207,0.0,-7.054620742797852,7.054620742797852,< $50,0,0.0011567815,0
2026-03-07 19:00:00,2026-03-07 18:00:00,2026-03-07,18,5,3,3.35,0.0,0.0,3.35,3.35,< $50,0,0.00016974416,0
2026-03-07 20:00:00,2026-03-07 19:00:00,2026-03-07,19,5,3,16.16,11.172991,3.35,4.987009201049805,4.987009201049805,< $50,0,0.0006924351,0
2026-03-07 21:00:00,2026-03-07 20:00:00,2026-03-07,20,5,3,22.67,19.397196,16.16,3.2728041839599626,3.2728041839599626,< $50,0,0.001625908,0
2026-03-07 22:00:00,2026-03-07 21:00:00,2026-03-07,21,5,3,19.34,25.394447,22.67,-6.054447326660156,6.054447326660156,< $50,0,0.004825992,0
2026-03-07 23:00:00,2026-03-07 22:00:00,2026-03-07,22,5,3,21.61,16.472916,19.34,5.137084350585937,5.137084350585937,< $50,0,0.0005489217,0
2026-03-08 00:00:00,2026-03-07 23:00:00,2026-03-07,23,5,3,1.98,22.560877,21.61,-20.580876846313476,20.580876846313476,< $50,0,0.0038375151,0
2026-03-08 01:00:00,2026-03-08 00:00:00,2026-03-08,0,6,3,0.0,2.4500866,1.98,-2.4500865936279297,2.4500865936279297,< $50,0,0.00012823334,0
2026-03-08 02:00:00,2026-03-08 02:00:00,2026-03-08,2,6,3,0.0,0.9014405,0.0,-0.9014405012130737,0.9014405012130737,< $50,0,0.00016001138,0
2026-03-08 03:00:00,2026-03-08 03:00:00,2026-03-08,3,6,3,4.03,0.75765824,0.0,3.272341756820679,3.272341756820679,< $50,0,0.00018061137,0
2026-03-08 04:00:00,2026-03-08 04:00:00,2026-03-08,4,6,3,12.74,8.292514,4.03,4.447486152648926,4.447486152648926,< $50,0,0.0004194517,0
2026-03-08 05:00:00,2026-03-08 05:00:00,2026-03-08,5,6,3,16.8,18.08143,12.74,-1.2814304351806634,1.2814304351806634,< $50,0,0.0007155491,0
2026-03-08 06:00:00,2026-03-08 06:00:00,2026-03-08,6,6,3,22.61,26.259966,16.8,-3.649965896606446,3.649965896606446,< $50,0,0.002926679,0
2026-03-08 07:00:00,2026-03-08 07:00:00,2026-03-08,7,6,3,22.2,25.930498,22.61,-3.730498123168946,3.730498123168946,< $50,0,0.005046949,0
2026-03-08 08:00:00,2026-03-08 08:00:00,2026-03-08,8,6,3,20.19,21.139763,22.2,-0.9497628784179675,0.9497628784179675,< $50,0,0.0019123199,0
2026-03-08 09:00:00,2026-03-08 09:00:00,2026-03-08,9,6,3,13.0,17.968134,20.19,-4.968133926391602,4.968133926391602,< $50,0,0.0013902818,0
2026-03-08 10:00:00,2026-03-08 10:00:00,2026-03-08,10,6,3,10.89,12.257994,13.0,-1.3679936981201166,1.3679936981201166,< $50,0,0.00039577682,0
2026-03-08 11:00:00,2026-03-08 11:00:00,2026-03-08,11,6,3,21.59,9.570576,10.89,12.019424285888672,12.019424285888672,< $50,0,0.00036560954,0
2026-03-08 12:00:00,2026-03-08 12:00:00,2026-03-08,12,6,3,15.56,25.443537,21.59,-9.883536758422851,9.883536758422851,< $50,0,0.0038615786,0
2026-03-08 13:00:00,2026-03-08 13:00:00,2026-03-08,13,6,3,0.0,14.104521,15.56,-14.104520797729492,14.104520797729492,< $50,0,0.0005952942,0
2026-03-08 14:00:00,2026-03-08 14:00:00,2026-03-08,14,6,3,0.59,0.04604685,0.0,0.5439531506597995,0.5439531506597995,< $50,0,0.0006318749,0
2026-03-08 15:00:00,2026-03-08 15:00:00,2026-03-08,15,6,3,4.67,4.9246097,0.59,-0.254609661102295,0.254609661102295,< $50,0,0.0010158544,0
2026-03-08 16:00:00,2026-03-08 16:00:00,2026-03-08,16,6,3,19.94,10.919905,4.67,9.020095291137697,9.020095291137697,< $50,0,0.0014453523,0
2026-03-08 17:00:00,2026-03-08 17:00:00,2026-03-08,17,6,3,26.55,40.961613,19.94,-14.411612701416015,14.411612701416015,< $50,0,0.028789045,0
2026-03-08 18:00:00,2026-03-08 18:00:00,2026-03-08,18,6,3,179.82,32.405415,26.55,147.41458541870117,147.41458541870117,$100–250,1,0.017798178,0
2026-03-08 19:00:00,2026-03-08 19:00:00,2026-03-08,19,6,3,434.26,167.56918,179.82,266.6908166503906,266.6908166503906,>= $250,1,0.853641,1
2026-03-08 20:00:00,2026-03-08 20:00:00,2026-03-08,20,6,3,270.22,289.43875,434.26,-19.218751220703098,19.218751220703098,>= $250,1,0.92600775,1
2026-03-08 21:00:00,2026-03-08 21:00:00,2026-03-08,21,6,3,75.65,101.273346,270.22,-25.62334594726562,25.62334594726562,$50–100,0,0.4366433,0
2026-03-08 22:00:00,2026-03-08 22:00:00,2026-03-08,22,6,3,49.11,45.733635,75.65,3.3763650512695307,3.3763650512695307,< $50,0,0.04701606,0
2026-03-08 23:00:00,2026-03-08 23:00:00,2026-03-08,23,6,3,33.68,51.690453,49.11,-18.010452575683594,18.010452575683594,< $50,0,0.15772055,0
2026-03-09 00:00:00,2026-03-09 00:00:00,2026-03-09,0,0,3,26.79,37.8782,33.68,-11.08820053100586,11.08820053100586,< $50,0,0.008548044,0
2026-03-09 01:00:00,2026-03-09 01:00:00,2026-03-09,1,0,3,26.08,32.796417,26.79,-6.716417236328127,6.716417236328127,< $50,0,0.0025868965,0
2026-03-09 02:00:00,2026-03-09 02:00:00,2026-03-09,2,0,3,22.63,27.755573,26.08,-5.125573272705079,5.125573272705079,< $50,0,0.0013140636,0
2026-03-09 03:00:00,2026-03-09 03:00:00,2026-03-09,3,0,3,19.06,21.689596,22.63,-2.629596176147462,2.629596176147462,< $50,0,0.000933067,0
2026-03-09 04:00:00,2026-03-09 04:00:00,2026-03-09,4,0,3,18.16,18.111687,19.06,0.04831329345703139,0.04831329345703139,< $50,0,0.00090502214,0
2026-03-09 05:00:00,2026-03-09 05:00:00,2026-03-09,5,0,3,17.85,19.129969,18.16,-1.2799686431884751,1.2799686431884751,< $50,0,0.0013079303,0
2026-03-09 06:00:00,2026-03-09 06:00:00,2026-03-09,6,0,3,18.03,23.333086,17.85,-5.303086013793944,5.303086013793944,< $50,0,0.0010878423,0
2026-03-09 07:00:00,2026-03-09 07:00:00,2026-03-09,7,0,3,18.38,19.75938,18.03,-1.3793803405761729,1.3793803405761729,< $50,0,0.0039766775,0
2026-03-09 08:00:00,2026-03-09 08:00:00,2026-03-09,8,0,3,18.96,19.09577,18.38,-0.13576988220214758,0.13576988220214758,< $50,0,0.0011686711,0
2026-03-09 09:00:00,2026-03-09 09:00:00,2026-03-09,9,0,3,17.74,19.867096,18.96,-2.1270959472656266,2.1270959472656266,< $50,0,0.001610694,0
2026-03-09 10:00:00,2026-03-09 10:00:00,2026-03-09,10,0,3,16.58,17.007572,17.74,-0.42757217407226733,0.42757217407226733,< $50,0,0.0010899849,0
2026-03-09 11:00:00,2026-03-09 11:00:00,2026-03-09,11,0,3,8.3,15.261561,16.58,-6.961561393737792,6.961561393737792,< $50,0,0.0013490494,0
2026-03-09 12:00:00,2026-03-09 12:00:00,2026-03-09,12,0,3,2.51,7.40934,8.3,-4.8993399047851565,4.8993399047851565,< $50,0,0.000506543,0
2026-03-09 13:00:00,2026-03-09 13:00:00,2026-03-09,13,0,3,14.36,4.256446,2.51,10.10355411529541,10.10355411529541,< $50,0,0.0006352923,0
2026-03-09 14:00:00,2026-03-09 14:00:00,2026-03-09,14,0,3,19.9,24.735512,14.36,-4.835511779785158,4.835511779785158,< $50,0,0.0037563145,0
2026-03-09 15:00:00,2026-03-09 15:00:00,2026-03-09,15,0,3,19.76,23.258608,19.9,-3.4986078643798812,3.4986078643798812,< $50,0,0.015295039,0
2026-03-09 16:00:00,2026-03-09 16:00:00,2026-03-09,16,0,3,18.05,23.751747,19.76,-5.7017471313476555,5.7017471313476555,< $50,0,0.008625598,0
2026-03-09 17:00:00,2026-03-09 17:00:00,2026-03-09,17,0,3,26.94,24.719904,18.05,2.2200960540771497,2.2200960540771497,< $50,0,0.015858052,0
2026-03-09 18:00:00,2026-03-09 18:00:00,2026-03-09,18,0,3,53.65,44.058857,26.94,9.59114303588867,9.59114303588867,$50–100,0,0.09114591,0
2026-03-09 19:00:00,2026-03-09 19:00:00,2026-03-09,19,0,3,238.93,106.87306,53.65,132.05693786621094,132.05693786621094,$100–250,1,0.68175924,1
2026-03-09 20:00:00,2026-03-09 20:00:00,2026-03-09,20,0,3,781.71,329.38452,238.93,452.32547851562504,452.32547851562504,>= $250,1,0.98104066,1
2026-03-09 21:00:00,2026-03-09 21:00:00,2026-03-09,21,0,3,103.04,394.94412,781.71,-291.9041223144531,291.9041223144531,$100–250,1,0.9910349,1
2026-03-09 22:00:00,2026-03-09 22:00:00,2026-03-09,22,0,3,48.73,44.034077,103.04,4.695923309326169,4.695923309326169,< $50,0,0.17231202,0
2026-03-09 23:00:00,2026-03-09 23:00:00,2026-03-09,23,0,3,199.48,52.846752,48.73,146.63324783325194,146.63324783325194,$100–250,1,0.22536722,0
2026-03-10 00:00:00,2026-03-10 00:00:00,2026-03-10,0,1,3,40.73,161.88855,199.48,-121.15854980468751,121.15854980468751,< $50,0,0.9315572,1
2026-03-10 01:00:00,2026-03-10 01:00:00,2026-03-10,1,1,3,43.59,46.41357,40.73,-2.823570404052731,2.823570404052731,< $50,0,0.10672652,0
2026-03-10 02:00:00,2026-03-10 02:00:00,2026-03-10,2,1,3,43.55,52.27534,43.59,-8.72534103393555,8.72534103393555,< $50,0,0.09110891,0
2026-03-10 03:00:00,2026-03-10 03:00:00,2026-03-10,3,1,3,28.44,44.0729,43.55,-15.632898864746092,15.632898864746092,< $50,0,0.029287852,0
2026-03-10 04:00:00,2026-03-10 04:00:00,2026-03-10,4,1,3,24.9,27.580242,28.44,-2.6802421569824233,2.6802421569824233,< $50,0,0.011418894,0
2026-03-10 05:00:00,2026-03-10 05:00:00,2026-03-10,5,1,3,25.28,25.521877,24.9,-0.24187728881835824,0.24187728881835824,< $50,0,0.009925186,0
2026-03-10 06:00:00,2026-03-10 06:00:00,2026-03-10,6,1,3,26.33,29.73831,25.28,-3.408309860229494,3.408309860229494,< $50,0,0.052414905,0
2026-03-10 07:00:00,2026-03-10 07:00:00,2026-03-10,7,1,3,33.52,28.402597,26.33,5.117402572631839,5.117402572631839,< $50,0,0.048520073,0
2026-03-10 08:00:00,2026-03-10 08:00:00,2026-03-10,8,1,3,34.87,41.474335,33.52,-6.604334716796878,6.604334716796878,< $50,0,0.07981788,0
2026-03-10 09:00:00,2026-03-10 09:00:00,2026-03-10,9,1,3,25.35,35.307697,34.87,-9.957697296142577,9.957697296142577,< $50,0,0.02395104,0
2026-03-10 10:00:00,2026-03-10 10:00:00,2026-03-10,10,1,3,25.37,22.955399,25.35,2.4146014404296885,2.4146014404296885,< $50,0,0.0045426344,0
2026-03-10 11:00:00,2026-03-10 11:00:00,2026-03-10,11,1,3,32.54,22.977774,25.37,9.562226333618163,9.562226333618163,< $50,0,0.013918469,0
2026-03-10 12:00:00,2026-03-10 12:00:00,2026-03-10,12,1,3,45.58,38.836937,32.54,6.7430630493164045,6.7430630493164045,< $50,0,0.033820014,0
2026-03-10 13:00:00,2026-03-10 13:00:00,2026-03-10,13,1,3,46.11,57.53138,45.58,-11.421379699707032,11.421379699707032,< $50,0,0.17983411,0
2026-03-10 14:00:00,2026-03-10 14:00:00,2026-03-10,14,1,3,33.23,52.1518,46.11,-18.92179824829102,18.92179824829102,< $50,0,0.14749663,0
2026-03-10 15:00:00,2026-03-10 15:00:00,2026-03-10,15,1,3,18.71,28.421417,33.23,-9.711417236328124,9.711417236328124,< $50,0,0.025783341,0
2026-03-10 16:00:00,2026-03-10 16:00:00,2026-03-10,16,1,3,19.42,20.31397,18.71,-0.8939705657958967,0.8939705657958967,< $50,0,0.01043808,0
2026-03-10 17:00:00,2026-03-10 17:00:00,2026-03-10,17,1,3,26.86,33.04326,19.42,-6.183258666992188,6.183258666992188,< $50,0,0.07969314,0
2026-03-10 18:00:00,2026-03-10 18:00:00,2026-03-10,18,1,3,64.2,69.797295,26.86,-5.597294616699216,5.597294616699216,$50–100,0,0.08454745,0
2026-03-10 19:00:00,2026-03-10 19:00:00,2026-03-10,19,1,3,112.7,155.0495,64.2,-42.34949951171875,42.34949951171875,$100–250,1,0.9045052,1
2026-03-10 20:00:00,2026-03-10 20:00:00,2026-03-10,20,1,3,33.52,223.11208,112.7,-189.59207580566405,189.59207580566405,< $50,0,0.95469844,1
2026-03-10 21:00:00,2026-03-10 21:00:00,2026-03-10,21,1,3,26.42,41.668934,33.52,-15.248933868408201,15.248933868408201,< $50,0,0.09722621,0
2026-03-10 22:00:00,2026-03-10 22:00:00,2026-03-10,22,1,3,24.91,29.325928,26.42,-4.415927734375,4.415927734375,< $50,0,0.011480198,0
2026-03-10 23:00:00,2026-03-10 23:00:00,2026-03-10,23,1,3,17.82,20.299969,24.91,-2.4799687194824216,2.4799687194824216,< $50,0,0.029153781,0
2026-03-11 00:00:00,2026-03-11 00:00:00,2026-03-11,0,2,3,3.42,17.67827,17.82,-14.25827033996582,14.25827033996582,< $50,0,0.005419539,0
2026-03-11 01:00:00,2026-03-11 01:00:00,2026-03-11,1,2,3,0.0,2.611167,3.42,-2.6111669540405273,2.6111669540405273,< $50,0,0.0012769914,0
2026-03-11 02:00:00,2026-03-11 02:00:00,2026-03-11,2,2,3,0.0,1.6821169,0.0,-1.6821168661117554,1.6821168661117554,< $50,0,0.00077090785,0
2026-03-11 03:00:00,2026-03-11 03:00:00,2026-03-11,3,2,3,0.0,0.9582193,0.0,-0.9582192897796631,0.9582192897796631,< $50,0,0.00069245294,0
2026-03-11 04:00:00,2026-03-11 04:00:00,2026-03-11,4,2,3,0.0,1.1441914,0.0,-1.1441913843154907,1.1441913843154907,< $50,0,0.0008457844,0
2026-03-11 05:00:00,2026-03-11 05:00:00,2026-03-11,5,2,3,0.0,2.226207,0.0,-2.2262070178985596,2.2262070178985596,< $50,0,0.00091075955,0
2026-03-11 06:00:00,2026-03-11 06:00:00,2026-03-11,6,2,3,8.9,4.285907,0.0,4.614093208312989,4.614093208312989,< $50,0,0.0005820531,0
2026-03-11 07:00:00,2026-03-11 07:00:00,2026-03-11,7,2,3,17.28,15.273064,8.9,2.0069363403320324,2.0069363403320324,< $50,0,0.001733136,0
2026-03-11 08:00:00,2026-03-11 08:00:00,2026-03-11,8,2,3,11.04,24.449205,17.28,-13.409205398559571,13.409205398559571,< $50,0,0.0041956245,0
2026-03-11 09:00:00,2026-03-11 09:00:00,2026-03-11,9,2,3,0.38,11.766462,11.04,-11.386462326049804,11.386462326049804,< $50,0,0.00020148253,0
2026-03-11 10:00:00,2026-03-11 10:00:00,2026-03-11,10,2,3,0.0,0.0,0.38,0.0,0.0,< $50,0,0.00019845992,0
2026-03-11 11:00:00,2026-03-11 11:00:00,2026-03-11,11,2,3,0.0,0.0,0.0,0.0,0.0,< $50,0,0.0003461983,0
2026-03-11 12:00:00,2026-03-11 12:00:00,2026-03-11,12,2,3,0.0,0.32348123,0.0,-0.3234812319278717,0.3234812319278717,< $50,0,0.00087156537,0
2026-03-11 13:00:00,2026-03-11 13:00:00,2026-03-11,13,2,3,0.0,1.189232,0.0,-1.1892319917678833,1.1892319917678833,< $50,0,0.0009419826,0
2026-03-11 14:00:00,2026-03-11 14:00:00,2026-03-11,14,2,3,0.0,0.8228894,0.0,-0.8228893876075745,0.8228893876075745,< $50,0,0.00075589423,0
2026-03-11 15:00:00,2026-03-11 15:00:00,2026-03-11,15,2,3,0.0,1.0686893,0.0,-1.0686893463134766,1.0686893463134766,< $50,0,0.0009985033,0
2026-03-11 16:00:00,2026-03-11 16:00:00,2026-03-11,16,2,3,0.0,3.66993,0.0,-3.6699299812316895,3.6699299812316895,< $50,0,0.0017789748,0
2026-03-11 17:00:00,2026-03-11 17:00:00,2026-03-11,17,2,3,1.9,1.217214,0.0,0.6827860116958617,0.6827860116958617,< $50,0,0.0028554706,0
2026-03-11 18:00:00,2026-03-11 18:00:00,2026-03-11,18,2,3,32.29,5.0224924,1.9,27.267507591247558,27.267507591247558,< $50,0,0.0015547668,0
2026-03-11 19:00:00,2026-03-11 19:00:00,2026-03-11,19,2,3,68.6,97.03874,32.29,-28.438742065429693,28.438742065429693,$50–100,0,0.32681465,0
2026-03-11 20:00:00,2026-03-11 20:00:00,2026-03-11,20,2,3,44.27,140.3732,68.6,-96.10319946289061,96.10319946289061,< $50,0,0.43963358,0
2026-03-11 21:00:00,2026-03-11 21:00:00,2026-03-11,21,2,3,22.48,61.30029,44.27,-38.82028915405273,38.82028915405273,< $50,0,0.120280884,0
2026-03-11 22:00:00,2026-03-11 22:00:00,2026-03-11,22,2,3,19.26,20.479614,22.48,-1.2196142578124984,1.2196142578124984,< $50,0,0.0027464137,0
2026-03-11 23:00:00,2026-03-11 23:00:00,2026-03-11,23,2,3,14.57,37.614685,19.26,-23.04468505859375,23.04468505859375,< $50,0,0.010310417,0
2026-03-12 00:00:00,2026-03-12 00:00:00,2026-03-12,0,3,3,5.59,12.269516,14.57,-6.679515991210938,6.679515991210938,< $50,0,0.0011795117,0
2026-03-12 01:00:00,2026-03-12 01:00:00,2026-03-12,1,3,3,5.47,3.502984,5.59,1.9670159530639646,1.9670159530639646,< $50,0,0.0003161993,0
2026-03-12 02:00:00,2026-03-12 02:00:00,2026-03-12,2,3,3,0.0,6.101873,5.47,-6.10187292098999,6.10187292098999,< $50,0,0.0003982241,0
2026-03-12 03:00:00,2026-03-12 03:00:00,2026-03-12,3,3,3,0.0,2.3405666,0.0,-2.340566635131836,2.340566635131836,< $50,0,0.00025493326,0
2026-03-12 04:00:00,2026-03-12 04:00:00,2026-03-12,4,3,3,0.0,1.9497228,0.0,-1.9497227668762207,1.9497227668762207,< $50,0,0.00035902843,0
2026-03-12 05:00:00,2026-03-12 05:00:00,2026-03-12,5,3,3,4.35,2.9382856,0.0,1.41171441078186,1.41171441078186,< $50,0,0.0004745129,0
2026-03-12 06:00:00,2026-03-12 06:00:00,2026-03-12,6,3,3,16.71,13.474793,4.35,3.2352065658569344,3.2352065658569344,< $50,0,0.0005887022,0
2026-03-12 07:00:00,2026-03-12 07:00:00,2026-03-12,7,3,3,51.56,23.111675,16.71,28.44832473754883,28.44832473754883,$50–100,0,0.0089664,0
2026-03-12 08:00:00,2026-03-12 08:00:00,2026-03-12,8,3,3,38.62,44.315,51.56,-5.694998626708987,5.694998626708987,< $50,0,0.2343179,0
2026-03-12 09:00:00,2026-03-12 09:00:00,2026-03-12,9,3,3,20.27,32.28034,38.62,-12.010338287353516,12.010338287353516,< $50,0,0.0111682275,0
2026-03-12 10:00:00,2026-03-12 10:00:00,2026-03-12,10,3,3,19.18,14.75392,20.27,4.42608039855957,4.42608039855957,< $50,0,0.00082548324,0
2026-03-12 11:00:00,2026-03-12 11:00:00,2026-03-12,11,3,3,20.54,15.858888,19.18,4.681112327575683,4.681112327575683,< $50,0,0.0021947215,0
2026-03-12 12:00:00,2026-03-12 12:00:00,2026-03-12,12,3,3,16.86,21.194267,20.54,-4.334267272949219,4.334267272949219,< $50,0,0.002792517,0
2026-03-12 13:00:00,2026-03-12 13:00:00,2026-03-12,13,3,3,15.69,17.662825,16.86,-1.9728246307373052,1.9728246307373052,< $50,0,0.003106869,0
2026-03-12 14:00:00,2026-03-12 14:00:00,2026-03-12,14,3,3,26.55,16.108908,15.69,10.44109230041504,10.44109230041504,< $50,0,0.0013228403,0
2026-03-12 15:00:00,2026-03-12 15:00:00,2026-03-12,15,3,3,39.4,37.539963,26.55,1.860037231445311,1.860037231445311,< $50,0,0.109389134,0
2026-03-12 16:00:00,2026-03-12 16:00:00,2026-03-12,16,3,3,36.58,56.836548,39.4,-20.2565478515625,20.2565478515625,< $50,0,0.21789287,0
2026-03-12 17:00:00,2026-03-12 17:00:00,2026-03-12,17,3,3,35.3,42.386505,36.58,-7.086505126953128,7.086505126953128,< $50,0,0.08250446,0
2026-03-12 18:00:00,2026-03-12 18:00:00,2026-03-12,18,3,3,40.28,33.658142,35.3,6.621857910156251,6.621857910156251,< $50,0,0.0331597,0
2026-03-12 19:00:00,2026-03-12 19:00:00,2026-03-12,19,3,3,48.03,55.95982,40.28,-7.929819793701171,7.929819793701171,< $50,0,0.22098197,0
2026-03-12 20:00:00,2026-03-12 20:00:00,2026-03-12,20,3,3,59.41,62.893517,48.03,-3.483516540527347,3.483516540527347,$50–100,0,0.54401726,1
2026-03-12 21:00:00,2026-03-12 21:00:00,2026-03-12,21,3,3,49.44,52.928455,59.41,-3.4884553527832054,3.4884553527832054,< $50,0,0.26090363,0
2026-03-12 22:00:00,2026-03-12 22:00:00,2026-03-12,22,3,3,42.56,44.251564,49.44,-1.691564025878904,1.691564025878904,< $50,0,0.07343565,0
2026-03-12 23:00:00,2026-03-12 23:00:00,2026-03-12,23,3,3,35.13,40.505848,42.56,-5.375847930908201,5.375847930908201,< $50,0,0.036122423,0
2026-03-13 00:00:00,2026-03-13 00:00:00,2026-03-13,0,4,3,33.61,33.830696,35.13,-0.22069610595703182,0.22069610595703182,< $50,0,0.013225858,0
2026-03-13 01:00:00,2026-03-13 01:00:00,2026-03-13,1,4,3,32.62,32.985466,33.61,-0.3654660034179713,0.3654660034179713,< $50,0,0.021369386,0
2026-03-13 02:00:00,2026-03-13 02:00:00,2026-03-13,2,4,3,26.16,30.784315,32.62,-4.6243151092529295,4.6243151092529295,< $50,0,0.008111025,0
2026-03-13 03:00:00,2026-03-13 03:00:00,2026-03-13,3,4,3,25.47,23.57067,26.16,1.899330825805663,1.899330825805663,< $50,0,0.0060833353,0
2026-03-13 04:00:00,2026-03-13 04:00:00,2026-03-13,4,4,3,23.91,23.178898,25.47,0.7311021423339845,0.7311021423339845,< $50,0,0.007891107,0
2026-03-13 05:00:00,2026-03-13 05:00:00,2026-03-13,5,4,3,23.74,23.651356,23.91,0.08864425659179531,0.08864425659179531,< $50,0,0.0054219756,0
2026-03-13 06:00:00,2026-03-13 06:00:00,2026-03-13,6,4,3,30.86,25.358599,23.74,5.501401290893554,5.501401290893554,< $50,0,0.004315528,0
2026-03-13 07:00:00,2026-03-13 07:00:00,2026-03-13,7,4,3,36.96,42.231655,30.86,-5.2716551208496085,5.2716551208496085,< $50,0,0.041972607,0
2026-03-13 08:00:00,2026-03-13 08:00:00,2026-03-13,8,4,3,41.15,36.212666,36.96,4.9373344421386705,4.9373344421386705,< $50,0,0.035063073,0
2026-03-13 09:00:00,2026-03-13 09:00:00,2026-03-13,9,4,3,44.07,43.488518,41.15,0.5814822387695315,0.5814822387695315,< $50,0,0.028080404,0
2026-03-13 10:00:00,2026-03-13 10:00:00,2026-03-13,10,4,3,43.21,44.288677,44.07,-1.078677215576171,1.078677215576171,< $50,0,0.07248587,0
2026-03-13 11:00:00,2026-03-13 11:00:00,2026-03-13,11,4,3,39.59,39.73344,43.21,-0.14344039916991846,0.14344039916991846,< $50,0,0.043204773,0
2026-03-13 12:00:00,2026-03-13 12:00:00,2026-03-13,12,4,3,30.55,36.671505,39.59,-6.121504974365234,6.121504974365234,< $50,0,0.022900656,0
2026-03-13 13:00:00,2026-03-13 13:00:00,2026-03-13,13,4,3,26.61,29.978918,30.55,-3.368918075561524,3.368918075561524,< $50,0,0.016384855,0
2026-03-13 14:00:00,2026-03-13 14:00:00,2026-03-13,14,4,3,28.79,25.5414,26.61,3.248599090576171,3.248599090576171,< $50,0,0.009759934,0
2026-03-13 15:00:00,2026-03-13 15:00:00,2026-03-13,15,4,3,37.59,33.137127,28.79,4.4528730773925815,4.4528730773925815,< $50,0,0.032951992,0
2026-03-13 16:00:00,2026-03-13 16:00:00,2026-03-13,16,4,3,45.64,51.743397,37.59,-6.103396759033203,6.103396759033203,< $50,0,0.11606735,0
2026-03-13 17:00:00,2026-03-13 17:00:00,2026-03-13,17,4,3,54.24,58.57289,45.64,-4.3328912353515605,4.3328912353515605,$50–100,0,0.20098633,0
2026-03-13 18:00:00,2026-03-13 18:00:00,2026-03-13,18,4,3,60.0,57.923878,54.24,2.076122283935547,2.076122283935547,$50–100,0,0.3124864,0
2026-03-13 19:00:00,2026-03-13 19:00:00,2026-03-13,19,4,3,98.38,67.40901,60.0,30.970988159179683,30.970988159179683,$50–100,0,0.60937965,1
2026-03-13 20:00:00,2026-03-13 20:00:00,2026-03-13,20,4,3,35.63,90.52722,98.38,-54.8972216796875,54.8972216796875,< $50,0,0.8783456,1
2026-03-13 21:00:00,2026-03-13 21:00:00,2026-03-13,21,4,3,36.21,48.33403,35.63,-12.124030151367187,12.124030151367187,< $50,0,0.08312676,0
2026-03-13 22:00:00,2026-03-13 22:00:00,2026-03-13,22,4,3,36.85,35.490864,36.21,1.3591361999511733,1.3591361999511733,< $50,0,0.0110487,0
2026-03-13 23:00:00,2026-03-13 23:00:00,2026-03-13,23,4,3,34.95,33.234196,36.85,1.7158042907714872,1.7158042907714872,< $50,0,0.024002405,0
2026-03-14 00:00:00,2026-03-14 00:00:00,2026-03-14,0,5,3,30.58,32.70427,34.95,-2.124269409179689,2.124269409179689,< $50,0,0.015317744,0
2026-03-14 01:00:00,2026-03-14 01:00:00,2026-03-14,1,5,3,25.14,29.376228,30.58,-4.236228332519531,4.236228332519531,< $50,0,0.0109439995,0
2026-03-14 02:00:00,2026-03-14 02:00:00,2026-03-14,2,5,3,25.29,21.758251,25.14,3.5317488098144523,3.5317488098144523,< $50,0,0.0030181576,0
2026-03-14 03:00:00,2026-03-14 03:00:00,2026-03-14,3,5,3,29.95,23.51444,25.29,6.435559463500976,6.435559463500976,< $50,0,0.005739823,0
2026-03-14 04:00:00,2026-03-14 04:00:00,2026-03-14,4,5,3,31.88,32.45338,29.95,-0.5733805847167979,0.5733805847167979,< $50,0,0.01589931,0
2026-03-14 05:00:00,2026-03-14 05:00:00,2026-03-14,5,5,3,29.77,32.865578,31.88,-3.0955776977539067,3.0955776977539067,< $50,0,0.0116415005,0
2026-03-14 06:00:00,2026-03-14 06:00:00,2026-03-14,6,5,3,23.36,30.254732,29.77,-6.894732131958008,6.894732131958008,< $50,0,0.0029885494,0
2026-03-14 07:00:00,2026-03-14 07:00:00,2026-03-14,7,5,3,23.6,23.96914,23.36,-0.36913909912109233,0.36913909912109233,< $50,0,0.0030912713,0
2026-03-14 08:00:00,2026-03-14 08:00:00,2026-03-14,8,5,3,25.9,24.787487,23.6,1.1125129699707017,1.1125129699707017,< $50,0,0.0066972617,0
2026-03-14 09:00:00,2026-03-14 09:00:00,2026-03-14,9,5,3,20.72,27.973852,25.9,-7.253852157592775,7.253852157592775,< $50,0,0.01733269,0
2026-03-14 10:00:00,2026-03-14 10:00:00,2026-03-14,10,5,3,15.06,19.65607,20.72,-4.596070709228515,4.596070709228515,< $50,0,0.0014929873,0
2026-03-14 11:00:00,2026-03-14 11:00:00,2026-03-14,11,5,3,1.1,12.540782,15.06,-11.44078197479248,11.44078197479248,< $50,0,0.00053604285,0
2026-03-14 12:00:00,2026-03-14 12:00:00,2026-03-14,12,5,3,0.01,0.0,1.1,0.01,0.01,< $50,0,0.00025445584,0
2026-03-14 13:00:00,2026-03-14 13:00:00,2026-03-14,13,5,3,0.0,0.0,0.01,0.0,0.0,< $50,0,0.00016074587,0
2026-03-14 14:00:00,2026-03-14 14:00:00,2026-03-14,14,5,3,0.0,0.0,0.0,0.0,0.0,< $50,0,0.0002148941,0
2026-03-14 15:00:00,2026-03-14 15:00:00,2026-03-14,15,5,3,0.0,1.939913,0.0,-1.939913034439087,1.939913034439087,< $50,0,0.0006857145,0
2026-03-14 16:00:00,2026-03-14 16:00:00,2026-03-14,16,5,3,2.0,2.9892738,0.0,-0.9892737865447998,0.9892737865447998,< $50,0,0.00048819697,0
2026-03-14 17:00:00,2026-03-14 17:00:00,2026-03-14,17,5,3,14.55,9.127066,2.0,5.422934341430665,5.422934341430665,< $50,0,0.001112219,0
2026-03-14 18:00:00,2026-03-14 18:00:00,2026-03-14,18,5,3,31.55,12.822934,14.55,18.7270658493042,18.7270658493042,< $50,0,0.0013195713,0
2026-03-14 19:00:00,2026-03-14 19:00:00,2026-03-14,19,5,3,142.97,57.435753,31.55,85.53424713134766,85.53424713134766,$100–250,1,0.05867027,0
2026-03-14 20:00:00,2026-03-14 20:00:00,2026-03-14,20,5,3,105.0,201.86934,142.97,-96.86933898925781,96.86933898925781,$100–250,1,0.8457833,1
2026-03-14 21:00:00,2026-03-14 21:00:00,2026-03-14,21,5,3,96.74,72.289536,105.0,24.450464477539057,24.450464477539057,$50–100,0,0.55126196,1
2026-03-14 22:00:00,2026-03-14 22:00:00,2026-03-14,22,5,3,31.84,73.862526,96.74,-42.0225259399414,42.0225259399414,< $50,0,0.37189633,0
2026-03-14 23:00:00,2026-03-14 23:00:00,2026-03-14,23,5,3,32.29,27.739878,31.84,4.550122299194335,4.550122299194335,< $50,0,0.020507898,0
2026-03-15 00:00:00,2026-03-15 00:00:00,2026-03-15,0,6,3,34.74,33.533146,32.29,1.2068540954589864,1.2068540954589864,< $50,0,0.0053934464,0
2026-03-15 01:00:00,2026-03-15 01:00:00,2026-03-15,1,6,3,34.06,39.19779,34.74,-5.137788238525388,5.137788238525388,< $50,0,0.010954508,0
2026-03-15 02:00:00,2026-03-15 02:00:00,2026-03-15,2,6,3,28.29,35.27064,34.06,-6.980641326904298,6.980641326904298,< $50,0,0.004928162,0
2026-03-15 03:00:00,2026-03-15 03:00:00,2026-03-15,3,6,3,28.2,29.004465,28.29,-0.8044651031494148,0.8044651031494148,< $50,0,0.002228251,0
2026-03-15 04:00:00,2026-03-15 04:00:00,2026-03-15,4,6,3,25.67,29.083605,28.2,-3.4136048126220686,3.4136048126220686,< $50,0,0.0022369693,0
2026-03-15 05:00:00,2026-03-15 05:00:00,2026-03-15,5,6,3,20.89,25.185066,25.67,-4.295066223144531,4.295066223144531,< $50,0,0.0026916002,0
2026-03-15 06:00:00,2026-03-15 06:00:00,2026-03-15,6,6,3,19.94,25.743143,20.89,-5.803143081665038,5.803143081665038,< $50,0,0.0015049429,0
2026-03-15 07:00:00,2026-03-15 07:00:00,2026-03-15,7,6,3,16.89,20.878345,19.94,-3.9883454895019526,3.9883454895019526,< $50,0,0.0015446999,0
2026-03-15 08:00:00,2026-03-15 08:00:00,2026-03-15,8,6,3,12.01,19.299332,16.89,-7.289331665039063,7.289331665039063,< $50,0,0.0010835062,0
2026-03-15 09:00:00,2026-03-15 09:00:00,2026-03-15,9,6,3,0.53,11.845174,12.01,-11.315173835754395,11.315173835754395,< $50,0,0.0002846851,0
2026-03-15 10:00:00,2026-03-15 10:00:00,2026-03-15,10,6,3,5.72,2.8302712,0.53,2.8897287559509275,2.8897287559509275,< $50,0,0.000171557,0
2026-03-15 11:00:00,2026-03-15 11:00:00,2026-03-15,11,6,3,11.19,8.762836,5.72,2.4271635437011714,2.4271635437011714,< $50,0,0.00021136337,0
2026-03-15 12:00:00,2026-03-15 12:00:00,2026-03-15,12,6,3,14.61,15.961967,11.19,-1.3519674682617193,1.3519674682617193,< $50,0,0.00021862882,0
2026-03-15 13:00:00,2026-03-15 13:00:00,2026-03-15,13,6,3,16.79,18.882027,14.61,-2.092026672363282,2.092026672363282,< $50,0,0.00033775702,0
2026-03-15 14:00:00,2026-03-15 14:00:00,2026-03-15,14,6,3,18.07,22.142866,16.79,-4.072866134643554,4.072866134643554,< $50,0,0.0011324115,0
2026-03-15 15:00:00,2026-03-15 15:00:00,2026-03-15,15,6,3,17.89,19.382175,18.07,-1.49217544555664,1.49217544555664,< $50,0,0.0025470536,0
2026-03-15 16:00:00,2026-03-15 16:00:00,2026-03-15,16,6,3,18.75,17.686789,17.89,1.063211441040039,1.063211441040039,< $50,0,0.0016787268,0
2026-03-15 17:00:00,2026-03-15 17:00:00,2026-03-15,17,6,3,23.44,23.470463,18.75,-0.030462799072264346,0.030462799072264346,< $50,0,0.004656491,0
2026-03-15 18:00:00,2026-03-15 18:00:00,2026-03-15,18,6,3,56.36,29.311913,23.44,27.048087463378906,27.048087463378906,$50–100,0,0.005351057,0
2026-03-15 19:00:00,2026-03-15 19:00:00,2026-03-15,19,6,3,57.24,82.2393,56.36,-24.999303588867186,24.999303588867186,$50–100,0,0.5796485,1
2026-03-15 20:00:00,2026-03-15 20:00:00,2026-03-15,20,6,3,37.95,59.7367,57.24,-21.786698150634763,21.786698150634763,< $50,0,0.29887965,0
2026-03-15 21:00:00,2026-03-15 21:00:00,2026-03-15,21,6,3,28.36,40.82843,37.95,-12.46843017578125,12.46843017578125,< $50,0,0.043720238,0
2026-03-15 22:00:00,2026-03-15 22:00:00,2026-03-15,22,6,3,18.67,26.437016,28.36,-7.767015533447264,7.767015533447264,< $50,0,0.0011007163,0
2026-03-15 23:00:00,2026-03-15 23:00:00,2026-03-15,23,6,3,15.45,16.82682,18.67,-1.376820373535157,1.376820373535157,< $50,0,0.0008836586,0
2026-03-16 00:00:00,2026-03-16 00:00:00,2026-03-16,0,0,3,13.7,13.964479,15.45,-0.2644794464111335,0.2644794464111335,< $50,0,0.0008925943,0
2026-03-16 01:00:00,2026-03-16 01:00:00,2026-03-16,1,0,3,8.47,11.564369,13.7,-3.0943692016601556,3.0943692016601556,< $50,0,0.00029924038,0
2026-03-16 02:00:00,2026-03-16 02:00:00,2026-03-16,2,0,3,8.87,7.5447607,8.47,1.3252392959594719,1.3252392959594719,< $50,0,0.00017587951,0
2026-03-16 03:00:00,2026-03-16 03:00:00,2026-03-16,3,0,3,11.83,10.889781,8.87,0.9402190017700196,0.9402190017700196,< $50,0,0.00022458204,0
2026-03-16 04:00:00,2026-03-16 04:00:00,2026-03-16,4,0,3,11.25,14.813727,11.83,-3.563727378845215,3.563727378845215,< $50,0,0.0005291218,0
2026-03-16 05:00:00,2026-03-16 05:00:00,2026-03-16,5,0,3,7.75,11.782307,11.25,-4.032306671142578,4.032306671142578,< $50,0,0.00017851112,0
2026-03-16 06:00:00,2026-03-16 06:00:00,2026-03-16,6,0,3,12.59,10.555901,7.75,2.034099426269531,2.034099426269531,< $50,0,0.00014594842,0
2026-03-16 07:00:00,2026-03-16 07:00:00,2026-03-16,7,0,3,12.75,17.450708,12.59,-4.700708389282227,4.700708389282227,< $50,0,0.000552589,0
2026-03-16 08:00:00,2026-03-16 08:00:00,2026-03-16,8,0,3,6.59,12.240867,12.75,-5.6508666610717775,5.6508666610717775,< $50,0,0.00023629775,0
2026-03-16 09:00:00,2026-03-16 09:00:00,2026-03-16,9,0,3,0.0,3.1855958,6.59,-3.185595750808716,3.185595750808716,< $50,0,0.0001069518,0
2026-03-16 10:00:00,2026-03-16 10:00:00,2026-03-16,10,0,3,0.0,0.50418794,0.0,-0.5041879415512085,0.5041879415512085,< $50,0,6.478029e-05,0
2026-03-16 11:00:00,2026-03-16 11:00:00,2026-03-16,11,0,3,0.0,0.0,0.0,0.0,0.0,< $50,0,0.00018243912,0
2026-03-16 12:00:00,2026-03-16 12:00:00,2026-03-16,12,0,3,0.0,0.0,0.0,0.0,0.0,< $50,0,0.00045300688,0
2026-03-16 13:00:00,2026-03-16 13:00:00,2026-03-16,13,0,3,4.04,0.34316337,0.0,3.6968366289138794,3.6968366289138794,< $50,0,0.00055325933,0
2026-03-16 14:00:00,2026-03-16 14:00:00,2026-03-16,14,0,3,9.82,8.178474,4.04,1.641525573730469,1.641525573730469,< $50,0,0.00084480736,0
2026-03-16 15:00:00,2026-03-16 15:00:00,2026-03-16,15,0,3,10.4,11.002844,9.82,-0.6028438568115231,0.6028438568115231,< $50,0,0.0019316862,0
2026-03-16 16:00:00,2026-03-16 16:00:00,2026-03-16,16,0,3,5.61,11.617944,10.4,-6.00794376373291,6.00794376373291,< $50,0,0.0009710519,0
2026-03-16 17:00:00,2026-03-16 17:00:00,2026-03-16,17,0,3,17.67,5.2741656,5.61,12.395834369659426,12.395834369659426,< $50,0,0.0010276934,0
2026-03-16 18:00:00,2026-03-16 18:00:00,2026-03-16,18,0,3,11.75,19.584166,17.67,-7.834165573120117,7.834165573120117,< $50,0,0.009275136,0
2026-03-16 19:00:00,2026-03-16 19:00:00,2026-03-16,19,0,3,11.38,31.193115,11.75,-19.813115234374997,19.813115234374997,< $50,0,0.0021005904,0
2026-03-16 20:00:00,2026-03-16 20:00:00,2026-03-16,20,0,3,11.3,16.195242,11.38,-4.895241928100585,4.895241928100585,< $50,0,0.0013603864,0
2026-03-16 21:00:00,2026-03-16 21:00:00,2026-03-16,21,0,3,12.28,11.948179,11.3,0.3318207550048822,0.3318207550048822,< $50,0,0.0008564672,0
2026-03-16 22:00:00,2026-03-16 22:00:00,2026-03-16,22,0,3,10.88,12.270815,12.28,-1.390814895629882,1.390814895629882,< $50,0,0.0004826431,0
2026-03-16 23:00:00,2026-03-16 23:00:00,2026-03-16,23,0,3,10.48,11.03834,10.88,-0.5583396148681636,0.5583396148681636,< $50,0,0.00039485973,0
2026-03-17 00:00:00,2026-03-17 00:00:00,2026-03-17,0,1,3,0.82,9.324934,10.48,-8.504934005737304,8.504934005737304,< $50,0,0.00023443515,0
2026-03-17 01:00:00,2026-03-17 01:00:00,2026-03-17,1,1,3,0.0,3.0541933,0.82,-3.0541932582855225,3.0541932582855225,< $50,0,0.0003573273,0
2026-03-17 02:00:00,2026-03-17 02:00:00,2026-03-17,2,1,3,0.0,1.1759825,0.0,-1.1759824752807617,1.1759824752807617,< $50,0,0.00027686628,0
2026-03-17 03:00:00,2026-03-17 03:00:00,2026-03-17,3,1,3,0.0,1.1783129,0.0,-1.17831289768219,1.17831289768219,< $50,0,0.00040043623,0
2026-03-17 04:00:00,2026-03-17 04:00:00,2026-03-17,4,1,3,0.0,1.2060738,0.0,-1.2060737609863281,1.2060737609863281,< $50,0,0.00020272758,0
2026-03-17 05:00:00,2026-03-17 05:00:00,2026-03-17,5,1,3,1.11,2.4665089,0.0,-1.3565088653564452,1.3565088653564452,< $50,0,0.00027658977,0
2026-03-17 06:00:00,2026-03-17 06:00:00,2026-03-17,6,1,3,6.87,8.852051,1.11,-1.98205078125,1.98205078125,< $50,0,0.00030003427,0
2026-03-17 07:00:00,2026-03-17 07:00:00,2026-03-17,7,1,3,4.86,11.869247,6.87,-7.009247436523437,7.009247436523437,< $50,0,0.00042939754,0
2026-03-17 08:00:00,2026-03-17 08:00:00,2026-03-17,8,1,3,2.69,4.811989,4.86,-2.1219888305664063,2.1219888305664063,< $50,0,9.666454e-05,0
2026-03-17 09:00:00,2026-03-17 09:00:00,2026-03-17,9,1,3,1.8,3.0842314,2.69,-1.2842313766479492,1.2842313766479492,< $50,0,0.00016355311,0
2026-03-17 10:00:00,2026-03-17 10:00:00,2026-03-17,10,1,3,0.0,2.5737371,1.8,-2.573737144470215,2.573737144470215,< $50,0,9.7789976e-05,0
2026-03-17 11:00:00,2026-03-17 11:00:00,2026-03-17,11,1,3,0.0,0.9849564,0.0,-0.9849563837051392,0.9849563837051392,< $50,0,8.316626e-05,0
2026-03-17 12:00:00,2026-03-17 12:00:00,2026-03-17,12,1,3,0.0,3.0927186,0.0,-3.0927186012268066,3.0927186012268066,< $50,0,0.00023584487,0
2026-03-17 13:00:00,2026-03-17 13:00:00,2026-03-17,13,1,3,0.0,2.1635303,0.0,-2.1635303497314453,2.1635303497314453,< $50,0,0.0002614078,0
2026-03-17 14:00:00,2026-03-17 14:00:00,2026-03-17,14,1,3,0.0,2.9056284,0.0,-2.9056284427642822,2.9056284427642822,< $50,0,0.00041258842,0
2026-03-17 15:00:00,2026-03-17 15:00:00,2026-03-17,15,1,3,0.0,3.9103668,0.0,-3.9103667736053467,3.9103667736053467,< $50,0,0.00074180093,0
2026-03-17 16:00:00,2026-03-17 16:00:00,2026-03-17,16,1,3,0.0,4.301229,0.0,-4.301229000091553,4.301229000091553,< $50,0,0.0008414668,0
2026-03-17 17:00:00,2026-03-17 17:00:00,2026-03-17,17,1,3,0.0,3.2830787,0.0,-3.283078670501709,3.283078670501709,< $50,0,0.00069676596,0
2026-03-17 18:00:00,2026-03-17 18:00:00,2026-03-17,18,1,3,0.0,0.0,0.0,0.0,0.0,< $50,0,0.0003204962,0
2026-03-17 19:00:00,2026-03-17 19:00:00,2026-03-17,19,1,3,0.0,4.643051,0.0,-4.6430511474609375,4.6430511474609375,< $50,0,0.0009124785,0
2026-03-17 20:00:00,2026-03-17 20:00:00,2026-03-17,20,1,3,10.39,1.8086102,0.0,8.581389799118043,8.581389799118043,< $50,0,0.00047120877,0
2026-03-17 21:00:00,2026-03-17 21:00:00,2026-03-17,21,1,3,11.29,16.985289,10.39,-5.695288619995118,5.695288619995118,< $50,0,0.0014466908,0
2026-03-17 22:00:00,2026-03-17 22:00:00,2026-03-17,22,1,3,0.55,11.749677,11.29,-11.199676704406738,11.199676704406738,< $50,0,0.00025884857,0
2026-03-17 23:00:00,2026-03-17 23:00:00,2026-03-17,23,1,3,0.0,0.55614436,0.55,-0.5561443567276001,0.5561443567276001,< $50,0,0.00045862058,0
2026-03-18 00:00:00,2026-03-18 00:00:00,2026-03-18,0,2,3,0.0,0.7460634,0.0,-0.7460634112358093,0.7460634112358093,< $50,0,0.00019227939,0
2026-03-18 01:00:00,2026-03-18 01:00:00,2026-03-18,1,2,3,0.0,0.33704436,0.0,-0.337044358253479,0.337044358253479,< $50,0,0.00045217684,0
2026-03-18 02:00:00,2026-03-18 02:00:00,2026-03-18,2,2,3,0.0,1.0972373,0.0,-1.0972373485565186,1.0972373485565186,< $50,0,0.00067668944,0
2026-03-18 03:00:00,2026-03-18 03:00:00,2026-03-18,3,2,3,0.0,1.0589038,0.0,-1.0589038133621216,1.0589038133621216,< $50,0,0.0006445423,0
2026-03-18 04:00:00,2026-03-18 04:00:00,2026-03-18,4,2,3,0.0,1.0351835,0.0,-1.0351835489273071,1.0351835489273071,< $50,0,0.00042557897,0
2026-03-18 05:00:00,2026-03-18 05:00:00,2026-03-18,5,2,3,0.0,2.273932,0.0,-2.2739319801330566,2.2739319801330566,< $50,0,0.00076452113,0
2026-03-18 06:00:00,2026-03-18 06:00:00,2026-03-18,6,2,3,3.7,4.565018,0.0,-0.8650181770324705,0.8650181770324705,< $50,0,0.0003120813,0
2026-03-18 07:00:00,2026-03-18 07:00:00,2026-03-18,7,2,3,23.47,8.391342,3.7,15.078657836914061,15.078657836914061,< $50,0,0.00040854444,0
2026-03-18 08:00:00,2026-03-18 08:00:00,2026-03-18,8,2,3,16.39,42.074112,23.47,-25.684111938476562,25.684111938476562,< $50,0,0.012702533,0
2026-03-18 09:00:00,2026-03-18 09:00:00,2026-03-18,9,2,3,1.4,16.5929,16.39,-15.192899322509765,15.192899322509765,< $50,0,0.00067434186,0
2026-03-18 10:00:00,2026-03-18 10:00:00,2026-03-18,10,2,3,0.01,1.246338,1.4,-1.2363380098342895,1.2363380098342895,< $50,0,0.00020527525,0
2026-03-18 11:00:00,2026-03-18 11:00:00,2026-03-18,11,2,3,0.01,1.006171,0.01,-0.9961709880828857,0.9961709880828857,< $50,0,0.00022059414,0
2026-03-18 12:00:00,2026-03-18 12:00:00,2026-03-18,12,2,3,2.62,1.6700487,0.01,0.9499512863159181,0.9499512863159181,< $50,0,0.000508822,0
2026-03-18 13:00:00,2026-03-18 13:00:00,2026-03-18,13,2,3,9.62,8.145706,2.62,1.4742938232421867,1.4742938232421867,< $50,0,0.00042836115,0
2026-03-18 14:00:00,2026-03-18 14:00:00,2026-03-18,14,2,3,4.65,14.3499565,9.62,-9.699956512451172,9.699956512451172,< $50,0,0.0007653864,0
2026-03-18 15:00:00,2026-03-18 15:00:00,2026-03-18,15,2,3,0.0,5.2239995,4.65,-5.223999500274658,5.223999500274658,< $50,0,0.00041582738,0
2026-03-18 16:00:00,2026-03-18 16:00:00,2026-03-18,16,2,3,0.0,4.1296725,0.0,-4.129672527313232,4.129672527313232,< $50,0,0.00052091957,0
2026-03-18 17:00:00,2026-03-18 17:00:00,2026-03-18,17,2,3,0.0,2.7184672,0.0,-2.7184672355651855,2.7184672355651855,< $50,0,0.00079947966,0
2026-03-18 18:00:00,2026-03-18 18:00:00,2026-03-18,18,2,3,0.0,0.0,0.0,0.0,0.0,< $50,0,0.00024019014,0
2026-03-18 19:00:00,2026-03-18 19:00:00,2026-03-18,19,2,3,6.86,2.6164494,0.0,4.243550643920899,4.243550643920899,< $50,0,0.0004519032,0
2026-03-18 20:00:00,2026-03-18 20:00:00,2026-03-18,20,2,3,9.49,11.573443,6.86,-2.0834434127807615,2.0834434127807615,< $50,0,0.0006911413,0
2026-03-18 21:00:00,2026-03-18 21:00:00,2026-03-18,21,2,3,11.24,12.672103,9.49,-1.4321029281616209,1.4321029281616209,< $50,0,0.0007236714,0
2026-03-18 22:00:00,2026-03-18 22:00:00,2026-03-18,22,2,3,7.32,14.434449,11.24,-7.114449195861816,7.114449195861816,< $50,0,0.0004107859,0
2026-03-18 23:00:00,2026-03-18 23:00:00,2026-03-18,23,2,3,0.0,6.4378715,7.32,-6.43787145614624,6.43787145614624,< $50,0,0.000614392,0
2026-03-19 00:00:00,2026-03-19 00:00:00,2026-03-19,0,3,3,0.0,1.5583956,0.0,-1.5583956241607666,1.5583956241607666,< $50,0,0.00016654508,0
2026-03-19 01:00:00,2026-03-19 01:00:00,2026-03-19,1,3,3,0.0,0.4060678,0.0,-0.40606778860092163,0.40606778860092163,< $50,0,0.0003385612,0
2026-03-19 02:00:00,2026-03-19 02:00:00,2026-03-19,2,3,3,0.0,1.0384946,0.0,-1.03849458694458,1.03849458694458,< $50,0,0.0003891373,0
2026-03-19 03:00:00,2026-03-19 03:00:00,2026-03-19,3,3,3,0.0,1.0231149,0.0,-1.0231149196624756,1.0231149196624756,< $50,0,0.00022472406,0
2026-03-19 04:00:00,2026-03-19 04:00:00,2026-03-19,4,3,3,0.0,1.2089978,0.0,-1.2089978456497192,1.2089978456497192,< $50,0,0.00030045016,0
2026-03-19 05:00:00,2026-03-19 05:00:00,2026-03-19,5,3,3,7.98,3.3602483,0.0,4.619751672744751,4.619751672744751,< $50,0,0.00034441866,0
2026-03-19 06:00:00,2026-03-19 06:00:00,2026-03-19,6,3,3,15.07,16.928356,7.98,-1.8583561706542966,1.8583561706542966,< $50,0,0.0007103511,0
2026-03-19 07:00:00,2026-03-19 07:00:00,2026-03-19,7,3,3,25.84,19.886747,15.07,5.953252639770508,5.953252639770508,< $50,0,0.0013520779,0
2026-03-19 08:00:00,2026-03-19 08:00:00,2026-03-19,8,3,3,21.57,30.691217,25.84,-9.121217422485351,9.121217422485351,< $50,0,0.009741227,0
2026-03-19 09:00:00,2026-03-19 09:00:00,2026-03-19,9,3,3,21.01,20.084934,21.57,0.9250657653808609,0.9250657653808609,< $50,0,0.0009202755,0
2026-03-19 10:00:00,2026-03-19 10:00:00,2026-03-19,10,3,3,20.28,18.327587,21.01,1.9524128723144543,1.9524128723144543,< $50,0,0.0007726483,0
2026-03-19 11:00:00,2026-03-19 11:00:00,2026-03-19,11,3,3,19.78,17.732582,20.28,2.047417907714845,2.047417907714845,< $50,0,0.000500776,0
2026-03-19 12:00:00,2026-03-19 12:00:00,2026-03-19,12,3,3,14.84,19.048471,19.78,-4.208471450805664,4.208471450805664,< $50,0,0.0009267455,0
2026-03-19 13:00:00,2026-03-19 13:00:00,2026-03-19,13,3,3,15.76,14.3621025,14.84,1.397897491455078,1.397897491455078,< $50,0,0.0005942511,0
2026-03-19 14:00:00,2026-03-19 14:00:00,2026-03-19,14,3,3,15.62,15.908933,15.76,-0.28893268585205156,0.28893268585205156,< $50,0,0.0008579297,0
2026-03-19 15:00:00,2026-03-19 15:00:00,2026-03-19,15,3,3,14.05,14.2416115,15.62,-0.19161148071288991,0.19161148071288991,< $50,0,0.0009814131,0
2026-03-19 16:00:00,2026-03-19 16:00:00,2026-03-19,16,3,3,14.98,13.698529,14.05,1.2814707565307621,1.2814707565307621,< $50,0,0.00084451516,0
2026-03-19 17:00:00,2026-03-19 17:00:00,2026-03-19,17,3,3,15.18,21.05371,14.98,-5.8737109375,5.8737109375,< $50,0,0.0017799421,0
2026-03-19 18:00:00,2026-03-19 18:00:00,2026-03-19,18,3,3,15.85,13.895439,15.18,1.954560852050781,1.954560852050781,< $50,0,0.00064647,0
2026-03-19 19:00:00,2026-03-19 19:00:00,2026-03-19,19,3,3,16.57,22.903448,15.85,-6.333448104858398,6.333448104858398,< $50,0,0.0020745154,0
2026-03-19 20:00:00,2026-03-19 20:00:00,2026-03-19,20,3,3,15.86,22.560616,16.57,-6.700615539550782,6.700615539550782,< $50,0,0.004249461,0
2026-03-19 21:00:00,2026-03-19 21:00:00,2026-03-19,21,3,3,13.59,16.73036,15.86,-3.14036003112793,3.14036003112793,< $50,0,0.00056181225,0
2026-03-19 22:00:00,2026-03-19 22:00:00,2026-03-19,22,3,3,13.27,13.728543,13.59,-0.4585432815551762,0.4585432815551762,< $50,0,0.00028594237,0
2026-03-19 23:00:00,2026-03-19 23:00:00,2026-03-19,23,3,3,8.21,9.068709,13.27,-0.8587093734741202,0.8587093734741202,< $50,0,0.00044961876,0
2026-03-20 00:00:00,2026-03-20 00:00:00,2026-03-20,0,4,3,0.02,6.1793675,8.21,-6.159367542266846,6.159367542266846,< $50,0,0.00016194663,0
2026-03-20 01:00:00,2026-03-20 01:00:00,2026-03-20,1,4,3,0.0,1.9014143,0.02,-1.9014142751693726,1.9014142751693726,< $50,0,0.00022325538,0
2026-03-20 02:00:00,2026-03-20 02:00:00,2026-03-20,2,4,3,0.0,0.88872457,0.0,-0.8887245655059814,0.8887245655059814,< $50,0,0.0002303582,0
2026-03-20 03:00:00,2026-03-20 03:00:00,2026-03-20,3,4,3,2.75,0.8779104,0.0,1.8720896244049072,1.8720896244049072,< $50,0,0.0003491166,0
2026-03-20 04:00:00,2026-03-20 04:00:00,2026-03-20,4,4,3,16.14,6.960833,2.75,9.179166927337647,9.179166927337647,< $50,0,0.00051213487,0
2026-03-20 05:00:00,2026-03-20 05:00:00,2026-03-20,5,4,3,21.35,22.802198,16.14,-1.4521984100341783,1.4521984100341783,< $50,0,0.0054782378,0
2026-03-20 06:00:00,2026-03-20 06:00:00,2026-03-20,6,4,3,37.7,25.169607,21.35,12.530392837524417,12.530392837524417,< $50,0,0.007289764,0
2026-03-20 07:00:00,2026-03-20 07:00:00,2026-03-20,7,4,3,127.52,48.857662,37.7,78.66233779907226,78.66233779907226,$100–250,1,0.051671874,0
2026-03-20 08:00:00,2026-03-20 08:00:00,2026-03-20,8,4,3,47.45,127.033745,127.52,-79.58374481201172,79.58374481201172,< $50,0,0.72923094,1
2026-03-20 09:00:00,2026-03-20 09:00:00,2026-03-20,9,4,3,31.61,33.846703,47.45,-2.2367025756835943,2.2367025756835943,< $50,0,0.12307351,0
2026-03-20 10:00:00,2026-03-20 10:00:00,2026-03-20,10,4,3,21.35,24.982931,31.61,-3.6329311370849595,3.6329311370849595,< $50,0,0.02379151,0
2026-03-20 11:00:00,2026-03-20 11:00:00,2026-03-20,11,4,3,16.8,20.966722,21.35,-4.16672248840332,4.16672248840332,< $50,0,0.0041753706,0
2026-03-20 12:00:00,2026-03-20 12:00:00,2026-03-20,12,4,3,13.24,16.46477,16.8,-3.22476936340332,3.22476936340332,< $50,0,0.0026752558,0
2026-03-20 13:00:00,2026-03-20 13:00:00,2026-03-20,13,4,3,13.1,13.43778,13.24,-0.3377803802490238,0.3377803802490238,< $50,0,0.00072930247,0
2026-03-20 14:00:00,2026-03-20 14:00:00,2026-03-20,14,4,3,11.2,11.4049015,13.1,-0.20490150451660227,0.20490150451660227,< $50,0,0.0005357701,0
2026-03-20 15:00:00,2026-03-20 15:00:00,2026-03-20,15,4,3,0.48,9.958352,11.2,-9.478352088928222,9.478352088928222,< $50,0,0.00076906907,0
2026-03-20 16:00:00,2026-03-20 16:00:00,2026-03-20,16,4,3,0.0,2.3008175,0.48,-2.3008174896240234,2.3008174896240234,< $50,0,0.0005562935,0
2026-03-20 17:00:00,2026-03-20 17:00:00,2026-03-20,17,4,3,0.0,2.3188024,0.0,-2.3188023567199707,2.3188023567199707,< $50,0,0.00059617136,0
2026-03-20 18:00:00,2026-03-20 18:00:00,2026-03-20,18,4,3,1.53,0.0,0.0,1.53,1.53,< $50,0,0.0003850598,0
2026-03-20 19:00:00,2026-03-20 19:00:00,2026-03-20,19,4,3,12.76,12.667565,1.53,0.09243465423583963,0.09243465423583963,< $50,0,0.0014320803,0
2026-03-20 20:00:00,2026-03-20 20:00:00,2026-03-20,20,4,3,10.95,18.609283,12.76,-7.659283447265626,7.659283447265626,< $50,0,0.0020677182,0
2026-03-20 21:00:00,2026-03-20 21:00:00,2026-03-20,21,4,3,2.04,8.799612,10.95,-6.759612045288086,6.759612045288086,< $50,0,0.00041849358,0
2026-03-20 22:00:00,2026-03-20 22:00:00,2026-03-20,22,4,3,0.0,3.8120017,2.04,-3.8120017051696777,3.8120017051696777,< $50,0,0.00041525264,0
2026-03-20 23:00:00,2026-03-20 23:00:00,2026-03-20,23,4,3,0.0,1.520892,0.0,-1.5208920240402222,1.5208920240402222,< $50,0,0.0014616958,0
2026-03-21 00:00:00,2026-03-21 00:00:00,2026-03-21,0,5,3,0.0,1.9749057,0.0,-1.9749057292938232,1.9749057292938232,< $50,0,0.0009156552,0
2026-03-21 01:00:00,2026-03-21 01:00:00,2026-03-21,1,5,3,0.0,0.12571552,0.0,-0.12571552395820618,0.12571552395820618,< $50,0,0.00059910916,0
2026-03-21 02:00:00,2026-03-21 02:00:00,2026-03-21,2,5,3,5.86,0.8494053,0.0,5.010594711303711,5.010594711303711,< $50,0,0.0004535189,0
2026-03-21 03:00:00,2026-03-21 03:00:00,2026-03-21,3,5,3,16.54,7.901616,5.86,8.638383903503417,8.638383903503417,< $50,0,0.0007255168,0
2026-03-21 04:00:00,2026-03-21 04:00:00,2026-03-21,4,5,3,23.69,23.149622,16.54,0.5403780364990247,0.5403780364990247,< $50,0,0.006808341,0
2026-03-21 05:00:00,2026-03-21 05:00:00,2026-03-21,5,5,3,31.62,29.480263,23.69,2.1397372436523447,2.1397372436523447,< $50,0,0.011526449,0
2026-03-21 06:00:00,2026-03-21 06:00:00,2026-03-21,6,5,3,40.64,42.963066,31.62,-2.323066101074218,2.323066101074218,< $50,0,0.044627756,0
2026-03-21 07:00:00,2026-03-21 07:00:00,2026-03-21,7,5,3,43.78,54.926567,40.64,-11.146567077636718,11.146567077636718,< $50,0,0.0414133,0
2026-03-21 08:00:00,2026-03-21 08:00:00,2026-03-21,8,5,3,74.57,46.09711,43.78,28.472889251708978,28.472889251708978,$50–100,0,0.07941853,0
2026-03-21 09:00:00,2026-03-21 09:00:00,2026-03-21,9,5,3,67.12,65.66622,74.57,1.4537783813476608,1.4537783813476608,$50–100,0,0.33294582,0
2026-03-21 10:00:00,2026-03-21 10:00:00,2026-03-21,10,5,3,43.63,78.54234,67.12,-34.912343139648435,34.912343139648435,< $50,0,0.12812792,0
2026-03-21 11:00:00,2026-03-21 11:00:00,2026-03-21,11,5,3,44.82,55.01652,43.63,-10.196521453857422,10.196521453857422,< $50,0,0.0250065,0
2026-03-21 12:00:00,2026-03-21 12:00:00,2026-03-21,12,5,3,20.93,53.1685,44.82,-32.23849899291992,32.23849899291992,< $50,0,0.05366328,0
2026-03-21 13:00:00,2026-03-21 13:00:00,2026-03-21,13,5,3,18.38,22.040424,20.93,-3.660424346923829,3.660424346923829,< $50,0,0.0034912077,0
2026-03-21 14:00:00,2026-03-21 14:00:00,2026-03-21,14,5,3,21.95,22.265707,18.38,-0.31570701599121165,0.31570701599121165,< $50,0,0.0026830276,0
2026-03-21 15:00:00,2026-03-21 15:00:00,2026-03-21,15,5,3,28.74,22.426855,21.95,6.313144912719725,6.313144912719725,< $50,0,0.0069312984,0
2026-03-21 16:00:00,2026-03-21 16:00:00,2026-03-21,16,5,3,26.77,38.239098,28.74,-11.469097595214844,11.469097595214844,< $50,0,0.061121862,0
2026-03-21 17:00:00,2026-03-21 17:00:00,2026-03-21,17,5,3,31.54,32.90331,26.77,-1.363308868408204,1.363308868408204,< $50,0,0.017580705,0
2026-03-21 18:00:00,2026-03-21 18:00:00,2026-03-21,18,5,3,38.59,36.517887,31.54,2.072112884521488,2.072112884521488,< $50,0,0.012572843,0
2026-03-21 19:00:00,2026-03-21 19:00:00,2026-03-21,19,5,3,56.09,51.704124,38.59,4.38587554931641,4.38587554931641,$50–100,0,0.07859154,0
2026-03-21 20:00:00,2026-03-21 20:00:00,2026-03-21,20,5,3,53.22,72.66871,56.09,-19.448708801269532,19.448708801269532,$50–100,0,0.22384463,0
2026-03-21 21:00:00,2026-03-21 21:00:00,2026-03-21,21,5,3,60.0,50.153584,53.22,9.846416473388672,9.846416473388672,$50–100,0,0.11970199,0
2026-03-21 22:00:00,2026-03-21 22:00:00,2026-03-21,22,5,3,35.03,62.04704,60.0,-27.01703903198242,27.01703903198242,< $50,0,0.05216322,0
2026-03-21 23:00:00,2026-03-21 23:00:00,2026-03-21,23,5,3,32.77,37.071102,35.03,-4.301102142333981,4.301102142333981,< $50,0,0.019262886,0
2026-03-22 00:00:00,2026-03-22 00:00:00,2026-03-22,0,6,3,31.79,38.158886,32.77,-6.368885955810548,6.368885955810548,< $50,0,0.004613223,0
2026-03-22 01:00:00,2026-03-22 01:00:00,2026-03-22,1,6,3,29.11,36.022305,31.79,-6.91230453491211,6.91230453491211,< $50,0,0.004250803,0
2026-03-22 02:00:00,2026-03-22 02:00:00,2026-03-22,2,6,3,24.03,27.794802,29.11,-3.7648017120361317,3.7648017120361317,< $50,0,0.0017828105,0
2026-03-22 03:00:00,2026-03-22 03:00:00,2026-03-22,3,6,3,23.43,22.540802,24.03,0.8891979980468747,0.8891979980468747,< $50,0,0.0010180309,0
2026-03-22 04:00:00,2026-03-22 04:00:00,2026-03-22,4,6,3,26.96,22.429108,23.43,4.530892333984376,4.530892333984376,< $50,0,0.000667853,0
2026-03-22 05:00:00,2026-03-22 05:00:00,2026-03-22,5,6,3,28.99,31.447048,26.96,-2.457048187255861,2.457048187255861,< $50,0,0.0037662133,0
2026-03-22 06:00:00,2026-03-22 06:00:00,2026-03-22,6,6,3,27.61,36.93842,28.99,-9.328419342041016,9.328419342041016,< $50,0,0.0026689477,0
2026-03-22 07:00:00,2026-03-22 07:00:00,2026-03-22,7,6,3,20.44,51.036022,27.61,-30.596022186279296,30.596022186279296,< $50,0,0.0021309422,0
2026-03-22 08:00:00,2026-03-22 08:00:00,2026-03-22,8,6,3,21.47,20.791069,20.44,0.6789309692382801,0.6789309692382801,< $50,0,0.00095692783,0
2026-03-22 09:00:00,2026-03-22 09:00:00,2026-03-22,9,6,3,20.75,21.646843,21.47,-0.8968429565429688,0.8968429565429688,< $50,0,0.0012271485,0
2026-03-22 10:00:00,2026-03-22 10:00:00,2026-03-22,10,6,3,18.45,18.915886,20.75,-0.46588592529296946,0.46588592529296946,< $50,0,0.00047312744,0
2026-03-22 11:00:00,2026-03-22 11:00:00,2026-03-22,11,6,3,16.76,18.04837,18.45,-1.2883703613281234,1.2883703613281234,< $50,0,0.00055703765,0
2026-03-22 12:00:00,2026-03-22 12:00:00,2026-03-22,12,6,3,9.41,16.076487,16.76,-6.666486587524414,6.666486587524414,< $50,0,0.0004436995,0
2026-03-22 13:00:00,2026-03-22 13:00:00,2026-03-22,13,6,3,0.0,8.176306,9.41,-8.176305770874023,8.176305770874023,< $50,0,0.00011834354,0
2026-03-22 14:00:00,2026-03-22 14:00:00,2026-03-22,14,6,3,0.0,1.7092725,0.0,-1.7092725038528442,1.7092725038528442,< $50,0,0.000122022066,0
2026-03-22 15:00:00,2026-03-22 15:00:00,2026-03-22,15,6,3,0.0,0.84600294,0.0,-0.8460029363632202,0.8460029363632202,< $50,0,0.00028934728,0
2026-03-22 16:00:00,2026-03-22 16:00:00,2026-03-22,16,6,3,0.0,2.9081306,0.0,-2.908130645751953,2.908130645751953,< $50,0,0.00030200384,0
2026-03-22 17:00:00,2026-03-22 17:00:00,2026-03-22,17,6,3,2.3,3.3786304,0.0,-1.0786303997039797,1.0786303997039797,< $50,0,0.00043680798,0
2026-03-22 18:00:00,2026-03-22 18:00:00,2026-03-22,18,6,3,21.69,5.9335127,2.3,15.756487312316896,15.756487312316896,< $50,0,0.00021604537,0
2026-03-22 19:00:00,2026-03-22 19:00:00,2026-03-22,19,6,3,146.19,39.502884,21.69,106.68711608886719,106.68711608886719,$100–250,1,0.022745997,0
2026-03-22 20:00:00,2026-03-22 20:00:00,2026-03-22,20,6,3,240.71,141.71684,146.19,98.99315734863282,98.99315734863282,$100–250,1,0.6614921,1
2026-03-22 21:00:00,2026-03-22 21:00:00,2026-03-22,21,6,3,37.13,255.85223,240.71,-218.72223388671875,218.72223388671875,< $50,0,0.8651157,1
2026-03-22 22:00:00,2026-03-22 22:00:00,2026-03-22,22,6,3,32.23,20.390863,37.13,11.839136581420895,11.839136581420895,< $50,0,0.0039629894,0
2026-03-22 23:00:00,2026-03-22 23:00:00,2026-03-22,23,6,3,17.12,49.20091,32.23,-32.08090866088867,32.08090866088867,< $50,0,0.0044037993,0
2026-03-23 00:00:00,2026-03-23 00:00:00,2026-03-23,0,0,3,14.61,36.151405,17.12,-21.541405334472657,21.541405334472657,< $50,0,0.0016424732,0
2026-03-23 01:00:00,2026-03-23 01:00:00,2026-03-23,1,0,3,4.83,27.249125,14.61,-22.41912452697754,22.41912452697754,< $50,0,0.0016319319,0
2026-03-23 02:00:00,2026-03-23 02:00:00,2026-03-23,2,0,3,10.43,11.922544,4.83,-1.492543525695801,1.492543525695801,< $50,0,0.0005088353,0
2026-03-23 03:00:00,2026-03-23 03:00:00,2026-03-23,3,0,3,13.64,13.220455,10.43,0.4195448303222662,0.4195448303222662,< $50,0,0.00030881938,0
2026-03-23 04:00:00,2026-03-23 04:00:00,2026-03-23,4,0,3,15.01,15.773904,13.64,-0.7639038467407229,0.7639038467407229,< $50,0,0.00076713343,0
2026-03-23 05:00:00,2026-03-23 05:00:00,2026-03-23,5,0,3,17.41,19.850906,15.01,-2.4409063720703124,2.4409063720703124,< $50,0,0.0010045929,0
2026-03-23 06:00:00,2026-03-23 06:00:00,2026-03-23,6,0,3,33.56,26.580038,17.41,6.979961929321291,6.979961929321291,< $50,0,0.0020308266,0
2026-03-23 07:00:00,2026-03-23 07:00:00,2026-03-23,7,0,3,111.63,53.673965,33.56,57.95603454589843,57.95603454589843,$100–250,1,0.09195236,0
2026-03-23 08:00:00,2026-03-23 08:00:00,2026-03-23,8,0,3,40.68,128.0426,111.63,-87.3626025390625,87.3626025390625,< $50,0,0.6975738,1
2026-03-23 09:00:00,2026-03-23 09:00:00,2026-03-23,9,0,3,33.67,67.93038,40.68,-34.26038177490234,34.26038177490234,< $50,0,0.024033956,0
2026-03-23 10:00:00,2026-03-23 10:00:00,2026-03-23,10,0,3,23.61,29.279959,33.67,-5.6699587249755865,5.6699587249755865,< $50,0,0.014824947,0
2026-03-23 11:00:00,2026-03-23 11:00:00,2026-03-23,11,0,3,16.09,22.742428,23.61,-6.6524278259277345,6.6524278259277345,< $50,0,0.00343141,0
2026-03-23 12:00:00,2026-03-23 12:00:00,2026-03-23,12,0,3,15.4,14.60454,16.09,0.79546012878418,0.79546012878418,< $50,0,0.0013500288,0
2026-03-23 13:00:00,2026-03-23 13:00:00,2026-03-23,13,0,3,12.91,13.244312,15.4,-0.334312286376953,0.334312286376953,< $50,0,0.0012663227,0
2026-03-23 14:00:00,2026-03-23 14:00:00,2026-03-23,14,0,3,11.31,11.186748,12.91,0.12325244903564503,0.12325244903564503,< $50,0,0.00025161103,0
2026-03-23 15:00:00,2026-03-23 15:00:00,2026-03-23,15,0,3,11.6,10.416506,11.31,1.1834941864013668,1.1834941864013668,< $50,0,0.0004369681,0
2026-03-23 16:00:00,2026-03-23 16:00:00,2026-03-23,16,0,3,11.63,13.9558115,11.6,-2.3258115005493156,2.3258115005493156,< $50,0,0.0011807374,0
2026-03-23 17:00:00,2026-03-23 17:00:00,2026-03-23,17,0,3,12.27,16.395641,11.63,-4.125641326904297,4.125641326904297,< $50,0,0.0026320894,0
2026-03-23 18:00:00,2026-03-23 18:00:00,2026-03-23,18,0,3,15.15,12.450073,12.27,2.6999267578125004,2.6999267578125004,< $50,0,0.0009640814,0
2026-03-23 19:00:00,2026-03-23 19:00:00,2026-03-23,19,0,3,15.41,25.253405,15.15,-9.84340461730957,9.84340461730957,< $50,0,0.023115763,0
2026-03-23 20:00:00,2026-03-23 20:00:00,2026-03-23,20,0,3,13.97,15.9220295,15.41,-1.9520294952392572,1.9520294952392572,< $50,0,0.0047667027,0
2026-03-23 21:00:00,2026-03-23 21:00:00,2026-03-23,21,0,3,2.77,14.1023655,13.97,-11.332365493774414,11.332365493774414,< $50,0,0.0016658835,0
2026-03-23 22:00:00,2026-03-23 22:00:00,2026-03-23,22,0,3,7.79,1.433317,2.77,6.356683053970337,6.356683053970337,< $50,0,0.00021419591,0
2026-03-23 23:00:00,2026-03-23 23:00:00,2026-03-23,23,0,3,9.84,11.798739,7.79,-1.9587394332885744,1.9587394332885744,< $50,0,0.0028114081,0
2026-03-24 00:00:00,2026-03-24 00:00:00,2026-03-24,0,1,3,1.42,13.736833,9.84,-12.316832618713379,12.316832618713379,< $50,0,0.00077053107,0
2026-03-24 01:00:00,2026-03-24 01:00:00,2026-03-24,1,1,3,8.77,3.153971,1.42,5.616029043197631,5.616029043197631,< $50,0,0.0004405485,0
2026-03-24 02:00:00,2026-03-24 02:00:00,2026-03-24,2,1,3,10.58,14.13597,8.77,-3.555970115661621,3.555970115661621,< $50,0,0.0006803753,0
2026-03-24 03:00:00,2026-03-24 03:00:00,2026-03-24,3,1,3,14.83,13.87024,10.58,0.9597597885131837,0.9597597885131837,< $50,0,0.00076951185,0
2026-03-24 04:00:00,2026-03-24 04:00:00,2026-03-24,4,1,3,16.37,17.786907,14.83,-1.4169071960449209,1.4169071960449209,< $50,0,0.002736713,0
2026-03-24 05:00:00,2026-03-24 05:00:00,2026-03-24,5,1,3,20.17,20.28183,16.37,-0.1118298339843733,0.1118298339843733,< $50,0,0.0017696576,0
2026-03-24 06:00:00,2026-03-24 06:00:00,2026-03-24,6,1,3,22.98,30.045418,20.17,-7.065417785644531,7.065417785644531,< $50,0,0.003220941,0
2026-03-24 07:00:00,2026-03-24 07:00:00,2026-03-24,7,1,3,21.99,29.21707,22.98,-7.227069625854494,7.227069625854494,< $50,0,0.00432996,0
2026-03-24 08:00:00,2026-03-24 08:00:00,2026-03-24,8,1,3,15.35,19.736813,21.99,-4.386812591552735,4.386812591552735,< $50,0,0.00082382007,0
2026-03-24 09:00:00,2026-03-24 09:00:00,2026-03-24,9,1,3,15.72,13.405917,15.35,2.3140828323364264,2.3140828323364264,< $50,0,0.00052359997,0
2026-03-24 10:00:00,2026-03-24 10:00:00,2026-03-24,10,1,3,15.09,13.605456,15.72,1.4845436477661131,1.4845436477661131,< $50,0,0.00047832145,0
2026-03-24 11:00:00,2026-03-24 11:00:00,2026-03-24,11,1,3,19.01,11.954841,15.09,7.055159339904787,7.055159339904787,< $50,0,0.00031781496,0
2026-03-24 12:00:00,2026-03-24 12:00:00,2026-03-24,12,1,3,20.0,21.708733,19.01,-1.7087326049804688,1.7087326049804688,< $50,0,0.0021913075,0
2026-03-24 13:00:00,2026-03-24 13:00:00,2026-03-24,13,1,3,30.89,20.409233,20.0,10.480766906738282,10.480766906738282,< $50,0,0.0020742568,0
2026-03-24 14:00:00,2026-03-24 14:00:00,2026-03-24,14,1,3,34.09,47.501705,30.89,-13.411705169677731,13.411705169677731,< $50,0,0.022479061,0
2026-03-24 15:00:00,2026-03-24 15:00:00,2026-03-24,15,1,3,50.24,39.886528,34.09,10.353471984863283,10.353471984863283,$50–100,0,0.024038587,0
2026-03-24 16:00:00,2026-03-24 16:00:00,2026-03-24,16,1,3,122.59,63.851574,50.24,58.73842605590821,58.73842605590821,$100–250,1,0.15422183,0
2026-03-24 17:00:00,2026-03-24 17:00:00,2026-03-24,17,1,3,236.86,120.3958,122.59,116.46420227050783,116.46420227050783,$100–250,1,0.7177957,1
2026-03-24 18:00:00,2026-03-24 18:00:00,2026-03-24,18,1,3,71.57,126.17032,236.86,-54.60031860351563,54.60031860351563,$50–100,0,0.77798,1
2026-03-24 19:00:00,2026-03-24 19:00:00,2026-03-24,19,1,3,68.95,179.94228,71.57,-110.99227600097656,110.99227600097656,$50–100,0,0.35049728,0
2026-03-24 20:00:00,2026-03-24 20:00:00,2026-03-24,20,1,3,77.93,226.92522,68.95,-148.99521667480468,148.99521667480468,$50–100,0,0.6359327,1
2026-03-24 21:00:00,2026-03-24 21:00:00,2026-03-24,21,1,3,35.48,92.8545,77.93,-57.374499816894534,57.374499816894534,< $50,0,0.44869864,0
2026-03-24 22:00:00,2026-03-24 22:00:00,2026-03-24,22,1,3,18.31,36.587715,35.48,-18.277715148925783,18.277715148925783,< $50,0,0.024163721,0
2026-03-24 23:00:00,2026-03-24 23:00:00,2026-03-24,23,1,3,35.69,19.510105,18.31,16.179894866943357,16.179894866943357,< $50,0,0.0030570072,0
2026-03-25 00:00:00,2026-03-25 00:00:00,2026-03-25,0,2,3,64.35,46.838306,35.69,17.51169357299804,17.51169357299804,$50–100,0,0.049733356,0
2026-03-25 01:00:00,2026-03-25 01:00:00,2026-03-25,1,2,3,37.31,65.80359,64.35,-28.493588867187498,28.493588867187498,< $50,0,0.17327116,0
2026-03-25 02:00:00,2026-03-25 02:00:00,2026-03-25,2,2,3,23.14,35.15287,37.31,-12.012870178222656,12.012870178222656,< $50,0,0.029020274,0
2026-03-25 03:00:00,2026-03-25 03:00:00,2026-03-25,3,2,3,24.21,19.730555,23.14,4.479445419311524,4.479445419311524,< $50,0,0.0006966365,0
2026-03-25 04:00:00,2026-03-25 04:00:00,2026-03-25,4,2,3,18.7,23.538208,24.21,-4.838208007812501,4.838208007812501,< $50,0,0.0061313934,0
2026-03-25 05:00:00,2026-03-25 05:00:00,2026-03-25,5,2,3,18.13,18.957544,18.7,-0.8275443267822276,0.8275443267822276,< $50,0,0.003456206,0
2026-03-25 06:00:00,2026-03-25 06:00:00,2026-03-25,6,2,3,23.57,23.257332,18.13,0.31266815185546903,0.31266815185546903,< $50,0,0.0033076731,0
2026-03-25 07:00:00,2026-03-25 07:00:00,2026-03-25,7,2,3,35.58,29.343393,23.57,6.236606674194334,6.236606674194334,< $50,0,0.0047481935,0
2026-03-25 08:00:00,2026-03-25 08:00:00,2026-03-25,8,2,3,47.52,39.813637,35.58,7.706363220214847,7.706363220214847,< $50,0,0.03966992,0
2026-03-25 09:00:00,2026-03-25 09:00:00,2026-03-25,9,2,3,124.65,42.714237,47.52,81.93576278686524,81.93576278686524,$100–250,1,0.051980026,0
2026-03-25 10:00:00,2026-03-25 10:00:00,2026-03-25,10,2,3,369.5,65.527756,124.65,303.9722442626953,303.9722442626953,>= $250,1,0.63086724,1
2026-03-25 11:00:00,2026-03-25 11:00:00,2026-03-25,11,2,3,547.74,162.98582,369.5,384.7541754150391,384.7541754150391,>= $250,1,0.8964441,1
2026-03-25 12:00:00,2026-03-25 12:00:00,2026-03-25,12,2,3,149.47,202.58733,547.74,-53.11732604980469,53.11732604980469,$100–250,1,0.94725245,1
2026-03-25 13:00:00,2026-03-25 13:00:00,2026-03-25,13,2,3,24.89,151.66498,149.47,-126.77497802734375,126.77497802734375,< $50,0,0.4698319,0
2026-03-25 14:00:00,2026-03-25 14:00:00,2026-03-25,14,2,3,22.25,71.483444,24.89,-49.23344421386719,49.23344421386719,< $50,0,0.027786013,0
2026-03-25 15:00:00,2026-03-25 15:00:00,2026-03-25,15,2,3,17.86,29.872807,22.25,-12.012806549072266,12.012806549072266,< $50,0,0.017375892,0
2026-03-25 16:00:00,2026-03-25 16:00:00,2026-03-25,16,2,3,20.38,28.882032,17.86,-8.50203239440918,8.50203239440918,< $50,0,0.02128329,0
2026-03-25 17:00:00,2026-03-25 17:00:00,2026-03-25,17,2,3,19.66,61.49151,20.38,-41.83150848388672,41.83150848388672,< $50,0,0.045738734,0
2026-03-25 18:00:00,2026-03-25 18:00:00,2026-03-25,18,2,3,17.99,28.165337,19.66,-10.17533660888672,10.17533660888672,< $50,0,0.0030749738,0
2026-03-25 19:00:00,2026-03-25 19:00:00,2026-03-25,19,2,3,30.83,25.891397,17.99,4.938602523803709,4.938602523803709,< $50,0,0.0038479902,0
2026-03-25 20:00:00,2026-03-25 20:00:00,2026-03-25,20,2,3,32.21,50.52794,30.83,-18.317938842773437,18.317938842773437,< $50,0,0.0390327,0
2026-03-25 21:00:00,2026-03-25 21:00:00,2026-03-25,21,2,3,51.15,42.045406,32.21,9.104593658447264,9.104593658447264,$50–100,0,0.016361557,0
2026-03-25 22:00:00,2026-03-25 22:00:00,2026-03-25,22,2,3,50.03,50.54554,51.15,-0.5155398559570301,0.5155398559570301,$50–100,0,0.08346012,0
2026-03-25 23:00:00,2026-03-25 23:00:00,2026-03-25,23,2,3,38.81,45.37095,50.03,-6.560948791503904,6.560948791503904,< $50,0,0.09827856,0
2026-03-26 00:00:00,2026-03-26 00:00:00,2026-03-26,0,3,3,65.98,41.46579,38.81,24.51421020507813,24.51421020507813,$50–100,0,0.027945304,0
2026-03-26 01:00:00,2026-03-26 01:00:00,2026-03-26,1,3,3,53.78,71.49735,65.98,-17.717352600097655,17.717352600097655,$50–100,0,0.40552598,0
2026-03-26 02:00:00,2026-03-26 02:00:00,2026-03-26,2,3,3,60.49,55.21462,53.78,5.275381317138674,5.275381317138674,$50–100,0,0.16052848,0
2026-03-26 03:00:00,2026-03-26 03:00:00,2026-03-26,3,3,3,36.37,49.63752,60.49,-13.267519836425784,13.267519836425784,< $50,0,0.17538574,0
2026-03-26 04:00:00,2026-03-26 04:00:00,2026-03-26,4,3,3,43.18,31.374657,36.37,11.805343322753906,11.805343322753906,< $50,0,0.019873323,0
2026-03-26 05:00:00,2026-03-26 05:00:00,2026-03-26,5,3,3,29.79,52.748688,43.18,-22.958687744140626,22.958687744140626,< $50,0,0.11711531,0
2026-03-26 06:00:00,2026-03-26 06:00:00,2026-03-26,6,3,3,80.94,34.75622,29.79,46.18377822875976,46.18377822875976,$50–100,0,0.04181724,0
2026-03-26 07:00:00,2026-03-26 07:00:00,2026-03-26,7,3,3,183.04,117.44712,80.94,65.59287933349609,65.59287933349609,$100–250,1,0.86385113,1
2026-03-26 08:00:00,2026-03-26 08:00:00,2026-03-26,8,3,3,120.0,173.4869,183.04,-53.48689270019531,53.48689270019531,$100–250,1,0.9635787,1
2026-03-26 09:00:00,2026-03-26 09:00:00,2026-03-26,9,3,3,232.99,95.486664,120.0,137.50333618164063,137.50333618164063,$100–250,1,0.76742005,1
2026-03-26 10:00:00,2026-03-26 10:00:00,2026-03-26,10,3,3,32.21,179.1251,232.99,-146.91510681152343,146.91510681152343,< $50,0,0.95748323,1
2026-03-26 11:00:00,2026-03-26 11:00:00,2026-03-26,11,3,3,22.56,26.566816,32.21,-4.006816329956056,4.006816329956056,< $50,0,0.01149627,0
2026-03-26 12:00:00,2026-03-26 12:00:00,2026-03-26,12,3,3,33.17,23.787233,22.56,9.382766647338869,9.382766647338869,< $50,0,0.0030328252,0
2026-03-26 13:00:00,2026-03-26 13:00:00,2026-03-26,13,3,3,30.79,52.165447,33.17,-21.375447235107423,21.375447235107423,< $50,0,0.06955532,0
2026-03-26 14:00:00,2026-03-26 14:00:00,2026-03-26,14,3,3,27.71,31.452171,30.79,-3.742171325683593,3.742171325683593,< $50,0,0.012805526,0
2026-03-26 15:00:00,2026-03-26 15:00:00,2026-03-26,15,3,3,27.32,28.257483,27.71,-0.9374825286865232,0.9374825286865232,< $50,0,0.045973267,0
2026-03-26 16:00:00,2026-03-26 16:00:00,2026-03-26,16,3,3,79.62,44.602627,27.32,35.017373199462895,35.017373199462895,$50–100,0,0.045683727,0
2026-03-26 17:00:00,2026-03-26 17:00:00,2026-03-26,17,3,3,35.89,170.67288,79.62,-134.78288208007814,134.78288208007814,< $50,0,0.8304948,1
2026-03-26 18:00:00,2026-03-26 18:00:00,2026-03-26,18,3,3,238.5,36.871544,35.89,201.62845611572266,201.62845611572266,$100–250,1,0.07385303,0
2026-03-26 19:00:00,2026-03-26 19:00:00,2026-03-26,19,3,3,893.71,157.12988,238.5,736.5801171875,736.5801171875,>= $250,1,0.9563796,1
2026-03-26 20:00:00,2026-03-26 20:00:00,2026-03-26,20,3,3,948.63,374.7928,893.71,573.8372143554687,573.8372143554687,>= $250,1,0.9928913,1
2026-03-26 21:00:00,2026-03-26 21:00:00,2026-03-26,21,3,3,274.39,511.59818,948.63,-237.20817504882814,237.20817504882814,>= $250,1,0.99241674,1
2026-03-26 22:00:00,2026-03-26 22:00:00,2026-03-26,22,3,3,30.32,93.95765,274.39,-63.63764923095703,63.63764923095703,< $50,0,0.30277923,0
2026-03-26 23:00:00,2026-03-26 23:00:00,2026-03-26,23,3,3,45.67,23.94294,30.32,21.72706024169922,21.72706024169922,< $50,0,0.020858036,0
2026-03-27 00:00:00,2026-03-27 00:00:00,2026-03-27,0,4,3,45.66,61.22511,45.67,-15.5651091003418,15.5651091003418,< $50,0,0.100147255,0
2026-03-27 01:00:00,2026-03-27 01:00:00,2026-03-27,1,4,3,30.13,46.60222,45.66,-16.47221862792969,16.47221862792969,< $50,0,0.08065457,0
2026-03-27 02:00:00,2026-03-27 02:00:00,2026-03-27,2,4,3,22.37,20.921562,30.13,1.4484378051757822,1.4484378051757822,< $50,0,0.0059507415,0
2026-03-27 03:00:00,2026-03-27 03:00:00,2026-03-27,3,4,3,16.79,18.391047,22.37,-1.6010465240478524,1.6010465240478524,< $50,0,0.0033817657,0
2026-03-27 04:00:00,2026-03-27 04:00:00,2026-03-27,4,4,3,15.27,13.980262,16.79,1.2897381973266597,1.2897381973266597,< $50,0,0.00284273,0
2026-03-27 05:00:00,2026-03-27 05:00:00,2026-03-27,5,4,3,15.05,9.056362,15.27,5.993637847900391,5.993637847900391,< $50,0,0.0016924394,0
2026-03-27 06:00:00,2026-03-27 06:00:00,2026-03-27,6,4,3,13.86,17.550545,15.05,-3.690544738769532,3.690544738769532,< $50,0,0.002488946,0
2026-03-27 07:00:00,2026-03-27 07:00:00,2026-03-27,7,4,3,14.81,18.772226,13.86,-3.9622263336181636,3.9622263336181636,< $50,0,0.0017708584,0
2026-03-27 08:00:00,2026-03-27 08:00:00,2026-03-27,8,4,3,11.94,26.14379,14.81,-14.203789291381836,14.203789291381836,< $50,0,0.0007578106,0
2026-03-27 09:00:00,2026-03-27 09:00:00,2026-03-27,9,4,3,6.81,12.100051,11.94,-5.2900509262084965,5.2900509262084965,< $50,0,0.00024941674,0
2026-03-27 10:00:00,2026-03-27 10:00:00,2026-03-27,10,4,3,13.96,10.477323,6.81,3.482677421569825,3.482677421569825,< $50,0,0.0002514849,0
2026-03-27 11:00:00,2026-03-27 11:00:00,2026-03-27,11,4,3,2.24,21.96834,13.96,-19.728339920043943,19.728339920043943,< $50,0,0.0008900889,0
2026-03-27 12:00:00,2026-03-27 12:00:00,2026-03-27,12,4,3,0.0,9.425749,2.24,-9.425748825073242,9.425748825073242,< $50,0,0.0003866675,0
2026-03-27 13:00:00,2026-03-27 13:00:00,2026-03-27,13,4,3,0.01,5.209313,0.0,-5.199312915802002,5.199312915802002,< $50,0,0.0001644548,0
2026-03-27 14:00:00,2026-03-27 14:00:00,2026-03-27,14,4,3,0.0,6.6969323,0.01,-6.696932315826416,6.696932315826416,< $50,0,0.00019293299,0
2026-03-27 15:00:00,2026-03-27 15:00:00,2026-03-27,15,4,3,1.4,9.607863,0.0,-8.207863426208496,8.207863426208496,< $50,0,0.0003376601,0
2026-03-27 16:00:00,2026-03-27 16:00:00,2026-03-27,16,4,3,12.68,21.544182,1.4,-8.864181823730469,8.864181823730469,< $50,0,0.0007134315,0
2026-03-27 17:00:00,2026-03-27 17:00:00,2026-03-27,17,4,3,13.93,35.75226,12.68,-21.82225830078125,21.82225830078125,< $50,0,0.0025083942,0
2026-03-27 18:00:00,2026-03-27 18:00:00,2026-03-27,18,4,3,23.47,24.394691,13.93,-0.9246914672851574,0.9246914672851574,< $50,0,0.0009970616,0
2026-03-27 19:00:00,2026-03-27 19:00:00,2026-03-27,19,4,3,33.11,44.999176,23.47,-11.889176025390626,11.889176025390626,< $50,0,0.021006703,0
2026-03-27 20:00:00,2026-03-27 20:00:00,2026-03-27,20,4,3,73.36,80.22084,33.11,-6.860840454101563,6.860840454101563,$50–100,0,0.048714157,0
2026-03-27 21:00:00,2026-03-27 21:00:00,2026-03-27,21,4,3,94.0,67.07289,73.36,26.927108764648438,26.927108764648438,$50–100,0,0.6518481,1
2026-03-27 22:00:00,2026-03-27 22:00:00,2026-03-27,22,4,3,93.75,112.32106,94.0,-18.571060180664062,18.571060180664062,$50–100,0,0.42617792,0
2026-03-27 23:00:00,2026-03-27 23:00:00,2026-03-27,23,4,3,92.06,98.01807,93.75,-5.958066406249998,5.958066406249998,$50–100,0,0.6589123,1
2026-03-28 00:00:00,2026-03-28 00:00:00,2026-03-28,0,5,3,68.96,84.88499,92.06,-15.924986877441413,15.924986877441413,$50–100,0,0.43672314,0
2026-03-28 01:00:00,2026-03-28 01:00:00,2026-03-28,1,5,3,89.61,62.880764,68.96,26.72923599243164,26.72923599243164,$50–100,0,0.36076745,0
2026-03-28 02:00:00,2026-03-28 02:00:00,2026-03-28,2,5,3,89.02,163.30739,89.61,-74.28738830566407,74.28738830566407,$50–100,0,0.8572781,1
2026-03-28 03:00:00,2026-03-28 03:00:00,2026-03-28,3,5,3,78.98,174.2274,89.02,-95.24740173339843,95.24740173339843,$50–100,0,0.75436133,1
2026-03-28 04:00:00,2026-03-28 04:00:00,2026-03-28,4,5,3,71.72,146.9143,78.98,-75.194306640625,75.194306640625,$50–100,0,0.49180904,0
2026-03-28 05:00:00,2026-03-28 05:00:00,2026-03-28,5,5,3,43.11,114.69012,71.72,-71.58011688232422,71.58011688232422,< $50,0,0.5062917,1
2026-03-28 06:00:00,2026-03-28 06:00:00,2026-03-28,6,5,3,73.0,56.96068,43.11,16.039321899414062,16.039321899414062,$50–100,0,0.28436574,0
2026-03-28 07:00:00,2026-03-28 07:00:00,2026-03-28,7,5,3,43.51,112.51545,73.0,-69.00544952392579,69.00544952392579,< $50,0,0.79783905,1
2026-03-28 08:00:00,2026-03-28 08:00:00,2026-03-28,8,5,3,32.12,47.979866,43.51,-15.859866027832034,15.859866027832034,< $50,0,0.3326357,0
2026-03-28 09:00:00,2026-03-28 09:00:00,2026-03-28,9,5,3,26.33,46.15025,32.12,-19.820249481201174,19.820249481201174,< $50,0,0.041863024,0
2026-03-28 10:00:00,2026-03-28 10:00:00,2026-03-28,10,5,3,17.44,30.379711,26.33,-12.939711151123046,12.939711151123046,< $50,0,0.00786554,0
2026-03-28 11:00:00,2026-03-28 11:00:00,2026-03-28,11,5,3,14.59,20.928787,17.44,-6.338787231445313,6.338787231445313,< $50,0,0.003609928,0
2026-03-28 12:00:00,2026-03-28 12:00:00,2026-03-28,12,5,3,12.67,14.340223,14.59,-1.6702233123779298,1.6702233123779298,< $50,0,0.000899707,0
2026-03-28 13:00:00,2026-03-28 13:00:00,2026-03-28,13,5,3,13.44,12.014399,12.67,1.425601425170898,1.425601425170898,< $50,0,0.0004486106,0
2026-03-28 14:00:00,2026-03-28 14:00:00,2026-03-28,14,5,3,12.23,14.1414,13.44,-1.9114003372192379,1.9114003372192379,< $50,0,0.00043269314,0
2026-03-28 15:00:00,2026-03-28 15:00:00,2026-03-28,15,5,3,7.55,11.058197,12.23,-3.508197021484375,3.508197021484375,< $50,0,0.00046209214,0
2026-03-28 16:00:00,2026-03-28 16:00:00,2026-03-28,16,5,3,9.14,9.10787,7.55,0.03212989807128963,0.03212989807128963,< $50,0,0.0007983985,0
2026-03-28 17:00:00,2026-03-28 17:00:00,2026-03-28,17,5,3,10.62,14.049948,9.14,-3.4299477386474617,3.4299477386474617,< $50,0,0.001268223,0
2026-03-28 18:00:00,2026-03-28 18:00:00,2026-03-28,18,5,3,1.02,13.958301,10.62,-12.938300590515137,12.938300590515137,< $50,0,0.0005539245,0
2026-03-28 19:00:00,2026-03-28 19:00:00,2026-03-28,19,5,3,0.0,51.38717,1.02,-51.387168884277344,51.387168884277344,< $50,0,0.001804292,0
2026-03-28 20:00:00,2026-03-28 20:00:00,2026-03-28,20,5,3,6.86,52.220837,0.0,-45.3608366394043,45.3608366394043,< $50,0,0.0014210424,0
2026-03-28 21:00:00,2026-03-28 21:00:00,2026-03-28,21,5,3,12.88,16.19611,6.86,-3.316109771728515,3.316109771728515,< $50,0,0.0017545577,0
2026-03-28 22:00:00,2026-03-28 22:00:00,2026-03-28,22,5,3,15.58,17.419239,12.88,-1.839239044189453,1.839239044189453,< $50,0,0.0006697815,0
2026-03-28 23:00:00,2026-03-28 23:00:00,2026-03-28,23,5,3,15.77,19.934765,15.58,-4.164764862060547,4.164764862060547,< $50,0,0.0034094104,0
2026-03-29 00:00:00,2026-03-29 00:00:00,2026-03-29,0,6,3,24.18,15.688937,15.77,8.491062812805175,8.491062812805175,< $50,0,0.0006907017,0
2026-03-29 01:00:00,2026-03-29 01:00:00,2026-03-29,1,6,3,28.25,30.236876,24.18,-1.9868755340576172,1.9868755340576172,< $50,0,0.0057850275,0
2026-03-29 02:00:00,2026-03-29 02:00:00,2026-03-29,2,6,3,29.47,34.767284,28.25,-5.297284393310548,5.297284393310548,< $50,0,0.009446703,0
2026-03-29 03:00:00,2026-03-29 03:00:00,2026-03-29,3,6,3,31.05,30.717484,29.47,0.3325164794921882,0.3325164794921882,< $50,0,0.0053514782,0
2026-03-29 04:00:00,2026-03-29 04:00:00,2026-03-29,4,6,3,28.22,32.303467,31.05,-4.083466796875001,4.083466796875001,< $50,0,0.00833881,0
2026-03-29 05:00:00,2026-03-29 05:00:00,2026-03-29,5,6,3,30.33,29.205503,28.22,1.124496536254881,1.124496536254881,< $50,0,0.0031317275,0
2026-03-29 06:00:00,2026-03-29 06:00:00,2026-03-29,6,6,3,39.37,35.234776,30.33,4.135224456787107,4.135224456787107,< $50,0,0.005340578,0
2026-03-29 07:00:00,2026-03-29 07:00:00,2026-03-29,7,6,3,86.32,46.728165,39.37,39.59183532714843,39.59183532714843,$50–100,0,0.0185413,0
2026-03-29 08:00:00,2026-03-29 08:00:00,2026-03-29,8,6,3,84.74,99.33913,86.32,-14.599126586914068,14.599126586914068,$50–100,0,0.4114557,0
2026-03-29 09:00:00,2026-03-29 09:00:00,2026-03-29,9,6,3,65.0,107.62635,84.74,-42.62635040283203,42.62635040283203,$50–100,0,0.41577458,0
2026-03-29 10:00:00,2026-03-29 10:00:00,2026-03-29,10,6,3,34.5,75.613045,65.0,-41.11304473876953,41.11304473876953,< $50,0,0.3030858,0
2026-03-29 11:00:00,2026-03-29 11:00:00,2026-03-29,11,6,3,31.01,41.57153,34.5,-10.561529388427733,10.561529388427733,< $50,0,0.028550135,0
2026-03-29 12:00:00,2026-03-29 12:00:00,2026-03-29,12,6,3,30.54,33.05259,31.01,-2.512589416503907,2.512589416503907,< $50,0,0.0075091776,0
2026-03-29 13:00:00,2026-03-29 13:00:00,2026-03-29,13,6,3,31.14,29.084448,30.54,2.055552139282227,2.055552139282227,< $50,0,0.0050385417,0
2026-03-29 14:00:00,2026-03-29 14:00:00,2026-03-29,14,6,3,28.18,29.479233,31.14,-1.2992327880859378,1.2992327880859378,< $50,0,0.007892279,0
2026-03-29 15:00:00,2026-03-29 15:00:00,2026-03-29,15,6,3,25.48,30.179604,28.18,-4.699603576660156,4.699603576660156,< $50,0,0.013768118,0
2026-03-29 16:00:00,2026-03-29 16:00:00,2026-03-29,16,6,3,24.84,28.987888,25.48,-4.147888336181641,4.147888336181641,< $50,0,0.013729736,0
2026-03-29 17:00:00,2026-03-29 17:00:00,2026-03-29,17,6,3,29.34,30.876652,24.84,-1.5366517639160158,1.5366517639160158,< $50,0,0.017537436,0
2026-03-29 18:00:00,2026-03-29 18:00:00,2026-03-29,18,6,3,30.27,34.527466,29.34,-4.2574658203125,4.2574658203125,< $50,0,0.014032903,0
2026-03-29 19:00:00,2026-03-29 19:00:00,2026-03-29,19,6,3,32.44,37.286987,30.27,-4.846987304687502,4.846987304687502,< $50,0,0.041520406,0
2026-03-29 20:00:00,2026-03-29 20:00:00,2026-03-29,20,6,3,50.07,38.13881,32.44,11.931190795898438,11.931190795898438,$50–100,0,0.053559117,0
2026-03-29 21:00:00,2026-03-29 21:00:00,2026-03-29,21,6,3,25.83,55.31217,50.07,-29.482168121337892,29.482168121337892,< $50,0,0.41218227,0
2026-03-29 22:00:00,2026-03-29 22:00:00,2026-03-29,22,6,3,24.63,20.231913,25.83,4.39808738708496,4.39808738708496,< $50,0,0.009657804,0
2026-03-29 23:00:00,2026-03-29 23:00:00,2026-03-29,23,6,3,30.08,24.872458,24.63,5.207542495727537,5.207542495727537,< $50,0,0.0053638937,0
2026-03-30 00:00:00,2026-03-30 00:00:00,2026-03-30,0,0,3,30.07,33.935936,30.08,-3.8659359741210935,3.8659359741210935,< $50,0,0.012900505,0
2026-03-30 01:00:00,2026-03-30 01:00:00,2026-03-30,1,0,3,32.01,27.94604,30.07,4.0639608001708964,4.0639608001708964,< $50,0,0.0023010669,0
2026-03-30 02:00:00,2026-03-30 02:00:00,2026-03-30,2,0,3,31.77,31.474247,32.01,0.29575302124023395,0.29575302124023395,< $50,0,0.0071778405,0
2026-03-30 03:00:00,2026-03-30 03:00:00,2026-03-30,3,0,3,31.93,29.444958,31.77,2.485042266845703,2.485042266845703,< $50,0,0.0026680164,0
2026-03-30 04:00:00,2026-03-30 04:00:00,2026-03-30,4,0,3,31.94,30.801426,31.93,1.1385740661621107,1.1385740661621107,< $50,0,0.003397878,0
2026-03-30 05:00:00,2026-03-30 05:00:00,2026-03-30,5,0,3,39.42,31.808876,31.94,7.6111239624023455,7.6111239624023455,< $50,0,0.0062350133,0
2026-03-30 06:00:00,2026-03-30 06:00:00,2026-03-30,6,0,3,54.14,53.20194,39.42,0.9380613708496099,0.9380613708496099,$50–100,0,0.049958546,0
2026-03-30 07:00:00,2026-03-30 07:00:00,2026-03-30,7,0,3,32.03,67.89919,54.14,-35.86919281005859,35.86919281005859,< $50,0,0.6352147,1
2026-03-30 08:00:00,2026-03-30 08:00:00,2026-03-30,8,0,3,31.89,30.00128,32.03,1.8887201690673834,1.8887201690673834,< $50,0,0.061176702,0
2026-03-30 09:00:00,2026-03-30 09:00:00,2026-03-30,9,0,3,30.53,29.839731,31.89,0.6902687835693371,0.6902687835693371,< $50,0,0.006502344,0
2026-03-30 10:00:00,2026-03-30 10:00:00,2026-03-30,10,0,3,29.88,27.806538,30.53,2.073462371826171,2.073462371826171,< $50,0,0.014010818,0
2026-03-30 11:00:00,2026-03-30 11:00:00,2026-03-30,11,0,3,23.0,27.418795,29.88,-4.418794631958008,4.418794631958008,< $50,0,0.015979443,0
2026-03-30 12:00:00,2026-03-30 12:00:00,2026-03-30,12,0,3,17.38,20.922586,23.0,-3.54258644104004,3.54258644104004,< $50,0,0.005268656,0
2026-03-30 13:00:00,2026-03-30 13:00:00,2026-03-30,13,0,3,16.76,16.026905,17.38,0.7330949401855484,0.7330949401855484,< $50,0,0.0020969014,0
2026-03-30 14:00:00,2026-03-30 14:00:00,2026-03-30,14,0,3,13.45,15.31304,16.76,-1.8630397796630866,1.8630397796630866,< $50,0,0.0013864388,0
2026-03-30 15:00:00,2026-03-30 15:00:00,2026-03-30,15,0,3,13.19,11.775139,13.45,1.4148611450195308,1.4148611450195308,< $50,0,0.00086317305,0
2026-03-30 16:00:00,2026-03-30 16:00:00,2026-03-30,16,0,3,14.33,12.207931,13.19,2.122069435119629,2.122069435119629,< $50,0,0.0006164722,0
2026-03-30 17:00:00,2026-03-30 17:00:00,2026-03-30,17,0,3,18.38,16.952583,14.33,1.4274166870117178,1.4274166870117178,< $50,0,0.00275666,0
2026-03-30 18:00:00,2026-03-30 18:00:00,2026-03-30,18,0,3,25.27,20.213795,18.38,5.0562052917480464,5.0562052917480464,< $50,0,0.0027932143,0
2026-03-30 19:00:00,2026-03-30 19:00:00,2026-03-30,19,0,3,120.97,32.65314,25.27,88.31685897827148,88.31685897827148,$100–250,1,0.024937019,0
2026-03-30 20:00:00,2026-03-30 20:00:00,2026-03-30,20,0,3,270.84,189.49931,120.97,81.34068664550779,81.34068664550779,>= $250,1,0.78347033,1
2026-03-30 21:00:00,2026-03-30 21:00:00,2026-03-30,21,0,3,322.74,277.64523,270.84,45.094766845703134,45.094766845703134,>= $250,1,0.9571869,1
2026-03-30 22:00:00,2026-03-30 22:00:00,2026-03-30,22,0,3,46.06,178.62631,322.74,-132.56631225585937,132.56631225585937,< $50,0,0.88148993,1
2026-03-30 23:00:00,2026-03-30 23:00:00,2026-03-30,23,0,3,36.86,48.617214,46.06,-11.75721420288086,11.75721420288086,< $50,0,0.089237034,0
2026-03-31 00:00:00,2026-03-31 00:00:00,2026-03-31,0,1,3,34.78,47.789143,36.86,-13.009142608642577,13.009142608642577,< $50,0,0.012403792,0
2026-03-31 01:00:00,2026-03-31 01:00:00,2026-03-31,1,1,3,26.98,46.861706,34.78,-19.881705780029296,19.881705780029296,< $50,0,0.009764506,0
2026-03-31 02:00:00,2026-03-31 02:00:00,2026-03-31,2,1,3,21.98,33.833263,26.98,-11.853263397216796,11.853263397216796,< $50,0,0.0058754343,0
2026-03-31 03:00:00,2026-03-31 03:00:00,2026-03-31,3,1,3,19.51,27.64569,21.98,-8.135690917968748,8.135690917968748,< $50,0,0.0017514243,0
2026-03-31 04:00:00,2026-03-31 04:00:00,2026-03-31,4,1,3,23.17,17.748932,19.51,5.421068115234377,5.421068115234377,< $50,0,0.0030074369,0
2026-03-31 05:00:00,2026-03-31 05:00:00,2026-03-31,5,1,3,24.3,27.861002,23.17,-3.5610019683837884,3.5610019683837884,< $50,0,0.014252467,0
2026-03-31 06:00:00,2026-03-31 06:00:00,2026-03-31,6,1,3,30.14,28.866474,24.3,1.2735258483886724,1.2735258483886724,< $50,0,0.014207812,0
2026-03-31 07:00:00,2026-03-31 07:00:00,2026-03-31,7,1,3,29.53,38.75849,30.14,-9.22849151611328,9.22849151611328,< $50,0,0.024363326,0
2026-03-31 08:00:00,2026-03-31 08:00:00,2026-03-31,8,1,3,22.94,32.683353,29.53,-9.743353424072264,9.743353424072264,< $50,0,0.01198601,0
2026-03-31 09:00:00,2026-03-31 09:00:00,2026-03-31,9,1,3,17.14,21.800959,22.94,-4.660958633422851,4.660958633422851,< $50,0,0.002930466,0
2026-03-31 10:00:00,2026-03-31 10:00:00,2026-03-31,10,1,3,13.93,17.205954,17.14,-3.275953598022461,3.275953598022461,< $50,0,0.0017231839,0
2026-03-31 11:00:00,2026-03-31 11:00:00,2026-03-31,11,1,3,12.29,12.18954,13.93,0.10046009063720618,0.10046009063720618,< $50,0,0.000998517,0
2026-03-31 12:00:00,2026-03-31 12:00:00,2026-03-31,12,1,3,10.51,11.028884,12.29,-0.5188839340209963,0.5188839340209963,< $50,0,0.0005380297,0
2026-03-31 13:00:00,2026-03-31 13:00:00,2026-03-31,13,1,3,0.85,9.349987,10.51,-8.499987030029297,8.499987030029297,< $50,0,0.00063780276,0
2026-03-31 14:00:00,2026-03-31 14:00:00,2026-03-31,14,1,3,2.3,2.8754487,0.85,-0.5754487037658693,0.5754487037658693,< $50,0,0.00043284742,0
2026-03-31 15:00:00,2026-03-31 15:00:00,2026-03-31,15,1,3,5.54,8.0167675,2.3,-2.4767675018310547,2.4767675018310547,< $50,0,0.0011208085,0
2026-03-31 16:00:00,2026-03-31 16:00:00,2026-03-31,16,1,3,11.01,10.7986355,5.54,0.21136451721191385,0.21136451721191385,< $50,0,0.0015947593,0
2026-03-31 17:00:00,2026-03-31 17:00:00,2026-03-31,17,1,3,12.44,17.791597,11.01,-5.351597366333008,5.351597366333008,< $50,0,0.002520778,0
2026-03-31 18:00:00,2026-03-31 18:00:00,2026-03-31,18,1,3,16.08,13.744744,12.44,2.335255699157713,2.335255699157713,< $50,0,0.0005583163,0
2026-03-31 19:00:00,2026-03-31 19:00:00,2026-03-31,19,1,3,21.41,24.64309,16.08,-3.2330892944335936,3.2330892944335936,< $50,0,0.00566617,0
2026-03-31 20:00:00,2026-03-31 20:00:00,2026-03-31,20,1,3,19.2,34.380672,21.41,-15.180672454833985,15.180672454833985,< $50,0,0.012588612,0
2026-03-31 21:00:00,2026-03-31 21:00:00,2026-03-31,21,1,3,12.91,15.247239,19.2,-2.3372391128540038,2.3372391128540038,< $50,0,0.003738442,0
2026-03-31 22:00:00,2026-03-31 22:00:00,2026-03-31,22,1,3,11.42,13.465966,12.91,-2.0459662246704102,2.0459662246704102,< $50,0,0.00034925208,0
2026-03-31 23:00:00,2026-03-31 23:00:00,2026-03-31,23,1,3,9.45,12.333225,11.42,-2.8832252502441413,2.8832252502441413,< $50,0,0.0005597208,0
2026-04-01 00:00:00,2026-04-01 00:00:00,2026-04-01,0,2,4,7.12,10.494555,9.45,-3.3745554733276366,3.3745554733276366,< $50,0,0.00046645064,0
2026-04-01 01:00:00,2026-04-01 01:00:00,2026-04-01,1,2,4,8.41,7.607039,7.12,0.8029610252380373,0.8029610252380373,< $50,0,0.00041677788,0
2026-04-01 02:00:00,2026-04-01 02:00:00,2026-04-01,2,2,4,10.62,11.816038,8.41,-1.196038131713868,1.196038131713868,< $50,0,0.000694643,0
2026-04-01 03:00:00,2026-04-01 03:00:00,2026-04-01,3,2,4,13.19,14.228876,10.62,-1.038876113891602,1.038876113891602,< $50,0,0.0005161549,0
2026-04-01 04:00:00,2026-04-01 04:00:00,2026-04-01,4,2,4,20.38,15.468319,13.19,4.911681060791015,4.911681060791015,< $50,0,0.0010518002,0
2026-04-01 05:00:00,2026-04-01 05:00:00,2026-04-01,5,2,4,25.43,26.322897,20.38,-0.8928969573974612,0.8928969573974612,< $50,0,0.011891522,0
2026-04-01 06:00:00,2026-04-01 06:00:00,2026-04-01,6,2,4,37.9,30.44485,25.43,7.455149078369139,7.455149078369139,< $50,0,0.059539318,0
2026-04-01 07:00:00,2026-04-01 07:00:00,2026-04-01,7,2,4,49.47,49.577957,37.9,-0.10795715332031364,0.10795715332031364,< $50,0,0.11163816,0
2026-04-01 08:00:00,2026-04-01 08:00:00,2026-04-01,8,2,4,24.0,48.36926,49.47,-24.369258880615234,24.369258880615234,< $50,0,0.22212903,0
2026-04-01 09:00:00,2026-04-01 09:00:00,2026-04-01,9,2,4,15.85,20.918701,24.0,-5.068701171875,5.068701171875,< $50,0,0.016567325,0
2026-04-01 10:00:00,2026-04-01 10:00:00,2026-04-01,10,2,4,15.45,17.775497,15.85,-2.325497436523438,2.325497436523438,< $50,0,0.002311711,0
2026-04-01 11:00:00,2026-04-01 11:00:00,2026-04-01,11,2,4,17.68,14.599157,15.45,3.0808426666259763,3.0808426666259763,< $50,0,0.0013763503,0
2026-04-01 12:00:00,2026-04-01 12:00:00,2026-04-01,12,2,4,13.57,20.510641,17.68,-6.940641098022461,6.940641098022461,< $50,0,0.0054944884,0
2026-04-01 13:00:00,2026-04-01 13:00:00,2026-04-01,13,2,4,12.8,12.631716,13.57,0.1682842254638679,0.1682842254638679,< $50,0,0.0005160287,0
2026-04-01 14:00:00,2026-04-01 14:00:00,2026-04-01,14,2,4,11.33,11.343428,12.8,-0.013427658081054616,0.013427658081054616,< $50,0,0.00036102414,0
2026-04-01 15:00:00,2026-04-01 15:00:00,2026-04-01,15,2,4,11.7,10.108446,11.33,1.591553878784179,1.591553878784179,< $50,0,0.00070005434,0
2026-04-01 16:00:00,2026-04-01 16:00:00,2026-04-01,16,2,4,13.99,17.867607,11.7,-3.8776071166992185,3.8776071166992185,< $50,0,0.0032541782,0
2026-04-01 17:00:00,2026-04-01 17:00:00,2026-04-01,17,2,4,16.34,25.866642,13.99,-9.526641998291016,9.526641998291016,< $50,0,0.005298551,0
2026-04-01 18:00:00,2026-04-01 18:00:00,2026-04-01,18,2,4,15.04,18.894196,16.34,-3.854195556640626,3.854195556640626,< $50,0,0.001454335,0
2026-04-01 19:00:00,2026-04-01 19:00:00,2026-04-01,19,2,4,14.11,19.368116,15.04,-5.25811637878418,5.25811637878418,< $50,0,0.005689124,0
2026-04-01 20:00:00,2026-04-01 20:00:00,2026-04-01,20,2,4,11.53,17.557878,14.11,-6.027878494262696,6.027878494262696,< $50,0,0.003409378,0
2026-04-01 21:00:00,2026-04-01 21:00:00,2026-04-01,21,2,4,7.43,6.753895,11.53,0.6761051940917966,0.6761051940917966,< $50,0,0.0009899371,0
2026-04-01 22:00:00,2026-04-01 22:00:00,2026-04-01,22,2,4,0.0,6.573292,7.43,-6.573291778564453,6.573291778564453,< $50,0,0.00047654405,0
2026-04-01 23:00:00,2026-04-01 23:00:00,2026-04-01,23,2,4,0.0,2.7857003,0.0,-2.7857003211975098,2.7857003211975098,< $50,0,0.0009561112,0
2026-04-02 00:00:00,2026-04-02 00:00:00,2026-04-02,0,3,4,0.0,0.42493355,0.0,-0.4249335527420044,0.4249335527420044,< $50,0,0.0003234439,0
2026-04-02 01:00:00,2026-04-02 01:00:00,2026-04-02,1,3,4,0.0,0.40554124,0.0,-0.40554124116897583,0.40554124116897583,< $50,0,0.00031003653,0
2026-04-02 02:00:00,2026-04-02 02:00:00,2026-04-02,2,3,4,8.25,0.54450583,0.0,7.705494165420532,7.705494165420532,< $50,0,0.00032833376,0
2026-04-02 03:00:00,2026-04-02 03:00:00,2026-04-02,3,3,4,5.11,11.848887,8.25,-6.73888744354248,6.73888744354248,< $50,0,0.0007361075,0
2026-04-02 04:00:00,2026-04-02 04:00:00,2026-04-02,4,3,4,8.06,4.0102305,5.11,4.0497694587707525,4.0497694587707525,< $50,0,0.00048464484,0
2026-04-02 05:00:00,2026-04-02 05:00:00,2026-04-02,5,3,4,9.7,12.091106,8.06,-2.3911064147949226,2.3911064147949226,< $50,0,0.0021059627,0
2026-04-02 06:00:00,2026-04-02 06:00:00,2026-04-02,6,3,4,12.74,14.80215,9.7,-2.0621497726440428,2.0621497726440428,< $50,0,0.00094165193,0
2026-04-02 07:00:00,2026-04-02 07:00:00,2026-04-02,7,3,4,11.81,17.28821,12.74,-5.478209915161132,5.478209915161132,< $50,0,0.0018368722,0
2026-04-02 08:00:00,2026-04-02 08:00:00,2026-04-02,8,3,4,12.12,9.1215515,11.81,2.998448486328124,2.998448486328124,< $50,0,0.00019255735,0
2026-04-02 09:00:00,2026-04-02 09:00:00,2026-04-02,9,3,4,11.73,14.92451,12.12,-3.19451000213623,3.19451000213623,< $50,0,0.0007622652,0
2026-04-02 10:00:00,2026-04-02 10:00:00,2026-04-02,10,3,4,11.14,8.402692,11.73,2.7373081588745123,2.7373081588745123,< $50,0,0.00019623317,0
2026-04-02 11:00:00,2026-04-02 11:00:00,2026-04-02,11,3,4,11.07,7.8318815,11.14,3.238118476867676,3.238118476867676,< $50,0,0.00025430258,0
2026-04-02 12:00:00,2026-04-02 12:00:00,2026-04-02,12,3,4,10.07,10.717367,11.07,-0.6473671722412107,0.6473671722412107,< $50,0,0.000509704,0
2026-04-02 13:00:00,2026-04-02 13:00:00,2026-04-02,13,3,4,10.07,7.767078,10.07,2.3029220771789554,2.3029220771789554,< $50,0,0.0007452101,0
2026-04-02 14:00:00,2026-04-02 14:00:00,2026-04-02,14,3,4,10.69,8.439333,10.07,2.2506670379638667,2.2506670379638667,< $50,0,0.0012298608,0
2026-04-02 15:00:00,2026-04-02 15:00:00,2026-04-02,15,3,4,11.08,14.264731,10.69,-3.1847314071655273,3.1847314071655273,< $50,0,0.003734354,0
2026-04-02 16:00:00,2026-04-02 16:00:00,2026-04-02,16,3,4,11.25,15.2557535,11.08,-4.005753517150879,4.005753517150879,< $50,0,0.003235711,0
2026-04-02 17:00:00,2026-04-02 17:00:00,2026-04-02,17,3,4,12.94,16.222204,11.25,-3.282204208374024,3.282204208374024,< $50,0,0.0036093898,0
2026-04-02 18:00:00,2026-04-02 18:00:00,2026-04-02,18,3,4,15.12,17.97043,12.94,-2.8504303741455086,2.8504303741455086,< $50,0,0.0013013192,0
2026-04-02 19:00:00,2026-04-02 19:00:00,2026-04-02,19,3,4,24.3,28.680244,15.12,-4.3802444458007805,4.3802444458007805,< $50,0,0.0063493885,0
2026-04-02 20:00:00,2026-04-02 20:00:00,2026-04-02,20,3,4,30.41,44.823994,24.3,-14.413993682861328,14.413993682861328,< $50,0,0.061173845,0
2026-04-02 21:00:00,2026-04-02 21:00:00,2026-04-02,21,3,4,35.58,37.74206,30.41,-2.162061614990236,2.162061614990236,< $50,0,0.15918179,0
2026-04-02 22:00:00,2026-04-02 22:00:00,2026-04-02,22,3,4,33.11,38.29309,35.58,-5.183090820312501,5.183090820312501,< $50,0,0.011769127,0
2026-04-02 23:00:00,2026-04-02 23:00:00,2026-04-02,23,3,4,33.13,27.407133,33.11,5.72286689758301,5.72286689758301,< $50,0,0.020995911,0
2026-04-03 00:00:00,2026-04-03 00:00:00,2026-04-03,0,4,4,28.03,29.141588,33.13,-1.1115882110595692,1.1115882110595692,< $50,0,0.0053090616,0
2026-04-03 01:00:00,2026-04-03 01:00:00,2026-04-03,1,4,4,23.34,27.117794,28.03,-3.7777940368652345,3.7777940368652345,< $50,0,0.0044382527,0
2026-04-03 02:00:00,2026-04-03 02:00:00,2026-04-03,2,4,4,29.88,22.2359,23.34,7.644099121093749,7.644099121093749,< $50,0,0.0038699294,0
2026-04-03 03:00:00,2026-04-03 03:00:00,2026-04-03,3,4,4,30.0,31.672535,29.88,-1.6725349426269531,1.6725349426269531,< $50,0,0.038295634,0
2026-04-03 04:00:00,2026-04-03 04:00:00,2026-04-03,4,4,4,30.17,28.96156,30.0,1.2084407043457048,1.2084407043457048,< $50,0,0.004762522,0
2026-04-03 05:00:00,2026-04-03 05:00:00,2026-04-03,5,4,4,31.12,30.351051,30.17,0.7689486694335947,0.7689486694335947,< $50,0,0.008419997,0
2026-04-03 06:00:00,2026-04-03 06:00:00,2026-04-03,6,4,4,34.79,33.41797,31.12,1.3720312499999991,1.3720312499999991,< $50,0,0.013769336,0
2026-04-03 07:00:00,2026-04-03 07:00:00,2026-04-03,7,4,4,35.0,37.12832,34.79,-2.1283187866210938,2.1283187866210938,< $50,0,0.03317269,0
2026-04-03 08:00:00,2026-04-03 08:00:00,2026-04-03,8,4,4,30.86,33.300724,35.0,-2.440724029541016,2.440724029541016,< $50,0,0.011525809,0
2026-04-03 09:00:00,2026-04-03 09:00:00,2026-04-03,9,4,4,29.14,29.07985,30.86,0.06015075683593807,0.06015075683593807,< $50,0,0.004994198,0
2026-04-03 10:00:00,2026-04-03 10:00:00,2026-04-03,10,4,4,18.83,27.492268,29.14,-8.66226760864258,8.66226760864258,< $50,0,0.0033686964,0
2026-04-03 11:00:00,2026-04-03 11:00:00,2026-04-03,11,4,4,13.71,16.881079,18.83,-3.1710787200927726,3.1710787200927726,< $50,0,0.0019665596,0
2026-04-03 12:00:00,2026-04-03 12:00:00,2026-04-03,12,4,4,12.69,12.135022,13.71,0.5549778366088862,0.5549778366088862,< $50,0,0.0010908076,0
2026-04-03 13:00:00,2026-04-03 13:00:00,2026-04-03,13,4,4,12.57,10.804059,12.69,1.765940971374512,1.765940971374512,< $50,0,0.00039113115,0
2026-04-03 14:00:00,2026-04-03 14:00:00,2026-04-03,14,4,4,11.97,9.804205,12.57,2.165795059204102,2.165795059204102,< $50,0,0.00031963724,0
2026-04-03 15:00:00,2026-04-03 15:00:00,2026-04-03,15,4,4,11.81,9.2144375,11.97,2.5955625152587896,2.5955625152587896,< $50,0,0.0006239908,0
2026-04-03 16:00:00,2026-04-03 16:00:00,2026-04-03,16,4,4,12.15,11.471325,11.81,0.6786750793457035,0.6786750793457035,< $50,0,0.00083272427,0
2026-04-03 17:00:00,2026-04-03 17:00:00,2026-04-03,17,4,4,13.01,17.044731,12.15,-4.034731140136719,4.034731140136719,< $50,0,0.0013699059,0
2026-04-03 18:00:00,2026-04-03 18:00:00,2026-04-03,18,4,4,23.89,14.081821,13.01,9.80817855834961,9.80817855834961,< $50,0,0.0003462531,0
2026-04-03 19:00:00,2026-04-03 19:00:00,2026-04-03,19,4,4,34.16,42.93559,23.89,-8.775588836669925,8.775588836669925,< $50,0,0.026151508,0
2026-04-03 20:00:00,2026-04-03 20:00:00,2026-04-03,20,4,4,40.68,52.20387,34.16,-11.523868865966797,11.523868865966797,< $50,0,0.097579315,0
2026-04-03 21:00:00,2026-04-03 21:00:00,2026-04-03,21,4,4,33.14,43.343952,40.68,-10.203952178955078,10.203952178955078,< $50,0,0.026476288,0
2026-04-03 22:00:00,2026-04-03 22:00:00,2026-04-03,22,4,4,26.56,29.03321,33.14,-2.4732107543945325,2.4732107543945325,< $50,0,0.004662405,0
2026-04-03 23:00:00,2026-04-03 23:00:00,2026-04-03,23,4,4,16.54,24.775345,26.56,-8.235344848632813,8.235344848632813,< $50,0,0.0076177306,0
2026-04-04 00:00:00,2026-04-04 00:00:00,2026-04-04,0,5,4,13.4,16.041174,16.54,-2.641173934936523,2.641173934936523,< $50,0,0.0012005841,0
2026-04-04 01:00:00,2026-04-04 01:00:00,2026-04-04,1,5,4,12.76,11.598767,13.4,1.1612327194213865,1.1612327194213865,< $50,0,0.000226723,0
2026-04-04 02:00:00,2026-04-04 02:00:00,2026-04-04,2,5,4,12.46,11.032784,12.76,1.4272155380249032,1.4272155380249032,< $50,0,0.00010086249,0
2026-04-04 03:00:00,2026-04-04 03:00:00,2026-04-04,3,5,4,12.04,10.74787,12.46,1.2921295547485343,1.2921295547485343,< $50,0,0.00013664164,0
2026-04-04 04:00:00,2026-04-04 04:00:00,2026-04-04,4,5,4,12.4,9.8430805,12.04,2.5569194793701175,2.5569194793701175,< $50,0,0.00011618416,0
2026-04-04 05:00:00,2026-04-04 05:00:00,2026-04-04,5,5,4,12.89,13.423535,12.4,-0.5335353469848627,0.5335353469848627,< $50,0,0.00021630756,0
2026-04-04 06:00:00,2026-04-04 06:00:00,2026-04-04,6,5,4,13.87,15.195128,12.89,-1.3251284408569344,1.3251284408569344,< $50,0,0.00021647861,0
2026-04-04 07:00:00,2026-04-04 07:00:00,2026-04-04,7,5,4,12.98,14.562858,13.87,-1.582857627868652,1.582857627868652,< $50,0,0.00027995196,0
2026-04-04 08:00:00,2026-04-04 08:00:00,2026-04-04,8,5,4,11.52,10.837337,12.98,0.6826634597778316,0.6826634597778316,< $50,0,0.00011067321,0
2026-04-04 09:00:00,2026-04-04 09:00:00,2026-04-04,9,5,4,1.22,9.298534,11.52,-8.078534393310546,8.078534393310546,< $50,0,0.00012636115,0
2026-04-04 10:00:00,2026-04-04 10:00:00,2026-04-04,10,5,4,0.0,2.4124603,1.22,-2.4124603271484375,2.4124603271484375,< $50,0,0.00018836196,0
2026-04-04 11:00:00,2026-04-04 11:00:00,2026-04-04,11,5,4,0.0,0.6316282,0.0,-0.6316282153129578,0.6316282153129578,< $50,0,0.00018124675,0
2026-04-04 12:00:00,2026-04-04 12:00:00,2026-04-04,12,5,4,0.0,0.43647924,0.0,-0.43647924065589905,0.43647924065589905,< $50,0,0.00024297023,0
2026-04-04 13:00:00,2026-04-04 13:00:00,2026-04-04,13,5,4,0.66,0.4704294,0.0,0.189570609331131,0.189570609331131,< $50,0,0.00025787385,0
2026-04-04 14:00:00,2026-04-04 14:00:00,2026-04-04,14,5,4,7.27,5.0527782,0.66,2.217221755981445,2.217221755981445,< $50,0,0.00042453338,0
2026-04-04 15:00:00,2026-04-04 15:00:00,2026-04-04,15,5,4,7.89,15.805633,7.27,-7.915632591247559,7.915632591247559,< $50,0,0.002047626,0
2026-04-04 16:00:00,2026-04-04 16:00:00,2026-04-04,16,5,4,1.35,12.582996,7.89,-11.232996368408203,11.232996368408203,< $50,0,0.0009252535,0
2026-04-04 17:00:00,2026-04-04 17:00:00,2026-04-04,17,5,4,8.54,7.281589,1.35,1.2584109687805167,1.2584109687805167,< $50,0,0.001100655,0
2026-04-04 18:00:00,2026-04-04 18:00:00,2026-04-04,18,5,4,12.4,19.553696,8.54,-7.153695678710937,7.153695678710937,< $50,0,0.0017799363,0
2026-04-04 19:00:00,2026-04-04 19:00:00,2026-04-04,19,5,4,17.97,22.169657,12.4,-4.19965675354004,4.19965675354004,< $50,0,0.0022237592,0
2026-04-04 20:00:00,2026-04-04 20:00:00,2026-04-04,20,5,4,22.1,22.521387,17.97,-0.42138710021972514,0.42138710021972514,< $50,0,0.009887854,0
2026-04-04 21:00:00,2026-04-04 21:00:00,2026-04-04,21,5,4,12.92,22.850264,22.1,-9.930263595581055,9.930263595581055,< $50,0,0.0038566056,0
2026-04-04 22:00:00,2026-04-04 22:00:00,2026-04-04,22,5,4,1.29,11.2191305,12.92,-9.929130516052247,9.929130516052247,< $50,0,0.00021691022,0
2026-04-04 23:00:00,2026-04-04 23:00:00,2026-04-04,23,5,4,5.99,0.5073533,1.29,5.48264669418335,5.48264669418335,< $50,0,0.00041798563,0
2026-04-05 00:00:00,2026-04-05 00:00:00,2026-04-05,0,6,4,11.79,8.0169115,5.99,3.773088493347167,3.773088493347167,< $50,0,0.00039509468,0
2026-04-05 01:00:00,2026-04-05 01:00:00,2026-04-05,1,6,4,21.94,12.79915,11.79,9.140849533081056,9.140849533081056,< $50,0,0.00038887808,0
2026-04-05 02:00:00,2026-04-05 02:00:00,2026-04-05,2,6,4,29.59,23.563717,21.94,6.0262831115722655,6.0262831115722655,< $50,0,0.0024390891,0
2026-04-05 03:00:00,2026-04-05 03:00:00,2026-04-05,3,6,4,34.16,36.883694,29.59,-2.723693695068363,2.723693695068363,< $50,0,0.01854604,0
2026-04-05 04:00:00,2026-04-05 04:00:00,2026-04-05,4,6,4,37.86,35.817055,34.16,2.042945251464843,2.042945251464843,< $50,0,0.0051684272,0
2026-04-05 05:00:00,2026-04-05 05:00:00,2026-04-05,5,6,4,34.95,41.635677,37.86,-6.6856773376464815,6.6856773376464815,< $50,0,0.014490834,0
2026-04-05 06:00:00,2026-04-05 06:00:00,2026-04-05,6,6,4,38.64,37.313385,34.95,1.3266149902343756,1.3266149902343756,< $50,0,0.012544902,0
2026-04-05 07:00:00,2026-04-05 07:00:00,2026-04-05,7,6,4,140.66,43.10083,38.64,97.559169921875,97.559169921875,$100–250,1,0.012446694,0
2026-04-05 08:00:00,2026-04-05 08:00:00,2026-04-05,8,6,4,193.04,119.38454,140.66,73.65546325683593,73.65546325683593,$100–250,1,0.820919,1
2026-04-05 09:00:00,2026-04-05 09:00:00,2026-04-05,9,6,4,189.17,125.00196,193.04,64.16803924560546,64.16803924560546,$100–250,1,0.76208645,1
2026-04-05 10:00:00,2026-04-05 10:00:00,2026-04-05,10,6,4,30.93,98.75003,189.17,-67.82003051757812,67.82003051757812,< $50,0,0.51074743,1
2026-04-05 11:00:00,2026-04-05 11:00:00,2026-04-05,11,6,4,28.74,18.918941,30.93,9.821058502197264,9.821058502197264,< $50,0,0.004998946,0
2026-04-05 12:00:00,2026-04-05 12:00:00,2026-04-05,12,6,4,20.73,33.078693,28.74,-12.348693389892578,12.348693389892578,< $50,0,0.0043325755,0
2026-04-05 13:00:00,2026-04-05 13:00:00,2026-04-05,13,6,4,14.45,19.899841,20.73,-5.449841308593751,5.449841308593751,< $50,0,0.0023106334,0
2026-04-05 14:00:00,2026-04-05 14:00:00,2026-04-05,14,6,4,13.51,12.20727,14.45,1.3027303314208982,1.3027303314208982,< $50,0,0.0017760871,0
2026-04-05 15:00:00,2026-04-05 15:00:00,2026-04-05,15,6,4,12.2,11.377266,13.51,0.822734069824218,0.822734069824218,< $50,0,0.0013079017,0
2026-04-05 16:00:00,2026-04-05 16:00:00,2026-04-05,16,6,4,11.44,12.601505,12.2,-1.1615052795410161,1.1615052795410161,< $50,0,0.0009713323,0
2026-04-05 17:00:00,2026-04-05 17:00:00,2026-04-05,17,6,4,10.89,12.867905,11.44,-1.977904663085937,1.977904663085937,< $50,0,0.0016413094,0
2026-04-05 18:00:00,2026-04-05 18:00:00,2026-04-05,18,6,4,12.22,9.254928,10.89,2.9650723648071295,2.9650723648071295,< $50,0,0.0010527651,0
2026-04-05 19:00:00,2026-04-05 19:00:00,2026-04-05,19,6,4,12.62,23.739767,12.22,-11.119767074584962,11.119767074584962,< $50,0,0.00379971,0
2026-04-05 20:00:00,2026-04-05 20:00:00,2026-04-05,20,6,4,13.13,14.62053,12.62,-1.4905301284790031,1.4905301284790031,< $50,0,0.0015212464,0
2026-04-05 21:00:00,2026-04-05 21:00:00,2026-04-05,21,6,4,14.33,12.269419,13.13,2.060581283569336,2.060581283569336,< $50,0,0.0010445581,0
2026-04-05 22:00:00,2026-04-05 22:00:00,2026-04-05,22,6,4,13.52,14.982096,14.33,-1.4620957183837895,1.4620957183837895,< $50,0,0.0006612423,0
2026-04-05 23:00:00,2026-04-05 23:00:00,2026-04-05,23,6,4,13.61,10.805365,13.52,2.804635391235351,2.804635391235351,< $50,0,0.0006527285,0
2026-04-06 00:00:00,2026-04-06 00:00:00,2026-04-06,0,0,4,15.63,12.919503,13.61,2.710496788024903,2.710496788024903,< $50,0,0.00078166655,0
2026-04-06 01:00:00,2026-04-06 01:00:00,2026-04-06,1,0,4,21.45,15.960189,15.63,5.489811134338378,5.489811134338378,< $50,0,0.0006862447,0
2026-04-06 02:00:00,2026-04-06 02:00:00,2026-04-06,2,0,4,20.76,21.867544,21.45,-1.1075441741943344,1.1075441741943344,< $50,0,0.0018118514,0
2026-04-06 03:00:00,2026-04-06 03:00:00,2026-04-06,3,0,4,21.19,18.34716,20.76,2.8428396606445325,2.8428396606445325,< $50,0,0.00054103404,0
2026-04-06 04:00:00,2026-04-06 04:00:00,2026-04-06,4,0,4,20.86,20.821928,21.19,0.038071975708007244,0.038071975708007244,< $50,0,0.003582947,0
2026-04-06 05:00:00,2026-04-06 05:00:00,2026-04-06,5,0,4,19.75,19.899178,20.86,-0.14917755126953125,0.14917755126953125,< $50,0,0.0041657337,0
2026-04-06 06:00:00,2026-04-06 06:00:00,2026-04-06,6,0,4,23.59,21.444576,19.75,2.1454237365722655,2.1454237365722655,< $50,0,0.0015583393,0
2026-04-06 07:00:00,2026-04-06 07:00:00,2026-04-06,7,0,4,18.45,28.429958,23.59,-9.97995834350586,9.97995834350586,< $50,0,0.005001065,0
2026-04-06 08:00:00,2026-04-06 08:00:00,2026-04-06,8,0,4,14.64,17.921352,18.45,-3.281352386474609,3.281352386474609,< $50,0,0.00085177255,0
2026-04-06 09:00:00,2026-04-06 09:00:00,2026-04-06,9,0,4,18.67,12.666313,14.64,6.003686828613283,6.003686828613283,< $50,0,0.0014386016,0
2026-04-06 10:00:00,2026-04-06 10:00:00,2026-04-06,10,0,4,15.68,19.978811,18.67,-4.298811264038086,4.298811264038086,< $50,0,0.003045988,0
2026-04-06 11:00:00,2026-04-06 11:00:00,2026-04-06,11,0,4,10.44,12.881217,15.68,-2.441217002868653,2.441217002868653,< $50,0,0.0009144433,0
2026-04-06 12:00:00,2026-04-06 12:00:00,2026-04-06,12,0,4,6.77,11.417841,10.44,-4.647840957641602,4.647840957641602,< $50,0,0.00056964345,0
2026-04-06 13:00:00,2026-04-06 13:00:00,2026-04-06,13,0,4,0.0,5.6633787,6.77,-5.663378715515137,5.663378715515137,< $50,0,0.00064876355,0
2026-04-06 14:00:00,2026-04-06 14:00:00,2026-04-06,14,0,4,0.0,1.9278517,0.0,-1.927851676940918,1.927851676940918,< $50,0,0.000956704,0
2026-04-06 15:00:00,2026-04-06 15:00:00,2026-04-06,15,0,4,0.0,2.1558735,0.0,-2.1558735370635986,2.1558735370635986,< $50,0,0.0025056587,0
2026-04-06 16:00:00,2026-04-06 16:00:00,2026-04-06,16,0,4,0.97,4.6193852,0.0,-3.6493852424621585,3.6493852424621585,< $50,0,0.0055759475,0
2026-04-06 17:00:00,2026-04-06 17:00:00,2026-04-06,17,0,4,5.1,9.115683,0.97,-4.015682601928711,4.015682601928711,< $50,0,0.007691898,0
2026-04-06 18:00:00,2026-04-06 18:00:00,2026-04-06,18,0,4,0.02,7.937829,5.1,-7.917829017639161,7.917829017639161,< $50,0,0.004086583,0
2026-04-06 19:00:00,2026-04-06 19:00:00,2026-04-06,19,0,4,8.24,8.976495,0.02,-0.7364947891235349,0.7364947891235349,< $50,0,0.0058612633,0
2026-04-06 20:00:00,2026-04-06 20:00:00,2026-04-06,20,0,4,9.44,21.588526,8.24,-12.148525772094727,12.148525772094727,< $50,0,0.00954476,0
2026-04-06 21:00:00,2026-04-06 21:00:00,2026-04-06,21,0,4,13.11,13.526066,9.44,-0.4160658264160162,0.4160658264160162,< $50,0,0.006259901,0
2026-04-06 22:00:00,2026-04-06 22:00:00,2026-04-06,22,0,4,12.37,15.802756,13.11,-3.432756309509278,3.432756309509278,< $50,0,0.0014508131,0
2026-04-06 23:00:00,2026-04-06 23:00:00,2026-04-06,23,0,4,8.59,10.684865,12.37,-2.0948649978637697,2.0948649978637697,< $50,0,0.0016680063,0
2026-04-07 00:00:00,2026-04-07 00:00:00,2026-04-07,0,1,4,0.0,7.184762,8.59,-7.184762001037598,7.184762001037598,< $50,0,0.0003523778,0
2026-04-07 01:00:00,2026-04-07 01:00:00,2026-04-07,1,1,4,0.0,2.4376,0.0,-2.4375998973846436,2.4375998973846436,< $50,0,0.0002997412,0
2026-04-07 02:00:00,2026-04-07 02:00:00,2026-04-07,2,1,4,0.0,1.1279473,0.0,-1.1279473304748535,1.1279473304748535,< $50,0,0.00021133233,0
2026-04-07 03:00:00,2026-04-07 03:00:00,2026-04-07,3,1,4,0.0,1.2685541,0.0,-1.2685540914535522,1.2685540914535522,< $50,0,0.00027788864,0
2026-04-07 04:00:00,2026-04-07 04:00:00,2026-04-07,4,1,4,0.0,1.5887694,0.0,-1.5887694358825684,1.5887694358825684,< $50,0,0.0005202472,0
2026-04-07 05:00:00,2026-04-07 05:00:00,2026-04-07,5,1,4,10.41,2.496918,0.0,7.913082036972046,7.913082036972046,< $50,0,0.0007944439,0
2026-04-07 06:00:00,2026-04-07 06:00:00,2026-04-07,6,1,4,12.64,19.536787,10.41,-6.896787033081054,6.896787033081054,< $50,0,0.0014181944,0
2026-04-07 07:00:00,2026-04-07 07:00:00,2026-04-07,7,1,4,10.27,16.066456,12.64,-5.7964558410644536,5.7964558410644536,< $50,0,0.0007717469,0
2026-04-07 08:00:00,2026-04-07 08:00:00,2026-04-07,8,1,4,0.0,12.888998,10.27,-12.888998031616211,12.888998031616211,< $50,0,0.0003209674,0
2026-04-07 09:00:00,2026-04-07 09:00:00,2026-04-07,9,1,4,0.82,11.284573,0.0,-10.464572601318359,10.464572601318359,< $50,0,0.00033716907,0
2026-04-07 10:00:00,2026-04-07 10:00:00,2026-04-07,10,1,4,0.0,4.4699163,0.82,-4.469916343688965,4.469916343688965,< $50,0,0.00020712258,0
2026-04-07 11:00:00,2026-04-07 11:00:00,2026-04-07,11,1,4,0.0,0.0,0.0,0.0,0.0,< $50,0,8.495018e-05,0
2026-04-07 12:00:00,2026-04-07 12:00:00,2026-04-07,12,1,4,0.0,1.4467077,0.0,-1.4467077255249023,1.4467077255249023,< $50,0,0.00031571128,0
2026-04-07 13:00:00,2026-04-07 13:00:00,2026-04-07,13,1,4,0.0,1.6504238,0.0,-1.6504237651824951,1.6504237651824951,< $50,0,0.0005631255,0
2026-04-07 14:00:00,2026-04-07 14:00:00,2026-04-07,14,1,4,0.0,2.3993165,0.0,-2.3993165493011475,2.3993165493011475,< $50,0,0.0010641012,0
2026-04-07 15:00:00,2026-04-07 15:00:00,2026-04-07,15,1,4,5.13,3.2721832,0.0,1.8578168201446532,1.8578168201446532,< $50,0,0.0023349281,0
2026-04-07 16:00:00,2026-04-07 16:00:00,2026-04-07,16,1,4,11.56,12.773346,5.13,-1.2133459472656245,1.2133459472656245,< $50,0,0.0048357164,0
2026-04-07 17:00:00,2026-04-07 17:00:00,2026-04-07,17,1,4,11.78,21.21222,11.56,-9.43221923828125,9.43221923828125,< $50,0,0.0063756695,0
2026-04-07 18:00:00,2026-04-07 18:00:00,2026-04-07,18,1,4,12.38,13.369976,11.78,-0.9899760437011711,0.9899760437011711,< $50,0,0.0012026334,0
2026-04-07 19:00:00,2026-04-07 19:00:00,2026-04-07,19,1,4,17.62,20.276505,12.38,-2.6565045166015615,2.6565045166015615,< $50,0,0.0030018245,0
2026-04-07 20:00:00,2026-04-07 20:00:00,2026-04-07,20,1,4,16.23,26.049318,17.62,-9.819318313598632,9.819318313598632,< $50,0,0.013437361,0
2026-04-07 21:00:00,2026-04-07 21:00:00,2026-04-07,21,1,4,18.2,18.52266,16.23,-0.3226593017578132,0.3226593017578132,< $50,0,0.0030555122,0
2026-04-07 22:00:00,2026-04-07 22:00:00,2026-04-07,22,1,4,13.51,22.353277,18.2,-8.843277206420899,8.843277206420899,< $50,0,0.0077574966,0
2026-04-07 23:00:00,2026-04-07 23:00:00,2026-04-07,23,1,4,0.47,10.419111,13.51,-9.949111251831054,9.949111251831054,< $50,0,0.0010623205,0
2026-04-08 00:00:00,2026-04-08 00:00:00,2026-04-08,0,2,4,0.0,0.70670056,0.47,-0.7067005634307861,0.7067005634307861,< $50,0,0.00034835012,0
2026-04-08 01:00:00,2026-04-08 01:00:00,2026-04-08,1,2,4,0.0,1.2666676,0.0,-1.2666676044464111,1.2666676044464111,< $50,0,0.0002003473,0
2026-04-08 02:00:00,2026-04-08 02:00:00,2026-04-08,2,2,4,0.0,1.1568917,0.0,-1.1568917036056519,1.1568917036056519,< $50,0,0.000318876,0
2026-04-08 03:00:00,2026-04-08 03:00:00,2026-04-08,3,2,4,0.0,1.1375023,0.0,-1.1375023126602173,1.1375023126602173,< $50,0,0.000345115,0
2026-04-08 04:00:00,2026-04-08 04:00:00,2026-04-08,4,2,4,0.0,1.0804677,0.0,-1.080467700958252,1.080467700958252,< $50,0,0.00043944208,0
2026-04-08 05:00:00,2026-04-08 05:00:00,2026-04-08,5,2,4,5.31,2.3099928,0.0,3.0000072097778316,3.0000072097778316,< $50,0,0.00050279207,0
2026-04-08 06:00:00,2026-04-08 06:00:00,2026-04-08,6,2,4,11.55,11.521859,5.31,0.028140830993653054,0.028140830993653054,< $50,0,0.00082700903,0
2026-04-08 07:00:00,2026-04-08 07:00:00,2026-04-08,7,2,4,12.46,14.526729,11.55,-2.066728630065917,2.066728630065917,< $50,0,0.00112358,0
2026-04-08 08:00:00,2026-04-08 08:00:00,2026-04-08,8,2,4,12.54,13.317889,12.46,-0.7778892135620126,0.7778892135620126,< $50,0,0.00044082617,0
2026-04-08 09:00:00,2026-04-08 09:00:00,2026-04-08,9,2,4,11.29,13.063983,12.54,-1.7739829635620126,1.7739829635620126,< $50,0,0.00025966257,0
2026-04-08 10:00:00,2026-04-08 10:00:00,2026-04-08,10,2,4,14.29,10.224931,11.29,4.06506923675537,4.06506923675537,< $50,0,0.00011913497,0
2026-04-08 11:00:00,2026-04-08 11:00:00,2026-04-08,11,2,4,30.27,16.471987,14.29,13.798013229370117,13.798013229370117,< $50,0,0.0009332089,0
2026-04-08 12:00:00,2026-04-08 12:00:00,2026-04-08,12,2,4,30.85,48.62548,30.27,-17.775480651855467,17.775480651855467,< $50,0,0.049911886,0
2026-04-08 13:00:00,2026-04-08 13:00:00,2026-04-08,13,2,4,29.22,31.384964,30.85,-2.1649639892578136,2.1649639892578136,< $50,0,0.011276627,0
2026-04-08 14:00:00,2026-04-08 14:00:00,2026-04-08,14,2,4,26.54,27.869978,29.22,-1.3299779510498055,1.3299779510498055,< $50,0,0.009912533,0
2026-04-08 15:00:00,2026-04-08 15:00:00,2026-04-08,15,2,4,22.88,26.68986,26.54,-3.80985939025879,3.80985939025879,< $50,0,0.01929696,0
2026-04-08 16:00:00,2026-04-08 16:00:00,2026-04-08,16,2,4,29.56,24.228266,22.88,5.331734237670897,5.331734237670897,< $50,0,0.011442068,0
2026-04-08 17:00:00,2026-04-08 17:00:00,2026-04-08,17,2,4,31.46,40.439617,29.56,-8.979617156982421,8.979617156982421,< $50,0,0.12583402,0
2026-04-08 18:00:00,2026-04-08 18:00:00,2026-04-08,18,2,4,81.83,35.152363,31.46,46.67763717651367,46.67763717651367,$50–100,0,0.016376596,0
2026-04-08 19:00:00,2026-04-08 19:00:00,2026-04-08,19,2,4,142.94,118.06304,81.83,24.87695831298828,24.87695831298828,$100–250,1,0.8009659,1
2026-04-08 20:00:00,2026-04-08 20:00:00,2026-04-08,20,2,4,100.66,201.61037,142.94,-100.95036682128907,100.95036682128907,$100–250,1,0.8710078,1
2026-04-08 21:00:00,2026-04-08 21:00:00,2026-04-08,21,2,4,99.07,56.659737,100.66,42.41026336669921,42.41026336669921,$50–100,0,0.29835504,0
2026-04-08 22:00:00,2026-04-08 22:00:00,2026-04-08,22,2,4,34.66,60.674065,99.07,-26.014064636230472,26.014064636230472,< $50,0,0.2496828,0
2026-04-08 23:00:00,2026-04-08 23:00:00,2026-04-08,23,2,4,59.09,33.325138,34.66,25.764861907958988,25.764861907958988,$50–100,0,0.02394782,0
2026-04-09 00:00:00,2026-04-09 00:00:00,2026-04-09,0,3,4,41.06,80.05685,59.09,-38.99684661865234,38.99684661865234,< $50,0,0.13019438,0
2026-04-09 01:00:00,2026-04-09 01:00:00,2026-04-09,1,3,4,30.22,41.930096,41.06,-11.710095672607423,11.710095672607423,< $50,0,0.045288797,0
2026-04-09 02:00:00,2026-04-09 02:00:00,2026-04-09,2,3,4,24.18,30.690521,30.22,-6.510521240234375,6.510521240234375,< $50,0,0.012569399,0
2026-04-09 03:00:00,2026-04-09 03:00:00,2026-04-09,3,3,4,15.61,24.897505,24.18,-9.287504806518555,9.287504806518555,< $50,0,0.0044667935,0
2026-04-09 04:00:00,2026-04-09 04:00:00,2026-04-09,4,3,4,13.61,15.537864,15.61,-1.927863731384278,1.927863731384278,< $50,0,0.0019299284,0
2026-04-09 05:00:00,2026-04-09 05:00:00,2026-04-09,5,3,4,19.98,12.582981,13.61,7.39701889038086,7.39701889038086,< $50,0,0.00097438495,0
2026-04-09 06:00:00,2026-04-09 06:00:00,2026-04-09,6,3,4,25.9,24.532263,19.98,1.3677371978759751,1.3677371978759751,< $50,0,0.009549923,0
2026-04-09 07:00:00,2026-04-09 07:00:00,2026-04-09,7,3,4,22.48,29.602888,25.9,-7.122888107299804,7.122888107299804,< $50,0,0.048911396,0
2026-04-09 08:00:00,2026-04-09 08:00:00,2026-04-09,8,3,4,20.21,22.04735,22.48,-1.8373499298095695,1.8373499298095695,< $50,0,0.003043697,0
2026-04-09 09:00:00,2026-04-09 09:00:00,2026-04-09,9,3,4,15.23,18.560753,20.21,-3.3307528686523433,3.3307528686523433,< $50,0,0.0031254147,0
2026-04-09 10:00:00,2026-04-09 10:00:00,2026-04-09,10,3,4,15.55,13.339114,15.23,2.2108858108520515,2.2108858108520515,< $50,0,0.0009368468,0
2026-04-09 11:00:00,2026-04-09 11:00:00,2026-04-09,11,3,4,19.07,14.204685,15.55,4.86531478881836,4.86531478881836,< $50,0,0.0012917774,0
2026-04-09 12:00:00,2026-04-09 12:00:00,2026-04-09,12,3,4,17.47,21.189413,19.07,-3.719413070678712,3.719413070678712,< $50,0,0.0032356603,0
2026-04-09 13:00:00,2026-04-09 13:00:00,2026-04-09,13,3,4,22.73,17.173351,17.47,5.5566487121582036,5.5566487121582036,< $50,0,0.001322186,0
2026-04-09 14:00:00,2026-04-09 14:00:00,2026-04-09,14,3,4,25.07,25.02115,22.73,0.04884941101074247,0.04884941101074247,< $50,0,0.0050987927,0
2026-04-09 15:00:00,2026-04-09 15:00:00,2026-04-09,15,3,4,22.1,26.871828,25.07,-4.771828079223631,4.771828079223631,< $50,0,0.0383012,0
2026-04-09 16:00:00,2026-04-09 16:00:00,2026-04-09,16,3,4,14.47,22.318796,22.1,-7.848796157836913,7.848796157836913,< $50,0,0.010954601,0
2026-04-09 17:00:00,2026-04-09 17:00:00,2026-04-09,17,3,4,13.55,17.8974,14.47,-4.347399902343749,4.347399902343749,< $50,0,0.0045631,0
2026-04-09 18:00:00,2026-04-09 18:00:00,2026-04-09,18,3,4,17.34,12.302987,13.55,5.037012901306152,5.037012901306152,< $50,0,0.0005155175,0
2026-04-09 19:00:00,2026-04-09 19:00:00,2026-04-09,19,3,4,32.28,33.0583,17.34,-0.7783000183105457,0.7783000183105457,< $50,0,0.017227715,0
2026-04-09 20:00:00,2026-04-09 20:00:00,2026-04-09,20,3,4,32.9,57.782093,32.28,-24.882093048095705,24.882093048095705,< $50,0,0.19387454,0
2026-04-09 21:00:00,2026-04-09 21:00:00,2026-04-09,21,3,4,17.72,38.995415,32.9,-21.27541473388672,21.27541473388672,< $50,0,0.028402645,0
2026-04-09 22:00:00,2026-04-09 22:00:00,2026-04-09,22,3,4,16.25,13.394851,17.72,2.855149269104004,2.855149269104004,< $50,0,0.0016608016,0
2026-04-09 23:00:00,2026-04-09 23:00:00,2026-04-09,23,3,4,12.06,15.127455,16.25,-3.067454757690429,3.067454757690429,< $50,0,0.003960227,0
2026-04-10 00:00:00,2026-04-10 00:00:00,2026-04-10,0,4,4,8.78,10.50378,12.06,-1.723780364990235,1.723780364990235,< $50,0,0.00070159114,0
2026-04-10 01:00:00,2026-04-10 01:00:00,2026-04-10,1,4,4,0.0,6.9721503,8.78,-6.9721503257751465,6.9721503257751465,< $50,0,0.0002316734,0
2026-04-10 02:00:00,2026-04-10 02:00:00,2026-04-10,2,4,4,0.0,1.9529302,0.0,-1.952930212020874,1.952930212020874,< $50,0,0.00043223388,0
2026-04-10 03:00:00,2026-04-10 03:00:00,2026-04-10,3,4,4,0.29,0.8956164,0.0,-0.6056164121627807,0.6056164121627807,< $50,0,0.00039453313,0
2026-04-10 04:00:00,2026-04-10 04:00:00,2026-04-10,4,4,4,9.9,3.427832,0.29,6.472168111801148,6.472168111801148,< $50,0,0.00029157847,0
2026-04-10 05:00:00,2026-04-10 05:00:00,2026-04-10,5,4,4,10.92,14.888894,9.9,-3.9688940811157227,3.9688940811157227,< $50,0,0.0008622195,0
2026-04-10 06:00:00,2026-04-10 06:00:00,2026-04-10,6,4,4,13.12,13.670189,10.92,-0.5501889038085945,0.5501889038085945,< $50,0,0.0003853894,0
2026-04-10 07:00:00,2026-04-10 07:00:00,2026-04-10,7,4,4,13.76,16.040037,13.12,-2.2800371551513674,2.2800371551513674,< $50,0,0.00081609434,0
2026-04-10 08:00:00,2026-04-10 08:00:00,2026-04-10,8,4,4,11.75,13.850282,13.76,-2.1002817153930664,2.1002817153930664,< $50,0,0.00037877113,0
2026-04-10 09:00:00,2026-04-10 09:00:00,2026-04-10,9,4,4,11.5,9.879824,11.75,1.6201763153076172,1.6201763153076172,< $50,0,9.7051896e-05,0
2026-04-10 10:00:00,2026-04-10 10:00:00,2026-04-10,10,4,4,11.2,9.387739,11.5,1.8122608184814446,1.8122608184814446,< $50,0,9.882368e-05,0
2026-04-10 11:00:00,2026-04-10 11:00:00,2026-04-10,11,4,4,11.28,9.316231,11.2,1.963769226074218,1.963769226074218,< $50,0,0.00011749359,0
2026-04-10 12:00:00,2026-04-10 12:00:00,2026-04-10,12,4,4,11.28,11.934402,11.28,-0.6544024658203131,0.6544024658203131,< $50,0,0.00036177848,0
2026-04-10 13:00:00,2026-04-10 13:00:00,2026-04-10,13,4,4,11.81,10.0045595,11.28,1.8054404830932622,1.8054404830932622,< $50,0,0.0002826516,0
2026-04-10 14:00:00,2026-04-10 14:00:00,2026-04-10,14,4,4,17.07,11.71758,11.81,5.352420158386231,5.352420158386231,< $50,0,0.00031173904,0
2026-04-10 15:00:00,2026-04-10 15:00:00,2026-04-10,15,4,4,21.53,21.226686,17.07,0.3033135223388683,0.3033135223388683,< $50,0,0.009678293,0
2026-04-10 16:00:00,2026-04-10 16:00:00,2026-04-10,16,4,4,23.48,24.602901,21.53,-1.122901458740234,1.122901458740234,< $50,0,0.017862227,0
2026-04-10 17:00:00,2026-04-10 17:00:00,2026-04-10,17,4,4,27.36,31.16223,23.48,-3.8022295379638678,3.8022295379638678,< $50,0,0.017940022,0
2026-04-10 18:00:00,2026-04-10 18:00:00,2026-04-10,18,4,4,31.26,38.449055,27.36,-7.189054718017577,7.189054718017577,< $50,0,0.027653508,0
2026-04-10 19:00:00,2026-04-10 19:00:00,2026-04-10,19,4,4,142.17,59.954323,31.26,82.21567718505858,82.21567718505858,$100–250,1,0.08044258,0
2026-04-10 20:00:00,2026-04-10 20:00:00,2026-04-10,20,4,4,119.36,176.11954,142.17,-56.759537353515626,56.759537353515626,$100–250,1,0.9359243,1
2026-04-10 21:00:00,2026-04-10 21:00:00,2026-04-10,21,4,4,28.81,68.28989,119.36,-39.47988647460937,39.47988647460937,< $50,0,0.5915394,1
2026-04-10 22:00:00,2026-04-10 22:00:00,2026-04-10,22,4,4,21.52,8.152257,28.81,13.367743034362793,13.367743034362793,< $50,0,0.0055387695,0
2026-04-10 23:00:00,2026-04-10 23:00:00,2026-04-10,23,4,4,12.19,17.620405,21.52,-5.430405197143555,5.430405197143555,< $50,0,0.0027045002,0
2026-04-11 00:00:00,2026-04-11 00:00:00,2026-04-11,0,5,4,11.28,12.277974,12.19,-0.9979741287231452,0.9979741287231452,< $50,0,0.0013755438,0
2026-04-11 01:00:00,2026-04-11 01:00:00,2026-04-11,1,5,4,12.42,10.134571,11.28,2.285428924560547,2.285428924560547,< $50,0,0.00093440065,0
2026-04-11 02:00:00,2026-04-11 02:00:00,2026-04-11,2,5,4,20.76,12.232283,12.42,8.527717361450197,8.527717361450197,< $50,0,0.0006844074,0
2026-04-11 03:00:00,2026-04-11 03:00:00,2026-04-11,3,5,4,22.22,24.094118,20.76,-1.874118118286134,1.874118118286134,< $50,0,0.0049567437,0
2026-04-11 04:00:00,2026-04-11 04:00:00,2026-04-11,4,5,4,27.21,23.307295,22.22,3.902705154418946,3.902705154418946,< $50,0,0.005513367,0
2026-04-11 05:00:00,2026-04-11 05:00:00,2026-04-11,5,5,4,31.8,31.339281,27.21,0.4607189178466804,0.4607189178466804,< $50,0,0.03966793,0
2026-04-11 06:00:00,2026-04-11 06:00:00,2026-04-11,6,5,4,31.0,37.310295,31.8,-6.310295104980469,6.310295104980469,< $50,0,0.07014888,0
2026-04-11 07:00:00,2026-04-11 07:00:00,2026-04-11,7,5,4,25.83,30.717653,31.0,-4.8876532745361345,4.8876532745361345,< $50,0,0.012788857,0
2026-04-11 08:00:00,2026-04-11 08:00:00,2026-04-11,8,5,4,30.52,22.759434,25.83,7.760566253662109,7.760566253662109,< $50,0,0.0061607417,0
2026-04-11 09:00:00,2026-04-11 09:00:00,2026-04-11,9,5,4,36.72,34.837563,30.52,1.8824374389648426,1.8824374389648426,< $50,0,0.043317992,0
2026-04-11 10:00:00,2026-04-11 10:00:00,2026-04-11,10,5,4,40.31,37.311047,36.72,2.9989533996582054,2.9989533996582054,< $50,0,0.011604021,0
2026-04-11 11:00:00,2026-04-11 11:00:00,2026-04-11,11,5,4,22.31,41.155724,40.31,-18.845723571777345,18.845723571777345,< $50,0,0.016718362,0
2026-04-11 12:00:00,2026-04-11 12:00:00,2026-04-11,12,5,4,19.4,19.35994,22.31,0.04006042480468608,0.04006042480468608,< $50,0,0.003947958,0
2026-04-11 13:00:00,2026-04-11 13:00:00,2026-04-11,13,5,4,13.22,18.378965,19.4,-5.1589653778076165,5.1589653778076165,< $50,0,0.0021489125,0
2026-04-11 14:00:00,2026-04-11 14:00:00,2026-04-11,14,5,4,13.47,12.734181,13.22,0.7358185958862311,0.7358185958862311,< $50,0,0.00048097438,0
2026-04-11 15:00:00,2026-04-11 15:00:00,2026-04-11,15,5,4,22.55,13.545148,13.47,9.004852104187012,9.004852104187012,< $50,0,0.0009724369,0
2026-04-11 16:00:00,2026-04-11 16:00:00,2026-04-11,16,5,4,18.86,31.371517,22.55,-12.511517181396485,12.511517181396485,< $50,0,0.025172563,0
2026-04-11 17:00:00,2026-04-11 17:00:00,2026-04-11,17,5,4,12.76,24.54998,18.86,-11.789980163574219,11.789980163574219,< $50,0,0.006102737,0
2026-04-11 18:00:00,2026-04-11 18:00:00,2026-04-11,18,5,4,15.85,12.558449,12.76,3.2915512084960934,3.2915512084960934,< $50,0,0.0005124476,0
2026-04-11 19:00:00,2026-04-11 19:00:00,2026-04-11,19,5,4,20.59,24.50696,15.85,-3.916959915161133,3.916959915161133,< $50,0,0.00397858,0
2026-04-11 20:00:00,2026-04-11 20:00:00,2026-04-11,20,5,4,20.16,24.110699,20.59,-3.9506986999511717,3.9506986999511717,< $50,0,0.009305189,0
2026-04-11 21:00:00,2026-04-11 21:00:00,2026-04-11,21,5,4,12.4,17.307756,20.16,-4.907756423950195,4.907756423950195,< $50,0,0.0025799875,0
2026-04-11 22:00:00,2026-04-11 22:00:00,2026-04-11,22,5,4,10.8,11.16738,12.4,-0.36738033294677663,0.36738033294677663,< $50,0,0.00030895014,0
2026-04-11 23:00:00,2026-04-11 23:00:00,2026-04-11,23,5,4,7.04,8.028426,10.8,-0.9884261703491211,0.9884261703491211,< $50,0,0.0003784304,0
2026-04-12 00:00:00,2026-04-12 00:00:00,2026-04-12,0,6,4,7.53,6.611343,7.04,0.918657093048096,0.918657093048096,< $50,0,0.00031116774,0
2026-04-12 01:00:00,2026-04-12 01:00:00,2026-04-12,1,6,4,8.11,9.064781,7.53,-0.9547811889648443,0.9547811889648443,< $50,0,0.00037492963,0
2026-04-12 02:00:00,2026-04-12 02:00:00,2026-04-12,2,6,4,0.16,9.288755,8.11,-9.128755416870117,9.128755416870117,< $50,0,0.00022276463,0
2026-04-12 03:00:00,2026-04-12 03:00:00,2026-04-12,3,6,4,0.0,1.9462051,0.16,-1.9462051391601562,1.9462051391601562,< $50,0,0.00017807847,0
2026-04-12 04:00:00,2026-04-12 04:00:00,2026-04-12,4,6,4,0.0,0.9603256,0.0,-0.9603255987167358,0.9603255987167358,< $50,0,0.00016652365,0
2026-04-12 05:00:00,2026-04-12 05:00:00,2026-04-12,5,6,4,0.0,1.7807022,0.0,-1.7807022333145142,1.7807022333145142,< $50,0,0.00021579381,0
2026-04-12 06:00:00,2026-04-12 06:00:00,2026-04-12,6,6,4,0.0,3.0688243,0.0,-3.068824291229248,3.068824291229248,< $50,0,0.00020202326,0
2026-04-12 07:00:00,2026-04-12 07:00:00,2026-04-12,7,6,4,5.45,2.053221,0.0,3.396779012680054,3.396779012680054,< $50,0,0.00038049163,0
2026-04-12 08:00:00,2026-04-12 08:00:00,2026-04-12,8,6,4,11.16,10.4619665,5.45,0.6980334854125978,0.6980334854125978,< $50,0,0.0003000088,0
2026-04-12 09:00:00,2026-04-12 09:00:00,2026-04-12,9,6,4,20.36,15.681173,11.16,4.6788266754150385,4.6788266754150385,< $50,0,0.0005614167,0
2026-04-12 10:00:00,2026-04-12 10:00:00,2026-04-12,10,6,4,28.8,24.424099,20.36,4.375901031494141,4.375901031494141,< $50,0,0.0034760975,0
2026-04-12 11:00:00,2026-04-12 11:00:00,2026-04-12,11,6,4,28.8,37.29111,28.8,-8.49111099243164,8.49111099243164,< $50,0,0.014230063,0
2026-04-12 12:00:00,2026-04-12 12:00:00,2026-04-12,12,6,4,25.55,28.373508,28.8,-2.82350845336914,2.82350845336914,< $50,0,0.0027269737,0
2026-04-12 13:00:00,2026-04-12 13:00:00,2026-04-12,13,6,4,24.05,22.787174,25.55,1.262825775146485,1.262825775146485,< $50,0,0.002583912,0
2026-04-12 14:00:00,2026-04-12 14:00:00,2026-04-12,14,6,4,23.93,22.70596,24.05,1.2240406799316403,1.2240406799316403,< $50,0,0.0024644637,0
2026-04-12 15:00:00,2026-04-12 15:00:00,2026-04-12,15,6,4,36.55,23.102732,23.93,13.447268295288083,13.447268295288083,< $50,0,0.0034342357,0
2026-04-12 16:00:00,2026-04-12 16:00:00,2026-04-12,16,6,4,38.96,50.697163,36.55,-11.737162628173827,11.737162628173827,< $50,0,0.07248888,0
2026-04-12 17:00:00,2026-04-12 17:00:00,2026-04-12,17,6,4,213.86,47.35229,38.96,166.50770889282228,166.50770889282228,$100–250,1,0.030781472,0
2026-04-12 18:00:00,2026-04-12 18:00:00,2026-04-12,18,6,4,55.0,182.16315,213.86,-127.16314697265625,127.16314697265625,$50–100,0,0.86147505,1
2026-04-12 19:00:00,2026-04-12 19:00:00,2026-04-12,19,6,4,304.42,97.69421,55.0,206.72579376220705,206.72579376220705,>= $250,1,0.3141877,0
2026-04-12 20:00:00,2026-04-12 20:00:00,2026-04-12,20,6,4,63.14,158.18568,304.42,-95.04568420410156,95.04568420410156,$50–100,0,0.9640509,1
2026-04-12 21:00:00,2026-04-12 21:00:00,2026-04-12,21,6,4,25.93,79.58421,63.14,-53.65421325683594,53.65421325683594,< $50,0,0.13963728,0
2026-04-12 22:00:00,2026-04-12 22:00:00,2026-04-12,22,6,4,30.13,19.867125,25.93,10.262875442504882,10.262875442504882,< $50,0,0.010608984,0
2026-04-12 23:00:00,2026-04-12 23:00:00,2026-04-12,23,6,4,34.85,40.665775,30.13,-5.815775299072264,5.815775299072264,< $50,0,0.0792903,0
2026-04-13 00:00:00,2026-04-13 00:00:00,2026-04-13,0,0,4,36.95,45.7569,34.85,-8.806900787353513,8.806900787353513,< $50,0,0.048261352,0
2026-04-13 01:00:00,2026-04-13 01:00:00,2026-04-13,1,0,4,34.24,44.671177,36.95,-10.431176910400389,10.431176910400389,< $50,0,0.022787262,0
2026-04-13 02:00:00,2026-04-13 02:00:00,2026-04-13,2,0,4,25.11,32.583843,34.24,-7.473843231201172,7.473843231201172,< $50,0,0.006338531,0
2026-04-13 03:00:00,2026-04-13 03:00:00,2026-04-13,3,0,4,23.79,22.356258,25.11,1.4337416076660148,1.4337416076660148,< $50,0,0.0013737581,0
2026-04-13 04:00:00,2026-04-13 04:00:00,2026-04-13,4,0,4,21.79,22.324337,23.79,-0.5343370056152352,0.5343370056152352,< $50,0,0.0016965411,0
2026-04-13 05:00:00,2026-04-13 05:00:00,2026-04-13,5,0,4,27.29,21.27474,21.79,6.015259780883788,6.015259780883788,< $50,0,0.001283262,0
2026-04-13 06:00:00,2026-04-13 06:00:00,2026-04-13,6,0,4,89.82,33.488865,27.29,56.33113510131835,56.33113510131835,$50–100,0,0.01890299,0
2026-04-13 07:00:00,2026-04-13 07:00:00,2026-04-13,7,0,4,200.0,157.94911,89.82,42.05088806152344,42.05088806152344,$100–250,1,0.8508539,1
2026-04-13 08:00:00,2026-04-13 08:00:00,2026-04-13,8,0,4,219.91,183.39612,200.0,36.5138818359375,36.5138818359375,$100–250,1,0.93193054,1
2026-04-13 09:00:00,2026-04-13 09:00:00,2026-04-13,9,0,4,620.39,134.1986,219.91,486.19140686035155,486.19140686035155,>= $250,1,0.8299252,1
2026-04-13 10:00:00,2026-04-13 10:00:00,2026-04-13,10,0,4,99.19,324.0182,620.39,-224.8281884765625,224.8281884765625,$50–100,0,0.9221212,1
2026-04-13 11:00:00,2026-04-13 11:00:00,2026-04-13,11,0,4,18.46,72.70825,99.19,-54.248251953125,54.248251953125,< $50,0,0.19457252,0
2026-04-13 12:00:00,2026-04-13 12:00:00,2026-04-13,12,0,4,12.13,30.954004,18.46,-18.824004287719724,18.824004287719724,< $50,0,0.012043574,0
2026-04-13 13:00:00,2026-04-13 13:00:00,2026-04-13,13,0,4,10.98,24.883993,12.13,-13.90399314880371,13.90399314880371,< $50,0,0.0011148294,0
2026-04-13 14:00:00,2026-04-13 14:00:00,2026-04-13,14,0,4,11.1,18.637207,10.98,-7.53720703125,7.53720703125,< $50,0,0.0007747156,0
2026-04-13 15:00:00,2026-04-13 15:00:00,2026-04-13,15,0,4,11.42,13.254982,11.1,-1.8349819946289063,1.8349819946289063,< $50,0,0.001827341,0
2026-04-13 16:00:00,2026-04-13 16:00:00,2026-04-13,16,0,4,12.21,23.244774,11.42,-11.034773864746093,11.034773864746093,< $50,0,0.004259019,0
2026-04-13 17:00:00,2026-04-13 17:00:00,2026-04-13,17,0,4,12.92,24.702868,12.21,-11.78286750793457,11.78286750793457,< $50,0,0.0026545501,0
2026-04-13 18:00:00,2026-04-13 18:00:00,2026-04-13,18,0,4,18.31,18.558374,12.92,-0.24837440490722784,0.24837440490722784,< $50,0,0.0006476164,0
2026-04-13 19:00:00,2026-04-13 19:00:00,2026-04-13,19,0,4,21.02,30.913952,18.31,-9.893951873779297,9.893951873779297,< $50,0,0.02127237,0
2026-04-13 20:00:00,2026-04-13 20:00:00,2026-04-13,20,0,4,13.13,27.773064,21.02,-14.643063659667968,14.643063659667968,< $50,0,0.009895527,0
2026-04-13 21:00:00,2026-04-13 21:00:00,2026-04-13,21,0,4,5.6,18.3014,13.13,-12.701399230957032,12.701399230957032,< $50,0,0.0008156703,0
2026-04-13 22:00:00,2026-04-13 22:00:00,2026-04-13,22,0,4,0.0,1.9812857,5.6,-1.9812856912612915,1.9812856912612915,< $50,0,0.0002423964,0
2026-04-13 23:00:00,2026-04-13 23:00:00,2026-04-13,23,0,4,0.0,3.0784059,0.0,-3.0784058570861816,3.0784058570861816,< $50,0,0.0005172698,0
2026-04-14 00:00:00,2026-04-14 00:00:00,2026-04-14,0,1,4,0.0,3.5049176,0.0,-3.504917621612549,3.504917621612549,< $50,0,0.0002065268,0
2026-04-14 01:00:00,2026-04-14 01:00:00,2026-04-14,1,1,4,0.0,3.2282348,0.0,-3.2282347679138184,3.2282347679138184,< $50,0,9.203873e-05,0
2026-04-14 02:00:00,2026-04-14 02:00:00,2026-04-14,2,1,4,0.71,1.0112551,0.0,-0.30125514507293705,0.30125514507293705,< $50,0,0.0001622089,0
2026-04-14 03:00:00,2026-04-14 03:00:00,2026-04-14,3,1,4,7.5,4.737662,0.71,2.762338161468506,2.762338161468506,< $50,0,0.00012694785,0
2026-04-14 04:00:00,2026-04-14 04:00:00,2026-04-14,4,1,4,11.01,10.245535,7.5,0.7644651031494138,0.7644651031494138,< $50,0,0.00026744738,0
2026-04-14 05:00:00,2026-04-14 05:00:00,2026-04-14,5,1,4,13.8,14.946892,11.01,-1.146891784667968,1.146891784667968,< $50,0,0.00027051836,0
2026-04-14 06:00:00,2026-04-14 06:00:00,2026-04-14,6,1,4,18.84,22.62168,13.8,-3.7816793060302736,3.7816793060302736,< $50,0,0.0015850081,0
2026-04-14 07:00:00,2026-04-14 07:00:00,2026-04-14,7,1,4,16.36,24.441332,18.84,-8.08133186340332,8.08133186340332,< $50,0,0.0067755985,0
2026-04-14 08:00:00,2026-04-14 08:00:00,2026-04-14,8,1,4,7.68,18.004637,16.36,-10.324636764526367,10.324636764526367,< $50,0,0.00053878926,0
2026-04-14 09:00:00,2026-04-14 09:00:00,2026-04-14,9,1,4,0.0,10.00864,7.68,-10.00864028930664,10.00864028930664,< $50,0,0.00022883917,0
2026-04-14 10:00:00,2026-04-14 10:00:00,2026-04-14,10,1,4,0.0,3.2973804,0.0,-3.2973804473876953,3.2973804473876953,< $50,0,0.00018714159,0
2026-04-14 11:00:00,2026-04-14 11:00:00,2026-04-14,11,1,4,1.39,1.0581653,0.0,0.3318346881866454,0.3318346881866454,< $50,0,0.00028405746,0
2026-04-14 12:00:00,2026-04-14 12:00:00,2026-04-14,12,1,4,0.0,6.5831547,1.39,-6.583154678344727,6.583154678344727,< $50,0,0.0008318864,0
2026-04-14 13:00:00,2026-04-14 13:00:00,2026-04-14,13,1,4,0.0,0.92370313,0.0,-0.923703134059906,0.923703134059906,< $50,0,0.00034947458,0
2026-04-14 14:00:00,2026-04-14 14:00:00,2026-04-14,14,1,4,1.71,0.98386383,0.0,0.7261361694335937,0.7261361694335937,< $50,0,0.0006468105,0
2026-04-14 15:00:00,2026-04-14 15:00:00,2026-04-14,15,1,4,3.74,7.5782347,1.71,-3.8382346725463865,3.8382346725463865,< $50,0,0.001695594,0
2026-04-14 16:00:00,2026-04-14 16:00:00,2026-04-14,16,1,4,0.0,10.579714,3.74,-10.579713821411133,10.579713821411133,< $50,0,0.00195864,0
2026-04-14 17:00:00,2026-04-14 17:00:00,2026-04-14,17,1,4,0.0,12.307439,0.0,-12.307438850402832,12.307438850402832,< $50,0,0.0015821523,0
2026-04-14 18:00:00,2026-04-14 18:00:00,2026-04-14,18,1,4,0.0,0.0,0.0,0.0,0.0,< $50,0,0.0011240805,0
2026-04-14 19:00:00,2026-04-14 19:00:00,2026-04-14,19,1,4,1.95,12.851988,0.0,-10.901987838745118,10.901987838745118,< $50,0,0.0019598438,0
2026-04-14 20:00:00,2026-04-14 20:00:00,2026-04-14,20,1,4,8.54,14.102,1.95,-5.562000236511231,5.562000236511231,< $50,0,0.0027882936,0
2026-04-14 21:00:00,2026-04-14 21:00:00,2026-04-14,21,1,4,0.56,12.970383,8.54,-12.410382690429687,12.410382690429687,< $50,0,0.0024978966,0
2026-04-14 22:00:00,2026-04-14 22:00:00,2026-04-14,22,1,4,0.0,3.284038,0.56,-3.2840380668640137,3.2840380668640137,< $50,0,0.0005118931,0
2026-04-14 23:00:00,2026-04-14 23:00:00,2026-04-14,23,1,4,0.0,0.0,0.0,0.0,0.0,< $50,0,0.0012374293,0
2026-04-15 00:00:00,2026-04-15 00:00:00,2026-04-15,0,2,4,0.0,0.19914927,0.0,-0.1991492658853531,0.1991492658853531,< $50,0,0.00024840696,0
2026-04-15 01:00:00,2026-04-15 01:00:00,2026-04-15,1,2,4,0.0,1.0326989,0.0,-1.0326988697052002,1.0326988697052002,< $50,0,0.00022656178,0
2026-04-15 02:00:00,2026-04-15 02:00:00,2026-04-15,2,2,4,0.0,0.8453015,0.0,-0.8453015089035034,0.8453015089035034,< $50,0,0.00018306576,0
2026-04-15 03:00:00,2026-04-15 03:00:00,2026-04-15,3,2,4,0.0,0.8887485,0.0,-0.8887485265731812,0.8887485265731812,< $50,0,0.00023822555,0
2026-04-15 04:00:00,2026-04-15 04:00:00,2026-04-15,4,2,4,3.61,0.85111016,0.0,2.7588898396492003,2.7588898396492003,< $50,0,0.00023275118,0
2026-04-15 05:00:00,2026-04-15 05:00:00,2026-04-15,5,2,4,11.05,8.633858,3.61,2.4161422729492195,2.4161422729492195,< $50,0,0.00035911592,0
2026-04-15 06:00:00,2026-04-15 06:00:00,2026-04-15,6,2,4,22.97,18.414381,11.05,4.555618972778319,4.555618972778319,< $50,0,0.000983276,0
2026-04-15 07:00:00,2026-04-15 07:00:00,2026-04-15,7,2,4,22.49,34.009254,22.97,-11.519254455566408,11.519254455566408,< $50,0,0.027055223,0
2026-04-15 08:00:00,2026-04-15 08:00:00,2026-04-15,8,2,4,20.57,31.620836,22.49,-11.05083625793457,11.05083625793457,< $50,0,0.001462078,0
2026-04-15 09:00:00,2026-04-15 09:00:00,2026-04-15,9,2,4,18.18,30.11084,20.57,-11.93083984375,11.93083984375,< $50,0,0.0014265691,0
2026-04-15 10:00:00,2026-04-15 10:00:00,2026-04-15,10,2,4,17.89,21.311466,18.18,-3.421466217041015,3.421466217041015,< $50,0,0.00097072904,0
2026-04-15 11:00:00,2026-04-15 11:00:00,2026-04-15,11,2,4,16.28,16.723812,17.89,-0.44381210327148324,0.44381210327148324,< $50,0,0.0007729462,0
2026-04-15 12:00:00,2026-04-15 12:00:00,2026-04-15,12,2,4,25.31,14.505957,16.28,10.804043350219725,10.804043350219725,< $50,0,0.000345923,0
2026-04-15 13:00:00,2026-04-15 13:00:00,2026-04-15,13,2,4,39.57,33.298992,25.31,6.271007843017578,6.271007843017578,< $50,0,0.01465751,0
2026-04-15 14:00:00,2026-04-15 14:00:00,2026-04-15,14,2,4,30.22,51.009426,39.57,-20.78942611694336,20.78942611694336,< $50,0,0.09264995,0
2026-04-15 15:00:00,2026-04-15 15:00:00,2026-04-15,15,2,4,17.45,28.540548,30.22,-11.090548324584962,11.090548324584962,< $50,0,0.03262846,0
2026-04-15 16:00:00,2026-04-15 16:00:00,2026-04-15,16,2,4,11.99,17.023285,17.45,-5.033284912109375,5.033284912109375,< $50,0,0.0047878204,0
2026-04-15 17:00:00,2026-04-15 17:00:00,2026-04-15,17,2,4,16.72,11.863764,11.99,4.856236190795897,4.856236190795897,< $50,0,0.0011275832,0
2026-04-15 18:00:00,2026-04-15 18:00:00,2026-04-15,18,2,4,19.37,19.327919,16.72,0.042080993652344745,0.042080993652344745,< $50,0,0.0050264676,0
2026-04-15 19:00:00,2026-04-15 19:00:00,2026-04-15,19,2,4,19.41,26.978146,19.37,-7.568145599365234,7.568145599365234,< $50,0,0.015869636,0
2026-04-15 20:00:00,2026-04-15 20:00:00,2026-04-15,20,2,4,18.59,20.60819,19.41,-2.0181905364990236,2.0181905364990236,< $50,0,0.007777585,0
2026-04-15 21:00:00,2026-04-15 21:00:00,2026-04-15,21,2,4,16.17,17.412529,18.59,-1.242528991699217,1.242528991699217,< $50,0,0.004076812,0
2026-04-15 22:00:00,2026-04-15 22:00:00,2026-04-15,22,2,4,5.55,14.105086,16.17,-8.55508632659912,8.55508632659912,< $50,0,0.0006284845,0
2026-04-15 23:00:00,2026-04-15 23:00:00,2026-04-15,23,2,4,0.0,2.1051314,5.55,-2.1051313877105713,2.1051313877105713,< $50,0,0.00043481178,0
